10000
477964602 476987481
315775101 999109601
976491822 271583123
520019978 708475912
93464895 415224722
805261237 84322985
81001187 708040209
217438733 312214413
79375121 887462491
674532827 329581451
904663270 801282193
656264975 64494086
238877709 710433390
907322512 935781556
137408334 352348395
252142319 293945624
643295710 723444841
32407284 35877578
980130993 972898460
941376115 640717952
768599901 175081349
244598617 819197367
658129498 596636287
459463081 463215305
685850885 387621242
523208022 751736433
221260947 113257325
964076291 34394819
38513326 366591667
669985984 353975512
807075832 994515216
126215933 23464296
620486749 987635634
183137428 656625830
11425709 995920132
931679716 423370783
909806430 469993613
54717199 397660149
65570163 396099405
55602207 373452685
453734127 80057187
271090512 787692127
581036274 728422084
988925096 571617650
74455531 215262490
538477681 242060814
615917803 440203914
884715675 712362955
489277331 170735140
798239344 897198172
918173043 45322447
860863399 392806086
230402835 432020906
805660568 366075786
729526086 579238092
166408393 316468115
511983829 130262746
991316443 933538055
455200202 143886494
860639992 387841016
140547881 137599883
330040899 50682987
529812219 258960950
39576260 113525518
444691041 675231567
192099611 863348816
425103014 966274369
314705819 857499168
836200601 537091392
545288291 583866166
270344581 109280147
632772664 864649433
512259655 33774126
238801639 372370555
835154046 624320711
758577459 13628994
806891181 580799425
687740361 427220099
507799319 92801117
67630804 747504538
666105381 654694889
962071804 511631163
393488321 469660900
168509838 251137264
712922191 981594289
518778248 277064952
193534029 377843866
901648709 401417783
633951384 577270045
92205737 982387221
699296765 449168588
323355337 992506450
189334208 441117202
491929346 55912473
592956913 589629010
284604559 437633009
59498428 838635720
886389658 531884827
931997429 397543002
394819420 442067035
390350690 517625333
784727350 968881805
860930912 496014583
426326378 91377223
151376296 527272519
14985260 478133280
644549199 342986306
252680231 196379968
913842986 326815989
454775828 645944399
970118137 82657787
810539557 897011701
762314802 127042166
262238207 865132247
440188638 38365630
301882450 384938792
480531175 340466075
542504596 424475887
663195925 677032815
32705911 581712384
654992585 103324882
408774365 667177114
178412028 322594633
374449376 877424376
339423025 231139628
217615929 91595430
995781787 777079575
708565141 682138756
28833842 197797102
477475009 365832770
916401959 444856307
714373929 215479989
598250177 405868041
455603340 605334078
621428101 603248698
823665469 875572472
198432301 411139656
287301387 638789038
714774207 926395482
640608912 698785358
771645018 476958741
294226691 410215907
232245630 819530177
50948175 552754268
330338885 934687156
273855993 672573743
795869616 70868038
365888572 801308942
840043818 462464822
124719141 29256196
309500978 117203948
459398255 695664544
249662056 721234232
513219520 494931627
630764415 490455861
669747593 216141141
460705963 637532062
663594905 565071845
476341411 889478841
293618638 86249344
878041673 787586292
607351860 643243794
241912954 316619808
396178781 642146293
99943785 933707996
994234031 115089152
319065304 519037521
452270165 894348910
694964814 187568516
797569581 461821792
650813284 641467963
438135247 37527117
691127246 977058674
569524849 804928270
341985130 537470106
891852293 241174149
158523671 24118824
179962889 873178666
502482434 663618821
527957607 119060203
932907462 797972985
73564718 525140733
610884632 325652432
624939929 370098752
306536191 327421499
125764499 623520953
364595965 709234652
772506816 847813057
923713512 363532633
397150693 476298802
366503957 96622490
361870059 368545949
583774407 154860673
290274943 140468430
549263876 720317613
887252197 129572710
176171549 342620564
719873922 964991300
305002794 541570422
214714196 513137460
453303252 305743234
674859236 398705232
448956016 422751738
322566875 673064462
5143045 535826093
545927161 888082786
703420104 638324877
986605299 403273180
705582480 992824276
167332458 589419957
461333239 96992096
314056040 534112424
572130393 923423916
112217050 147814669
272108172 3983359
284689909 208471325
949981931 348067578
450022245 998398919
39278832 478319504
120145809 404441444
673096271 293122928
7525405 509212733
768436848 607238150
118930955 593905452
86606818 548456662
217739862 185287251
949264654 12103822
308036054 594336931
173129943 459169468
733263438 912005493
947418759 43955153
523001047 958863616
676003713 450354927
71614520 803457212
476964398 71425022
713344637 7217718
48208476 488656626
735535496 632975159
116992465 667267215
217069473 748274432
167272552 531047759
437769082 932917155
867326663 337620780
436452410 98274228
825436058 821157802
501033192 629489502
874632705 991370332
124274730 568035388
690845926 76750306
278942184 423684123
123516155 68364097
225173761 735619701
509041003 208423639
691108806 615573740
462739925 65343933
90542596 340924261
737187172 161822291
13654641 885314312
203843711 321384003
454841788 246037138
834701007 790914336
519777201 801724605
684782538 138161639
973924792 903043875
377367023 191830255
117897039 399256493
259411298 128027541
460205582 898652104
663669150 584867011
352461378 621499820
566211055 136164791
866831304 437051916
322385901 348583619
711890452 343939651
472045991 250050122
583954649 753730548
619145621 313079163
825377828 283314708
653627452 311855775
744742092 575568562
659431747 939927398
275645144 681504126
386763740 645937104
656464086 196629631
499638834 959963875
666806954 967471620
51380523 218524896
390845666 887217426
241177191 163994593
745928103 217102422
929282874 602655357
67202720 79758999
386119824 99523399
558480108 957355026
914235491 48357995
515529204 764474918
677724128 516552934
471121694 704698002
727853026 608589071
611731255 155106607
464637334 780921878
393414613 363610523
120501111 710558205
980469639 851101369
335197889 245111830
196457680 340141532
752160851 220116065
125636712 32270172
683456873 825032983
800811629 162064984
225147153 322127370
836929085 203602088
959747655 632404666
489676923 801660005
399832135 134975028
864428725 661932664
723140076 792583412
997144731 533379320
436224724 630138196
998679887 34686127
434961457 621544752
827041690 730775081
297570676 117070756
230473087 534883606
169847368 755954892
993946728 529244599
807283208 169931186
996715480 465758072
630317856 740013243
34364862 16251540
600838363 51075195
590337916 623824759
357025898 297289470
736915995 174027416
539856506 601515539
241580575 339316038
53020493 656350808
972264092 133572534
699744354 268852548
54928390 866273285
447131945 270015245
924056155 411094024
269666744 574923778
329474992 41770218
887667146 248549583
639751617 676099376
573031113 824085193
355320612 757522323
742429688 219576480
561815936 300816593
737278770 135174685
159050107 779489916
369876924 523154717
920624461 727177605
161733287 895953455
751760924 453059407
409906155 155140954
712393514 8837403
250252295 904576807
884057653 696264669
754753490 816455713
756370592 410750779
522622881 615065993
282926648 30790340
148969467 900248813
372551636 909478579
382120429 894723607
19931682 793768322
357911878 288578034
913164649 840288854
634094426 356699292
812382774 220620538
965949975 781157549
810695777 204476571
555113083 486036232
829069200 20139241
968512498 470952223
70070507 841990812
52555997 239150418
990129037 354243361
802165316 128991707
909967475 171157922
218218700 323429639
276096929 23398159
183273765 215937461
245831877 538259459
212035917 529611085
106905236 237629103
363507477 350186339
614515812 808412764
619429095 932705893
358003926 819438433
976076985 170042185
196498251 242762346
989263855 71980504
897471087 640868770
791590528 965110259
255475658 852514317
652361182 243520720
226825303 302248517
692226983 515787677
194238770 31998306
806320045 782034076
382796024 327602806
989198802 206717447
693289147 365901431
391597486 593386847
309093084 498139394
273758781 897665953
457046865 482923978
501850644 983115770
316378161 289517557
714618741 523060196
171079588 912479683
2376424 666054563
164382825 820257633
608707803 981334158
715370332 763202198
807340722 177922815
65602080 456550251
395514484 382011596
441688537 169104886
505442050 340281891
41394334 900323883
746388715 692517157
870051290 56727030
440626704 719463131
900691951 247874867
893129187 646610868
947530756 602392708
947097256 242663388
407988983 950344803
123900685 691349843
808996848 394533674
174954131 599997686
185052845 507230201
594572049 868658080
518139101 555575807
496641343 511772960
738635030 192420123
3823068 55802414
481229629 540347122
80018518 590693279
872216290 690540319
26417884 295228074
463947096 819526540
286585125 913034564
331144329 175823192
591287111 589610694
734288411 659994437
111799650 136071228
674033365 13295917
894797035 774111193
855603950 565779141
999101952 665590947
322549953 965059209
354173928 918172388
672300341 787496515
537056537 384259
629824276 676445346
51988266 673741968
278586264 878029690
467208640 290398664
381781263 573268586
811908450 917949042
199861578 289158225
913523732 857023430
240205084 630352562
497536428 521164391
98917186 20360898
455109969 11398726
501787225 153779926
846160813 614227845
632146754 604158303
279939427 879467394
41005255 720649203
803626495 849606121
474319806 222063525
868203149 488324931
95082147 158359035
998320447 245677554
436140371 722450044
898908138 378083166
961828379 110226525
911703347 319535680
283822846 726806423
509677622 22059346
833353383 264644975
707062948 950487649
792598970 460639560
1528039 376800643
932079404 391379535
492373124 986626922
725809338 352940007
135246403 320631813
645234108 949304966
136852908 11284986
903424359 944807403
143675309 915898420
647687859 46517358
416558108 605694785
91213586 113971231
990354471 261679968
472582289 156104085
555419522 237118309
758961742 73393044
755209041 470475889
628244456 291966480
344803141 902515056
507566586 116849334
976311871 445672530
723669244 375015716
171460778 810143489
621410468 121563858
186186526 296256421
214087480 898674335
786293866 386721481
280091355 84104390
169859517 852467251
811419894 394543763
956947188 626021415
704195148 446116440
361733987 766811389
436692962 465452903
450623848 442208182
112577648 645650665
704278479 98975385
478769722 468462121
911478742 483140151
977670326 782991234
405229078 280007859
794299216 208885049
520810098 884316163
145047250 372085073
856317540 253600419
759517675 230674425
174070006 289060424
941551407 364743795
330802287 817756163
79641418 490879714
306348271 711840267
344304495 586209240
784388067 961190982
807942703 787733365
196270877 723484182
486878591 559217149
825128902 342218820
345351090 922963446
98376915 560062630
107579551 545942234
491706260 817270268
601216605 97270044
424530093 958860053
165487755 505206433
51537255 286259224
835314082 239988856
79701381 543104776
157434332 731191251
372415601 856657853
712426472 331670474
438860338 254827785
194968475 673201357
581794787 606021592
774085616 735264484
580164067 626052277
734569811 153746641
869227394 497897011
148792953 385733422
23926256 293078322
394201073 481942707
695012862 621587074
598775550 63935255
958502238 232214978
441733081 659988077
270843198 134528582
182896991 307500193
937341388 606997113
602454221 52656702
581626240 361815852
21241416 289246521
500778176 289315631
779498954 249397003
192578690 371400167
772850396 440538958
941437874 60586602
967401515 364435024
456323593 329694558
373812368 994669639
674477545 39250636
929443251 181151812
518705499 29076205
184624802 280166567
193486454 977436293
377550413 652374356
951703774 552369046
122411725 636969457
21323339 779195019
554288679 659101432
408446906 23054438
941863971 813177772
51624454 304802123
412708592 300369244
255242660 644696181
508428247 906516615
621207902 212139076
94836710 329765544
147172752 498662970
384525833 69034488
764059505 262953308
333282861 511849191
136647259 730556310
913812338 410593162
434399750 878330184
507154372 815586041
455822983 793320827
964037355 846404658
727013255 688098439
633345102 62040154
480445483 596084584
608583809 401949872
448109711 310988842
83737263 513571132
742958412 171355261
737738819 825323798
218116385 458498337
878267293 644557467
365516777 890783523
615824604 927248887
901002690 443788717
779354963 66088094
534969917 508671642
495352421 9391915
612263063 304408068
32691401 727825316
58769770 745438839
631658950 492272266
75027309 954083052
679117331 428043320
219470748 20450332
250456498 86528530
192816858 161084799
611281456 976248777
207188995 983743102
415324629 618378177
841705225 965824370
10888733 375672016
630367620 786007077
894901664 695579304
35847763 183727523
545795464 931673081
926889162 299847466
316326793 852572738
600356998 697661562
725671480 933599689
940069813 438054859
995721005 432455772
756543820 856865571
668705940 354271749
622957317 884482021
515335745 987828605
19740745 841344265
30286252 353910175
322692 17341605
690092191 606935823
587376103 654474851
597619179 868548646
195818310 364794421
691988524 776859108
369164000 840775929
204134750 266893983
582623248 364594958
818766263 931081843
1815199 736421027
634250103 362240798
892120990 321817724
349805290 363156506
691962301 451196059
78672624 888894040
761612112 439466084
110372349 504565526
73985458 444589121
16588935 268990685
27045543 160124413
450582299 789818098
621851321 840340075
278780622 360560284
232441568 265254747
149890381 614953168
846676897 61104859
279207607 159707715
923218357 597752217
834893785 69443478
837382183 611419856
896721624 217483528
517825187 601356724
689618890 976292038
525064728 31852364
435460097 298697562
274443149 845872394
450729670 885310894
198560642 869699706
214502683 235876483
151196686 330513899
240124286 853907319
986013938 812427572
736373860 786285443
48409742 94126593
884720707 399617862
423370754 715104095
319471141 70031219
97710337 393832724
185290338 44406338
229699097 825393984
112342245 567980215
626856888 653655464
331097997 694909322
131687714 965897599
499426749 991208995
244548842 669842943
612797271 885649634
351451998 519004781
973451336 635418540
74773082 980459875
145798301 743944035
959551515 208992670
829070986 866530752
983257503 597874764
399442685 939934519
83446360 48226079
936354045 175935248
69191940 704570918
193873079 275171436
880261204 778265194
790190061 501472525
982303566 979709762
731569026 520992524
435045574 728340744
594558648 152667519
898900523 777976796
439942991 912115434
781958019 357408158
127413224 842912035
966513704 650313684
312788402 609022885
476611668 272919769
28804896 640746598
204174874 347802693
623548120 958633447
3338956 567804911
589629999 71598942
386814559 792058349
975551280 397878406
615118204 217812366
392729361 140681533
207441700 20111632
289031656 971795377
15289983 736005688
631975577 498712188
79468515 504569541
355592160 539492033
493427332 328879740
771060826 124644566
888810068 215925116
315679546 623411280
783443303 928081071
96425078 782174970
933308722 122851974
482837648 872219354
123011571 551318210
880093093 930962776
25354357 471779425
280373847 696785827
41004883 649762728
209298584 287524494
508194429 276108127
111606473 796818674
192687964 4405699
278997372 745984619
79077724 794452485
223161817 641260128
492828548 670953130
107306569 691218374
201775496 529326546
345637085 621163326
948363829 906018676
61934248 570481126
581695509 4016453
627453723 885067793
44559219 427440751
330500226 463053808
573171 185677870
822553976 330772309
173400432 100073781
114768312 136370099
968179961 270077146
529661763 88658774
686245475 946468827
135386556 737358584
403122832 110964187
808808351 402416016
809186986 74780979
978704789 457606095
115085705 839324618
85700923 814757529
873088378 708797734
610142732 648788806
363140387 676059142
642541397 607486458
848666050 710288724
294703107 253925656
81012839 191153423
279441996 93721959
123070937 235459725
59909792 349743691
952374129 74082551
671544869 852294712
353115212 931894083
321636967 485509681
961689375 728559698
476988624 24900734
291621206 739905769
14131433 963397952
302794714 914953697
76999284 410654995
277335466 427662657
926322009 760027004
672309647 38917685
562478049 871639424
417628690 198015594
698663109 465370220
5220424 154481618
77550539 529252444
767214382 635431819
276914153 492536867
826397526 183548802
337467189 450790830
350826228 7040804
843525950 898694631
392311080 381098988
756578976 464297332
288521495 83555345
560494403 194457955
429502306 125833650
25793179 671695213
327638594 900787914
125092556 566426511
825244564 301067221
431133434 823975058
825000912 631450818
431607601 407510953
533815084 174923839
991557334 781061942
275868716 307496585
720156977 719626519
844200687 417790577
639930704 235694120
152642504 983440788
837880227 447706021
534357163 103513816
833740745 43462627
97117847 880983254
183361996 585328114
908199994 641402846
510701957 592880848
836225402 213084701
211428367 49178759
959453750 539892202
812933891 120804302
417704321 662110866
323239568 145997341
382861891 248356085
83065834 300242357
821830097 474026260
871236634 246323983
80565839 565380350
747831283 518063587
863659509 827386278
235541221 192606395
948796909 292456474
935666059 816150225
213414301 981989542
42045509 204935785
450645336 445581989
225146330 422030894
20287287 946047559
854231358 671216051
386667263 12144941
982792347 610688482
281883917 297682170
664296520 825438403
796214476 154281949
97352543 874296364
17918896 403574625
812351653 748867351
483041466 837646073
793976984 938374684
406121991 451466399
517647227 711690971
705143150 13833095
872422476 746973326
434215880 834012527
872709710 653283418
546390986 225807681
953624932 480571838
45472590 723478064
222229130 274089609
170943353 687311962
47351357 36939686
753524048 606257965
361573129 511847405
550547566 164955782
339524008 933810674
520308008 841895496
605762357 777892893
417190047 349108698
23064442 513878561
803455521 793898330
37613431 85649397
213848480 966802711
101735852 590452794
620023112 956413547
184464181 618381151
682661081 901806523
297128877 516286164
553298791 712629624
877574987 28418847
91780410 245834666
783949900 240363392
178425974 596214650
512549178 756612879
475902546 84104757
44596606 441924499
487400834 811198404
398673964 614703653
347507255 685695846
751153556 673283481
991248745 982948641
590926985 766016160
46730179 93636118
971002415 763969438
625035354 216546659
41898684 748329209
877448874 834565125
18088708 878855750
834588227 327494100
101285137 156150272
424983620 647379691
189069226 667685280
193520692 453987630
433356217 226309655
956982084 302618040
805895382 584208447
759782059 645729698
896561754 943063033
635817760 604782404
983720276 463076377
806636252 495894307
703355247 586339163
287453604 904843481
271051076 51022678
447473572 246740084
109327801 504060304
667409805 483317007
695958743 178136706
639273254 652783891
921561170 716494256
95835433 968375015
436488347 57765533
810417122 509688364
495407933 424049539
399684187 720125168
734991022 64593931
889739048 325542622
85506365 185782982
15656026 209360450
105217062 905725830
586427645 465057692
279060044 191334654
444436091 481154893
647167282 470224437
199406396 361577705
945982248 432859757
681109312 597343755
478788937 221463456
977552317 177762347
531388642 66748146
528965188 496865195
581892983 436890865
557700721 931318623
463794582 649434932
982937646 493750197
738131244 657492270
892314233 462713133
133192010 488478556
385161950 743655030
707765123 716252473
742482031 500396985
985246220 958718665
186871725 689487496
820434974 67558018
300278942 965089757
529611179 533539609
550247632 906010462
163415170 376147114
642561726 223882108
691211282 933024176
414125389 269983440
276204200 320267283
311603052 204831022
403431606 831036313
804712241 650483903
210822651 905055436
440292597 345579322
984342506 413127437
135607260 106532322
820942717 89638332
895055297 192534855
233877378 224402586
111186786 177162704
212906366 537560966
932696486 825994532
304076234 412187854
507207903 177808973
166818223 580838503
809605260 538715747
233975273 127203808
189276000 122400880
601790925 312987277
333217327 570515927
315110426 313185063
344013086 577315006
150935978 562816527
897131860 395690568
965670346 842662143
898106499 611616245
609697375 994133354
618614013 962159089
829027430 599901265
470884176 688463901
658009998 458016030
603933131 673094703
639303625 304413381
792459868 360821762
378561809 904240760
63449232 925931907
381347838 572752869
196046904 102375387
497282096 857469555
58593777 209785970
832510671 877644002
153415987 524155464
947203079 841284981
98838173 614903393
418202364 472408688
446716719 447509900
720089025 644547672
190382634 351329719
674171938 703820884
437218286 613757948
324415870 684877181
844795921 336906550
536038686 265779924
614714605 648911589
726108155 675942628
775899027 586452180
809387995 310535908
562671854 944324440
172216293 222105001
979224666 552163656
505910849 597666301
320452700 289383675
102700820 155131084
250922349 553583841
49339659 261097189
322503807 679628492
436609405 73143402
92624492 185701278
259986867 981486704
266115459 667356250
661328980 111025141
475093310 515217082
181135927 490050731
308821423 384174629
827593816 487231201
928750578 193551231
695813042 705436169
712222064 67090924
81793597 794402154
958192750 740995801
312122719 439520925
176423551 902705544
612067720 671841998
890516962 414418725
785808008 749873409
699830425 513825224
477950254 815717481
398249573 183370556
403215987 793320004
474696800 955035820
832667729 841315102
863730057 90924531
293097371 408531475
575981128 961558677
798806526 563197424
752276945 591839911
70859769 985505888
827663110 68986900
67955977 153805863
839103109 338703704
664204716 51664205
595587014 270208211
21021135 124787196
902576292 346488979
828502483 76687898
362294750 724902290
982806678 45472031
40713548 922573146
35137762 622169324
163017706 585655011
516153572 408331204
535080248 291607140
948570277 204383078
174953534 386343905
875393929 384095034
185569911 335573118
205412467 266058884
219515163 616788472
613339663 934742590
561035984 853455316
23254527 814459991
894919762 379413622
773205876 791922409
793231004 800075819
998846963 541575196
102768944 429025697
432005478 292998146
924292977 702669636
276422674 116614236
234159169 896202892
433921976 50089916
385153294 289897851
751086111 991903570
698070641 841267806
434647503 41727388
972437749 633137248
700521251 425004770
917024146 630416765
895502936 894196541
222739597 273338486
529611312 33422613
482176487 482120863
379522166 359559817
212979332 611062070
969924840 408059306
413277305 259347547
852248748 591062436
918087699 744726655
866195671 804819294
616262008 799253026
371521181 808865837
699219598 743021773
963788995 477197709
616769174 67260226
933294767 485135449
474251929 967192209
241531447 897133752
497706273 464907926
9111051 307308815
711027844 838404718
973229622 69178800
957976339 937855230
860613549 973419895
496442710 174723788
110599467 212344576
851872104 760758193
638796090 426015520
94205300 892096280
341824636 257085855
918703848 714665339
115461194 372439736
247191192 533078411
775242854 917977721
144815769 893720381
232436921 135064089
708119072 180072070
459790912 769170574
408258004 130471205
184307660 130264131
813945674 37385453
724817266 340897443
179144385 255734352
391669910 893135031
426470408 538166782
720196943 665043076
100509384 969555013
277978547 159550716
27382965 185540539
231243820 425520682
610085632 413095864
481810784 127541197
403541299 602890447
128181899 622761086
148765290 460940357
863442878 751219607
492345621 54609674
58717429 854051196
546841689 109541566
824931688 943353039
416996952 254493950
451631613 488863656
726337754 759745327
190564363 763110193
344215303 191708918
581658111 430818113
907321621 626691436
612531074 96587312
211935062 947245495
594541006 292062366
627723292 365867136
172238093 965010041
884649544 287763528
741614690 520472397
425276037 353234616
471839764 906552628
267584016 920821667
116683705 405579189
189090051 893912636
575018287 854389413
320305046 129452215
875393765 189481359
116757179 291306332
561856169 61056518
461670005 212174863
965917613 424526585
495681935 452026704
739546288 16101319
961429731 841203998
419457273 269105877
592887467 573184058
376371163 306388195
111077021 891353832
638957805 533236339
421966618 590282305
10646556 639049803
266637591 61412774
633218620 702686399
453270672 832762713
488580757 240600055
707291976 442517853
140400541 473704151
509838404 857191842
198299784 609872296
103261469 31204963
447790961 86238700
117180727 431733999
421062136 367508578
406233811 590149295
193079334 261213002
61747326 821321950
256951915 455065072
825950078 335179229
487636470 830037114
62470082 628919067
868580671 209983284
11799910 192264772
707778587 67923775
566651274 506524731
275125417 429866046
661126227 366365023
800010140 789171090
728629108 56281130
219759360 368190232
22670092 813251853
135917143 231706796
481419195 290078985
957524900 399130905
100512128 654158293
303612745 372013662
880230888 740115330
309141116 603363974
404822767 365697446
488067661 651193534
676425302 511088082
96211232 93980785
603332735 106960953
907480843 879090868
431440141 46696549
484626960 97798934
765164174 495690343
231226517 227910274
154257432 110768608
90407055 455165651
304428429 268283850
384471509 93770252
63746197 795423852
942352229 503466892
947669642 25524975
853750444 803366116
303797677 411174577
253758415 50956898
25905586 278765714
39890969 485423961
372368949 854157127
714772723 526081874
375314739 639922259
381587859 953701792
592255580 480279346
843580764 861605376
469271313 259197611
596240383 436704501
766887986 37759264
906377855 170598283
499033690 462687241
506557940 156429123
650632966 575069633
73368764 48651641
740731758 70921494
843858147 262533686
820988765 45889718
938311954 743965871
523944985 141198042
466195586 968288417
310497607 702883281
468905191 990250976
318647998 748377272
240657719 76070586
173358897 742978540
52249337 896553430
464240505 257934990
917770173 228348893
453333942 59915777
305663811 435582727
56985612 731792515
196395099 526967957
454967885 639868338
559578762 359380531
691405218 377078910
691148840 229886049
827412621 612558060
167328926 237547469
547223915 254701019
14209023 520001190
201414704 800396437
665300420 195409388
132122088 556628795
225042169 240626296
65723951 334879671
161901600 686890156
58983452 223609226
35522804 716209031
905156061 798101088
322858363 503433877
681394271 541737650
404629845 647107023
921570646 899910140
281489909 172691447
338761790 245309791
897844354 510509388
752598019 123031064
925988131 865094059
97289509 5322198
969305391 436740622
429506730 708087092
322915443 978561234
669140259 71926588
925231569 772625278
838181748 921402409
812591995 405893271
647464446 690911910
504656832 1887151
439110299 311163546
476947290 406585596
557892913 777039032
124188033 599521803
572063023 552543753
903612265 865635869
809651713 449121283
117074514 530171834
512425366 388292313
375747218 106361238
431098343 185184257
546063936 527952036
346150564 629448360
602502103 766932851
871235094 960571215
956767669 634362177
948773299 416745278
801637437 478584747
607515592 118641744
181857808 472040481
932264349 542961453
625260395 459563776
497261541 7933696
543698501 771831779
737382427 259732080
895257780 782954328
402311151 296857027
203017622 636256359
987223943 542634546
909696926 221689109
673988632 89764502
80803119 44414902
49103836 745523694
601442370 264801911
649265925 731331439
351005777 889654931
908573850 84290319
148383067 322057605
619021094 362452537
854178615 851927188
84594841 8662705
413882278 704590902
846111553 512061850
372731784 878931727
623971254 913650704
134750568 753741484
629819253 12733446
455781074 608932296
895845381 986007367
76059586 984620450
80910848 298850723
3391077 465639583
357660661 559432142
25137 870849574
123367010 444080288
492771812 229154458
864431184 967152430
683713600 16442004
917980008 707248585
651457782 618740122
284346205 532311501
451334092 534605151
690358634 380791814
211484720 696482675
845827815 164533559
360971618 785618220
842663862 790682859
333900419 819382273
155865163 975782275
178722069 104960027
838516088 935320633
614922343 442112281
722645824 964011512
942199 363488405
201045378 727771367
638051654 175273593
167586078 862885927
581237165 975055882
150863014 703686708
437432020 817388272
941821560 636586662
828511002 66309499
280423883 931000215
87699266 313389370
678509883 818178839
324744892 913690939
698447012 75053181
79418251 697811162
389049847 349818827
188097276 542257736
681881106 243814014
796270565 906805496
814130380 997636769
821563812 856407314
350590698 156513526
427970807 220229334
789748494 882234032
971977840 790664699
230160729 351017652
659022328 64680794
149149215 749640532
558737322 600375862
264236106 577548591
187367306 265678671
689471808 148788276
894889158 163050506
539595619 340736094
941681892 319318904
612901417 52288142
434592363 616927679
961269204 88734077
608587699 688070535
317224240 573618852
730272693 767656073
392411025 19876827
573796754 691406284
960046986 829994187
563831079 331687496
2292349 398359077
292103325 319953722
635113399 5870201
75555640 908838558
944856209 765661505
571752462 109494070
472874597 800908120
595477178 501799123
693146717 602642957
825246922 34010931
369750191 963499214
966025429 272976142
48962338 29762194
98780180 315740994
573272445 934859428
68903758 298263955
859536910 530792754
72742619 287776917
715046259 45634286
919256453 867362976
932487582 779116926
457011938 942695361
847544826 210926573
514138882 422867113
133043904 300291275
118862215 698129434
913037804 26273950
23203447 777753067
924819243 729905592
292128298 828014740
705623529 397847580
921593679 297863022
908953457 637411885
328082554 194297187
614532586 312740024
151011234 48098884
987990667 479368299
56359108 758132782
420782800 977793387
531576269 111914672
742204862 568711660
15718343 416917119
966845196 657353003
810656107 909564970
813781736 874733564
682150769 767111173
535238592 929574946
683046780 710429513
206749742 515795135
850445201 746814593
613547611 682903474
855079562 886191822
765901393 572716781
154534403 889269604
614182973 717919141
859194037 831226046
651657506 945638433
165634032 989654499
667050860 737151034
821268621 301024375
69797177 899408883
612673704 507969384
426618166 836389838
962228977 130603516
121054104 101251927
254974430 977304906
396776098 552819812
629253871 450844159
147929566 419998307
284915553 504055418
33567265 948326970
700066782 604902594
339106057 300700867
644513210 918483967
621402864 62451200
868673203 41823955
456637398 920143383
436768490 515702645
76615175 755272760
494400211 54498163
113883121 82176307
649253586 960858507
771421105 714660297
370896718 891508271
174320819 926833293
138681212 757247151
463092376 230542593
642575884 404024920
545338405 621100529
398318106 816776577
345183581 767966987
941007631 975746407
333409416 858313698
714636823 193635461
972090391 724258893
522375326 853359652
875056054 171210632
280398294 356915277
103903798 950971618
635920626 966578777
865390689 546526736
967094856 821844438
863480857 45921216
471551774 742716444
756980489 120855909
272009188 852678934
36344395 132631239
232284641 193831796
949401203 727457447
864832626 576492494
247862349 903543195
648807567 293130853
495980203 562463599
787859643 132085562
325033828 417163706
580643134 374954535
659777725 557987982
19894630 883252017
596084189 479660635
287755870 436746670
252388481 31272705
107132013 129239280
785562217 389381273
887305428 825634588
176130612 619541234
552618226 375122614
115662404 338463149
278575495 823178132
121726389 404258066
616488882 270287409
963587145 669074699
693638030 101774318
670177150 67027257
564915980 403456506
276859890 127143319
3912528 287659862
289447564 592266560
198052056 907986339
784507866 642853453
913835334 132408181
527922035 634280060
825067074 580796185
691391007 316400824
861590548 905211315
262197345 544754768
293519064 102808376
616261961 615189505
923764567 683821855
22133112 650614606
155176384 720970903
777468648 394517865
531750630 629969095
584287394 218662237
151643125 362873100
821819916 653976347
179495118 97091548
166956168 299943804
159942863 665808670
242659131 548243597
640439964 446953302
198300047 544450121
532702273 342067262
44240847 999232523
519460495 362156739
805949233 316198531
836349529 918876359
543337271 258807229
619598956 153506920
846020610 793917365
804989186 34159822
962694208 714646608
551965381 81199808
103747480 822591285
218100721 357790532
592413785 538437604
748584611 285459867
921941322 71274319
995533494 39273193
706066694 707029319
422158138 418363623
647855426 68578417
296554643 626939169
846599018 790650052
410606596 622583442
39918549 240433070
705621454 399800357
239388202 864150072
697047435 659590082
292330842 109506888
636220556 682079548
359240098 526324234
322543385 599974926
621924057 173200617
970768453 50048339
624290623 440099228
481422540 515433107
648868219 7873491
313068037 321974024
77124320 701073818
17101864 224410045
155556449 627163971
470411227 643988838
494892833 442737405
205363179 124288319
795413464 925655286
605631919 25122594
244388894 209032161
566497469 304565635
553641630 278882521
297039813 594822539
556864948 930268627
622135358 94658533
849213980 205267663
411249945 17576227
457077337 386276387
374172895 470466453
763097916 610004555
744226742 292919781
743800345 864509213
544359324 375300350
607671151 125513161
480768894 252215607
895734632 454477500
355475659 840644772
482937510 564994505
926594795 582894784
440664747 700714936
652780629 719289760
839779342 932431865
416044035 220709193
896600172 953535778
38665377 33916966
280747637 924883573
638732221 534453099
835429170 868106540
40181961 448021107
25317359 437616319
429708962 616182501
685330077 824601006
388981509 504941209
911828886 361313113
680245356 22740383
392558050 325052866
676336063 260036313
389877985 475645073
102549399 827538203
10564100 481709425
421221296 574426103
929852143 457807200
376159375 366247857
416086475 321373243
175249892 627714063
199956632 820926156
780879845 178975880
365342616 458938994
574786575 191252358
526964201 153972497
439598066 935757903
836477112 980420921
136897814 328713873
786041317 185690494
417601494 502253527
668871101 839585098
679823110 597660928
591252368 954768950
810474915 66512538
508723921 401190940
951042001 670453049
71938593 670542566
76243810 425150401
580789876 958392343
840665390 579656357
4865087 108193777
192459546 776962650
813381546 682301401
957464305 237204072
725364068 26627128
718279019 334763084
481752621 940425408
989696150 190428877
184940234 422148551
669046934 83721345
222876666 132554089
675209801 897389950
36909594 121254958
142171643 559833578
183795472 8557979
506035762 496569331
750975839 697756708
818548349 516699326
356272898 747815455
707895489 167515582
638650549 412082794
468941386 779592216
688465185 642394865
409029552 639138852
293201610 591500193
796368413 82396762
865516064 389060088
859547310 569216515
529182798 134115950
954715510 165800430
645596416 669907359
90334904 340479545
663587782 544280037
298597628 868304667
687244208 49166737
94021269 75075928
400786117 76436092
618786574 337744609
117853492 831498983
100310828 643001090
363646681 685172510
337571608 901537122
925568808 416639951
111757610 327594615
142260861 89010881
486152821 497928029
384412249 287629768
669700950 89643914
656422821 739691453
748637919 431707672
974315167 901250463
44235877 255568890
791888014 335327863
203758498 203767146
489333632 175422595
606797226 454050481
465156539 329351461
548055623 293686692
806129724 828246219
962974908 330120915
738786403 919522727
917113743 830725041
557618381 545957517
186504013 388757717
879770276 960587099
995701407 961592551
39864755 143826014
778702865 744377054
220221301 572094530
53255671 588285341
48034648 643156291
821205141 738334373
8306508 505294688
269420364 60115130
805230697 475430766
100002629 841339638
750978321 516447185
688655602 76115166
806540669 76037714
523080822 954023823
491053183 665494002
175093348 851315298
375802401 75819669
807132116 875336002
142670557 501367135
276918370 90897726
393770225 425130650
373556931 656455599
395972778 532671738
303504441 892903093
124751656 89390132
312904202 417860327
710593928 940692318
309561121 369529744
319570565 240210734
288883268 887998911
588120748 775361486
260203988 499743192
671457606 580613039
161020314 696028427
404530562 637338406
32187280 778191838
316208235 554658236
223756380 894790684
783914469 680742702
981732080 379303897
803300630 302365831
858581888 544305820
902324955 105512752
525795360 291998462
704039882 149591131
184035353 516410408
568314441 72381179
911829568 40476953
134351100 6418893
162024041 535482992
961955985 872998250
577813798 267870869
77098980 201552537
984167206 597306360
7726728 442777390
490722418 147856358
608957240 631237080
252946676 226213799
226960953 662485960
975966988 751872189
449866351 5851946
97279365 634456790
224566219 998781870
151413466 387471821
861028623 976997562
91681907 51997451
242551789 657342176
534098804 627881569
298429343 44551723
144050692 818531593
745129192 622961956
177935200 960220621
586345465 580619483
723758908 102822788
909658844 40110395
807456579 89525558
460317020 965657563
174977762 130277965
89881330 45111160
519502946 729949917
724384452 904106222
946547763 743331375
378900859 986195856
342763648 119395037
143847147 835304945
74377589 162353506
355756821 40954544
204445654 275320486
755292122 177355525
610234098 826713160
184854703 484909101
953204206 678657701
614465088 298645449
531311217 444617688
603977704 676616191
874609330 242378191
908844420 122343504
432331259 882028960
548845491 131371450
496922778 833337562
616896056 549761504
348000302 35163329
809999665 85206162
792598108 716177213
495525887 395923623
978831040 682934071
275255603 936844251
296737608 918470645
803570758 824208944
158765292 606822063
189382934 169205010
970621500 627472103
907520100 880875365
17305357 849219505
754743926 433158553
967600603 815051308
366058759 601443723
824244704 962058979
539297337 914305414
202740664 365443363
958691197 161772541
924158428 817124053
372494629 215719008
603407011 817758944
175617213 726811223
409972646 429450060
393641039 295804688
902357651 140095515
399052665 532875943
974537089 790365940
892879579 921872303
151813974 735405140
110350666 830236545
326304870 685386963
355119710 95043872
673548946 498460757
326745297 860514376
620210517 738383378
321507103 611849734
750306377 212543450
951000161 34165206
920921144 428095947
913440544 199641522
789125965 772463185
874907712 906015361
648033998 722641947
217132504 560687163
514951275 320346038
746560305 820679691
266892587 318295220
608744770 686615335
120789290 213747383
328839257 716109815
27734466 921938693
880983533 42797435
198872087 791071667
860302790 532222871
648281988 49971882
305402705 367428310
394730598 223058934
360302663 540487163
210411076 375778739
264389276 523599331
518776044 711366216
600878968 953681693
80756690 788328776
781884982 711150522
505007958 429254665
165296656 936164452
547491847 333067534
556203480 448223308
612016232 703758591
646298861 86634910
265938062 239593728
985425685 406991072
967632563 254864882
861932256 785395830
323060544 284297690
522110589 91971660
667447420 424187480
129457827 71508420
679806609 781149034
894348761 511119175
620199721 226960367
489863190 266961947
380164902 260790848
737564139 289081543
773680390 273981754
544500304 526146314
80319347 431629023
521295025 38025733
340157656 297100894
802051548 105702260
987376697 488349325
251972763 856597004
88766711 936738780
598482097 265465575
512426493 522811686
666588086 201978317
207746142 701661976
425107412 114357622
394213441 230849864
218822291 396467675
282684595 334505301
649223404 368184517
157198595 51762316
329317478 427880057
37905553 632333538
214189324 365245097
141579946 730125767
383890176 471284625
69822515 881668385
399891767 876513327
937661696 170401059
627504309 494236582
210537070 321389007
327569438 239040347
731903265 940373920
687487031 419484436
990894493 255817256
276067107 481587441
736164104 925201968
640666076 971128506
675927559 326933965
904101247 989879324
57670636 444090624
99550054 90803718
761506465 977432037
139031401 143404333
435116029 107598952
446943467 951534630
326617028 67909524
489152537 743206452
432734543 417969451
965527015 710345200
963693754 794142452
424153091 511157242
833791274 216267021
110435530 435009243
207246851 183051707
592976634 655994811
878632837 937087496
681390480 206852797
421300088 436988576
652554286 506731423
35426054 498344307
412503390 777657023
592104779 18940681
536747877 766271462
914021741 933868573
995048320 923050189
63146348 5084048
309458930 884079531
244041884 909950741
822446249 832517003
327239718 786600116
305417378 342906123
926435441 382672647
337640723 549216052
590823877 193504362
318277724 283340755
73258584 188242004
580011417 99611095
849830184 45166995
486886320 561193442
144982334 249449705
733782810 817917789
562134315 773467692
424446252 315024493
750751906 618611037
696378746 230411979
592582608 622181369
282357327 860678101
458050560 211161142
748772591 988586623
349779607 851590291
837546777 548722983
31948491 308012286
107216285 9047189
966493540 875276052
382738400 873213901
55699211 189418714
455739703 923250235
301606518 329039355
407958928 97212461
840458177 807771501
954429981 538656585
212995152 413796015
734565167 684090795
148953067 933057726
386805997 496140216
335695147 831888972
485161611 584023652
261290570 148948119
31878080 999051894
892665905 686070978
504726340 770708233
42225387 702745323
870277840 318836855
221994996 985595894
822357457 999266025
583237135 137140655
9290833 895469777
866417997 145732977
803008256 681620070
739902152 664594905
29998510 113857830
879035144 954022078
106503889 22120211
348045923 938127838
935953981 352840319
664384778 111637710
3234417 563247653
234741882 952999450
990521621 454618100
212293731 776507632
534782847 703009422
723421400 951225430
432415998 242441588
755965422 786754470
744361001 818992057
107822267 569858927
36021356 772207444
337887579 527221708
66453443 827384246
355815551 354278407
277508038 618292435
734533883 223383506
23093626 800593723
186160577 81252888
632096974 916258556
509798135 375827378
991981144 662857886
723063320 834516041
493041896 50184189
179531500 238044345
205206687 339852046
117893944 281833025
259857043 899418494
139443114 937947518
768717937 776790393
657075802 253965839
286145742 508474896
742047684 238043420
655334350 181850429
270584595 250506141
201748036 382299190
546958076 986978696
789594027 371153076
980812902 220158471
272862320 688636429
102907175 929078506
688848635 57809251
339470555 753520080
470834669 226163806
875606680 378985491
421004243 827793858
230132073 176745428
877518198 617762594
104084075 238094342
327346336 555263184
999447006 950021650
891706435 30439666
555459033 533864939
433895111 578360030
547355054 491523516
588664596 983016478
167427920 384577235
151577522 549018393
280643760 353820699
744557335 992566200
210752350 766096242
120234745 612964842
255547115 939665812
766281891 413192141
220652077 679504422
369293248 307214528
808028245 339975909
538516283 877957782
908232737 451444410
142314920 549069859
710544076 477351868
8223272 38341172
171889676 195110690
183542160 502676112
712692549 121113207
770574132 796085873
62336018 800520372
493671640 56686515
587697440 471079730
556523890 316708289
912271941 572438980
693969155 608269506
679844482 838303283
915302268 593846055
644244386 800496938
274797923 473707858
59911963 728985572
729883945 339362419
179602578 234556710
410227825 791796552
391981844 38655693
104593961 505593227
68177355 605857848
973770583 70902626
494093288 141691525
399557833 871784527
293383873 110035162
630899525 203397519
662827680 921607882
872520964 966580228
232643086 844777943
381841602 316559442
489103023 692146032
677961109 519821214
553150922 121193934
217886286 332106518
260321891 257875357
179462815 65411559
493832293 601032564
252173658 457656400
53958020 602430845
198126379 522730413
12923778 588700809
432404544 952868101
30888912 884949833
796253177 819334181
23360514 385903019
956128424 166005897
103305726 226143958
921852562 250136859
271805016 842775332
374560194 744768152
536977767 824951379
415015503 762141739
457355968 343960624
291738691 84612916
455146945 213972485
85319321 934713462
466031443 535681857
993456405 803833484
949798411 467297822
606310783 427504141
267701370 105067518
706481593 208086392
47056715 395428813
407816066 225919466
578978375 343038376
477164158 960460068
49704836 248642764
218277206 60518900
178337506 250748149
397169660 797138343
654231390 274091223
169344267 600469086
351586696 813691035
239712008 146262549
893363502 237756094
212038537 335240041
110311750 730527769
198981789 68209660
152951797 268487890
486528290 914528331
746010691 537955058
371197796 96300214
719090219 238129232
679347714 483313742
118196949 434143620
950378972 231116329
136528828 225072840
992941551 152354366
559461704 939704872
356130119 295025697
382171248 597327047
211201914 351424026
760965027 406875666
534147700 770743623
11843027 516572805
776291080 357356466
581888761 677641402
103078002 250291312
916505174 268968276
580767985 267549014
358380157 586027559
836982442 970809470
795894276 26878476
964094472 102730213
182478578 298851034
447963990 328121605
549555143 501024308
553767490 397918380
714004297 931798484
341481423 307872221
433152895 761969236
980574074 835975703
507018212 604355255
691932995 757348727
895435671 857510286
10079 20639651
949045285 514367282
991240858 153733206
396855277 615581800
598788381 798299902
999794807 359560485
910238426 667562788
911846894 297822180
306594102 895738953
172582989 753396112
866120064 349243348
947274716 731999354
536829470 49869075
153311131 449678931
521043219 231354112
907957733 682471295
199625439 151216133
908845847 100712991
656935491 515332098
964617797 302978053
150635585 596167501
884595932 513293805
447135519 935447780
917331641 679477959
796166851 701719282
411627384 499773569
604834855 879485749
933676727 858500987
415521985 510097586
795373306 835294869
118739116 685269776
711223601 65077854
315497468 122917247
656333555 610242475
741372293 895194315
607998027 614677154
112051595 545832270
696770439 680880653
869784450 69930376
499873931 680221464
492188433 872868757
660649944 780263694
504118981 875753683
500313314 673006156
258043264 893334650
358681469 791644030
302856809 313666019
628359086 475473175
623885661 372451069
215165094 975014311
321784287 687566935
727897722 468880393
681770303 716735838
584752881 27912796
438905017 79201322
799594886 913040761
828148047 683254159
72412380 580688414
681023613 637150009
441079916 56757773
723308842 414889134
360571665 175078454
433213470 567662086
559493785 415130724
85205596 152394002
553446719 326624090
908249096 77553572
858860391 332652490
551180314 381363536
80132861 613558694
556255316 373304294
879502861 335124691
908223799 231313005
33193646 631541745
23393350 959019663
598030228 522641642
257866840 817245487
404289271 184030719
910074563 802605401
870338415 586854872
252503062 80365230
169325435 796743240
830389333 718777937
992956363 154586771
41949709 958620497
196416851 531777004
734037232 871411751
533902753 937929755
207842567 553310469
22970870 942239240
692131089 52503182
329278853 140167740
528672689 870709379
887484824 528583843
630514358 464958062
287136136 430611264
597167375 200389503
420594439 142959859
343465995 183998364
830457928 999669284
552536606 259470006
567162012 404316325
947424198 578899768
202819400 952132770
321037983 23156795
640924095 44533874
123188357 893525928
9442806 488103167
108322073 451945558
295676031 986819374
195449428 382463656
217049568 712369055
710626325 530525671
195385021 712893302
332993585 429684318
705436447 58489561
848821976 924002440
860620443 3707430
140238218 405673031
583049818 201737918
704381604 859678332
451894110 538346518
485531499 322508943
19681178 382338547
702418668 352670922
815873754 939831871
328516046 778169518
159871882 742225225
261972222 826882874
113174989 881590422
717078379 823173830
65993259 978439057
839899729 188515326
153843108 287262571
725426049 871965157
147182910 322583901
247395803 373721527
399810363 927515553
594575308 94419599
400621238 217196046
803664323 250606835
582328266 62126441
754449875 268565014
504241892 651207042
159139903 745721154
82396695 186053931
345699492 775030571
636800297 872127886
572300519 904176488
848112034 298261212
905828230 863610291
778219175 518182901
616021794 518236088
65700778 749130318
80012295 310854174
880944165 67908121
777014965 771171745
60317437 35784093
469646420 867916954
743607968 591406481
733119746 205389847
606192513 29897051
154907341 75189647
369284090 701506883
802529626 721139422
270139611 294568521
702194168 993237250
209613016 704234365
23113205 240653363
237919445 879383480
793070996 440712399
527519084 220790956
581376798 695876309
776540172 645975111
984732119 640302553
694506583 490787663
547655595 575887296
189063247 54949852
340486554 457747919
416622916 800244475
599302751 415694380
70288039 699420869
455676652 405576861
971223653 699626494
544865882 219784967
669107298 723661679
931016884 57981598
997740440 524021465
410816377 820705715
448470410 504129866
696708078 670322875
545037826 431516699
413943810 208346683
642061134 54230537
542411287 566612760
121115313 238413020
903249979 819938750
584200928 729953550
277488145 730455704
918023469 901168782
99111782 52583024
776440129 776165130
468263166 284441771
645891125 569912466
290591972 458516809
695062883 257324421
520323058 609691918
86508628 843567278
410472351 929260429
530594209 226849629
822669446 102015647
760804350 327597716
187840555 95284103
342867338 620523342
372803163 104069158
358160789 527287248
752890003 991074921
693143056 594420166
578367404 340329535
985780904 429169456
544114058 284531679
50137016 751957203
38679100 128452512
167190121 343256411
502799477 182050745
472019420 765321652
915472154 170505749
171451239 387933725
308313226 940746314
230403711 253345959
265297524 728025962
305815963 731034776
828109028 787860560
590822260 353059497
978884826 809704326
223119893 710632394
11300071 778991946
314467106 929568621
574169791 127226644
652358589 875666317
792821990 260417496
748855736 615304526
832604749 261757019
19722943 915571365
805774041 848674233
18269686 953516409
560775988 944198324
86126189 606742280
204461499 859425674
319397617 771624564
595039068 729448633
674197162 641179886
869551773 359092000
523380655 233914336
29169627 128394125
522853216 646683147
205278975 85064850
28487856 24340359
330648902 189309720
94173830 92682942
559407472 668945124
264677503 720198403
970790719 740855089
724241414 335364746
998949366 910681201
557573318 163856627
770273371 198848469
386135834 379959756
734021039 709158873
745394384 482446333
927022392 576719875
183293698 458172565
545234646 632431762
55081196 42326890
76062387 166462358
148174097 891340046
983527525 258128702
709676335 625018205
679185261 39427675
667170619 346998171
488780610 273911819
330176355 994851682
640141369 402154961
617848326 395045855
606308992 287808011
37028021 363597953
679059506 217998123
161732368 471242312
205636773 81153232
848108433 103894781
347381426 618634490
535170595 146170845
246018791 779881019
102322333 108553380
552865887 484797879
604267754 949165775
993803853 54329971
158560388 500658515
616965565 651717787
631320791 229902182
154732728 898473236
204950654 644333975
200976666 751002275
730414825 687071267
554534805 700782896
580919944 62720559
137822440 635351198
783088492 436863361
827468562 690943516
982972370 746887162
304512315 329161677
312006470 878855404
864830302 847485622
679681509 150388827
995545594 10338066
497410276 235456637
695758641 701570040
466539351 852555197
247229826 114623401
3429630 913940829
443678532 618960312
990289476 322423473
959636653 67579525
588274301 494893321
3511457 739261718
360407274 616132749
841403180 731571409
565240820 24552057
228136252 926973904
19471836 65320319
773579908 804094161
724922422 58372120
75445969 437734293
196112134 518865284
887430436 874270915
740628996 445822753
776754505 582051889
935468906 217971787
937527745 939387912
741842854 313255301
772402191 578927613
469741097 153065167
344418685 159754881
688732497 113025736
27160484 643256289
967002641 997874677
634665361 29149069
890225758 863735364
125424461 568636207
825416658 199739663
423832380 419106920
863452051 647291489
150859359 8931558
69739507 852736229
983033615 24056841
732341852 732898590
196273624 571818902
481524339 913828315
157922122 819910064
838004663 130676335
764070800 857508925
23796732 434331680
652297923 260799976
128475036 917000719
331072317 393736503
332640740 17425088
894871827 136569080
415861121 206203320
618830127 440029838
683127659 77722988
700833734 719179331
543663571 800275440
217416922 696650525
301300332 739600110
705816912 342168107
907048339 254669880
243088632 859859654
615431240 589433412
697363224 826375126
854364943 902487666
643754418 982931123
124551023 88906041
128098810 825222726
467537193 139858205
240706273 386201786
737486417 653394341
628856180 945266473
844007287 172945733
554506274 890693380
256303514 642008379
547079173 504409679
231767395 81769327
72258501 633675500
773722310 157826789
371879401 809148
419171246 372364075
60882342 690279785
892744755 508115707
199173754 522895755
346176232 780245251
354128800 615962492
217279921 214874772
264518265 133681460
516354775 210177325
293020260 496731899
749091962 200037907
418464040 339965532
999915849 755339876
789274176 2220694
233331261 106611170
508511983 68963678
717232219 371503390
424166473 739195109
885778478 752052119
478389507 465848642
520827438 66223846
312402122 439874538
438658407 304966680
632593692 959817321
955813193 929276959
197186116 434798910
861296893 560730068
444545930 388778196
140149124 697233658
336614344 336568218
334390093 387094224
82179830 302560727
532222150 124587452
717014918 877217034
668703156 246764041
279841938 547358685
41939547 18983504
80847656 834361064
104221146 428900946
343676972 763445844
47387608 812602305
545462963 64610151
238720625 928959937
641652260 468579316
787571089 927406354
26660346 104923576
605002587 167561922
906909864 17041754
101236630 427584203
939020733 533809494
800211577 836188869
533292545 660237631
868065935 665824895
116483385 203329936
961731096 968970381
897902559 726023139
998502039 808300102
986997331 508578044
181428246 705851716
870523440 993868951
27419066 674180430
525500282 713594394
694406633 977356004
702732973 658873006
289985021 246446309
237522499 30476009
746977750 623059254
155705069 700549405
441589900 854984465
522285865 612982790
558234144 709271551
938272599 185741287
942832793 830822518
487828374 935825696
888165853 350610728
976467597 341011560
296494775 449859683
710298093 846596303
892432219 81319066
919996767 273942124
64255924 405757165
280756139 39367685
986657395 752841687
537281105 949596250
50225532 196907751
404541845 575437325
264531898 643123775
296393603 299735702
445767742 704603755
877712074 741983215
962579693 743425790
387063810 236120889
854905089 462915557
418078221 213488378
43620429 651589070
834436976 750320697
109584148 351095906
944390974 406096547
869165418 917618158
739796902 207204824
309014375 598377990
489166309 506113607
603584245 710605070
198809894 783466457
194466914 629712182
829368816 716264205
437726533 433349852
186234210 629873611
967949896 687011246
866265299 142259334
380350905 910306984
196847700 429864969
406551675 870307368
828141625 680867669
612018573 631557263
81203523 512982245
465236494 455711591
286284675 103614692
242997765 545987202
199977963 759383230
146867771 704384329
46113119 735101016
624546557 377736433
113762672 456562052
838851258 271887969
459005012 356311685
780068806 418759463
402052000 883641063
370637197 724976754
148080987 462259585
237630357 454019121
50320481 449759017
173950170 701314827
181554813 399756667
487086236 314544983
923444287 141280873
152204992 162504379
682551102 411813264
92842124 610973675
138093733 581930043
706211682 905199556
712305896 445647304
959495998 445280288
625161002 439821045
998358301 331982660
950803898 547257328
103939002 597967864
52768666 437274658
919344945 45156622
971756815 103511214
472814510 949139673
544282793 587678458
683001761 689975203
280544738 618774533
199539261 504138854
109528364 842119634
487012599 841470737
917067761 296961250
105270230 591074610
311781370 176028990
293501310 547300
607156117 866192375
598040164 782422923
299248850 845534343
608869412 899112072
644205250 576389064
833113802 337752512
631839310 596740455
227603219 834304208
742122843 952506948
111494236 467562216
936371659 298101698
227785051 997204482
615242651 612390748
47459012 436982599
962830923 498782505
4836634 844619334
664135540 374499786
753273472 955778632
476881091 251963788
168270466 390963497
61898447 231281298
402257648 313044183
588673517 117187881
304316855 142120302
183711808 115985480
582967777 355846502
733958104 637267810
336614782 725197963
349030659 294185135
126959400 484324003
126087167 604961365
767432424 480364052
365953266 292489471
183625246 894059440
94742921 421838618
266846990 736650800
324331634 579013207
245376511 231048394
988477019 833690098
315813925 35252804
238511439 95328695
836093525 778843680
613476381 873157481
615236433 682887128
464534845 694854716
619762166 855852679
954128533 930007809
405454020 34766549
125842125 787694801
307577060 433723971
733725693 261750990
169389553 744386053
769039391 642895818
872055047 185281460
410145939 921131813
486799286 931689195
332458419 218656875
811482659 215880940
696544813 672754150
210629024 64270202
287610153 350510164
652919853 249971596
681935159 736080085
725752540 385326232
746812343 220260277
98407442 836076453
591695037 930675524
821174344 456697132
194130729 472832531
452309404 5904665
723608636 882513049
326850750 721572273
49256483 143598293
875023290 719255235
938227046 955872485
597257200 398637260
511374375 172309007
514555874 172257948
649386835 384608295
917726349 568495507
650875434 861943387
617248145 852264112
551451677 682848783
784675242 328825753
151196731 944873713
163654467 511972864
407696770 723760835
942026537 230461920
338777844 258087195
880875732 889247150
24621670 132623101
680558529 571861188
275456079 237874731
958618487 650950320
747941339 128871294
358976407 495379128
922086216 809081159
279362946 603627069
963767813 884790272
264678071 339308658
688145913 512163796
454837452 283791272
967892507 784232553
77513652 454859078
383168662 941259331
675593358 570659226
890414625 871732148
706425424 343422232
742862978 726856096
491629069 86685707
10708785 320810005
659531788 362764835
884619200 812578678
560008298 565554827
652842495 232386585
900264121 458591279
122267169 582572786
929576274 498215623
531153059 361483396
707159778 545268046
209888233 980965256
185285208 517057300
727546722 381281309
113293776 90454182
606535452 428293141
137406697 870750420
196413947 179085152
157092106 432142417
675267847 783775663
964837808 668472274
263912509 967593710
468642255 189232309
469284435 690124778
234562537 644394649
312004629 913981649
364897036 480687499
462195392 635341195
205720197 740587942
887647571 913418761
345913057 583606844
572832400 703384586
884096208 633231659
982365351 305366959
494072443 732701555
332572640 441281936
281707395 660987949
653126639 35808992
807903282 125581775
559997522 582724882
495821374 679869788
735630324 150195972
656892316 299546222
706962216 428807668
767321706 701432615
215511495 32739358
711500053 359675540
420664731 334010649
695512709 403507044
559408763 380994796
493755107 547566499
53968625 128910154
957398192 838856575
506393365 959674765
95015806 870348090
929530253 541990485
14502473 846889262
625102275 857045968
278843555 757652527
777032267 441792751
70356803 798536519
476339198 63331380
706313879 157540292
216254068 976975510
159477696 945322157
465808045 237142820
869430850 362943261
206927504 265277868
61917500 762625453
758125816 590594524
300055344 849547473
145855788 375704483
250491158 877942000
79312518 252007245
289723271 384581546
455614170 407859324
767255189 412686180
447926896 765456877
880977918 650870281
677693892 280122580
649789822 44757241
632020416 479161154
662423210 122399164
681278718 848828095
658983863 150954295
949375768 480669042
401191780 784310523
371679831 940560231
279943891 283546051
764118322 154982833
442696218 93601862
986519514 210256653
927604652 701522279
228845625 720898998
180505895 53482486
485552196 528166699
514783555 552468609
456750869 203628664
977689580 583503387
964623457 637378372
725161127 661664051
200226724 461735883
781016657 71308028
529790385 78375512
483082398 528706090
963197714 293107010
226975250 398943956
486922912 707625602
552817934 168859549
955448880 211493652
234109790 728088076
897211412 352850547
781456772 108479682
656899907 413042425
85351360 517966317
364883674 310108745
480527897 374128849
315507976 751272143
92502118 733108449
108023409 90002025
499047160 874693762
280640404 307834146
790039053 468187737
835434840 392067489
60095618 261354375
710019355 106084701
216164861 267522753
892464356 660332745
245591068 673204940
541581272 565258774
789293933 867543620
230987458 575608164
823173652 9859652
637133454 724954179
471968172 336578432
848063467 722143363
124746120 777559060
520592752 222125887
750309037 680161486
559748512 914485305
963942003 425415633
470497074 101701501
389687331 840742036
394733828 956311368
106308784 525817231
694331868 409677720
798547189 571193944
297847817 345091088
626483682 859065802
818567585 907614060
622643354 51162383
696384540 259053845
103431175 400881576
639036535 263191599
423462245 210183586
610171617 848406871
243511590 743781575
743340271 217712190
802185657 741238705
434997684 472837988
418351733 611397833
86072080 691423324
937510089 736113275
522016428 867073768
152657681 345543464
921280410 292397350
845371655 772522381
912519 974294290
457743924 64481524
536356835 601711012
498893912 771456099
987123485 625571697
238013076 534121268
834898772 642751441
817053401 12175737
254553760 568452968
334225886 601909923
859285681 775092979
129978287 94906110
390456113 850704684
125460850 118302001
270027841 12377910
492358404 762683119
532337081 852590824
604045660 378138826
195702422 441207375
447104715 641259658
537178358 416320103
98408494 129009071
639732986 633971644
784545356 218968769
894220657 360837140
620167032 172056885
521929988 459491536
723252758 196383416
853667113 940065033
989550843 663773426
442289943 89115949
974482167 650397206
104647150 187872921
1719381 607910193
268306262 770072262
665614348 679188154
67723644 147028756
235854694 266947173
893046324 813243920
889917704 366068670
269745217 825984891
822554388 816159862
24211741 137670009
215567934 366673087
681550393 896080652
721769320 501957710
986659215 857469919
95029039 83989440
946351305 593440250
910048365 35522851
734032203 856260433
353990295 284618561
854778771 304389776
695925449 270432933
73655022 798568015
834903665 121887008
218518826 617011459
759499693 412955116
861971206 23230261
150515571 454088230
493088726 705411095
857593574 8441488
160998530 71084594
56672321 471182792
510259937 217812014
481905778 32078635
114580224 108031431
455248551 247977551
423094570 736886415
294530713 422511012
265425599 595055068
41754198 283147966
660498866 28766660
666482965 588748687
941896336 581993258
720293149 665010878
653285124 653858954
582689611 919825673
4543604 305266860
764703550 389953521
445735211 880003924
170402767 812268787
600763252 898813101
368901128 388653430
208513695 632804068
189236485 785256402
982982816 130858457
304892100 416597375
716093789 917449158
679754860 86863025
898074007 499312117
848309489 92755216
473768559 514787866
120143639 249958970
913459697 239298142
348119344 473634861
350340117 871688786
496121204 969899319
423023182 388162661
345490367 234268606
976888424 591008972
393685505 957426730
241120175 43217072
993864708 906649823
293207631 251823446
209556678 412521256
12841032 233463424
921664618 780835277
773635388 222545804
92450725 286455672
917440796 465410489
991404055 533491289
504147319 221958090
115021122 871181202
776218830 860428422
550507923 662670971
492484598 103179709
509799424 314127590
559393811 771191515
423095648 15919017
339278119 20112646
134225248 837018607
298767496 441895131
741321749 396412174
886828591 302659661
94527886 601460127
750997372 850636377
139003345 302097820
660555178 162134522
184929284 116168665
942958081 522410739
660191997 879124154
158150983 21823605
532328785 392901921
544897631 930274926
355831465 435267808
585993918 390790803
368836386 33016229
243548665 85773210
782496206 456016444
767453172 782316142
426957329 130270978
540828580 5025766
318215590 516476893
381545226 248196855
975315881 62203017
109628687 946415110
702184051 142676383
506468086 180254316
57486250 832620568
736346310 445153731
616125704 230667705
451655351 503307870
420659826 439020796
503611610 327542034
331182411 832211174
344077860 543619066
723252714 295715570
878980093 589466574
608314688 480933659
516446827 688943906
176063952 240664031
10801401 993618299
512617033 750292150
428235254 775952706
143808590 476049957
646362514 822222558
432948029 51395053
48079753 96441827
293070926 875367042
577269169 467818301
505316960 113607695
175110771 576165266
365946112 598479890
293195756 192103271
942067270 765687023
701174378 353568317
306418016 229984297
295150703 876599109
630447282 4709452
249885403 360770454
337904002 722332462
124712786 552377663
112087269 966806657
46621209 630964384
297469053 371146467
300449918 714392967
242869463 158742128
660850996 99709372
658779008 3065722
943470542 619079292
480979467 78307220
696969304 48836664
562721474 219521240
487730787 843724889
884086663 803750050
527696715 585415912
971215052 995187404
627236975 318170585
657060094 7776083
202707274 412272551
770211942 988828757
222161705 750796866
329172753 100560040
930353842 464883878
929516117 498108191
58050865 329425710
232154884 655513086
806489329 132212672
16554059 251321595
166067961 503489423
238491076 574517238
476935899 807740325
748697984 255620731
554034999 478525001
557880563 229733919
721407428 252266343
993031715 874549578
803409873 159949862
560132897 362166248
18980294 123241353
728329132 988561780
396864499 376717674
221042962 186753666
32533319 519342436
937228509 959011814
144205688 373553780
875153045 217477225
749518957 254736866
185516617 386386506
581512428 448974864
436161903 188733603
770488227 21315768
84239793 355197134
914327771 498147718
73148040 54633913
311760326 358148795
468160209 357093602
695740018 98676046
988931666 357816903
88255711 400500801
276868465 330056811
380571315 823681119
706220730 233156446
738870716 569977596
741336914 756733168
895047141 195316365
672498184 61670964
402096207 959380998
908247302 580849305
18984725 230952391
795976832 35744733
798720978 692665347
744842740 293302920
52416314 741695950
669781279 515726863
736790986 930408902
881833506 577844000
545849785 240660946
234917860 759108530
190568609 960719740
182860337 145028305
908253946 789339950
223377146 751438845
238081810 775626521
998556922 910485846
765389982 716746084
338616222 922703527
120851387 513615811
59651694 978216218
871489189 131776414
891198874 53362290
60891742 66999143
792468809 842516109
609047437 270605902
950055736 821506983
782085994 287368160
258779900 252533253
86673140 282467417
647787197 735195325
62797310 328180588
873210341 508540653
620952588 893696227
823558743 13249807
487395548 227442479
955602568 647333900
784571608 868644676
784830180 380576519
103201039 432427092
754155323 467147118
722274144 562083772
984027115 285801097
62133882 604562195
704344672 621898375
251407278 235193148
712343978 924906845
483204355 63782119
146210636 243663022
222175892 130447129
837703251 221172870
502724139 121984507
345432388 228231856
364719053 893183133
461933671 729611031
601902976 832345654
170868118 397385656
746582271 900205297
861535251 391285385
272235261 778878692
200799650 159927770
734325259 992529720
228794665 652940303
345842635 741288971
20750889 720937584
842244184 630754783
98690736 379047212
170488795 622565576
862241453 58766520
212425910 323298062
457039275 707999960
994846437 73610474
905527343 312538242
103044631 222356225
282959978 365693237
581382783 350205301
495496669 106830520
698048161 536062021
323567580 790761906
317429101 532289454
184634363 675198454
561886016 180957881
734356026 863541939
546306461 593875466
803968805 737956108
479355543 95717584
231425141 406381700
52208423 693096923
908043837 321776996
231899130 742871878
611172845 913466859
86240868 492991131
52278122 788664492
893665612 865905680
953163865 374634585
315263466 664889993
922083959 656762921
264141717 725982591
769652203 22537428
996682972 976677006
873791896 131662586
364155468 520339393
739574499 434778495
993547364 521050678
931646740 742135789
462173382 577665822
356037757 823626748
567883270 600128842
297970145 214204308
722160197 480717922
849114323 627501072
728019808 893483602
306001127 855445437
297127097 29098228
626384969 353839202
162204332 194212386
623167622 261340886
240328035 895985142
333392423 396422745
369019636 544407230
230032593 160896501
371696615 336451026
401909557 578332354
130262532 175221741
690743726 966767840
922148146 632912457
396416050 774518835
215986602 758655438
224298994 345646657
147088434 13771361
426193821 263986187
6093415 125413442
786707752 102552379
40895533 581945281
959921382 792328841
484786456 626934525
786415003 223476127
190797027 958230579
470742645 824513077
667361934 171746861
433551769 939737059
669859328 454204026
25491561 761077556
859657176 193589005
731514141 222622702
966350106 764710509
518933699 404991626
44946882 341903641
899970257 592987684
415614027 607438722
882675386 650507274
813860836 869563042
206966267 881938837
469739554 519087023
83153476 292968326
663809825 695496392
539972067 619628428
636468457 273102248
56380993 556754174
290556802 160378158
359389188 691349784
725288379 900028845
764202270 885863685
322769970 905490338
892598169 672720888
693540273 779930126
731135568 250343223
205415216 609161145
98573101 220353331
673356234 834609115
494625191 366537349
417400086 794527639
11790153 173555996
354632765 581929373
673485393 729525839
313638551 581831099
779004950 205897568
298037028 101569749
824705238 430731829
605515290 511022314
71723728 821625007
730475366 65463817
379020166 380619572
747396892 954367531
70528137 139926547
254892599 393159658
602458219 872031090
808854055 164670406
621905293 311117763
429031859 148742502
604693925 623348973
799656337 126515298
763344590 637883859
200654434 910412696
198795410 719860801
388208603 552961877
898956051 325725409
839092938 982863681
164828776 634606297
56588205 48166377
70363788 752959022
3227696 95771556
572935284 584330334
484375389 303749180
24457909 249594085
659344061 615312187
625399257 926362389
870017817 231197303
654039227 633995221
297479779 420744495
175840681 585058460
198561601 888987049
392590754 365963850
822657665 588048443
484329550 367391620
259007454 851046928
473286154 143621485
328728854 350239111
598773747 62589036
637449245 746939746
747292378 879838862
817981730 91820679
688628454 218190413
352631703 1443707
213746466 888492036
310473366 378419526
638443692 241971803
804310561 316712989
506878414 319685123
808352077 898755491
72773060 45529975
59312670 763350487
864818903 145067723
685745717 151479007
381062111 569154115
637288356 523632694
749453094 772419285
178164916 779128812
51587308 9984608
105482058 776205051
946202818 906846898
382842609 532829536
721141857 160885162
192460998 762398903
831241100 599840359
762804300 157303181
909033006 153380703
32175111 371445154
150799338 101773565
794314091 132189089
226059027 21112912
210018521 688194357
618128743 995985424
669165561 955214609
26174594 190888187
782232835 659926301
231874031 823636862
600503297 363228612
414346433 432112612
84165052 314862140
994788440 903404216
961631637 900225757
680937202 186972598
29626524 374480105
541829701 821450320
609154592 554737697
66995567 401525035
460809239 541003021
694656940 321110172
178518997 875981896
81890637 6906338
827982797 606295483
983927303 420365839
296256324 691109171
199631870 224283160
14846685 476951432
61412688 642173392
363971490 485131969
881257161 293189374
824218751 626591915
349706564 308664125
670799219 297030612
853997053 66741716
784604927 456626554
137424449 282964492
416252835 19747280
104573572 900039522
590483658 214331721
124441871 120559938
198945978 74099970
603312613 984780653
815859748 549183442
781370805 244929884
340336001 313951587
136366260 463151791
429389458 911573672
177089927 873074324
635201341 177622852
643030448 859773810
363839731 294081974
143319227 667064234
54257620 177441703
142256460 493814983
613618039 943411291
693590135 277124151
640669295 632223926
315040506 63466129
370399266 394059146
740005042 405775178
790295601 676909719
260033121 738952696
215707169 209658649
399028688 373694173
315327677 332762127
781726865 191642809
103154170 223636715
469522844 162059750
746425801 478760771
287162279 441145602
726700408 340757747
675256444 849439512
333031359 410915955
971857146 351250810
249439208 257700018
902553214 90229502
274409337 85924177
686520666 204189591
809410074 811515914
818373160 152771855
8647463 432813778
936944825 760437921
633220497 116887289
924131531 348290341
964837626 424757683
740390052 32753922
807940519 22017653
70266946 731451368
435149989 394266084
457361720 221620822
617787441 180029731
570320379 122894767
767551593 279810737
559692497 299972448
358842002 689364013
356122020 156816851
907962895 668798943
18795348 65340547
896667607 823407173
880857858 382470008
980245482 875019811
801752019 592903995
444235419 626588164
556811169 473612760
913824181 158849179
450830826 470046526
820150010 597048204
748635720 869688275
208058108 455488383
368977199 260439211
522932524 121420772
145543269 848727236
364771896 809908661
559575781 114654614
889928848 352533130
346566654 243314598
508966798 83892778
719620749 674987985
335187620 344957329
410902297 929801285
533640982 2015345
885369116 41809983
420243127 336361054
921116171 73277466
809902378 815729616
705150733 571884381
495204660 388241617
332213470 240012461
633568060 575651979
182336661 421477745
429526618 635348418
269654728 354145606
793220603 425407455
909936518 481933448
207349627 977322218
91854457 289636773
237036041 185996301
743215535 50295604
462752929 600120040
935896889 192127626
324428345 118593211
213552954 628647828
306953436 852351313
167252817 621817101
77510787 151671346
803673446 908396650
129393018 423178662
498492105 410026796
170324729 966040529
628600183 618598450
886859534 95639285
885669508 268463998
315820156 208219149
675547659 64320349
663670795 612882034
881885191 740593468
778779586 836057886
410888689 239081898
45094130 744943182
464891703 722524602
155805980 554915558
468410052 507472580
359753895 693706866
833720225 974412047
722517171 656320288
538451838 150961272
625765456 537155616
662387254 56637497
610186111 373870177
175525603 940901708
277525841 808970216
434692117 313110804
508908832 331628551
180782564 683125170
995728849 459771084
267848456 243369370
860931575 61719056
23627296 457508752
873847057 679758027
508869044 139544347
213850663 807844973
624364024 990633965
928924813 316340752
97104387 264983791
590966317 894032100
203028159 948328418
513824324 614717661
810135332 218979796
266394878 912149215
869948268 237451261
788484026 603404621
830949347 756784563
153378893 688399879
147621879 117719438
248621410 948761994
840457599 599470931
983828215 712876767
615370804 443066871
835491250 61970605
520163558 963717166
228393668 62465075
698840556 602272082
695060550 779160791
262721688 395566758
309454373 419589934
612491456 728831135
177160524 196344838
335504732 459099346
299461224 151118098
871861884 698507877
278563049 621540951
684820066 226339081
93569972 835743852
660246037 960413569
173972354 269007076
774426850 897648383
741377828 418470204
284772476 872822070
942706191 771711144
210354793 909272815
544250317 999785602
757989120 374214623
570872255 727832640
568277211 60033197
214210183 896016205
423851271 248976739
825038514 449315376
737717544 585052932
480966247 182960516
651990964 933363451
381923812 828281549
893822753 351587298
234184366 482948419
517990635 763029369
721854464 638179596
315761165 256493110
465057423 934306452
73950304 866998101
684595150 119637510
792128339 437320784
125898065 442744229
342887774 993773550
224031163 79933850
72105788 604696099
687241697 687109685
14405790 95925712
305383586 812470003
927658136 862190045
580469002 699216628
682114239 149928237
703972133 947321909
655671880 482122591
876301713 930503589
515693171 873962116
98729502 108120570
184320935 685360447
83530949 575791147
722208074 835935747
371143744 363926456
276771925 257455791
618857124 84611243
943686040 955440330
862170772 354155630
660106423 431146719
11326219 674754399
989330332 178513056
523197929 803483169
308488018 157163817
79171158 459461813
437341453 161685158
441681703 215270285
983038531 856111807
32685679 345185570
201245889 224878824
784478775 823371726
955371116 886858333
318197511 581137397
838064507 827284468
48787462 525645935
43424491 184660636
853806978 168054345
741493589 793285311
360530801 291344040
995782230 256350691
293199928 180431476
84115120 639955070
673726099 938461814
4493512 146901049
319171876 835938612
330176470 453949314
702203779 338920403
78478096 567115866
508952934 681472990
818180145 442062210
61720936 176809899
736720181 125500108
260584115 361414079
51113872 899346940
436645796 511872419
171445330 156550321
512663569 168749154
389976664 951296289
78015762 980718555
769246514 663634717
227786810 713611052
134180138 177186295
824949218 864739728
745302427 940776812
656976002 251113791
997775917 421931959
240141606 270283224
276712655 553377877
774270003 427322539
834822936 256634042
373103522 90546480
340890433 396577782
104584224 188086117
560639251 255075469
513665279 30791895
788940246 771522692
647108360 260975162
28807441 611559487
257889274 946272433
359233331 377999434
727591813 74225764
160889262 638400220
516353941 372581420
404605202 823926448
979139505 112662232
401155321 119488048
511076495 845765668
725066366 726279244
635003979 539878598
391093830 100175243
301286770 578000918
545372579 251795447
780564049 720221968
281135097 629450006
785033979 549783070
345324117 727912135
905871240 150213181
768248651 588338295
368449862 355819134
309039044 516053644
842553852 873398536
582722361 274739061
346558571 830085304
888167111 96622353
395129479 404879777
953379698 869259275
575446277 196697
94712910 504568864
206239657 324358268
695216972 452397464
271178975 889416335
853853103 788682312
78148735 641462093
547936089 409485364
772616388 19239511
317577951 367189665
592855375 795604383
275896850 123029582
120313321 211652492
622348027 625360381
184080492 649783172
240075929 563296905
41241085 921017010
797364891 482341238
551594925 761915623
832191057 384349705
519461063 666621177
882159288 76938296
550981607 472130199
672587868 841760657
818220910 924850078
639505059 321002758
568380200 629666684
496106286 901006287
114787035 893177403
442693868 932031350
412752550 42257360
684860238 643451901
482238409 625581671
601267022 177350956
469322031 395908673
683024615 193812411
474049788 927203725
923463281 996109106
579455936 732934534
309729441 224390296
843263993 874808528
300221489 166625118
482504689 233262156
684166054 674131442
243838840 626424465
503906671 896174382
810641648 699201756
313671580 617035853
419588744 2632394
439700518 292376521
946624496 149285074
476032299 75291265
881500060 949983640
151168608 208783718
833494464 475612464
793973322 953051124
208722275 241451990
175810809 85013954
242879640 819397985
468310541 572288554
142053443 948816928
553314541 656164951
230887446 321705035
377835124 349512238
558038475 607798700
254845100 616020252
986590627 738774699
530217691 88853754
771184178 301036066
883049984 940063151
306815143 982955667
106446562 510407103
49826775 727601043
405326309 379797511
534590659 747644711
278488570 952437383
716592828 153937241
924297630 573320088
807197582 725592101
486116400 382541615
135503540 890712435
151766934 484749788
990300065 582157488
712770622 692874295
414894736 289006545
774925114 704405869
196796145 835166586
732977286 201385855
734667923 716101260
366983490 75306794
340788952 291814843
411903368 551457914
79236217 680550192
764427 671934911
136714789 654331762
389500301 837372080
221889687 462358404
249667659 847329268
898327296 855134986
187742124 353963268
654321555 225369907
423745788 941317285
193964229 718811833
502711168 898968847
946953219 498639890
822984744 966227257
793802727 732873881
717422329 116311
867947889 482974577
278198144 279303159
812868144 1883415
941140569 138452130
724262340 494027402
932863675 193747022
265009833 341093500
85260359 28712729
841136720 741776442
699455914 418783778
390850000 113298237
37114641 164202976
938384334 310606096
12970060 658673881
272539509 433812642
426927477 10660461
413803010 792833059
938312472 967664646
957976383 250703907
620387953 971059945
971689551 180037530
101119528 529132260
558280192 510529897
571802221 786750783
35285195 331229806
406153880 478549961
597324796 983681760
508825720 962992546
216589042 46252362
732449215 551938783
213100267 970730056
402575689 743082953
262578598 441863292
579875409 143562585
940785919 518422389
918199841 970349667
853484677 941491136
446860101 21981352
895203665 98470705
452729952 823798380
496842242 364671370
313043003 696377862
277393031 611802609
751382411 559362210
362308391 872107834
532548913 885971706
138314191 139344096
938575818 413279641
840456856 536847331
376542357 63661912
272602652 815311370
375772875 146824150
941462193 788929948
155569681 146139003
874610231 623266734
355175481 172810428
850279683 53331184
516360274 316915969
583755781 884493066
766718536 732960087
573371890 483103422
866140149 28131226
29166224 399647448
59519324 169837042
393630550 425020853
110359958 766358267
98521400 248235800
185975339 139827023
205671312 722869789
762583407 37902282
618892479 226997628
665211138 303409290
742841514 688178104
284121852 12605153
856633344 347910307
748162669 132609474
726220046 623477930
113903844 241298300
21012051 559145617
266018453 829450348
951616636 819449912
620926088 358144803
260080497 864814927
685928945 45508208
121236161 279662305
787807676 148995686
264970911 260136758
638644312 54774420
90225211 207211398
453447083 525503213
647704156 538651379
198734182 137356534
906004405 155542073
773752803 687582193
176801527 725381201
691807419 239463124
532243836 614305882
864317737 884220632
736619050 736477257
660989811 341216206
63570496 543163613
596137353 160529310
422284959 480402450
510020113 836309372
188241302 207649908
863768169 712027887
928013026 526390203
558726020 207814193
297239774 970201013
675180924 749454029
264418112 857961911
575353766 24759808
274308657 193631195
54379735 321185786
505288477 719227984
59604444 167077116
727130458 555843583
926167952 592071711
966079096 445248564
628267686 586285924
390158138 170348169
33748370 969157823
719981915 983247224
714904730 783151423
305835697 313787240
911833363 994109608
126603967 580361131
878941343 729125492
597510284 930098188
946545063 659947668
668585500 473069660
531919599 418969575
463997696 696722921
989379756 4264548
654694956 875608857
480962336 41985476
844193914 701983895
724925724 786784390
697207711 432878201
314070141 907553151
394114219 792879413
583755455 620160528
543554151 562942932
148935477 225010734
358250834 821149903
92417039 815134860
431692693 353040184
473142049 385450125
829117625 238984423
115298876 220824537
403352176 866780262
696025736 109229519
832012998 846780119
446703285 740929657
265773527 477145152
989455465 860780623
912767897 966815234
121905866 366798104
858419279 49278029
543478170 206895509
963251390 943763225
9778312 367458673
128636733 672616362
17824415 323699762
968441306 175123968
57190025 790516572
419681887 397675815
377310793 619921882
570495753 426330065
17797763 205510181
858586907 297095088
765780997 326600527
725707209 589878814
521328021 180431263
169506141 613461353
903480195 364179025
906453200 913963746
598374517 927175195
806419879 849988029
72192993 4105026
880930672 497960915
274766057 602572424
320598068 334941860
717047323 808822247
785854387 109386025
82536708 299957089
698828052 940965501
133770797 383640195
406634923 408695331
292444021 569911357
370322060 380997285
290308343 227580315
356859847 544176755
172917442 746744540
273467875 418734173
547052574 161588270
101625067 3046828
145802230 133397306
802650568 876390431
143608351 324480108
955856713 389125547
455616800 623954283
631114668 754397530
512949326 111215528
680877552 100201431
709749027 826544028
147611328 584708768
401402302 555606707
993658829 971423031
832495673 392402025
951268291 613413452
484133817 537884231
328435772 112918783
358140250 28308953
386414807 817875118
430945259 869191637
995832828 270320932
784463797 259138533
549595718 413472590
181109920 869132772
358043657 423026502
57693936 409182267
498580743 331464975
526998673 262006698
30485154 112647815
53340373 215415337
363148014 212504145
173305063 48254423
173529645 153431894
903805295 613576952
622452760 520278415
398410553 897013887
390326826 468740343
252771062 182409473
285800710 491581927
725141696 802478117
190250607 973568337
449720441 601628791
633147197 57998984
911883146 832200587
919145960 949929333
915886676 441413537
512773955 859321135
421634644 994212068
970220249 315487186
957829624 32066542
309116465 16933996
625153046 520949025
975152523 416013244
604640198 541316015
52275898 203459216
824941012 430121630
664924291 270235709
563000433 373309962
305362617 75675223
471417827 710425031
315495566 99733428
374285963 662025064
772003552 215101197
98777302 226148425
834107678 606773442
781676 326788064
450596961 684428714
161411402 753847053
714009254 501350454
283658882 61131350
398128374 549739456
91459647 902745896
940432680 406168378
293371404 593774089
148060626 596963888
96572083 540561316
227695338 772751957
834068688 282406996
285345314 462971735
948257100 365873998
16251246 789996286
330982406 108069402
264968094 299869249
100747839 99188034
907540371 952754680
864284907 764021790
461686410 732294512
12347624 719678616
835976028 395421011
590417786 979096548
218038960 776512647
130263456 606079327
234930611 501293725
922612088 322303074
79584115 673418808
980739165 31998413
551230586 762301678
88144299 163243056
718878538 858240030
656084508 205646014
446577628 908997044
297434920 980398681
419497183 668364429
657730582 887632344
92533235 302286743
745036812 390960054
797245572 509142311
992076071 93174246
761639442 142933057
402255269 5455214
776313944 794045691
903316164 11797892
538010181 132096265
214362882 518428244
245873116 802817561
189396951 932684926
316841108 520614741
362965694 410044672
797267865 892975319
749965011 535098783
728218707 83126975
733166515 633999098
951008647 279969277
151003102 574323900
359580038 385243024
457509013 373513307
352525577 581103101
748667616 213625549
757430138 449247192
610896926 955848052
436286423 682173351
268960572 893383767
914189254 362457444
319054553 754804417
515395729 490319074
521373326 646025533
530066677 593546922
876941804 280685612
370324963 30426422
492583010 223111701
16336412 712156769
210421351 856938181
5656546 745806671
967876387 977018395
174936072 891276654
189105553 105578409
339083233 38022629
486591828 456451187
195146908 756932412
22250830 908035104
569158534 752213317
845859042 39545437
469083674 163835506
633360102 607398838
201997226 360679358
222096038 307484556
401797638 811349935
857091772 189500267
971859864 353827445
400353398 357177132
740355608 457985107
266226521 99611239
862457965 425724842
385453790 122752088
741435303 526754074
117530034 465445739
207245927 59999598
848402017 887807076
98864335 728989608
853799429 223041861
400628572 264623426
504858565 663778743
151811669 189610559
357568786 954317432
297625402 30960566
786510753 128955764
453584177 227439103
267979779 761701604
515695971 844686052
279405741 236515265
399931021 182107347
516919324 677989725
139709061 284329426
913833498 851761864
700498887 78484370
202684001 940638737
341291683 857506143
625926385 128396466
162542526 89770758
468754096 383375002
740153816 719968927
168501898 28825448
912093092 331153910
895005909 369000590
762484952 34445442
749465971 645607743
158022276 309255953
582961490 28160518
194783082 394520597
158620478 308922697
174873574 56037185
805078882 142152394
988169257 282967032
313159302 655515567
913025017 848528022
903682560 374211221
532633406 732438425
404586450 822691145
939416217 421283938
135630779 778067368
174503289 100661632
336800676 693396844
273524938 740071828
879224908 141265726
940247795 844632969
275635329 840422066
505477481 426192952
448209808 123474884
974063745 623090966
225196186 192419563
225910692 108243877
297935268 159776360
354334833 594142497
192526070 924211243
159456319 352445735
268783965 591402948
507429760 152091736
764538803 170744024
822987070 321932328
314900646 113899931
849831311 844109910
95125463 843950864
386661283 210388639
314561168 625960129
715842525 751449555
148000279 570209596
966593673 666456873
73312508 911053564
910858547 492407069
151675684 918247759
828270204 319358083
569181790 980959977
636185677 848940269
242222821 869396579
383125390 930288737
465480142 296293171
183897820 940346136
781491655 782260868
836996322 65675302
892224 851203267
572019403 508517176
913309228 955676313
986095118 415982900
854596224 439277848
249461863 895006605
828373505 121771285
290907795 149109049
748913420 724803947
727753798 130976522
239468992 856568378
341795379 608362711
533368703 210501543
428682374 292804780
627076444 191311093
544405554 870017257
276875789 686564215
504613841 311217780
826847333 95480799
453958721 244535005
8538828 216749347
712791120 329189600
902632539 861490938
848967914 717127809
514365943 469844034
933819406 542769165
927436253 444595252
839608655 409357448
281858297 384218647
507412257 596578525
821876568 475431214
257871905 922523504
973431198 371302231
126390521 334717890
424671893 736421216
998192681 329938367
628570911 205476628
955780029 110100895
268101019 756764219
544583983 211388134
613384413 683076106
950264888 543597566
818373755 123397417
312169267 239747528
722861944 435647081
685816094 481411154
256066187 864236489
966591168 106571904
617582413 558153028
754079864 863760524
560144268 225525800
937427145 73463139
627515232 385468988
534597852 68641348
532267023 105882343
356249012 184884045
478403776 909206187
819406091 66579315
646786935 668593532
36934971 287280646
674896999 513951563
734780244 606285784
830474134 977892752
456781672 581525620
369559067 536320635
309722269 827772114
773711490 537312778
233879398 949580089
496505692 255483272
534494206 353831100
447237786 526550960
380309252 157175057
365621094 141373823
675019816 581791065
921861742 556578951
531956350 359543468
55754512 396877956
713730937 596536448
996446577 652637663
947981505 483602355
400218115 965078485
498757288 384361548
523828099 975148787
370314804 585680704
593696478 765894963
60848529 407603261
798525577 879848216
407790144 547351240
350360932 134622339
475282429 72666721
461006540 359564090
983451313 160109652
446924530 326880584
381498524 444112382
153720040 656252626
883702087 208879637
532423429 76070123
110151702 157181850
43634020 179143257
815006935 340113981
717225033 67879417
408574281 200092693
67089819 124315430
536943303 383573348
486511589 384477585
629573776 739605629
932774706 672017590
969709380 424771095
580171331 645336772
357134817 143283575
178418832 760137093
47618946 708753739
978725807 812042209
133771136 439941976
83429768 684859617
597500556 197296575
687702430 744133833
761391641 714946763
595978110 631557448
945610901 163480603
772131507 781841746
986721361 92172866
688066576 618470988
649469465 219148931
206971387 645441619
573560966 891568286
647756095 527996019
412233734 221345604
778937975 642302084
596000635 327501738
173074981 985986715
951858110 141088170
777963257 90850515
33564504 815279969
100730279 24467535
15009838 158703721
994968552 282210886
559345902 508047378
632724874 814717298
337320600 97138025
998093132 3354013
337606969 781886591
364653082 479917275
392192493 465939136
406242788 514121812
647517431 244451431
540961535 930341800
756261712 731124037
506731534 183853205
436826051 40874200
521592436 114581106
123404589 973663424
338962334 415767597
950828216 580021663
7216061 446951326
797761392 433888961
676456151 741622844
509076692 40986312
531269094 671249201
751418036 156798155
980380478 555488636
492261539 129503132
436300319 951949670
378668326 377693135
895093567 26756281
880636669 661166094
326136010 950956159
518550957 254196977
859209161 526303752
235119404 717367795
111175598 873289584
217938375 464783581
211621275 288255736
693308124 309709440
766077969 350388440
898973647 64958324
195014577 280358405
969456921 240152801
984357613 638153218
91329862 881948911
276702122 970315342
501409682 809758527
977005790 923400073
646125478 389541790
510565154 782858515
375625104 405208995
27897396 484659792
822426306 948945039
550494665 929105035
789661454 513176227
476358450 487078565
60743273 692664934
278375849 73657177
960307829 37615291
982847248 488613241
329496264 887710313
589638377 629955953
347444877 62086682
872309711 959300682
215202542 503472932
278502563 587552616
341277234 998678005
916575119 781957299
725638496 91044968
631374424 358555297
797595982 219441894
51651938 331735869
701432848 178135955
332554326 340797406
214227310 721532004
111160185 467118339
318693800 300311457
628818858 515990575
300857719 782296321
886325108 234990301
529905242 779021022
249312948 200489087
197689464 108298991
540269367 626507257
564319424 429588069
746560686 930523661
627826077 62308380
627775801 331113030
876966141 269037505
584329237 644075034
820373493 991180728
527043591 350950413
365196263 163295205
656735227 985291290
604326693 825633214
322144667 324717022
417434084 335495578
182828814 384441135
538820503 967661892
284083117 625501599
650786223 416631385
812540624 222703679
891348639 334402734
949918777 786474010
62332168 448679688
727522837 139537102
183815830 266258078
433039673 884333270
950117797 712371133
157919637 853765865
467633344 254732373
829255197 637139403
752807800 762936554
789516275 51379273
971177515 105975256
923385045 963013387
814882519 210553452
775082596 859986427
915698052 505362617
634966866 335844276
312700443 146180753
897351020 587161618
147954268 472090143
450519978 745302405
714863134 300903753
287486247 319293872
163706197 33565922
872992730 978202239
889618877 755192417
407535164 237073316
69279982 876890874
237507007 232165926
53258555 202408096
766501465 412053700
71659550 372966521
603644738 334663406
402558570 300144925
54620886 102551839
904596431 832770325
325111636 115092767
797314160 137027351
413844132 659547650
561070592 421151453
996497084 290076863
878473538 33869582
290993820 736792599
467290515 36299504
610838616 799994847
431254263 303591830
170182263 32838510
439181717 213017711
213053931 773631952
966393022 188020633
519437217 622767263
575444219 1012964
750151506 14763597
798429639 326058839
586347718 820096309
949112189 223757737
177893893 6187678
642173177 984855321
211429387 523104076
974721275 245477736
777174166 734409563
805427069 366454692
785027591 63338900
637462385 120106092
309839888 927081558
33514302 412774750
779611699 176706936
766032091 975713865
651926780 647179995
703143688 699051149
820734294 93736837
437314119 819758791
285005528 657816556
359110603 32882918
483965191 331751688
201808590 772902393
887312855 991993321
315171968 294987989
399991754 520699072
249312600 7942861
984613608 394343065
575458070 188548741
102803987 233278124
693086973 595007956
148897130 767286165
485963650 182166883
659493502 40313534
691286869 673390884
698952188 958829558
803120856 352182213
497558975 907566393
135596309 827738459
934827134 517820677
8076452 754698639
202632862 741570406
235690975 173280509
119758533 75778365
614841356 361908448
404479642 399175448
449187140 155999963
296109173 242372553
703200777 253596650
959059276 950153373
546515013 678393353
740508543 966191343
174115310 589481521
291333530 989214653
740649775 402995541
603289591 61067221
239148495 331319038
684553840 568237478
745239714 561003253
149869436 477103219
448604353 801132835
100899010 816197017
46591852 455626870
204333606 908709486
310602180 218833413
489873970 858321048
892392117 440421059
337900559 51809225
992041644 787007295
297460499 303788802
903318034 877785960
161600521 929063885
97230063 33005208
767954368 852353058
632190516 94682912
858869906 918456671
768639886 23566399
502124329 476993684
218648662 297945430
862045743 487480291
722739161 72855979
258393275 865619203
736550396 106827206
55196487 407829717
493045587 829788554
427708144 294997304
525381138 242771885
396572742 51335235
40033598 369659112
974946103 41622174
907436326 904100569
70733855 90141541
878462083 910359268
951459626 576919505
852900087 796821656
749421940 708970277
400854744 880604236
698227687 806243004
773617656 181820851
119792902 11783026
291628750 39856329
475423188 128164025
819831758 330379676
197802025 109193068
371813366 954208576
758485769 825825787
700650806 229051370
160741100 553850063
346201100 878227223
881179017 184491669
417233685 710957445
30192718 338979389
754087426 958889376
645967861 789229331
327960545 442746714
235397975 77066985
818026166 572177611
561725661 144643218
275254385 201711314
487761751 612340113
715711441 356218531
542877481 515699176
839109648 931796442
921326354 470436548
308957760 78756242
299051601 392210700
157211787 827524791
164646222 935205099
591360010 141271799
864119658 261550561
131510913 212744115
19456051 219279956
231254998 629100516
415740915 241314898
899710316 25830257
65103713 856886022
964490738 222465325
45399988 1039511
402743313 952902307
704186883 35291633
332933872 420727580
171201914 372674761
5056528 56991678
414968040 645167873
445359750 458261321
259705657 207490921
396380511 351056225
506229731 583441387
445959799 57258098
556872800 519434719
374659262 754304154
707689069 461693636
727046626 334806726
898418159 968052555
904310653 828090350
492697563 686524725
131118360 732295012
348396769 584941038
604076600 494240426
119918256 265760948
70499301 648068038
361532282 963564984
870282938 676666461
796648875 677754489
342586457 389212309
595647138 592424682
485287472 844273345
907033545 555883962
499385538 323851762
403423929 281177264
446022227 59661239
593659343 385044439
288367194 474499588
399613233 996968863
408059186 623334076
60340321 552902557
947716836 617220141
255701968 443056564
381542572 912170453
530564474 80267246
346680946 1544943
780578203 918588044
147219202 5692318
451566177 655170414
705047031 719102925
202697091 701263385
863449586 581370297
189114991 559620035
424650141 180163769
139740607 68149148
768365862 647708146
99705184 291568505
836839929 314468547
453814602 407985229
902186828 242304371
368261069 95462321
825874894 393965973
678457117 117764394
322526072 984420746
804409045 960592800
48587677 107947716
856756 46185819
144612521 438424481
506484371 963025059
950834100 532864175
939267021 946564948
624014511 709578344
952975115 945413494
143147056 893297262
84236738 618797946
359638526 97592083
511134078 310911171
16223911 872713955
148372157 695222097
556662587 786498507
687335469 792759156
961315858 413846907
200079964 227299220
45132101 805216199
258938452 313836927
369500330 128166065
600244734 853228641
650371086 969132676
643812669 198362389
95526081 537763502
934107978 224176128
320946588 658684437
595405606 277364674
552369118 990145430
577341053 601885662
302227656 470847377
330270378 798443741
13282463 9265958
19660762 309768692
405562214 356832378
147141137 717094241
329976510 68009647
703390033 292637280
4000695 779205853
535250822 691212208
239594330 523983659
606529211 533442614
211962437 563880150
390616671 10054399
591527450 363706273
467294926 164480984
496145190 159625642
507926174 34962873
185122283 193446675
867027373 24460698
358681235 850589840
721278141 889680612
879451285 268391858
864339263 37950942
622108338 445238391
710160552 755796112
165716951 830231926
780101314 657069347
411696457 594724807
850582203 550171277
913653616 836075265
929373031 108346169
788971570 433911117
428037261 548399672
188917660 865796121
944962712 704991287
628118412 627404046
273603493 485818832
547568940 18281090
217906530 483183655
970446072 365485591
40369531 174024125
739005887 472029210
481636492 143757286
584870010 820500010
478272414 804098896
322519761 547240939
816710114 47384633
230462723 223432565
314324597 512207508
865718328 328650306
699569731 25109659
701268049 188046036
409160831 846822975
5880996 793489837
130602493 177425441
764982534 832203806
54074135 91551437
119851711 616653783
457455516 525579471
233884756 176992459
415546778 801464616
935943573 755303820
844465571 707884972
254846801 671132980
230919808 94674317
915178817 669200553
620093501 150871365
922745085 107514627
763994110 365948276
343312530 840412757
123380567 359824722
726267878 941051176
873152459 187031550
214113572 60687160
719691157 617301824
543432323 80044641
510380667 357011124
253656576 543616472
848845090 256888748
121858318 553389753
632016419 792282888
748300228 515405373
515352168 483031918
971038533 370700741
141554299 503364677
882784520 794244811
230512357 139674716
605099206 932713331
525896209 876023320
941470867 865193434
231640569 587215014
478302535 774964835
947258592 399138053
719346440 939071048
451570974 50672325
18037826 413702445
427063754 130251692
433838316 311801328
141862032 831284065
466515629 741829749
333645176 235532055
742963940 665132676
699583051 533539704
594355941 91140299
189076815 584504031
291698983 9188954
613946166 957403470
890727056 482584483
640659328 53761371
852519023 987744935
843293756 842444132
653660386 930221098
653571250 328684427
246559292 547471220
263140330 552177446
986679969 123681447
555153814 880479062
978488434 143329223
721226563 88588077
527168173 957672952
264435406 279301603
718518267 480855194
537385619 895070164
294722869 221196014
587246403 893510066
929752532 686147166
424597722 609655919
634640557 31139024
687147827 167678266
726852949 952547648
891817482 13990982
180780434 610416908
671141927 76124696
55620005 569062764
677113497 726552564
700328391 596429438
507891027 710049677
747542132 116166902
391657095 695231980
741813665 427919529
805845389 514363525
764331810 107569003
283047956 447169693
380004727 528762124
317914080 610776886
632092608 178280455
812410058 934968596
77358333 148028154
210760133 419839827
668771 72025020
999657142 417384544
815647336 766993325
939110056 6206948
193633546 321202309
973449229 69101566
350215931 320874145
164618880 379774846
591491387 357463812
654243287 833468643
960582315 490710130
144914912 488972831
702310563 883288613
82622515 557396198
518110733 95872695
665312150 147193059
382484693 518574644
241949549 278540965
940437702 720337146
729495740 933224592
569210716 533408970
285381630 726235688
949505573 238695321
972276416 773582522
854395612 407439628
209939587 794139639
483346752 248022741
247956937 805010395
691191544 154719823
624627057 952292945
238088242 191705128
131274696 319428557
534618863 726589683
505815077 390206389
998388446 899479317
323017718 138437506
157711027 417361446
713168263 183307014
516115712 804585870
962060119 636984987
397958498 612456509
145922503 955541465
447795655 874812261
534332885 332635127
629540428 47842173
795304559 288149896
353074064 657836282
879336440 717121856
21365567 104754663
658590537 545055702
17086113 917069663
496377717 842069445
787349067 766498863
339332979 354161697
540457909 585294355
995124378 121020916
77212859 398663160
738751815 253846511
94888049 190462230
236253982 831243000
808224195 327980643
919857912 736347605
662096536 666612746
398695252 700368526
606423018 456507801
927155461 69951194
482557320 103642375
252412023 274987317
557799423 565327015
721737999 903968911
997119011 564293377
569379811 607953131
937251908 6849295
718813821 996439482
201602552 970021455
981727423 474799406
431195201 199472167
591835876 764843972
337787177 401160936
928146432 562500279
834290070 71094409
411650706 453526521
513807707 766593011
769434354 966116133
975194827 63144179
39576952 334028994
997510698 542997016
20500850 695724134
948370053 336146757
280449910 897181728
482428869 541366949
689539824 870212758
769614938 956836421
91755473 638405301
283145308 543228508
359382099 250725239
382200679 318194061
714426100 517881501
919318675 571561411
319573205 39013365
40903608 887462682
345006593 820901863
724666810 819225434
829032351 240702134
489086944 152873498
54720012 785499294
283797993 668455844
146862222 496891616
269116642 88093142
440331526 301909534
74327898 272480522
543609319 620249599
215520572 43917537
650990329 457870713
160354356 952259478
291990321 421140850
951769866 864303600
334899633 471557232
314406506 561409968
713492174 556862979
755126690 744613123
438752280 277418255
408797457 788304780
600239382 486194005
776906212 559804976
344616959 779635724
206455058 733166552
545038384 180561959
630784174 148579247
210919767 15968149
710908299 728331813
648417011 119704446
984927520 918831125
351970457 229951113
702562271 439929598
669925828 631609858
724260617 755243090
107790062 599252097
231746949 617515036
557001741 461077710
172135881 958352189
864838452 644296269
303738316 385455162
584707078 184347514
415237250 237902798
926036598 867946135
282085841 593675252
552832976 161436575
511554625 230612065
610863658 145380449
468877828 449460039
615154511 33995804
676593950 936840418
788179957 860135476
109306971 269600389
527112407 1753032
446197371 282422196
217185991 209251700
357190530 788869266
51343149 81717417
863438542 648759927
499303935 546959096
129782798 469276455
534987908 459952030
298487919 253521039
5883957 53671954
912627799 649097487
106998933 192539289
376531189 276086372
711322201 230219677
663132867 297406273
98183078 832249727
615618136 178065793
552183285 885800081
868765334 573293570
543191938 342648522
985314046 292855759
445963374 454602612
407910680 108833297
50113679 922093634
304042019 704431913
230072500 747067677
570768606 187519915
138884349 603338006
450465991 392538141
301902659 328487574
28761032 865154370
828383711 309527573
20838695 628058423
977355829 281867576
183997619 804695566
363645440 732243965
317006486 177633722
615925622 382754124
666426112 280638698
176082552 366232718
786848412 371262687
777676982 402771887
818167078 945492868
390828864 2602467
295973886 954112877
798867849 184595355
940905106 317607780
777968108 79324420
750095142 706587379
193255005 18202498
863247044 566670500
512157957 746419002
997334083 604898015
633526989 908600002
598509180 804526136
114219393 442303597
208436391 690420544
426467177 970462451
406382893 169277779
265155131 141563919
763942299 190687131
810949164 486349091
330333883 649806028
615888686 159893950
14129535 272024548
861267149 852569833
738937036 352888841
483957976 291646796
711524602 506357205
800891198 819639334
860750447 870787239
550763190 305910533
910690598 784731278
827123690 387025890
6040461 372562875
966206126 772008727
782308335 246725473
905979026 986253693
797092964 825210241
245760367 545676299
869469445 336147025
500497598 590074414
927458388 856849073
941561164 69868707
717882453 359438859
267218755 822726930
278889787 878062286
466030876 717215510
416189364 67684790
534713560 921505186
476846656 959742040
622225968 390069704
989519777 546514399
889342307 288414331
760625721 892436974
265378678 139960015
651858344 21097669
425794647 93823269
203063700 973841734
563903789 302774834
712603391 388125024
658214774 760295848
661474076 306551840
934543777 638858598
504328604 791680723
710469767 985375655
354457726 547405366
479842751 373810843
488274060 357989491
768633798 924293097
657690625 414326329
253976687 284386023
961994670 323052070
415846136 937584098
520398185 851753820
753174489 956503766
279979297 897370059
238039549 473828105
768739106 942643932
199620029 175939404
886368706 329648122
303645730 771363662
774761740 388637295
544419982 456110858
265698720 996401628
887069929 230252817
70409996 908052470
450539134 341354701
164368571 934492181
79525916 288555011
491717175 962193905
609549256 965796731
369346354 834061071
770089777 596828650
39979313 786811447
981239074 140855410
623516381 68345114
444841185 978530225
61637591 789558257
540724673 478209664
54605971 714833541
975931865 519791288
264768057 797600148
271834652 377097472
300697394 546911766
393994348 734007989
573643863 445502063
824511108 76526504
513682855 299744959
215553753 23707627
408687643 357349174
812968244 902196605
775747800 860052911
867015841 851946462
741011175 12239517
105841958 986562191
489621158 692123844
717117942 160915796
910186227 874068267
434219224 190316972
922758578 103354141
365352525 104877884
503802882 581658287
643309818 400861464
990907920 174636059
610570685 464107917
935192753 721601641
48643232 452536516
583080550 848152076
912435266 588193669
945664553 496734675
953462749 318330464
397473046 48136662
436029564 779005559
895070445 407093617
296502750 202663053
720259193 410545633
455967934 821409041
620428291 340035242
727939095 376858115
673505805 169346631
18759900 26620622
807924619 382090861
400365725 456244281
757123680 441866415
835970699 266255955
120280714 881220867
348805104 984312559
880683182 721942632
768597851 285015024
542809744 600067626
125322106 349645993
795826050 363572838
122443703 961659467
146958729 217513453
829185913 409296731
21291221 69368772
172418535 405015329
120168595 265641952
423748005 448539072
138611227 834952381
863268268 334131550
551215408 765630328
486017478 710074998
549494922 416757693
656280501 661125726
336661320 895275246
368287090 893154500
889220930 998165061
100974673 329101659
822253640 233939207
818981500 873172082
983640461 486820618
830347231 615656178
258051532 167208074
272934670 859531939
118244832 369147174
581839040 982689598
128380275 346764334
150897654 522624097
713058296 174979415
995545121 128691174
402656380 107268509
97475271 225163846
719592052 530021013
944226261 830004270
365887341 248795154
88438345 691041151
250916400 519574096
723370789 750655140
566172954 972048603
646874374 329040101
698538798 220523996
510408337 498763046
38397328 714095435
501731834 221272729
777866184 40776314
125905626 839870311
520368987 30722474
964980387 681934300
880092063 865508908
442828131 921469328
195992163 133244319
663818129 649984737
916833242 133463522
896298012 522156355
97356387 79752969
709634473 955624098
333979616 821136668
860879785 222251658
484584825 525604812
501054512 497598068
411121878 119724468
908286922 694709678
962669080 860261339
934564591 580707836
42473875 916944728
883786709 830135568
753876016 502995302
970513857 749773491
903193502 715283520
445558365 646477185
547485760 584916766
960986845 605358510
876219944 96494745
43083307 767690468
724796371 290400859
321544142 674275695
577504410 413348320
370993721 67338534
303469075 576509747
806412593 519381498
729493505 767175851
672237721 326977268
416677537 965564269
805542655 692983112
533898163 497436309
525338676 76047619
212393491 915856293
897205183 116265065
314804109 909948226
973367992 621233264
333150867 355086421
822040918 872387006
778864483 464449092
253970032 706385676
329566003 569407229
284499121 266420666
289711551 492256528
865685143 992263008
546600378 708768522
146285785 707211883
131897653 78022927
786487206 629560378
625280791 966023198
32616060 198899560
206561373 143461616
196875643 554426536
532461151 309431800
540417143 281219611
360114740 463810426
662931665 269912698
793083283 327072718
786730151 426803773
512341083 611206793
495196698 435484372
689654562 936634588
68896467 612990396
730913967 931302026
5049766 595599743
429142044 7385213
901340549 677666005
579614709 119844420
769722344 305036804
586295907 618235060
420832852 353715688
527128007 651088411
763931625 32156600
104485681 925380053
923897863 550760250
612279094 778912338
587181643 91937558
571614430 675212154
661374827 731655906
525881678 48572222
20372064 887014021
483426773 727170377
598226274 381923448
996150106 551848555
274059601 380879728
53416011 916174578
804670886 342356805
226491252 735353610
266551382 4809781
41093987 311472577
197888516 448293918
635352032 208191135
912101604 899043965
92468596 488252504
849216685 74773380
510431360 6999108
790907643 90592127
927816559 548386251
292198580 882174692
474135454 602932250
749108049 236780266
32899802 669709053
899657663 741380065
181443975 92368657
466952777 612834795
938222427 621042429
33858569 579555324
922320285 472772542
20705989 882817694
187278493 632848189
301423924 211286269
396859686 866928777
279352374 394718900
585435208 909136828
821590479 474680323
859928635 864545256
80686312 388683182
939576956 877434752
616727720 131240766
154667341 387878280
376057836 716206244
425577410 156010221
514269796 425612509
446894859 194212766
520026520 242548897
998036966 661896420
302778985 558660503
608946432 165047618
512271716 461592971
26793046 786475705
170488586 375255090
337135996 202892128
717723197 617724981
922374869 42561194
597207608 137576732
97739625 790327198
854173567 447576890
618374517 254764800
878519868 933970231
406271488 298160165
483463249 252467136
507701738 922040540
112158653 291045632
449866295 961234759
758057810 610272409
990697076 512114894
67835015 961867806
480152081 779871103
756838572 867418231
22207072 140627956
315538855 772376656
68550798 53332462
396139407 881995180
521805554 12031634
869303107 395844662
114344934 491080377
504646496 378877076
752981677 208699147
219340759 636528085
753340702 558254073
111108549 336170617
850628646 948754188
677693868 840298760
945534327 339138218
566389734 74271373
72624572 607921341
599484423 967284859
664414604 433069008
834458050 496638300
637032627 128762317
633838345 967495449
252779197 649611368
548899066 512659037
454267302 203352014
43708863 199608819
615514440 811064957
704400636 790438119
999752644 635446108
850071682 230255569
938983346 883689562
919529590 102756233
212493960 183636017
130456998 589744097
73312334 951365941
951367754 927617472
189318157 66555720
296939027 955417128
532658164 483529392
388715185 945851949
128272930 247531390
707964085 511665600
148408405 545697692
965134168 920477774
807471347 650432577
897461045 426793964
130644810 706098133
311826390 918678382
961372544 544497180
155764826 173296665
228291020 349589000
20438545 661309499
494452078 649579915
759291875 360620119
678087635 46789837
59531379 379808231
466074976 633075764
37157321 666869077
150756768 910908881
314339302 338550465
602759966 358092031
836403120 839272187
22951655 653111697
216392070 371764532
873413134 267700388
565704796 591912643
756872211 200527076
92285215 415684712
323675445 112097384
690803180 538112961
901030910 149878256
769503073 579376661
197266128 987484728
172148409 292764896
807437424 986256596
222239099 977614638
566583045 896085191
62436034 973196189
655293974 466697042
739178279 803642349
157743687 70099362
4434401 64772189
140711179 97994083
926789475 231308873
628813909 637176998
298280607 548370887
979950601 764083277
538589182 742074147
563987641 449441366
985569613 965192533
223247468 562934388
518500845 313315709
228395711 27239042
318209307 97014349
34636747 410845953
788975606 293353501
968794369 624831306
177252948 503755351
730011858 528208254
888365564 458057844
769977456 562293804
247040447 501124623
715954181 670283755
21929007 67538092
280649456 885568864
991560533 144871409
784852838 840818419
438125147 847270569
210898965 276184711
586770683 302101583
146854543 927765677
26621386 408289972
78619823 477483434
712328264 88590041
271299217 583377450
568662260 332430366
708945722 759845507
809622233 561600646
591047996 873040742
400320590 270440888
206384978 321109856
340735044 757626071
402654294 390471236
636671154 320942156
56197532 444611032
41950328 902000639
823051338 212779267
573594942 940057377
322601882 746472379
905518402 742601604
714280807 736662698
196041969 194144637
384844265 370248289
911647764 637996534
804486260 811026628
29529610 240967717
237306968 934848415
483611087 602033770
442844864 264629716
484190233 345889519
187478061 953337631
508837254 706651748
176582036 408568591
37634750 865442108
301675585 339306622
123017962 786954786
57860987 851222061
971389951 136381007
882136463 774897041
729580323 920235154
665632006 152544482
859453909 81420708
513261028 85509340
254968458 533999318
2517010 960930781
138078876 88327635
161318599 173168961
237616725 969044053
246832298 759615062
115131225 38369731
805015537 398468550
61973410 985548052
161232350 494814987
210870864 642409660
608732226 243445642
571598961 696605564
186145608 281744108
396370768 306535961
383786264 856402889
391573717 580765980
38455098 785297218
530419033 160203896
461692699 315597019
764453520 297356619
68830678 271842034
891454467 970678967
212051014 175825553
371738700 406677586
681692252 52026298
386122959 515339057
582936254 362635375
809263147 830867606
853069311 867427365
123707148 160659326
905294098 889688106
508036652 111604807
423778525 295065805
815889543 727854138
83079397 334162890
161714804 964334688
607005251 134104538
698590046 836151822
722090341 454246241
5203881 902116806
320558797 465127223
765747454 129940800
282520518 973094817
75468449 853412207
670393174 935299555
372306133 511570900
423968642 889134812
108601445 446554717
218023568 862067265
145757889 19018475
632143347 164369446
794548507 583990689
299046014 315493673
46950616 486551587
338281285 56582735
604866701 32653781
58018937 250080813
456800461 789678533
452116316 707395298
167829994 883818855
379230209 995583844
344428329 53176054
842076567 104943563
741378150 848956939
865594184 256073851
179100809 494753485
503928650 819902145
522973425 474770354
805569058 360280717
113757176 400755111
172347814 132742522
491618661 489609340
430590516 595067036
594938541 142325123
438307895 14439372
82950267 705551643
685795654 244585757
245731294 684672186
489781038 717519948
883121962 30235018
322046921 304339998
77227900 519372367
149816546 851893404
189935537 84499573
690711915 24274133
919563567 222925967
668587133 662614722
127860214 588238991
268783126 389286950
320480120 795305370
379790167 248194614
440012894 134611075
514976711 874609875
720388298 333815926
851282294 76263811
994431924 770761004
252086589 1915676
468597586 713984180
38529932 971495634
807438790 92436601
188430688 347491764
1487983 147705531
473815167 243748126
41670361 47303657
444068979 578375131
490608643 533218463
475219029 202673655
667764945 302457203
51539723 651016009
810129902 233396562
964011979 324436404
579712671 712319864
592412151 471200937
66730838 440031464
271512636 775760603
971430900 714700537
537264110 110399783
542906297 161000795
263183298 849518079
922696992 524913816
754734198 418245960
8969815 778113157
499269454 270341932
956860719 308748413
809042842 466936875
918396905 344146071
482475941 500365647
492976053 525622282
220044460 833917646
287720664 796827996
577061783 172521039
616231508 801748014
815181900 211119631
47075533 606840349
493920771 659508887
51506925 341053124
766360052 938150145
120524821 135724050
440027441 133041879
40723723 123499794
97439752 639261911
751435448 799969573
9354767 920252358
174406299 846586964
664986591 120362421
49688333 606979356
376623584 262382487
299731869 657425475
359503182 537363373
614588742 311261977
251011408 765032971
522608740 619323474
978427789 350947588
300138545 813789700
165480909 49834118
847638319 862920181
873567423 176076594
669988205 932358965
725425391 753981999
812653069 526193861
870867048 603589543
731721478 888333333
384278606 103035793
60565020 548093700
926364170 23773519
449905423 678186008
373893520 832239972
282406937 637803909
270106696 188175617
704161244 393356140
290262963 112400048
801852216 275444053
513294055 443740523
124242595 921714736
170734513 299339242
802727838 523657475
972519322 115076809
435110145 362012381
143030676 619674688
261098395 933542838
398472183 430708439
733342907 630722569
831013425 692020330
932039393 530751366
445211476 126015047
421828381 533916485
86439517 83641341
611546969 749064572
891303212 779178864
39118762 92934448
140942192 948824806
772448524 628445957
350910715 536709638
187900255 784780901
557085712 190382050
794794298 604330273
420499984 854973123
834112720 620249736
90592836 1993330
522694999 229507330
472019739 507638548
825040941 824689517
745831447 976830381
370440680 704737464
451530545 274738502
595553841 505491186
105591330 202806817
448418731 582500788
889078238 584521380
749040705 637246980
889824804 371214508
605630090 106934269
340525138 322314354
800750528 54732894
895042107 105819654
413039163 873649351
839074507 68345231
832178792 582864274
216795633 709084351
501890453 242450344
177180318 610827427
262912563 901328926
719820347 728036341
169022680 993673394
793293670 451966729
350308141 432047943
341188188 455201732
325756487 66120949
418500519 430477692
107492594 307978469
55042857 741480066
200481240 656541548
321433646 512795276
352829984 951479844
824142571 272317794
621905405 687990969
855306745 458518787
134360331 641727635
995708837 201719236
791274881 464846624
436753077 492696248
177935695 124486528
368789153 721278828
821106192 245810389
832642881 348615531
487624440 52571464
545093957 767360836
6340963 425572669
485090403 977254985
953985986 366455465
499212070 614424421
736594601 536178022
533049147 688874512
282498648 95179348
828846250 373441283
449424897 791398643
221796995 972544070
96648617 365450691
107327128 141723575
803556577 848556967
504060368 914035690
762095549 366385561
657537703 437039107
423002885 257454521
270037429 958701709
583621929 426279690
943353869 809750852
278415944 121558254
973369700 877777742
331744494 366461153
735683555 557938733
563905140 328931663
929834107 597553656
444842651 405786053
392925566 270054495
329892376 570501170
568632871 434772854
549505478 385857217
179815254 298124157
957601357 146391553
856143570 458782892
779308012 940625443
307095283 276809023
985158803 591550324
755219743 496655321
484536464 789627511
258125724 43218769
996398412 1920563
529233740 300119939
464083490 178440718
61204207 218999420
556714964 570415258
440879689 381731748
111192530 780802700
971057729 733232052
879553308 864814213
152975506 876613003
16975728 528765080
29845592 816127045
848902200 249889519
741476161 817239770
768937964 599587587
320974491 2887934
369632584 972374518
512371147 702607306
195562017 166851860
637875767 850665536
323101194 294431513
739617173 8486905
949881503 322141864
222246923 455878000
594371050 379834005
918456033 703985645
832931391 546204760
463033716 311086002
914170159 795913126
283657254 6791288
176435108 732020624
321712355 56030328
225084748 81936781
619118935 55896590
605943720 4043038
162939407 329364327
909116044 634973445
588351827 20950512
304381308 512062939
156028676 125897762
132578551 1520618
873306633 123119140
730237817 851266398
727312538 46303237
277205456 675681769
18361808 736223352
893207212 666929128
992046590 519247978
362397992 22260820
688909642 161851248
143718688 864501687
132564516 726370632
681903562 17081606
84441081 732848462
786569801 101884167
86337467 410976829
412846579 821297421
499024576 36284533
449659966 719179746
401998523 103901121
404733094 985998501
93591961 455602271
982077677 328879721
171987438 846058523
719278074 166518052
774856749 477657307
638591843 901221754
728028158 702296186
746385397 606888145
370975544 852436607
644311432 239980415
709616013 693891488
331365431 811114151
215647154 883769974
161603550 808856133
541315328 346836757
813188280 946687758
433104964 33807365
146503064 767808182
655778259 425747355
603736251 813991182
384266583 519541609
884791713 698419092
707881908 172042903
443687072 41197526
405727903 9501223
362161021 28700709
205595851 603271864
587773363 100921033
626343424 342620535
234260481 826741438
462514043 857921772
465537651 258335513
926075170 816577663
51151120 950070340
886849024 119506559
739349131 309342433
573912220 213843224
32662584 807838865
607847579 262964656
803915709 782961920
62321775 757221954
844840183 984103947
334483934 77996424
204403607 898183814
938777026 459295786
128205450 167974379
926407585 941369484
788193654 871112547
397221552 916358283
871668193 325541772
103233034 429468714
684020691 345556454
106114705 706518752
542677266 645981309
41900717 859152272
714148724 638562042
475526698 758059324
683675394 486902764
880980989 261076215
977985951 735023760
673964019 917385022
128624088 608955408
414328115 134821050
425941885 753656894
749718428 408636262
124238024 404449237
672361418 492373819
664782504 366124534
3222775 23238129
926444769 200484150
501468962 651049271
183007429 534521598
309927748 568843831
965636729 29984181
535525115 923398918
431083464 698687323
202558237 304352826
509815951 719160025
715484315 224358711
813629520 763297081
620195985 132455501
652730598 839886554
298602458 729401389
243546530 757125220
734651424 727015433
865828492 809439738
770598348 425667958
714237600 334654446
891887962 338786247
140673354 236120707
343319560 59989808
497482144 426336667
151837399 435942064
906765846 889185636
54853732 459001348
588029657 200812723
928238534 15135026
422353880 639419340
142601790 512852082
71228227 665913427
45422445 990387641
880294857 486431075
761346113 474190239
580981104 138398629
834126632 594423879
887422674 987863554
563843780 647094950
844374724 640378742
706221342 393237868
989738170 647059140
337990319 22006426
99856100 574951039
382904414 816360204
271164304 21151066
676989869 314901521
780260895 148396473
943216328 685862069
433843039 550069805
505066695 566254858
43547511 608719855
985154123 825675044
393480253 655006656
186323728 18070292
754049670 764017157
179600313 730691521
944922865 500746463
374568403 41882470
777713086 249343392
252381986 884230841
148877323 837000951
251541285 222881338
389721860 734130584
997161947 632620458
24416587 224747295
353147426 193890075
48127745 952000558
741884113 942097424
153020505 663552083
346286360 832012494
494734848 753566187
466180804 510409552
269956568 59157419
571105265 79567170
240567801 759731346
550837563 926137432
60071802 69895340
477831926 279370739
984743625 689608594
647200323 641349982
80763718 390507215
60566108 841447011
297937388 610074573
349154922 596743168
691266629 66776454
171915281 167110974
149382967 537781759
140187760 115191639
433960163 659121769
956338224 40101159
770087418 962104985
712753591 35319786
365968433 830181791
921189338 311820661
570103771 576427404
438728549 127825669
250633846 346461361
747958928 142758920
861207078 568163892
22557741 512205189
608460259 147755074
337227222 41252536
665761957 822357016
26926578 588990591
822716687 952607536
431778723 288750945
902524455 463111195
935029935 918587841
479605328 185451985
898847007 999130952
886962514 466110618
338396637 964509164
385454339 571635171
581339236 680428298
471732234 54494768
421188206 443210035
370953892 945567120
992916201 321997712
790244134 504359772
268880036 378031986
797376445 163226373
598199212 490049049
323683424 430185901
818409142 157211804
788289432 306972624
425832540 859417595
123632691 793610061
328931068 932649026
196361472 89389374
307992035 532747391
812411579 792326438
775015995 153022641
903713369 177604922
720601743 841696580
147321066 27498730
792790902 601038613
397818990 137307781
948682304 522654719
248985396 978068981
724562308 5080475
517036407 495628230
212471068 297876314
168535212 841536209
886122246 760850541
729297735 519311373
718060289 87826579
316403293 188463230
765159616 340240578
224382278 731412850
965811134 104542606
989063320 361675968
352844193 189321862
276810062 462003054
387302920 428493254
773839502 31609416
422272498 415264727
26999676 441091666
66634334 483872050
247716149 936112635
215033915 986614943
565891341 912807487
644055844 369496106
385242040 56501909
693827995 517600695
850785642 439190607
809508528 526300617
130953857 342525823
600698499 242872054
979989092 232732903
428933651 618848068
289774820 267444268
592855860 857356143
366380218 430638931
271833113 383826717
317211919 909013941
234968559 715777990
967925214 496335478
929409242 905592733
634707895 726824965
97702597 888505515
870217230 815842160
158916432 938537125
964578300 932674427
972927418 39330190
680476220 911636019
504979320 39453986
602519410 5666787
211776561 566561001
526753375 804439977
675973300 287644258
984304952 827382415
188015749 128793438
871776209 837034106
136870209 223336092
978260866 384818659
24811545 965702171
215020470 356008793
277798054 487922791
531491005 471043408
215482947 45167607
635029760 750339285
162053930 823139398
459974107 886234908
726608272 614860505
899934866 551086269
315364540 814310286
848013516 430665649
772274541 830642540
323511703 22520168
944705101 975319502
456940594 516466236
953400802 70401185
934104185 893106972
590909032 735035954
705722105 942842417
85662772 820004760
878442456 386320985
323343738 239586895
899345397 332039034
447905971 792813003
594466750 868914887
886460252 937506409
55313779 417353099
701309705 801876104
152048642 349933105
419296758 325703346
830849231 402188858
620173977 773810086
513180645 846195825
654262182 115040022
231915959 263559280
378176746 646005966
930062755 581246883
666745754 612292748
245642752 129275483
335823202 592481134
459808011 274140193
233196146 21801335
200383385 830209052
370673701 392354333
697286696 898822671
324924379 606571071
854595817 47636864
327060941 391246658
711557143 675472153
982791893 900951659
253897894 354103682
563135081 184907513
46313527 288273371
678986396 50646071
887048570 91155936
260006515 465654767
410259417 680561863
75548720 427128162
228960410 424160658
764563690 536965502
614482060 201060066
531424497 393295144
712453091 876595173
522811598 906618329
78176586 74332714
532381812 59395741
273639176 899751320
444011990 857284238
643599027 432916060
424102743 323159531
548777140 760499780
481299549 336149498
346877760 759310565
200311291 392834901
73357513 954362232
883396255 646411133
982157953 713371610
654372811 73418996
820607187 45701364
610106359 658491270
49037610 913762078
835244435 608932315
817157025 67314062
762027338 202908138
728905600 233683722
131071425 935113551
920145151 527053476
226227057 645016312
471219972 230157455
563279997 166316334
24401170 424431246
756320277 519319719
528222806 982748160
351834906 238158324
802700823 356597717
120739995 112512539
892873669 286339927
907932281 853143346
464908375 300613548
977874747 476402649
514749921 352437156
626283843 498349840
6027410 444516658
676411972 223298243
462702913 784610872
653608149 199344170
63721661 181562714
291514377 447328438
800369591 387049026
862753586 139950909
797214951 142225536
671378161 443322526
333598355 828662252
372111415 266316926
35565149 259459954
630534079 440631010
88930886 926148107
574821828 816586223
347107816 162981104
426045094 86046514
472630911 904182864
340791203 529069844
709117345 567471878
763680748 857277477
508170719 753351606
440036687 708091424
945062633 589871915
763018762 863235697
513556698 139711139
510969988 501701114
875010774 882768759
956907852 946023099
458298776 710513954
252557727 480903486
929221688 34317540
697266360 68843024
300859630 164567203
427366057 526717892
610715575 374848063
522722227 969793015
910390560 928963092
417380014 941829080
660028954 661679969
438504907 451550391
809097680 601056329
916054337 61061729
325836857 792892589
596811709 630979245
311106802 398437305
812687601 309070990
629313514 551699737
51828836 31258353
708172546 391832819
257930926 414874249
434551667 553633995
967354301 763659921
449533328 520808809
698896428 693866986
663214544 981864630
609585971 249642467
953093243 510172217
133154388 882377082
464385003 566008023
989421062 107434472
396791657 866296602
884498821 688534854
89459667 703320894
574985452 80090393
589732834 297021385
339804568 491684256
777464186 292773721
176928192 732165552
129466665 564144296
839577534 295669481
815896518 22520051
248597092 208951260
737156511 908360320
694216274 86989621
829297106 619862090
331986764 486543719
812432417 378553265
289115118 286760415
950597244 584741188
148137155 209239746
319637647 538057666
107186436 575836005
424667230 982444865
550511473 928826928
780165537 881861878
942960696 478833739
33054254 294080363
486639409 559963652
655833803 760726995
320281222 32526774
785768363 647698142
758514205 478559801
637161298 769379567
420709160 210104660
838709175 884391355
740862945 220699183
815938919 695772105
135791862 465817124
819575232 277995581
40365172 270792175
664875000 661721368
274484182 417734749
486019767 33687077
191886905 927745529
74980653 331675586
797670694 793869269
208167575 808852496
485626202 321168004
111521732 839402705
304538038 741311659
21832234 634575115
753291900 533189263
559941825 485170664
554498309 615923757
53538489 149895
447960283 320850098
636963222 875433882
520626578 585436294
547700788 691233369
951481654 762821837
73766909 367828929
39890161 47704767
124908024 340912966
241344536 251307300
311031957 736020265
195350724 784409023
401839905 115238586
598671912 382563764
863341760 207118029
159526607 802524300
92500160 473926787
293713561 693857176
210862556 647378061
66656772 952251335
778430952 261238874
635443691 388885603
829816697 354008463
891172910 370480618
775301969 339895485
891627571 67473309
959899389 633497227
867246546 263691175
420949385 739238285
843758557 574660809
521977001 220891974
598547583 640878750
571004565 807506087
486583377 722646086
970414527 470597507
966346875 761883799
2659893 437984906
722704610 681234657
658308244 355534408
548174629 186640099
286319298 495852323
627417590 172555015
67547057 850957657
477921642 770659810
197941009 613119336
228834390 595150834
547043156 273697570
38644699 312860520
468873512 370448425
126172408 583120119
868425464 739104051
840687072 179669695
332552600 324464871
745116893 16528401
333338233 440909487
219215298 339480597
272324197 436223376
607091062 950346633
449610286 945412536
395432306 545261961
120680417 887795929
857086535 37526148
571562012 578876303
452609998 609022203
367252032 327888509
360816307 782386052
752128069 156480762
22220991 797892777
120581623 832840084
896427235 855672065
75899799 408344694
625557029 429970308
370387982 319562762
166760611 161660131
787500476 797478396
378058812 619263919
174496892 951949225
383840608 261323011
966294966 36684924
262107321 531623359
308301310 168062684
15719099 909456429
400743512 648525736
648657124 56277978
938057736 300710119
371343545 867594440
255346193 370598789
656951317 717106587
138298991 629930157
353562726 286391241
327687290 77226992
959898344 645175844
246877482 836124868
855057538 605033329
920479901 134210101
818392718 194648883
278512495 488078671
443635115 695571403
863552734 959127907
744846605 857385310
981763818 242592229
207904771 343107015
303923267 708013122
641715103 230289682
601731471 382241257
250690765 450751154
116869451 173866010
716832860 970737266
862754560 239148064
725411859 364439389
987768009 122243088
579883644 347773149
273678851 158725178
157210778 995167480
93902456 102917385
429953752 845773279
989674484 27137631
749980901 349239945
104149508 670037478
155127390 369780838
625568879 324000197
572482978 964957516
265649604 191597523
421595013 845689728
940966800 171824293
880086715 952896076
584425390 37022836
321106979 809211346
126006331 972359741
534533103 815376092
36215441 793805569
128635622 672229076
816789532 457225136
421270997 451029578
514843128 135464494
364815534 325625518
346498950 23352948
767176993 50850891
250959221 888221798
287158297 981953796
191022219 994135998
357825400 971024493
775161863 635977049
888973946 614469763
503706116 486030949
838845794 893353445
965876376 793835289
440519098 48454094
340139313 911450258
185629535 133322885
977473772 76479520
679068062 481836703
592557690 889968785
617224170 96998585
991095386 252725955
774412848 274465891
386237789 946820399
320298720 271790106
831327528 538960066
931080929 452643472
18831761 496262011
645592124 954457447
948328927 367502215
824289421 603438550
750710754 796609188
502586137 802777392
146071121 853962044
301356955 512852341
971831206 947037824
556088698 14003076
442974396 107923919
499861838 496272048
377136067 602923693
102137578 868999420
359664149 668475166
942078378 774602522
673407215 884982764
138732649 943819242
612050313 144558128
9742395 769267333
88336586 798411840
144359045 720283042
957184838 950764338
432279667 665623712
802822819 280675564
169926949 791562058
191988828 206487496
626940557 862392442
380758268 707306048
984969762 355579793
306336503 521517942
940256429 253763909
54195346 317462580
996851658 861242271
270196693 250888417
92235476 831319381
246307256 40867249
197584294 824746978
297244581 799765059
132969253 892962753
77674359 402567233
609442973 346165671
425073659 813098515
332743475 269614464
947449383 932503155
70287377 138677041
351838751 309628727
204765108 386162503
928402375 378429760
766331884 281966867
807734672 912142789
712856731 820650041
528222089 895378259
161549962 766126101
682033850 982957122
922908557 140236855
295366238 727884263
580305447 324810335
566416138 276918115
392738691 405091221
35367060 264031230
167425633 205305727
164109524 987750812
215692338 571560940
469056861 425102784
787342328 419170996
948811133 870784640
857859584 66411551
375395007 396462410
758468640 357156814
800091439 426679308
375648169 122631717
922089467 139673401
843345999 856256459
822385467 689760165
104917519 311731658
527050423 30384688
133492485 962355157
644843775 654065253
798840313 51714761
924252387 139223488
270570811 649279486
451824375 357918500
962689166 3480769
170584973 533615552
967304680 23853072
711886820 637292663
142931290 713304735
626837795 690511282
365781604 34561837
530480550 910333371
710436110 862363612
719295219 896722290
214335020 67773155
924556071 613608326
434868764 128295552
308175690 388726952
958353166 713830978
177932181 351798528
439105615 886632119
263829620 169492358
573192019 876411485
996906148 378463110
522083915 675548048
428331948 5091315
550407846 317206619
224161832 318359544
308636268 509926813
595787559 235361803
790848135 19922196
674821004 204842085
94686995 148451366
535938705 755223230
403852779 707724829
94175840 541739413
351703330 435520508
601047870 632810148
942990604 935987249
960675605 262283866
23545586 191371400
776213970 711324488
204491925 420913390
657549802 193320877
554991468 113049229
826153118 738587772
462744872 23078893
327350755 792596710
191796612 937294628
378600444 480305667
305124403 460430028
806238476 116044294
424485685 521909028
497661797 851139105
440363254 60669680
39982301 131575646
537681555 28140607
390621731 753144289
755391587 487251917
889972981 530089730
441067673 291825575
685609348 305503630
421400819 910491210
271988228 491244607
430577568 659359130
335364124 681676011
783992253 615357002
753870995 451131237
898138269 787819644
8929915 550003081
69890583 148607707
187525023 657459238
626344022 579596385
87403982 400850735
41139868 514519617
179685142 837540243
95769187 76552659
328815509 218343661
438367776 730027679
248830425 876720232
127922129 430000369
435030479 233626150
753978898 290475450
130327790 398684568
21214588 335984246
778864457 589214237
817992733 540110033
296047987 463928867
127139734 167310697
634184240 44054878
159803810 828464008
909564990 395629048
598055130 288524609
927388712 728493461
76923543 990677990
730290688 716065096
961473389 120898574
581605464 993211510
477543555 581194244
565284610 216213284
311040226 995591814
8649455 356013695
439334407 781396225
147616025 966136492
836432219 736355569
72039382 781588617
478143793 4902292
187819444 117639389
274548030 518361758
189943307 219699797
798457645 837927076
678878288 788492564
532639880 73952365
846769341 145076684
564672461 70079545
657499950 686414320
744938554 529899883
641480628 461727776
230754341 458333994
157777685 249518062
127859263 561071025
627484809 63406796
47364449 501161001
440994355 93731492
812202381 341033284
862215991 225023991
419616635 32256870
154460981 433832341
905449671 314506904
261096837 431848316
535281186 711333048
147477990 643115956
672297535 211653952
563799777 646843193
530722235 762862506
979637787 70083249
747912741 390007539
462977409 910671022
477572822 539418124
420476222 168707645
987472483 457800000
364361853 734578001
696638749 355979011
666011864 177677818
459548158 632653866
748340033 999711474
922951336 962097313
75848791 476515261
359660579 779238542
753550049 807436764
260962521 72371284
903708623 423221993
273396733 526914585
5990195 50636147
398862619 898919095
78952997 215935064
901480780 851571976
729706785 350984770
900777914 64953654
203865437 163064784
135698244 899778764
948969441 25947752
926936930 883850597
229725408 691822076
230274834 397007618
676104658 54848781
17822943 154868671
828061818 487463017
237011550 671086883
493839357 605083636
581748998 326217814
231222835 131856453
537533175 357504757
806931519 169310102
840027368 162623388
991038084 598606535
300493284 882072133
695992719 326141674
406547912 288602144
648029258 913496039
661780405 439803793
729058806 465562248
669910274 259318882
637455277 731328536
171822415 492334229
176689624 190941332
702301922 66793749
994127873 445283596
99954540 98577376
831628472 938101079
785328540 178996782
338687778 919738852
536312152 72570040
900573656 342001677
895660842 68382271
523305864 463726680
703882324 637721164
701419750 14373414
842976214 100106777
886970181 408550234
458748529 268216467
729841956 419723520
115649003 963699765
990273627 246019618
272569187 608848744
454758413 209132451
117500485 869850956
555691049 491813239
415731139 326377954
192728514 862699078
944621209 27054389
467799384 536674311
264846701 359994259
492333776 46162146
171797322 908303054
522281231 487575508
11901336 940414484
999690126 147879010
297013851 838227610
70136499 634822437
322665116 584692245
805709056 794073609
16491629 232104376
987351138 268867614
926866057 32883371
273937309 258185688
755728803 415479105
409655218 795035731
28063112 44953173
473275934 959395171
757775234 91300791
820363535 646611398
215651342 401999354
68968517 226386492
339914290 163426030
565422711 466325480
232366834 622077151
227656329 123457860
259350253 307116924
420507554 346167840
31999393 726580455
512030482 86564664
423844613 475358954
790654663 924234219
561421979 213534960
478601915 552758577
346736365 871355250
907769173 488450968
713080336 549297974
185460243 666634577
944312372 74991566
418690141 967856427
317274005 544494681
507119793 531631933
99367112 75794853
636537874 341920102
784405129 617151817
50029516 421517335
774398724 435132381
610316387 248651313
947285994 750100793
73367277 877375633
435567499 261641959
712105380 741023114
755954117 524372429
189470239 40587158
265103291 127649972
759205584 242515210
28520644 753123609
652630054 124713530
162866954 953190888
520107355 81771165
741353088 968287353
829881762 472215972
341786564 467645479
183822542 679839542
111823262 168456131
876965356 574052155
682765982 909090786
111150525 261077030
244963343 554246388
737638991 16270825
980619663 401078529
928404438 28722685
403575966 827704922
768375059 876026926
680184368 351370250
795632576 281041276
257611252 624043340
35020272 747767068
841015853 147431169
338288957 449013221
905792408 187406057
577553433 719790587
91845396 445468798
321725676 956198600
352259007 370798560
842911356 16687043
456192174 737620893
11670528 418501718
414280616 517036348
548808298 858826233
410979038 972408364
240369866 864860247
605729368 18769858
126147841 724853509
213333751 330415366
614892581 342301592
329141121 999917472
916151480 594094693
435114480 975841305
355055082 745725921
495964916 607972706
92293176 859225186
84132720 48455928
950679420 872604427
583690940 343710684
830000082 673861539
879148485 366766518
41715349 339314938
378446701 364485560
638659074 813673086
10982060 393011854
867812578 857723003
169490295 106919967
542254919 523286483
161604389 464097978
730023666 747448552
769730093 846630258
458143145 352214434
287514633 23411262
222028041 326507800
257157436 733206361
635452559 768970654
615692090 319106072
786227273 862315844
588180953 856826911
350030367 798606062
380244837 832107530
982899743 597249851
168631594 852464566
417027550 376971094
794030887 873040989
990216517 578176773
772859513 606741587
835804460 687100246
628545030 313604385
808533568 292786796
151223934 699214706
961596239 384574609
605249345 441997062
45343218 796054471
364494236 208907181
909435476 599948516
808565101 997107891
611722641 861346794
305194231 114420298
429293208 972063056
219466153 355225794
83712062 884221331
525446212 848898513
689218874 935428432
475226600 999471699
775191763 661424392
594578992 558347874
473605780 276502309
374092795 734528879
485328422 55254392
106216737 395150572
412377584 166619394
559810293 799822534
24723889 402196498
580489231 188936481
241606217 736790562
964943595 795136055
771398482 920090246
628351558 977491805
179728643 401436541
530300229 365931288
916022144 452861535
847326151 187320836
63396331 62913624
825922090 575165046
161381508 879077842
655657282 530560474
664544100 444485800
733111830 64208070
648686956 123585763
762766181 485004321
776210766 195458140
100079398 173303204
877171911 104645068
485008793 816815686
65932605 190515743
251076636 713118569
489628238 781472395
855099443 826278660
798806413 877873592
74602043 824568143
93456781 757276949
666705601 776683524
398816899 495292097
215801333 466082520
342783876 844668828
183505827 813103671
378648882 39813339
859629182 973572938
926052221 218100656
645888158 612172083
764483481 183559035
240276407 715915756
915962437 34098141
744403487 623477772
717368843 601611926
637831983 117330113
683319333 145761009
92856228 240425362
280225299 857107613
259808819 341374213
7912591 908452776
292369932 894643300
345501206 962975049
773511524 631812473
536481959 641106781
821681489 27732194
978725731 553356318
443542517 320914525
906743168 872151892
132918744 439310161
968769579 132327100
136728415 194635442
807686025 760222677
870055991 346984617
587631402 997911395
775517706 801497811
931826312 219515519
910032862 686703043
335601805 51302505
204862733 668216710
410867995 681197821
124936776 269623044
698734800 598282943
923602392 418731745
106824454 849787832
693297374 672837950
510634207 386132547
688572677 974324753
794001390 127328732
28373622 607239479
808023674 818977977
868634704 802687863
888023494 235176437
961048739 163501680
616553989 80407392
544064544 311431717
400117550 810168420
720249555 268784100
200402467 637777709
678856986 312361618
119860950 809987585
255141278 990038823
995682217 977172264
98360624 814934783
813151183 733304332
65079308 324612813
79559692 702032376
631771916 310078101
866154753 602356105
590917602 96790702
796229902 30509205
569986420 283216969
689934605 139694758
429427002 581566162
891790750 343334118
234776324 376445550
171962149 806841880
970804473 103516757
775257709 574112422
722170171 289438745
11934900 899292062
912225821 513178115
79947770 435837865
93636378 667901511
571710341 765940703
522430027 215470100
865672304 455490482
680033725 579019306
751939008 514058286
533286177 64635043
717856455 397921219
485442738 561454204
430905923 613509705
67157220 897813178
430761797 587518116
853885662 584530773
702455665 359426067
871490306 254864987
550670147 771488511
935691094 301472624
367683064 190952102
723167426 272979071
78344869 853186943
275008423 315805438
156137225 288450797
611616617 203638803
973966228 676034895
226502536 973291117
944627987 238526681
904284504 804397233
573881384 351113355
324757304 790403019
748153071 197558612
565586503 105290230
755717751 769144373
984087315 544682644
864300859 220267015
562334369 482210249
107244886 296497394
405152930 902285083
44165257 473989712
444018696 451415346
228401134 404113484
300971803 931760820
519423166 140832826
327518577 391423726
133188050 993196480
599230175 332760666
543471122 953542357
66641114 118188132
112125319 428872605
789602797 160578794
416388531 778616122
349181227 297629139
456324952 560993496
748529154 251511160
539729284 27213807
771901714 198839976
737503060 796119633
378953940 768113826
438445147 417154316
439188044 866381585
513306565 514356845
3985003 605309586
800602455 293317134
439645890 329841140
239186468 862305356
489156723 394551131
532072623 660688998
84982620 97037605
421567924 458695685
240001148 872783322
772630459 490393116
389727445 439982311
585038082 892754105
512506042 894968601
888696328 591962635
649898507 116183315
961899459 40647130
265148943 54692147
411656871 749097683
868687666 425018788
682072754 126756539
237637931 414813475
964376236 950523041
453896223 871088451
590031865 51332375
742950388 229203714
421081818 362745466
782073352 218443100
602946897 659685795
252557762 315799944
245351390 191292934
990787985 733454222
140595532 925422596
374603812 737772090
420234532 258637642
89882494 768476634
525708116 158514927
647507063 415178038
118335842 191302903
458591870 142281196
949984587 225998262
298946503 736043766
997896931 250060240
141379027 419492727
811968477 797804804
961313792 895373182
565987374 620472648
681550776 216126337
781199933 881414313
260624119 282293722
980379411 138564717
788893547 281881970
346063794 155924890
588811747 145806966
553249008 424430218
415748110 560775928
825320940 944103484
87396673 791671595
923554116 891776486
51008363 575449278
504681683 669104127
557159061 231023544
780616115 294895975
325056111 620820707
989280404 24700180
435720862 516291660
116002050 533805825
964887156 389644247
905113502 723549288
566038329 712981956
936672921 65036269
983475155 529338653
177383281 41189806
369226325 772651531
903840912 101473442
946042359 309064466
63081899 488486689
674960000 889226549
841240682 336869181
497103933 115876819
940464806 1036062
43933077 986756175
806409524 992509937
308917868 6796932
320152160 506572229
542701252 100018528
753857082 319406109
354229345 233117464
422706453 773560172
786429465 256460749
327396742 781452877
350855679 994110935
896051362 466655186
153690920 168109586
948904210 422339714
127481434 430305132
714746022 282049539
20705789 565308782
834665849 160099747
77740621 732564118
519419430 789511933
35438307 513473496
621646603 691158496
928268293 742249298
129050186 93049469
342525152 663545700
400967810 421238640
395425225 552372512
273302173 878706291
187925325 406335670
52175372 674011192
60631752 610741514
39287281 413366129
360455154 265811133
594641805 649943432
763630950 457971461
400717666 132141799
929865241 605870481
599572938 394108451
94832549 658254156
170468170 600289573
19819496 597500829
984160685 77354609
343355238 458809550
51521764 236166495
660485521 507970259
415517503 287892808
7993191 376588715
769643593 14023948
635205784 990652735
537092328 537611937
218515819 362518404
89945965 609482926
648413211 144568673
156590686 801373759
537289084 843784131
130528850 538492537
71360323 876031184
9583210 37025517
601796536 472019108
891209910 232047329
81532037 537470568
238065753 75350660
305134106 972585271
831639617 100831698
37077535 538320637
555208930 201010688
543223317 342119466
807954792 570046846
502983255 149832800
196658057 971052342
73213163 217115210
444498014 935737177
154569079 865279984
659413684 265123873
225321526 518207581
245883644 141930496
947402631 226215160
998604565 440600915
809116331 761680590
500049394 912509728
190924538 822892290
684000723 210258803
970744036 254210588
983512317 236748507
799520845 539565550
153494032 108251885
132373804 479406890
735840594 655717083
389224838 725606621
885796545 991443231
585338735 160720292
176616116 565604809
779027899 90485217
130354026 922947504
851699224 596572005
979529845 241167235
932494930 263797687
480188192 591662227
858248807 479345702
598561947 873002472
37756437 690403247
859250122 649433586
520176070 310662946
375456614 147321259
491838686 880450841
164178620 458257637
243773762 960125325
705823936 656951856
850332175 498607605
385856988 655205374
544830738 140327649
963945278 449658964
973126062 688637044
503435845 148665867
896853536 927732757
687210637 183944139
49694483 190955668
828972237 393243723
780195782 98381018
682711586 722130789
867430255 895477344
33466892 304484326
226774595 195824501
116229539 633953086
685080116 562574086
959486847 435151143
374336532 644363854
831409783 410648128
12041216 814611336
214312096 701886129
331774014 961927320
291767687 289345702
960482743 231799267
747539932 723581905
381265518 353959339
524536930 980620653
642632497 849515621
479723973 387864614
897080362 971355975
990627275 407257514
691091394 123698206
819219595 600267611
601600575 862342931
182963692 812597510
369233587 80142560
864789184 562848235
946553725 70686404
637441636 862697928
662257196 855385316
490030890 561125952
842293710 653814357
373323802 34511076
374346803 150211374
363860503 732128406
159284978 277049122
700797820 422445392
586236370 289733957
197673693 628316238
98864407 480129338
688367361 587258857
913152084 923361978
192149340 515266591
244970896 937305203
170568524 871668617
302649334 640201759
642460400 941707836
605496468 556730938
982847734 13272412
394537238 588523945
775442456 424261576
801215080 816006384
717545208 425668559
186187361 305427518
675311894 941781680
906241522 45077638
38541099 655741985
22216278 683826437
555481249 811061013
932095968 353529228
702808641 602060149
467418214 16306434
914751627 571728139
310978678 330849733
519153148 37461634
401168088 70060082
904059615 431670333
911019470 248501333
855791870 523898733
352990888 719282694
267604055 812133131
91979274 42759412
484521198 708140984
809436124 26477745
835336918 90929502
375622051 464204412
975227673 304719339
372333403 92997250
480476086 733276652
844872158 893729777
833635915 307696683
929489652 403391017
542770932 12888415
121494080 373838140
114446164 31266219
196822579 351033386
878223846 872248150
57205431 147611342
85581760 403973719
455039805 336874515
450862684 784419558
888402261 3654784
709631162 136366727
802621064 479894200
371148503 962683510
460101913 706843835
161779072 69909159
141090486 814741542
848473195 310601999
202113449 773964741
716774984 172765657
407918206 806494020
567677663 332287522
879323671 919291398
306702593 388771395
304488250 722389581
415429043 112582903
171435269 259461640
853323353 546043460
184585361 42767691
72566333 639763026
290254196 488725490
665002355 598404428
184849833 450224955
937864115 74120279
336379294 448586606
752040854 483031410
343448655 147705373
693304034 680858827
207671538 909897328
466115373 731027271
121730934 687789623
811589959 375461328
950679149 282766158
523357097 646902895
434288474 931918231
690995367 279242456
136696025 330807273
292528416 109014807
774633845 631310447
742987399 132124717
713571702 760654675
933349406 653334242
419751996 546628843
107057719 679601742
321420459 40724746
550888763 194851230
90314315 222399919
85537580 816124459
134710422 916330472
960450084 683368468
394007138 811269509
854990713 589829750
160255734 479951384
547325191 361286928
574450359 394514030
306435269 555883396
613687228 728418722
969025750 300214413
793140749 757763243
270855266 432945752
897966169 937610318
259896474 365867986
71298776 113416772
686069624 136430000
707114364 371516256
650982140 870050682
64059161 836035392
98923651 52091904
969114810 244159971
471232686 972303564
391202419 859857838
759340113 575079979
338412427 955611107
870466241 4935665
881365499 451144602
448342115 47665402
337684086 789359233
255600964 283511521
218206945 804958223
826484004 826295423
396050037 824731562
178119439 451418194
135085297 845816616
365626419 437882630
172989345 349521067
292402851 300113866
265114256 652168818
38932642 660909251
575916185 543404668
362914963 913882876
396155959 671431490
558314511 664648392
201089146 32229573
495590169 414962119
264092775 859681600
622736934 811964255
828053414 490600886
85804828 920903599
696663618 820584772
864020534 137484268
334248633 301629488
462804406 964984201
785998697 367868095
266347967 361092582
718239843 774582479
907040018 877041616
118066522 582454100
809362986 556966567
165488616 216356473
357426744 612054380
252488145 118584934
710541997 400453428
949413480 341530111
785962613 890749696
306085205 48457758
655550994 514691680
23411908 821901924
49772454 609048912
835215032 525019843
604198498 880060540
50496419 795083691
273540802 135063207
995120898 799082807
807648517 189540525
720033825 361476392
988818516 262093817
569733556 398815860
176226232 969074445
83408520 428093297
660060128 288477810
186820674 157929367
120599666 854840646
691421421 943442085
996659194 735431813
726353794 627284138
733190454 819262050
578427634 340208549
926663710 289134029
242016838 848281451
926630571 425847102
96175455 877309115
699854255 544061200
376893066 473896188
853223610 537066631
159343177 478895924
970330290 589737211
381962814 877633502
450109819 276353217
363892915 836313825
461808334 279526814
729869052 300909354
230933367 685770540
763654890 724264314
866905032 592178296
310296420 357600225
417521528 843911840
710067640 86897247
788158714 374730439
861113682 827712872
502437142 105428219
408474266 902129813
983970222 523914978
339670653 275091703
909668561 978653190
203298940 399965456
796135705 676193834
761510758 520878064
862558829 432500280
368046641 414142258
33506402 742589711
217395460 34686444
533029142 178847127
776885964 709925922
493682871 451377814
113620844 417539819
618080138 353723372
996970904 205844081
351456476 344549006
411781720 515953868
580045071 945183465
629391627 294566209
603056373 233180638
48482245 915665516
178520054 865529015
35216570 364314543
299636291 69142852
409500889 77844747
12443018 95545142
81098197 187611676
64471176 655969847
908037298 475112063
255227687 313733802
242514330 883470639
29189381 585517092
412313290 617771616
889613347 439871608
407880200 406483460
656848355 746475638
928741968 405841579
8541514 160562505
560090386 848085740
783860699 304285315
688452306 880615020
711962534 60327731
195704546 761398986
983131463 615891226
776853463 593627459
174746290 281633587
287391337 689958154
691687999 147223048
393432631 864202262
175456921 440595689
518058098 521093527
441679972 120966102
588176550 372532470
744638943 669676836
620426163 496168771
149485424 836102326
244137289 61546454
893615838 878432041
167329222 83320232
502652980 973853581
912652130 128549259
986524002 282116892
576305170 341978830
448847734 853943916
240792213 18012233
971823837 947511738
422469103 375040006
600121998 141002257
857358515 339918595
471438412 383716941
868729081 852884873
718433325 47175252
878965213 951906252
797957302 4211040
453669086 88954845
653652180 948082
861814510 76345399
336004406 87908010
75193276 725463150
732770095 850654337
822268233 461443902
142092 988423312
505392605 713227964
424131686 774895293
281549284 372832211
812094242 372656548
539101692 112115158
811225527 893651052
411221894 484703232
801762725 734623038
439971610 759077669
71285362 892870082
483795155 783403800
696100704 473472555
669183959 951217252
965734986 496066021
519641883 141764724
644997698 702975906
583249394 723930825
421878439 560312275
55954788 241142568
416044440 778139453
574483931 638449981
258459999 480496695
917151047 982623920
28736498 221682676
636400824 844486171
972533081 73519656
725578481 71367492
161621469 818008630
58774221 986169931
829680126 181976209
796552630 878163049
332057282 124579310
497099984 14786985
605180419 149276495
14092029 811361165
62851780 349242512
754446040 581995646
192408447 665022354
602093490 134333442
451004569 455679150
867248318 949212703
768243540 833127453
814704364 530059414
834925289 807790780
793441730 125975138
704101242 865278987
231093942 131818721
111473635 72873781
25758558 475462883
851622902 569094664
182249079 887962767
805452923 117819832
742667389 967205273
764162041 435117976
568866847 449853384
574072564 528986238
95687259 187249908
531238140 675923783
211781531 54801153
564342812 24805197
676978344 843460057
136950931 795372368
816318617 19491296
139819138 520631271
102465441 467835305
534013742 555829450
428223791 874320488
192619207 496257390
137677910 931329088
917319295 499992901
890734478 686879810
130541141 80255721
586108224 427366084
372158455 209240558
18277480 390889790
10745295 369581367
544272746 89722814
305519222 108183041
763109343 525514995
418323285 673797154
673108186 181130756
265249120 624164128
243930871 132596252
836346851 328554712
555366755 638691772
111658407 655890638
573562297 499233740
760703065 43431885
965262587 687704732
832333005 584460795
332386502 763824799
328663809 950038443
696398198 701873320
160082689 357247373
501790756 611946885
351823099 994290665
46149715 180384256
944359970 443035618
920662073 514498426
240765351 666050919
850298363 583709273
161286486 214309610
914994994 673451284
777141604 146035881
604714036 475548424
829274403 606096864
76521150 569163728
615267050 253277878
576365984 717095951
51440688 7634407
417361848 50979802
734665938 987581893
603753514 26006595
918221632 305108938
264525069 913099615
870885521 812511879
414737744 425555854
290493400 736095088
727594318 679352707
444304393 756204213
173949047 943475013
900853858 556268201
602592108 341631529
66138032 807949859
327180049 365423700
429999673 209085460
725661342 308755370
45028512 150414604
933789987 836127149
954603626 232038488
41495335 265695881
131879858 362432989
125294047 754315257
660255050 369889493
675310606 485178554
833279686 68230327
800617222 922885644
404386434 475764233
8624629 538829552
906622355 343404153
212411699 409855390
687792374 275672689
718432245 281346524
851587937 285823559
85914441 384020388
22936915 110617913
411580014 337693723
715567578 376673171
375591673 355142896
196106028 708828382
279408682 907289125
572054715 177018624
418295720 541835100
984711561 349538124
670905678 698498449
600386648 248111314
854480317 251457728
296703301 302231362
109365652 219203832
791233377 556474001
868726567 571843848
831218797 213988018
431441140 64285157
921081744 685387810
224212427 875069297
691233295 124895776
508341609 158403263
973508996 281674121
869394950 203427557
546258836 352329072
901933468 318040864
782942164 146111009
392106800 452557147
560008459 21972359
719512596 587890788
678733804 848980214
618039115 763893841
976398379 29269093
122323080 893165106
424143658 225091964
587059304 345694136
55736530 411909236
380455792 867694209
15284552 357360051
832252369 172469930
394222089 364019693
743855787 886778405
719317157 456245734
278741912 643975172
334108067 596068410
47912328 791074378
844870651 722017233
700331829 989799495
85297508 898821018
256697149 918401263
323164421 67073136
896884101 367470166
244864074 184641101
43587152 336008988
489276331 120085701
28103310 110587100
4460341 835319777
476510161 873651357
28318758 845422041
149130928 327133418
51420585 778150879
75061367 766798768
25589327 119038650
589619908 560485000
895540823 470838880
713376570 509833762
104983715 183792420
253760583 239422968
423439306 528901746
479528820 503059914
379601007 286894819
606678422 219792764
485427537 654020416
127302418 91459378
875599066 819944206
998205587 718456389
369039487 546523561
939804584 597643630
565514069 271106086
761635833 346252268
939982312 901085893
557842478 130280978
312488902 628324732
564025096 775047052
185126390 13593353
473327513 149883674
459018496 666958709
350020646 676793266
757907326 176177510
470613725 634830435
774600705 784864861
446024287 679278665
955848245 744129779
158166197 267132658
154949411 25786557
371804927 896816002
346253163 641700439
834388550 914919871
992631716 628363294
241636517 268925358
971034227 692930717
281789808 629943637
493973773 670451971
196419525 540596637
531176320 323236242
478878731 421573122
133503386 348020010
97583417 18789254
574824014 514979571
109332999 491527012
528826449 154934028
324953412 771849646
863808415 200703033
950448859 461540328
747405392 537997849
910983173 751703052
757726850 960638741
993472272 477642256
559717817 930798338
402412474 522451440
938426916 662640007
254094842 64303227
905588416 253027054
842075559 549785572
468667502 978973762
460432496 160672988
729948513 351456519
46313647 36885981
203187135 694653177
841758158 891282158
767031030 101115629
223725029 713361139
856629556 792287348
676064865 147974994
96901891 345208065
168130376 552614678
253326586 642461918
37430951 741177552
897210947 647060372
443783237 110351997
468115598 288061905
472622459 330990204
661167680 950737721
164256294 773689132
836547905 229575673
75573179 59183279
404980836 311647561
215821624 519216592
712681197 186670163
5734392 135679119
772693186 651004541
849585255 87408647
32091057 426554070
389076336 761486295
704920086 846896275
238148675 176967528
616058137 818806376
167382335 323877111
315694453 850283859
161501450 137485348
962937445 942862689
390265704 26266758
397504427 896150907
827152094 507999356
303281114 998770258
755929416 631103911
281882260 543777528
154772020 842647457
209439412 264851860
22303600 575521371
368282436 425373970
168521455 263519369
207548403 799605672
235752384 288296330
113875005 863780356
947255957 8511940
197821435 875246921
203436343 58064696
617041773 55023011
878719733 59434254
299135628 794046024
584204454 103732242
141502750 496379154
346029019 313742583
759734123 500150647
984016501 205449124
539211920 696869640
458731827 250554994
649784554 166396374
74533806 615828608
558332187 130396961
363197404 871581212
8732742 106115634
103958685 996235261
949836382 572334373
629091974 914270889
443937617 695691211
416069285 646643072
402719655 362423777
732969228 267608361
238406608 667247688
3051627 71761458
448737202 522671296
895584623 662951049
252940253 609998796
148653407 887742031
261927445 479801761
300128593 352351119
425498898 179653802
510036291 127022912
337313507 724487578
384580616 16014988
289711454 347256090
147870501 573634756
675730524 391699420
783786003 357359786
557386736 312235780
878028509 703375473
626492368 450213798
473943525 613046961
255049793 423472579
324469782 479838212
881427591 483507619
252601020 708581715
194027819 62881109
771860259 427403804
927453399 983287185
665895349 166395482
823335321 495619869
864984473 345611129
631967603 217645994
803194853 11424904
20013003 19222137
291146858 707789368
517807641 623652142
930861068 767258480
433645992 617216092
413350611 573542351
136772485 512973443
799442727 24145751
812634954 689828038
559153748 679951178
13456510 828623999
737159494 496178166
503737829 963722995
526777235 356166171
984133647 363676927
321208924 634617052
156291271 584470151
606171983 731609021
884705678 223265823
856700328 953547531
32823876 838914436
273487111 941530562
199909819 255676880
794350471 196944257
917779003 903364434
807766892 576069828
401851497 577137009
101739453 331180060
548269446 920893026
460961558 467223494
768378335 297791914
199250515 277804414
61824749 537052600
258433705 23898000
271815314 553416366
611541140 659166355
501886227 996655192
421993274 445460521
687904097 672375015
682149503 650768973
675231373 160639481
163855662 502725750
79382746 91729638
139101127 304208324
107260719 492251701
198339571 286204551
613120521 579476011
160145708 174002430
919851633 413998591
840910556 414538071
66947789 867512959
928631804 237248695
273054912 928206625
617350154 932578654
433190945 701933470
206478112 221847101
509164565 767437455
707880215 297269452
75676457 997619502
943825700 294496432
37474869 461665188
68436630 708869222
25282682 329073635
835668059 280631498
564387873 427670557
580824573 676603830
383324451 199418136
148419881 679504344
673996475 627958367
327915264 783641202
852990197 813362628
531498265 37701907
672967508 889179128
675046052 321963740
438772451 660201564
415992899 584133229
816436122 118485384
288223689 149805580
646271204 827495727
173739103 874583994
973862143 208087344
64092893 892053720
733022092 281999205
457553559 121353982
920688266 321121469
114205396 567361271
726531406 844959689
532372153 635668288
18711124 185809222
179857357 776009723
876342095 904739136
273168204 793453854
32778579 205657498
130113922 400653508
552928940 136999037
994449400 140431160
974646668 387508845
817483397 719746776
555416253 311797405
128046030 365762464
133144016 694062621
268244653 906249002
262791624 996099245
827305442 324629114
524373453 435319124
203828181 579650446
207706295 449022452
922439359 454436678
334249969 485528073
289944626 880081613
629148574 749817324
362440832 782795947
236591398 314518335
900542950 231085474
730026813 780642304
523495140 310047150
777280681 4317124
127383012 134329470
787801684 886035095
666683566 619416794
836836167 985142711
35249039 871565236
948584604 565520335
309390237 160752139
138147959 738077119
500442028 691129507
58357753 253260157
648629474 240651018
824632798 386947606
698171961 660393110
399594445 920161847
521813401 192008267
257052232 813530546
889118168 239383892
519676543 302183306
45570888 103251604
532597510 463754464
19042078 1766247
550962459 889380897
150602135 155128356
452189351 393590763
316697945 397495552
846664035 502461110
338637294 78827870
400055037 91087953
719246703 120700860
456844147 69916134
992847040 692108045
518369398 719563630
907661296 414705425
425013332 782552435
850441290 916158066
485948829 704619975
654588794 514765091
130535197 148996430
275422946 748009310
750193045 903215216
535470282 598880093
458649546 254869274
958080349 979713948
838019594 338468792
748590141 996807039
559967371 911882420
283795626 439111476
757952949 650569682
93046412 618295306
20380518 302865274
25031498 382470922
817359978 510079292
258613858 758581788
796269593 222160098
523422635 555970781
836784523 743814086
524143238 22835223
723354440 96159297
890116285 549084225
951010128 581610264
830378534 259066240
197724201 148367225
90525878 743817995
814270641 404242739
274620643 598691158
621041295 243500993
444475834 196675592
478214812 800739440
553017873 922516769
885038712 266418662
506291018 703478520
137001780 752002458
887144760 201014668
380752154 270276897
876800480 475646458
632618506 242226987
966824352 359643806
181047220 453939429
948446125 735629899
80648925 272910272
923203998 766424449
849712877 570109571
302459539 319964642
17100743 247691983
399428740 379286133
875235559 194640634
733231614 836519196
159081272 328335023
788205367 99567421
296435726 988011255
639245022 385897215
521307231 553901605
441377610 372045328
118327364 347535061
688840982 408005312
392147812 312669746
649764740 627033183
379806724 66871035
381076226 90518213
78125388 532348313
522195278 718580697
445026045 227528744
421884578 252619134
929853252 163614471
899880742 908836483
195936287 586164094
408884362 40791632
347475165 399883623
539503623 680120678
132350069 225252743
671648580 710967723
704651945 578397682
117472494 274745702
583269628 295304463
91757015 713900185
884959387 50579727
150002405 26952729
121308825 815581656
382103267 974635723
196028161 515786473
942449787 349231517
43583764 461146202
897369209 361199846
569002015 634037546
657490907 172518397
235342596 119010701
88250330 532235548
91778226 876994095
793517227 615339968
537718183 997421359
396182819 674851678
555959577 769674164
223474742 402647913
963534843 103811539
105557548 779997515
643589368 344321594
359047798 841035401
635290981 558677431
270850946 877428760
528177220 192543021
29352288 270455710
267207395 504713976
59263567 754144973
78266839 561594298
8138858 600727077
937981291 626489867
893205823 772964586
61539148 174087012
106401583 192421762
94536471 896246402
130132483 650167272
166044666 359020717
654309188 516214378
871688907 577871442
500404647 726755412
57609300 557646358
441323332 580164939
393127667 828763748
633266868 121722942
318737631 153685537
189748966 854485450
225648262 934995465
520595759 760200535
820296587 990720064
231220525 706352452
808268416 11606281
515212006 390188145
671192357 183219449
678410329 926972606
362943715 89946079
778194919 977975068
961853940 399481286
346080782 417501774
809920743 335659984
501178494 972555580
243045013 328307227
911812581 553871729
634502875 370181383
578921746 983141649
216438290 106121902
367755886 808694486
367496419 258184709
521213459 182429275
620084004 713720045
847826232 830339902
820252868 728067952
822201801 268732801
871576500 240062739
449588496 625473452
190148121 987839268
847000104 131256607
348311054 60291880
949216696 613025072
871777336 247198647
309759549 479149246
954102796 350635442
406313398 557910639
300290546 318166978
378314925 470451408
516009169 27723698
162890402 544528188
538904611 539353349
194309112 376814161
93780815 785422029
944785401 289087892
919969274 657773399
95944498 531922816
452974245 455677384
258331549 839772071
291978082 890481694
239270565 158943388
280869426 560651863
934493182 797245069
242551772 669592103
721992873 426768599
564598159 167655801
547195011 478099899
477906111 522817782
454639823 150467733
938679309 956741585
395954028 317614568
828536895 150461195
800106617 650981786
272295622 22908352
911495352 487838572
207610395 165737308
491120891 551838461
9570712 423848541
348861267 494637181
397630784 159347891
647946500 532778044
579196640 838801372
765507183 663918202
573955561 558797882
318540120 396961427
485194500 226889533
250233556 158843309
236050695 118584133
706282783 490044626
223821091 543432654
459122930 583334901
778377752 521594219
295515862 536998856
455739191 917516904
869791598 884886840
812582741 674366786
521622142 174158952
385086466 702268414
799587738 832965630
498721184 451602745
945561986 54565713
149086437 923824896
555911861 619437558
456483473 925161166
296679799 564031884
820098028 844854602
820686695 38724571
554794773 356970685
366732773 320625919
271890897 951961292
864125096 880654141
453189144 774250333
921963818 738299587
507143509 921346602
100268556 234147554
649130086 904770777
545612565 516573905
166735575 829496395
592514917 490991614
503296784 218580175
638992969 84200198
891389239 836571814
806321868 725112939
923602100 528919294
727433093 507420468
90170740 169207707
966497144 3090118
559993974 610690485
735886815 82635406
351487566 130831404
601868769 347954627
479524364 75759045
793614960 921954210
612522964 36560817
193889173 115830230
970758573 955794292
528761307 417352032
678748414 972920373
679623706 454607005
918026239 252352488
344077165 655493127
244404440 702830271
947780570 141504525
35281683 611033148
701897459 855238371
717423736 159769482
812154465 500530115
52813189 648645001
898398762 719264397
759430179 34590619
233710350 47953558
860548422 470472356
879314266 600786041
129197585 694950519
621569693 257084592
779575899 894271623
947334573 291330775
817960455 455570471
711968833 706812726
411801349 865045969
8622191 223657925
829945427 680821369
216314514 164022990
382769161 127970122
9099821 302411545
615314007 337833068
81639310 645032595
215285952 598163294
493690738 381579523
215093561 571719136
782356517 404412648
524400960 887751026
656365791 881975800
252902422 957394046
815134054 270631453
856113191 545394736
242538648 85087266
776608395 921157380
391446521 953434991
558912958 752964316
992100735 381328405
699626848 501000425
119916206 504372943
744114702 342549685
941499737 573953479
224926144 868022739
890718181 370559709
288399160 137131621
996566977 789634272
22035612 659153521
922825112 9335419
320593796 278284197
468417089 355452532
587894588 814485771
384846343 983694726
612438765 555616163
475122950 891683747
247644643 638028019
899606233 624792718
292142534 875681017
406940733 916172987
934536876 73961823
685006513 51300132
572270326 450888595
602936152 799397500
787634957 319449454
980231383 223854948
284715513 299340215
550758397 918302003
76795566 546696151
70676788 169318141
136142477 925369746
819670930 311920
174439565 974722094
675691986 359333493
711369879 612451256
631820344 63803028
766134315 306866441
380951383 503062003
625884081 218540189
50683280 986929081
337461854 347793985
694938758 517563678
287130730 75801161
191260068 554902078
799516720 784122997
327534622 98836012
847331066 450136751
107298245 151311383
848533966 830898786
669662538 168278596
830057825 275795893
672070342 663161030
740782990 837458474
861916891 564481804
983744349 375183781
17174067 80653438
969598944 77353610
985460549 36965073
828964256 746598987
609073654 546503190
923736148 571731160
642363623 42378449
91595039 185335419
961411696 675399982
417633712 353248220
406645674 87320270
182885785 22716815
199941456 33985165
156778514 771648366
492793232 625492192
703947730 422868541
319414268 925099704
599096704 838855588
563842409 124554944
241177543 797420394
865265741 523529020
473862122 514440511
185131408 672043895
693895677 784403826
995712049 488417090
897159470 749954224
182196429 463925349
940500087 531951972
532518947 723520699
283310218 880236436
600616964 430106903
695436624 295359905
20745315 116677869
538407442 149089698
749636203 19731757
562886169 222334702
619018988 516442669
429556531 744612891
717420265 821482186
199288373 762534900
916754856 672350474
959063087 113373508
280432147 288469095
556333384 352826300
770554402 283042882
16919890 277779523
797038518 865743508
355786481 684122201
757537843 566948663
173334947 728921315
772933767 190520206
759896998 333188118
1877169 858065429
262170700 342786795
265223962 245060858
95274330 693964316
671213438 485441104
172413909 340460102
416326072 292287613
741290657 936922260
537146091 236765496
935016047 160144741
442306906 449244169
229893018 395401293
529593364 581519048
478315213 907185870
499029025 100746487
497113656 840602593
291253579 316251541
335957009 842546410
54891476 380830945
788432150 410784737
860408427 380668902
475073273 102697147
323101652 836357126
371193094 606763501
199943987 530905542
724824552 414867345
546043301 877003876
109745838 490222912
382365355 724869266
685380 960528410
598195044 962053047
750492547 299410149
936045972 897487858
417465116 733764899
575189331 984539776
400657328 105723741
451758043 152899509
232394461 47833290
332322814 487324447
570870901 825559659
902117213 98270782
229357440 513689420
866817931 7507918
975310169 891369848
258604177 489760520
115600532 78209208
838041508 561287900
124597356 959362719
628748637 800196901
138122800 386402600
268157675 930191399
289797570 256266940
483944443 558157681
134669804 565415487
891823710 438954952
881718268 947279101
686569803 726728193
659843622 488612634
39354475 495178603
28451670 769329499
860033800 116181334
313582757 766093627
212887499 228015307
374785212 188726884
550396562 179899793
771799676 273196310
130113343 999772942
314216929 156689132
814621265 601673485
619650042 92973207
270588625 883563741
31615703 814562940
5930099 796869330
851462596 11945332
769400213 876472829
30031820 100581052
155510198 628207339
641211901 908683280
230662794 639535639
82357947 618142994
234122410 279961997
726996148 769401287
42813940 672119519
343736257 753494287
729275094 185990659
183798392 373494374
215953019 725642612
262129717 556693547
813122947 83587841
559775496 871809987
50362649 337489789
746550554 108434389
502929557 423397161
115895845 881315274
915878132 118434892
947027952 476796291
821990242 364777674
223630494 64717651
55175849 604459978
468581799 861941823
60994813 11916023
470287206 31981491
58726046 84713732
112003277 825817132
506738306 255885490
403635718 252087262
253313682 902487601
61768561 929024223
720933357 923999302
138853475 485960459
151744309 976963887
820847927 991597830
170348215 6311915
177089148 358046813
121892857 987166830
33978010 694587991
671980649 943645070
389100537 865248498
859794517 634831328
7443615 804784985
103891444 407466579
871599800 285830696
863605980 154859655
676027121 829113450
476818682 1064335
195480606 524617372
804060381 726156006
127363236 318475396
95972365 754398368
754539983 498051556
692130346 111078946
506346614 117135806
726806751 665076493
651623085 387189408
963845075 464123254
81306244 170537371
315205023 625275595
373913213 91624498
115062354 533334420
855975513 937480827
81917214 289671854
502943379 558585763
979457841 479913691
865289298 146323619
430029608 165697986
234216341 107993582
971093045 570029397
633623089 671996166
962055161 121876245
24849323 629615618
871037585 779575212
843495030 830358300
927714340 368616653
318907759 185289549
689682287 399321429
973469108 251439016
182436288 878931440
300667340 146725223
742690541 787657460
912686110 208937439
927254473 413672801
889775381 955506697
559184318 122264524
993367376 367294166
115704671 128623112
537052721 173372139
418398136 950268214
362884684 523189122
353686162 117781353
208794328 684922867
262763852 817899136
36380334 75757040
309688080 268547046
511410790 302491989
963511660 924304
161208064 858542715
342654993 3063012
533366905 661395337
773714067 237749068
863792777 670231757
685023064 91881766
953782812 965173410
759334179 593967745
969604645 92040209
29690478 906244311
185240116 172291368
719349859 898200329
378958469 247768719
160439196 41874774
773812684 442806215
880294507 968740427
644833522 792269510
236940262 407434064
569794067 903335091
347475998 160973487
739142278 118613276
135813815 262375909
505117180 430687270
541164340 769770995
561335409 136206689
533018144 472388757
771053139 392906350
223081867 439748484
408283204 411297651
359420439 884949295
260898355 710379848
70881269 88699875
415312750 958860836
845178637 821874952
939266020 78225036
573888802 190004429
97887238 961440040
727359678 658166130
265621192 784015615
174079715 897962558
841776102 757264009
553244505 241190805
11282830 192644083
447404444 868904961
433215316 862613581
235542314 76034040
693524987 198029024
424869858 577411590
917420476 917629155
548359327 908348716
77016765 383480470
579802376 14072722
800748234 238644724
776663540 251036355
203180035 178839221
409596810 311243100
703202482 450265800
384856513 736268471
585019137 969407910
548948325 664442107
661294752 875084649
536327250 478141174
821719971 211585741
808483294 788441860
577318393 920412653
754091241 428651879
469606005 461375296
48422006 313898777
380294582 354392079
403205765 613681589
433978857 555083110
680149228 308599141
913776286 784025937
892959739 906277022
608189039 636233064
147862934 831997579
964857623 172325445
930785327 586238610
13658005 192666859
660875854 979200841
512861896 866741178
856884449 323077118
450944981 76037841
420650778 322672717
503838314 788103367
143830819 733433013
425598222 111940976
291808889 642368178
987544095 384867674
661620619 209748985
86661602 763028964
976725672 520353778
274073881 152372463
921167444 689347762
281016378 691408194
403870724 546344297
150236497 461479599
455614797 168036462
760703110 282635348
543928286 435621373
438929257 36333663
761752626 789745224
290509472 308715838
160561103 477278097
917281689 665631461
401026235 528861482
994452561 241588820
594897279 232367728
347523345 243242131
158060378 67783822
703301321 223365799
695545440 212841908
462112670 14102078
85070700 930823312
537132974 432659412
792796346 702835945
693758210 507929233
542907203 143063987
823353716 365638713
290381191 313802324
233491726 319678242
973745631 996619046
497084142 993083562
764860227 137604334
352968665 354333121
725289961 516825365
29491836 735156606
949742468 998857392
585041524 709601307
409463125 774422153
381790364 296210186
498911301 10969552
36262638 585127226
333498404 812287327
225028885 993959172
245425525 522130916
453238852 562615258
28497826 345075579
85788799 447964277
411594166 796530902
761588701 168355717
805661173 840059653
519021234 773835774
630364585 868740322
774182408 720663082
465351213 953127559
356471595 418402370
429516883 468924624
443044442 609715095
431804292 396957267
356689151 71311933
418931991 216471639
877983631 38251787
389910310 563729490
196899471 241031708
650753666 662157730
577959274 910071637
407021411 712104271
968628229 572109971
578996983 896503902
702104168 931325781
352021273 771335611
323904580 528234920
675388846 504076416
19484431 488709478
801536484 343857951
418951734 41127830
615439964 534959490
397122820 39510680
872508326 364609834
229933222 750486640
550076445 86131553
760476802 588143750
280086067 882323596
936091583 355635515
502461913 882224513
395895902 2467235
848639422 82281381
750544641 870762134
494093087 274568323
433567670 181071573
316479246 646713725
254416552 33778684
313825537 96019804
356558862 582185493
90683179 613402931
357366542 183336463
573718968 119448838
939177760 263150619
544190366 255040843
576889876 429345749
174719048 455825226
922940019 546489416
487285545 461991522
251343839 166785507
512359876 815113764
651235902 350677804
693840658 460319504
743210997 741158504
698818812 863929694
817867337 191898869
948854710 528590196
252149887 47930995
579926155 910679564
824453390 629656191
472276706 866436138
7740060 771359502
916819537 55230669
392765782 789958841
877437232 885612900
500994691 3689508
384069178 165750985
621725205 813398803
892574318 573848155
298168261 201753831
373540559 419679816
600308480 658839358
653435068 390699135
745181787 772067291
927242606 784610864
801931277 598784509
119649644 297935915
536896099 715679329
263992153 582434612
333397461 313726881
897849875 675967085
58493 157738635
446006661 196415097
665080961 399082456
569240467 852010020
909136382 246693921
390938065 332557139
122206739 418835245
368694297 207560471
534618383 542988696
970898947 854524193
987546187 391042478
648562842 6795056
23028024 110370954
917766170 920070083
470922722 570065319
871667891 302734368
652178413 942534608
559205145 757170031
435065458 568311538
138921437 755546730
923043062 959045484
537769459 645150424
708863205 992425717
521160352 968511762
949969658 298556880
73232523 518698228
455157410 454168554
300427975 889345038
434737035 658656796
117695864 636032348
862323463 287495120
121647122 593536041
85946862 738330615
73659246 215407243
19406871 571957716
428567650 521499630
573008498 1395620
611758548 203842318
625723262 810476308
745284962 910006597
593384919 227777388
948742678 554044337
746367074 47238954
296335690 877316678
275258001 453491518
751441941 802743789
745304755 419973826
452863848 619091359
516053880 542277001
66686397 808445753
705138407 825724776
970529498 680635544
889286839 860343890
348897961 420435853
573749692 529747821
283693741 502297200
354499306 708523415
420608785 110324763
298344244 979709586
843511662 883078261
236751283 595844647
556051461 900089897
386455284 380444615
85489109 586801232
736042723 58696381
215938837 610168278
278024145 562919797
128765731 902406815
76640470 659218547
14507678 912131523
141639558 166013861
778923701 34918475
504721502 163166881
481909541 366844553
414481831 411568793
835253324 391592810
341372327 684342939
474956859 188410783
252507596 861788393
967111684 211553331
910658845 764582952
52039237 306010045
547116007 877544623
95758638 963367110
969533368 387028615
308501292 423760271
789403184 199614283
621277570 573695521
480170798 225041207
702700227 475737590
347770025 110417335
951207576 49621860
431979768 959084348
676205133 633277010
415313369 133560284
302772266 592341209
805918551 734801332
79561054 13967228
804833334 231999838
679019611 481043055
803496232 957831653
661339404 63414237
846785929 774478731
62892276 262292593
34836554 590692025
803038283 356657819
337878454 398075192
722742330 564644242
464632707 120891906
952331420 431312346
571630414 784663081
989272679 612372875
280034793 308622070
303511782 380571581
510012921 725890375
709895856 618876245
210705467 405219189
587464645 499743214
123454521 638020923
224237450 236141966
189937121 423855762
305026470 340954938
60729169 565921534
77670911 892263550
357760235 382983446
306101268 294111482
171585657 473833733
488610354 132443405
755456770 171666526
830850029 694296018
279531532 493739020
136376397 348939657
814148253 268430281
734610640 623816721
917760846 735564345
165348394 320149616
880345048 357126850
906990676 508692104
818867370 635248803
248818734 596671796
468354727 166332960
823015114 249244073
748722171 825523349
859130420 39092333
933932675 613632124
336799620 629338335
860367646 355341637
947033682 363143217
282990587 962423794
899453374 634489972
609529740 264074460
891499490 731094588
573773811 295620080
795315239 322047560
277553084 982830732
565428233 913323412
492788190 959763065
850961479 146682718
285480547 154214023
580698469 742957678
969400089 11387966
847125922 777206245
252160470 891689689
672354990 55337938
268677429 228632602
961375981 812460
499765518 767333210
875146892 786246275
833229059 673455275
51595899 643293966
614898628 212179178
382835883 235530071
290222038 660323175
968082807 468240521
273981913 289465623
417923860 294108654
663995353 932513926
416396793 271829310
811084599 282747556
794469917 732798087
800865257 190599421
380555393 526759356
515306512 463329814
410798692 822265209
694486649 987908873
482567398 339556304
951168287 318522543
668832338 329868459
172497744 938379928
491152865 371009541
360475538 892198762
788514598 129862488
852914599 670293981
5991374 822748984
370064276 572530531
594725557 947031301
518945752 531855279
642509236 418021255
633570789 215695265
196131537 110933617
345887927 728901863
551014862 343720586
583273464 267832424
209927669 118890358
499974685 677330428
472367722 305217501
618411449 107567552
183484501 7771561
798510336 70690962
60987918 321603421
945888039 246160973
166684288 730222441
20637388 843464492
659055031 484552691
959813597 440882275
582710588 273137641
524337030 49262167
522328758 48481749
638674922 167270468
916045498 881177227
223172849 845375390
510119970 713130907
848974658 29112001
415542471 510010077
884936681 557474920
521682385 419806791
157696742 742018251
734279074 472539399
895168377 961842093
713059758 479578955
431199636 861129548
705387401 44553474
484250486 66132878
268699530 212701512
725716256 360025143
246969328 829416779
907972536 856069547
732925817 147557312
342810747 484006679
463682757 707753645
21882328 149598962
524957742 154831411
974639570 320893778
657068129 517434479
458633301 829016941
782172364 780534957
467953239 584310648
477696664 385746993
22723993 138932027
704377013 29138089
572302578 591630773
566077389 638300728
796504016 982980337
571263516 503380055
497858332 342794792
476779128 980965504
473115850 167016385
921018181 446987786
113024571 3354655
297053892 260391385
508574238 729542740
172231576 619657171
445018095 21858196
759154810 100636167
46907952 845689396
214453925 464187635
108548518 53529421
950023796 207880954
973668339 187620297
113544384 348918591
868707442 271032291
665594255 490887468
743303098 536174018
489437767 566604909
573223891 875969569
59976842 764678358
442168101 65585607
389413490 448774400
754002138 160047955
273193271 483162537
458565656 810834165
276881267 535970778
575701705 655186300
864541455 585239687
669425398 371097543
754302777 828637324
587174211 157993585
447097070 792329553
11558592 612495800
141630300 212151229
968436733 841892766
925392984 369279933
221603158 764763518
203922259 136810296
286674241 224387716
389428586 771024613
577030529 279527852
783607670 905392388
176509513 365177641
433186263 15602348
876016267 212056367
800458895 85911727
865973854 523250595
664575686 942654470
55933015 420329086
978707359 188170058
688078359 340085479
565986478 141653670
975275324 950384569
566834604 450961688
350627807 203061725
664101065 288893858
714147749 311061624
189247201 586300167
880949371 689367238
701013051 467853609
611808179 524070557
242722938 861674358
332300724 212966987
566497484 595835702
594547227 205645150
478389592 519317572
65247648 546100284
52578751 288910922
431384380 398612830
819344362 708489390
439947144 693298600
806021268 990347510
135765366 598162221
618678631 339984567
764725022 887693522
3595356 247380873
700237323 95880122
608913989 297418384
133518196 395367843
411514950 875551093
106110451 447844990
780541120 79068194
585891032 126973334
887851859 236719334
424958709 266838892
480701596 574378794
705522391 430625191
402355273 721469602
592884142 509133807
327841219 632200199
772934341 453705045
44761261 455511689
152603929 115159890
958586244 577541555
171344125 730753997
463246117 879726470
157531889 713332043
775961700 485187704
87365109 629102402
122901109 589528490
947429371 847189060
873435086 81940315
520597068 293197699
83543157 742725381
908991984 920652708
200034731 183606469
47139621 850050804
264565909 770180546
709029271 653316569
706540270 646211504
574671735 209038717
559049401 680807434
514684405 166767382
977885348 990814407
18397033 826082566
500384076 758672430
713970926 871465975
361807818 995233771
850118619 444153567
762852471 276085412
22230963 782739368
448394812 267530228
751779339 35923591
150981653 446560742
142171280 661827998
391166093 916444227
207504767 249894527
549464379 200992193
989333041 446553650
172174046 580932510
967594585 374471093
755895865 327836897
374329613 183366001
371019615 64229598
464001708 650816406
372853439 333634432
931622805 35734861
46151687 58350236
368278835 722590628
159904203 52393452
74784864 5709095
429830349 130673893
299838800 478095404
865886801 727597663
861175381 644239144
919873528 887480143
457109162 244757764
492146272 452315032
595534693 533094868
378000946 21479515
787173635 597361607
599963438 382479285
916833698 354244919
212614441 794338859
305861783 692693373
66148841 304913818
653284589 851629786
845014598 300420739
268315304 797001191
433158314 760249070
731409715 53221584
353240748 118759997
164891085 941664648
3309708 220204069
738907193 981507481
103804271 995751253
591359793 267577669
361147289 575315738
859370832 905758485
754095536 825408616
701844894 41961704
84951276 947101438
647941119 297425554
85281950 153327609
402660759 29711387
427721660 927296203
654469306 312590770
934377950 812001986
881129392 136826910
13988131 36257281
371522618 341225957
852711573 825422434
911181212 976839964
629709370 475112923
476131924 175679718
674542918 994895553
264236846 399106614
203790847 237254317
790140086 987803259
616936949 259481387
730821152 703931485
646324254 807541398
141682688 607715327
648171102 180714510
47025007 738431814
924690912 131677689
553315853 356370942
493468741 60236802
107523192 370858225
832864315 281434998
629756941 565160436
22510857 423838448
911219530 820852406
753826567 920208939
356691289 970307236
857149637 94942226
731032313 3322484
58311470 626948894
635868627 17366200
489148076 993122044
739135313 126335602
8724173 65424335
398472946 520497709
273951531 655150727
850439671 635523755
875374988 326389121
59477828 831835021
42420258 70580866
549531141 87966919
761130345 889926064
471106046 623216186
227594502 27729572
297559137 812789554
918457282 737720910
128046167 343741629
584238904 511393778
507250139 712266516
89401661 45353259
25887617 548864045
447905819 630133741
352922899 829454719
808156735 757637054
869572836 597015069
910219042 799913526
268057117 605557964
963114011 213945993
909504933 146455614
40977828 726793176
588105032 800161484
611504386 102336032
345447232 400118833
370773627 978254675
102272867 150858454
799041003 691365847
224410474 205812704
92443021 429238055
771348465 311257481
693324728 201751991
568989451 516461626
449633624 478064943
623703586 689332079
987131753 236562238
944855390 55378702
914168995 915747630
335641310 55477225
610858246 778143967
706691994 186435262
926023259 511975117
975563990 167874817
595961051 210128715
449101436 917597257
50716871 568773792
495438109 570009636
32652419 427809353
624242265 975505799
887568604 604673088
156385790 68483603
244330584 467648446
694612246 890730702
438172510 399245923
231409588 492006956
732402331 138944462
305294059 669443289
916520940 38924780
231181819 204051293
87072165 224077195
147215641 225795947
924227034 885685565
317052159 86135642
552978034 477259946
815783270 795868307
410852997 758690901
254135204 752992313
902064520 849277612
227958893 799091420
135686731 901480585
661079248 92984088
384033630 842466695
138617570 817181306
542144201 625493828
881087667 684145304
938465213 855203056
205587809 528622285
305415607 156193970
311558066 235074742
79437805 599923649
160428698 525243630
75551852 896774065
723779110 342658499
911897632 794635700
329745786 523550159
900651219 661409908
728591258 504465173
96146516 588802429
364050071 706963047
761266864 26177841
781388978 680048253
662831005 972263737
525983869 487109612
812062554 262748644
826515608 569715763
52653400 441825579
398590299 990888463
481370030 863787151
563355816 32967930
526573426 874469380
697870778 607476318
918561245 738127853
977830036 218434474
647308100 96131351
26534857 657051047
945297797 266399139
683206391 657604542
597668595 715909129
651429864 522483349
219538839 87990734
57430761 862342266
864394366 16763099
862191785 487950740
215211971 311318840
942809979 765286444
811498229 50188690
736840862 745764718
