50000
22177 374597725
28577 535336986
22820 458914936
13533 414460137
16000 832772015
23674 615326178
45443 560518205
21297 107993923
29802 51726142
32840 476635382
13731 729947838
30929 938061826
44919 582688756
13262 988052338
21877 960164922
16688 199486273
18768 999040100
21952 580765351
4190 149692132
44425 517032082
1197 304508377
45422 399600608
32815 386201910
42680 569949083
15713 896280869
9172 498481675
43900 302812610
28854 644254744
8461 533953118
48049 639347452
46028 272629817
18040 91506286
26028 329838282
40561 468328729
40485 182963763
43482 631632654
49097 257958623
10622 32642114
10187 803708894
26202 159279406
1723 736816510
29669 652836630
31317 474794647
2253 803724131
35880 334999822
36413 981311214
44739 133207282
465 341361108
31930 551285048
40382 440290474
3058 264154700
36814 96438696
6750 565000189
8888 430093610
1157 807260629
2841 151788761
31004 737729157
5109 597504349
21007 340438545
9756 277506954
16383 699718863
10512 204444821
35383 755095243
24658 304121109
26656 550855418
5617 886722123
17384 548593423
37893 801669818
46912 180614785
33776 558423665
46134 142298488
32572 846486374
29987 682009744
40565 801250815
727 767281366
20324 171286719
35792 563645029
20729 985838482
43017 424449758
36315 537597436
24455 842136216
35351 910829589
25096 352731568
27043 257360547
28188 638501260
15376 690022450
41815 392073227
14670 779166694
368 772335572
29309 865329440
25044 438410527
25156 226221229
10289 570559136
24644 156908751
4789 60403905
38690 424118208
28283 177875674
14555 529646463
42152 371976355
27467 280102509
17016 81752391
33185 181433766
35860 920375857
18356 999632276
44377 44204153
39162 67187970
44139 11824189
15497 498656427
951 630650591
31093 564465348
42181 309352104
37545 205048746
15015 765359189
1179 395334441
48131 383711653
24908 106667128
27170 379595401
39745 123331220
47487 671304626
22423 211026480
17233 89562193
31728 991253779
39325 290678552
8346 361851002
5767 920559721
39699 472931246
32348 54702971
28922 613921081
1445 502576086
17972 626843
18854 752745057
16414 568500536
25458 811723727
6889 328992060
21723 237441150
21133 911747580
26166 510417662
48239 220406735
17027 829501223
12967 255398005
4692 575632578
17454 236890758
27514 863420021
22010 157383412
31460 693723109
1539 422132778
47478 854052219
27947 774583017
43852 468520542
41748 657896490
41279 148973605
92 660189103
32390 305026734
18073 445052166
37656 752017417
706 864731913
14711 630069404
7705 2480396
49983 332692210
37547 165249981
44001 406329860
49533 958524982
20241 307907265
10578 855753210
2345 473521394
27193 418157983
27854 884223903
31433 425389159
29336 157043674
36023 679637865
30444 7573659
45779 315158077
45667 553282065
40585 694742395
16260 737065555
2652 957518788
29538 128170276
17466 133062067
23844 737527344
7817 972316434
24560 272103664
11723 184351048
29176 371169174
44319 861591793
9480 613366314
15086 323749467
41951 422383630
40771 979718628
31258 339217135
41469 536566901
9887 303206802
15152 67733047
48289 868101279
14569 226251419
10658 140777303
46317 416807026
19276 65717277
39970 806005522
33875 837510611
44635 456960191
4721 680743068
28634 878849179
39681 697953182
30337 862748286
30945 573062079
5881 214570040
28526 891905200
30186 942745630
15876 25317486
9296 408460942
49349 198484561
37527 375080862
33824 951906264
18825 263313145
19077 537903708
15890 119389937
22667 967073051
46863 291586170
31645 125770382
9288 567499288
9677 603076673
29468 244125415
5104 533477509
49803 471023564
21418 905685540
33290 167849445
37428 608536328
4355 910559898
1834 441843560
46804 754701493
39278 994535358
27006 901443779
13132 243111988
39123 556277586
43817 166142462
24274 152285112
44410 184160265
17177 797560274
38864 140770621
8909 654615805
44521 467620071
12381 470083167
11399 123093951
23275 367149757
27844 570683079
17784 153368737
7181 447708546
24918 159563620
19054 53423361
1289 684754523
37832 229600143
15816 842288465
14747 261931115
30655 668444774
30838 461165143
32877 814594687
23038 134676053
40259 149200588
15409 854481809
12385 34271111
9511 801604481
11772 763653121
14727 403857701
23970 764934046
36899 230236187
32704 393345816
49740 880167753
772 455094117
39275 223080602
20555 31087464
7666 617469680
20839 593557322
41753 404459886
24115 456083565
34946 539800062
17190 513609722
27775 206807107
45231 29246020
43546 37120520
11599 517413384
7226 562079970
42360 533203245
14168 188064419
43272 249496583
20842 294463567
38313 628064682
4208 427858606
16607 543060979
46484 186778656
49446 495929058
8673 843982373
25851 52451122
17754 197440788
44885 916672756
48521 349633226
39878 817125280
37107 756420998
39813 612156427
46385 419922785
43014 247355147
36799 126672688
152 985394515
185 665187278
7067 963580805
17180 799413443
48362 885219686
7759 559596656
16535 790986024
21741 99982534
49890 822190848
41534 666163772
2084 670031338
16652 640249297
11197 202064694
47122 492948349
38730 642325274
32871 643125800
14540 864047481
1825 196098626
38589 405299150
35611 509066064
35813 869051021
12280 972379467
41312 878270365
26150 329805870
10638 450737054
22647 121968478
19346 905180035
28836 636908456
35717 349445759
29909 399316934
30310 647470755
42132 811984948
4222 448330141
47333 678096515
34003 466486726
17118 681364727
26000 152838113
31717 751681260
47600 781672439
20889 917569303
120 367895079
22383 958064933
20286 833813716
10400 908232381
16764 202015488
21946 75281870
9642 401010863
31739 31944592
19179 203659577
35211 351865120
43739 255962456
7950 632148380
8102 436244671
21168 187091723
27286 308427649
3308 713264622
34520 574239927
466 209958811
32478 324799045
47428 428520849
37603 264661782
17669 542964286
16228 597151367
42892 409403094
17412 580131561
7530 149267618
1403 361582834
21572 870223270
8484 332033933
48039 983786999
26483 666475137
38608 952311912
36547 37688274
46491 190526960
28143 589197045
39043 638077602
40606 255984276
33593 164897278
21419 537595285
11839 693628005
28033 639813340
528 511490306
45805 617810920
37117 444928746
15396 650326532
48018 798409288
16517 561440723
26337 549539844
35857 167685340
25832 889613382
1202 589547991
24896 593184025
6924 806490279
1239 404018919
17672 518162728
15195 248790514
44348 729370977
15200 20508870
2990 113982928
21618 83213011
43878 124899322
16642 632113566
49697 865868359
36392 309605216
35795 499216097
10709 737988120
33441 546037748
13849 844326254
1908 861793445
14876 875506269
15507 733260762
47810 35591351
39303 716374392
18128 264012938
33244 156549728
48520 360143772
23982 785431898
23159 890582778
46810 539277694
33565 290584222
16109 894891739
48194 534111283
24337 212887682
21138 246482293
29006 373663479
48649 972361708
39010 836703949
1634 667897457
39125 799415334
33011 265097442
38950 459416218
23629 981522647
18011 218991752
47172 841485925
15284 871702968
27630 967265628
12102 975128459
43778 688438606
42386 263251431
30348 344392241
12022 803247084
48658 372848050
11380 244091382
28949 613378347
10351 57424609
16120 107427131
4610 118724305
40866 856032352
31383 456664164
9481 90820408
35760 597945100
21771 977097547
14194 660772633
548 24903478
29660 300263184
49523 99627894
40964 803914242
13454 158797750
21065 30126779
45857 823788810
28532 331555895
40268 317051376
9616 493046325
18820 416120463
5069 236383728
48907 210054450
15708 509346056
583 744578106
48841 45793475
24592 573219725
44309 680220112
12254 933119874
23913 339048316
13503 38792871
37566 709376300
15796 788293999
22433 320171520
34863 859116082
49758 191746926
8752 342209442
23365 736730202
34516 418249741
49258 9694028
34382 368713531
14602 378406727
16245 667107102
21030 669764353
32522 616785020
29923 293366257
37101 63818247
40721 983242255
8079 325449170
18691 653804160
49681 562163976
45418 75920247
1090 563096536
1850 566930769
3516 534453695
46776 771970542
21070 230719689
32944 263417749
11934 949921819
28100 638393465
28712 368971507
40495 534624831
23969 81210145
11739 641580820
31384 130286696
42496 272829665
26522 996740956
39021 879895814
20308 236684715
7171 813651873
2140 81420531
48670 112268386
35977 4763569
11687 337371758
2254 977276153
3632 660806871
31698 347486440
38617 63424445
27494 390000402
23747 904460609
31949 184382306
17399 867582394
17718 721270685
40173 524096604
9778 548119085
43709 597315515
46827 202946805
3514 868318251
25857 912264094
44602 652130914
28498 529365491
37207 107613827
20985 677464233
24429 370889948
37134 975524916
26831 597250993
10951 450988661
48943 695820718
1033 160261815
8039 561596409
41768 482855118
31434 19870642
27617 79632927
27548 242944882
39301 475183713
16264 393205378
33550 238654325
38485 98907981
13012 198852257
3494 663075038
47829 423902208
16045 20998939
6493 505419351
13712 410159130
43588 26937145
8215 749561245
46531 99653488
49283 298068743
23184 773765143
47555 478153036
38787 726336245
38048 441907883
32553 976460438
13707 22703058
44187 381820058
11496 235366190
23319 375844110
40353 435353965
1480 233842199
43480 783858383
2231 417071664
36577 608247225
10139 411414601
25885 9488821
4842 678285612
18068 538500527
40279 837317852
41478 695266644
33015 887602653
35940 152458441
25784 813764918
30488 839685863
44588 119375470
41180 6029755
20186 483551579
23209 985851622
423 990704685
43034 489048920
19237 645197296
29895 958365273
45106 617758140
21742 83261281
10933 75277446
25141 714564634
5485 494441700
18194 832792401
13789 612568249
44478 898518051
20960 373345488
1759 379243882
30371 162611764
42530 899663106
49019 170720774
45143 983284446
49400 850929037
15184 63989787
24558 788185811
4129 764108456
12583 572885577
28932 323136475
32465 680983617
39516 609404944
3173 630527267
44060 965836081
29836 183448799
18269 437605718
10614 194847013
41356 52179527
41344 330135584
4097 421980153
27657 551369990
29067 430219724
18875 406432781
9314 129075035
49662 600486607
26542 864763012
27703 616314258
7154 326000912
455 742852877
46943 94397334
4832 737089856
7428 593090826
38563 281652519
2483 827298599
8363 46081274
13390 205641323
31593 587867820
18903 402079638
1305 649023232
34485 265338682
44164 78109846
24771 975451195
32869 949828464
29019 855168341
44795 591631125
11254 499298276
13023 655054347
3656 286260283
12983 203406141
32177 536221513
37289 827163009
6791 852207062
7172 393078214
30311 678095567
2479 801036104
33958 66120641
49621 207132607
25648 587457348
25151 684053696
21688 282282547
40836 857953756
28630 939670895
3468 603097876
19387 886528313
33000 629960645
46587 374923395
6946 775385914
8564 805974176
30936 870118204
46934 92409080
2509 997107939
31182 750646586
1569 747776786
14330 911689644
41871 438554924
2219 505449660
21911 718687695
30415 450842781
25039 320331684
40801 160994409
20530 441117230
41135 348269148
22713 49466061
17560 196004113
36802 886816333
32830 156408723
13520 132894157
28973 749336926
27677 549743270
30549 282175518
3344 775360400
2114 269169494
38773 451150552
18621 998079799
34837 486471613
4454 909445909
16095 485160198
17628 25068591
45312 285485629
3969 956636253
13816 232655056
39254 986894862
22703 440492885
669 714309902
10925 421777703
15386 922301391
46853 820721862
19789 571619542
41826 699081957
23040 550477089
22766 810024250
8925 857940665
6236 766362595
29656 455582896
19959 896352700
25522 193579220
1673 968481977
42205 829008282
12521 780968596
10752 911358780
38480 686931491
22062 589742350
45519 842995138
29920 140813993
34317 342329459
6878 794181690
7209 760308970
45989 107171635
44940 104501938
15243 985195466
4058 946781833
22113 100933114
3732 381702724
928 708924161
25241 440160733
30683 935673452
12620 507173727
46610 423751889
2113 493805061
30848 857730901
22922 68307753
1728 724178421
3599 404300141
30302 717325552
5321 152011462
8385 177227393
30697 185250893
43007 539695048
26882 294123969
7429 496317194
4460 620634306
47675 820421744
6467 833568571
31119 454994426
27786 125135743
21912 306324470
821 235886964
43867 235703911
42278 755368729
17205 663549675
46415 531742656
24094 804250581
26180 375062985
40823 562606029
4548 515064442
43398 563302971
3105 798676747
19804 777058571
35616 527283551
13416 678089340
48401 526720493
36715 523585284
13606 432082175
2446 633958376
41070 226008790
30603 735328478
24988 156920898
41370 263849864
47433 260357506
9584 518676664
19710 542663542
18908 47137154
37846 43450219
17952 566629055
10280 474102524
47977 49210098
13869 686978090
25010 946006744
47336 649357021
14026 695960459
24065 48337874
33656 843452920
8261 357515735
8005 168559794
28187 41314572
33900 164695369
43722 480725168
47341 674450961
1035 730815366
3259 729832366
46070 559352100
30463 557365984
19477 591733878
12897 591515747
38986 27709008
19848 71693880
39455 241844809
23441 613804081
24683 833824945
34148 580815270
36510 569747948
26462 46343833
27412 131985445
45700 383038945
33221 260574107
42492 555756330
24281 638528990
13015 208882168
4242 738589675
46591 164356877
49458 797186668
2568 788286047
29211 405925647
41058 500216775
25358 857455334
8378 891948921
33595 748856008
45177 381481627
39012 813994744
3185 459685434
1081 556047023
2676 431851977
14565 958403299
14668 455121441
41430 457888488
19759 107840372
19610 432059072
18540 178533028
17409 441846185
21479 967557613
11902 768574037
24256 969655863
12124 793190707
16217 965928012
9436 467685554
30960 682918979
30933 614219124
10377 708885920
45842 593785676
20566 320455882
17768 649593148
38928 981603003
22414 339788264
5641 150926066
42688 347022121
19942 756617564
15925 658789220
48760 94237456
34929 304332272
3148 823030819
45385 616915635
16413 880438141
41877 485131338
47525 295465132
4189 316342006
41181 382928130
48011 243592519
35251 504596141
35059 600362497
2061 554808601
13193 766597871
8737 883932341
40318 214506373
18379 117511848
20436 171278210
36056 787343393
22226 906365219
21123 478201816
2839 745516355
10381 306359798
41610 424962215
2844 30142311
41852 802253945
19191 238133444
36563 456432804
5523 318664491
32250 258130050
15182 256283767
18771 807990239
8971 862944000
44238 223334667
18240 845619265
45843 53342341
44420 439345778
1420 855970775
20735 641754597
41329 427200033
19846 675173780
44522 51260393
39817 274194878
26501 631384415
28244 806750923
9765 903309928
30973 9694103
45476 357596423
2299 659044713
25935 635635452
20938 382545580
38006 773680287
4382 598447752
31910 599591529
21057 46750536
9120 603356392
27271 479037710
22052 883494134
40713 905106860
18308 246279703
40487 523723619
27877 572125773
32540 218700302
22435 208731726
10 864663851
43280 230361592
32288 807670962
30351 567652973
1432 251826191
46617 684286338
36224 725859828
3438 754632154
30279 122319348
44135 854854811
41990 543653258
1942 733039562
45991 677197658
20158 15244654
41431 822380307
1348 952221137
3631 486773273
12110 876818312
8380 834287379
3040 277614253
7141 413142068
21200 219440899
6632 179631331
27346 139547506
38809 661874587
37304 930483588
22026 965403873
24013 431484475
32679 55755480
14910 969639068
23234 736302948
24237 730533296
8326 582518401
40628 512686007
10297 263767149
22514 528468053
16633 830564838
44517 298533246
16069 206023477
14385 522828440
7350 916580508
45624 255287348
49801 736524952
20295 337592370
28229 469837365
21812 567058417
17195 536608583
31072 295528655
12451 196834278
20113 476695051
19502 322195591
35181 254828668
11138 594483885
37479 848829259
40588 519339747
195 141793240
19778 330786477
15291 290485027
34739 638522612
1882 643023705
5840 480302169
29190 606783263
34267 227669781
9452 827404751
22471 811457278
27561 292236654
10281 556248134
22370 449177045
28837 149550532
5306 310431852
1275 913396919
2636 239279833
37599 408219548
17071 790339038
40854 805576064
36561 903401392
49002 810611917
14908 375879020
15126 709539533
30008 336435855
12537 436111542
20803 232298014
3407 636630798
39143 841770255
35729 267665456
26927 448644886
6783 487852629
1471 141426547
2273 298918042
19325 241044603
15250 509022633
30091 956036671
87 16609267
3229 111164093
17879 524194012
17372 75333137
42666 221802751
39074 544861955
35983 469425853
17132 277562310
15508 501884177
36158 510331199
35873 820404437
35179 153828719
17792 420447916
10359 485140615
29906 950276128
38126 970548760
34749 337949523
5324 497436507
27519 958003035
2855 270223597
3004 467043241
40851 551781672
15415 640480430
22544 60179252
10019 498054270
45063 653521582
32570 927291419
29674 827081203
8341 544807700
41428 523527359
5235 311480711
29037 345904479
28614 255923332
34109 782248390
14738 980299651
44605 215468129
19665 590005283
7920 871178728
19068 233344258
15165 501560387
14821 956777833
12404 129825449
49968 453923014
1806 876658910
14702 26712588
4913 152845365
23723 270412497
42969 680778120
33569 645709410
8837 990818315
29502 434560251
29415 649519724
4828 99968537
23272 930017133
19679 987191882
2462 854927347
31540 908548235
26653 804665113
41355 55936213
45446 927288895
8552 204837
12719 862572004
34973 636101743
49093 536112030
49893 302394871
14033 19493460
39557 158416106
1155 235885180
16952 383567008
40732 367730749
20253 226384061
6788 182136169
22912 762338191
31412 790732976
11962 157086319
30911 418570464
7296 786821708
41313 150522492
46650 940811082
2847 856663082
4201 593466299
16177 588294916
32983 770951639
13031 125114958
3239 68912019
43211 384549574
22413 969379832
34390 478227422
16436 559531140
29588 879512600
26617 162168266
8763 172327699
43599 884401104
16791 399914268
32608 385726819
22825 223664221
29378 616884462
30797 521014140
33277 151298451
20238 733331404
6136 814217534
37201 532519038
20195 314555554
14931 807653856
28903 165251631
46052 998212440
25569 587541122
29337 816415040
29274 85778231
17263 445105042
33740 898846541
6784 29460083
27917 633330829
13311 547984925
25289 758020436
4695 108953229
276 401174410
30524 812173784
20821 214483275
45346 687560142
4464 656598536
49454 324450840
45483 993293229
21930 353944578
41122 912097689
15700 575896527
31159 874333368
49342 305363283
1887 354511170
30339 393013085
38686 891265160
28928 40775554
17892 931530032
28793 418096189
5676 356685601
21705 62698130
4261 894627838
162 436484627
15685 557961393
22167 177586045
15537 327683267
29683 748337481
12335 834906682
9614 166409366
13679 249198779
18715 341320587
41117 868744485
9997 23635625
42984 115392505
35189 435979687
7476 768477744
4012 518933725
8338 47453681
17001 584492014
25714 4284582
26730 374239172
11390 995471798
33585 417522555
9981 310372165
7411 421261942
35637 712953353
35910 119225444
12702 886196387
2239 842763169
40297 339504967
480 43870397
14044 201240725
29127 103117298
26833 674687457
29649 184517000
25836 427116865
10685 781802404
28985 569418052
996 374062152
39995 349536050
38712 369144874
37045 574013831
33959 727927079
32356 524317052
49325 830791743
29326 935627681
49751 882476410
14418 210052464
28718 558038411
4091 10166292
34554 669266354
30435 320571169
19329 281171018
11887 836090296
8240 783159747
13095 113156026
34981 559906230
25421 301921968
40096 932604785
1972 570577276
48418 44634172
27983 797326175
24341 119618281
24222 92637672
42209 396795884
3357 859331633
35663 688735480
14888 217582913
24392 727640426
31927 997352544
5494 596020272
8955 854686363
16878 388835715
7395 484810853
36555 441608577
12781 647009586
24095 134451711
20290 290517906
9090 130506386
38577 44032523
25661 905216221
42190 410761740
8995 8559751
5521 341472360
16563 670633695
32509 986612489
40188 541667432
41458 984419484
30078 530716975
38192 96355960
17953 466125398
32026 248397789
25198 192922200
12602 775588026
31357 989127248
29482 3450720
39497 210283917
37188 387527340
39537 593251853
48928 832775425
34831 891783408
24661 396286632
27595 906337563
39802 940859709
23476 617257712
26785 255107420
24154 295388903
3511 703515454
24008 400097429
27235 31033916
37147 685542620
35331 261404767
8656 623993484
21900 500129741
29523 394297081
30317 348894569
10832 277826686
14692 990302930
7529 822627488
44489 393016947
38397 526284412
18120 302452926
26660 333332697
5899 203335988
20515 959732070
34599 486515153
32171 491606009
8883 230480842
8506 723637849
14311 666095502
31373 130059978
18608 768611294
26063 240424641
26886 161908819
23049 716436355
33247 932856966
24938 595950586
46005 218029261
17886 418127340
13357 148670161
41687 600785276
15804 163859939
18667 559921375
25343 449105364
30370 660091012
42901 550794689
24852 471714962
13158 340503635
43295 278494203
43391 124209241
32550 133201920
26837 760849003
9643 589602762
25138 285204583
26292 153327394
40725 834976087
14014 281933542
2116 841195750
18304 586420714
2710 546005714
31848 108468583
2417 28998955
43909 405926034
27293 213979136
27578 582655842
13160 717275131
17455 126342108
39013 738257682
8586 923780274
38210 94110407
4456 468314700
11946 953117567
6592 461766249
20514 355894078
24895 609177333
41229 444721546
11376 219753655
23299 883023887
19568 718062632
41275 39671086
18247 230775379
11048 186711172
8726 407874781
3043 670206326
20949 5549356
46951 388974643
20825 969880133
25264 223850967
36751 951836034
48316 315361130
28946 370818803
34378 984596892
33625 665254877
18924 691962083
7132 974722595
25684 840821342
3377 605394792
12446 155039933
42142 674193628
26509 367125320
30536 156420240
35112 543794270
17187 530659157
16173 254164255
42413 215771007
1335 834118242
11505 770580928
24721 997092106
41709 196609644
32225 806310451
9222 172020587
11074 450976353
43674 53328162
34385 204221349
25116 854656492
42187 914488422
2032 134680089
31421 216959803
14227 706602140
42442 69614420
21322 337215389
7966 625663887
23926 3442785
6046 606418228
23471 567246992
1680 288391184
36360 672450551
46315 890756335
3917 399137748
42032 20874337
19310 265654260
1804 518855304
1017 780446274
30702 73195459
15724 442406119
20761 970028100
2802 948668668
30072 815268884
4405 72848894
46351 340470832
21677 226514609
16201 528537200
6544 583970966
4775 578738561
43347 77953625
27430 292301684
16195 929743646
19429 132149461
27991 888962851
15639 89048235
48873 524918933
19714 622059049
1113 383294750
27633 815650804
19625 110741738
15275 901108432
29028 265977062
40229 569121680
1667 514921667
31542 639667612
32860 466764327
48322 859685780
2112 906360966
6098 583980172
41508 730731027
7747 357473023
20191 794652750
25008 250019014
19858 87390400
46823 401012479
36960 192894236
32346 412538983
44556 116474746
24307 156547071
38618 320395838
2890 614496426
2433 918047908
12705 464079349
32290 402455028
11364 325770467
27071 891826343
9276 512822407
41715 724899025
48685 230989149
35730 249394338
7166 100334912
3094 307657698
8438 127454366
31772 510203177
10065 258247000
6033 804030359
7273 686110893
26275 824832288
32963 454199501
29301 3750867
9097 755246604
34246 722749814
32970 435447425
37372 116943698
45914 819258525
42139 45665502
20416 190185768
6199 300762563
7918 359992765
49464 597788324
44131 592780424
16995 621694233
15687 39922159
18344 55514721
42317 16488675
26037 751146158
21646 851928904
39757 764211477
47041 293624716
25624 254846668
15544 70472446
23384 758972381
12479 259609130
47389 189343706
28275 567740360
12065 201903029
36642 155998968
33842 445687362
10117 343128280
38952 715347842
45504 228823066
5375 874002054
5403 409502154
9870 807679391
47305 48571700
26714 96812655
35757 11341640
16508 478605077
24170 552202553
37856 390658299
28194 114361785
2452 619959219
15116 231484131
29805 524083635
49522 303794341
40820 23364780
42118 548969573
35807 722260519
4311 827809991
15172 871520443
41354 821076353
23418 340764097
4399 460050382
6539 590347178
12810 382621629
29546 834565831
31268 313855501
40689 943571502
38487 606774490
8144 90046643
32825 979897954
37731 285739132
21446 357063690
13303 611534826
16052 368630435
28470 630254136
7822 239318781
41432 34254736
4693 514331225
1592 42756040
30100 42860510
41398 146511944
17659 272737584
20716 607777411
20913 871690952
38298 203497065
46264 405538096
29673 15759153
2389 138017032
44897 823420046
33913 40679682
17882 594766509
35406 384157420
45959 538008606
23065 542989312
4141 992200127
29421 906864235
12435 276500196
10939 93000434
30971 580232830
15915 872974772
17267 242191923
34836 623893232
27853 126648986
46343 420489385
40500 34985005
45656 573384613
16639 533031754
39334 958738088
829 775625373
32789 253443976
39951 363422717
18276 692440365
42879 977792817
29721 965203196
40787 206080595
19871 45929873
30058 251419768
29835 726276530
9438 354567763
19591 943624696
48100 521563993
1897 793092876
9028 187467417
46887 201620501
13837 167375073
8569 75955362
22758 213192083
25860 746571914
10102 898348634
46682 196790422
25762 412476429
35217 681830868
45077 363986685
26552 249379850
2298 920765043
27116 665410810
22842 122087322
9903 78633230
31103 300916720
946 366003891
36769 43652390
22815 879127706
37792 314356706
44179 438760411
15194 756944194
38890 740485799
16554 769701236
773 545428415
20267 595556911
46573 88762456
47398 15163776
19278 778448657
22889 464195237
44006 672449033
34327 154322638
16572 894649660
5401 273795760
28830 855096187
9663 237302601
47759 957471531
21132 307342929
48483 897646881
8581 539197604
7239 81297379
36445 763627502
30047 486458835
41923 333348386
30967 674002264
33331 476621293
7459 628514092
16102 417705754
6541 589294270
47178 573575054
31244 982332411
33655 91343910
15084 142708898
19730 353255766
8205 255515404
22931 735799666
36125 860548815
823 998881249
35662 558022856
37213 629685443
27211 438956046
25205 462479431
41828 540469218
26800 352215257
40339 61981405
45651 307393315
11913 527815333
44802 6295527
48122 113995617
18318 274471419
48164 735489584
38180 777113287
32124 561253195
11115 807477101
29490 865724348
28900 354932654
10421 246450633
1375 295597105
48780 105632832
12106 250812268
37556 149178276
44334 443766222
17242 122157872
18103 160170959
23716 936920266
47351 896873711
19531 416006520
2115 682572534
40768 731909334
38402 297513263
16852 611018062
21995 468571006
46090 753196590
2915 668596175
32442 793119147
29575 285655492
35865 551949707
36442 784876628
44853 803305800
7404 255301610
5852 474411602
20561 338065136
42428 853195101
35047 907327512
6502 305977837
42397 723693415
3119 245436867
1551 311353395
10793 291587076
3327 950194149
44418 36655367
15991 532606231
20756 109393040
1158 470444629
30805 988710593
29623 501560456
24271 794985751
34926 214467955
38022 65448656
19931 197704761
21399 68836237
3801 210328957
9162 792074627
44537 528489120
16238 362332640
11343 893182404
37144 19926989
25354 581741432
17253 348051065
28316 206551283
27419 560474889
43330 285994843
49155 88089074
9750 950703840
2267 600490715
31487 727541902
2312 459911605
35589 347696057
48452 783472047
33930 700288282
28171 258871615
16125 328173967
38854 108812934
28895 484026201
32503 240430727
16368 429721416
14731 973842581
35990 195559818
7689 657638128
8353 590819548
24338 408057563
25576 712976684
31534 11078892
25147 986848477
16422 741482677
1215 3712557
47541 620990367
36425 777716958
13583 866024645
21062 243639533
46056 508610327
14247 866175753
21540 39856598
39707 103548928
12311 179450093
40775 136839281
40479 799042423
18081 423754807
22359 883510628
27575 695531553
27076 234301867
27118 883219272
28211 409945982
16538 780598720
1245 24866439
5217 816998959
35033 57960808
31701 942494450
34982 997962426
17640 537001487
9104 260468406
35681 624485217
33949 670114902
1970 208781622
35576 19313005
9264 511335948
9992 739012309
11237 660861286
9658 57230266
38792 250650264
19181 609092136
25543 610939493
39427 505582524
10026 672969795
7922 248684195
28159 343141523
15457 60220817
6766 305252941
6896 370618022
48555 330247051
30475 551568472
16427 628776733
5709 776253213
36478 94656792
46242 755165998
10498 796942882
5250 96078268
3423 317351625
18200 149272327
8210 173971472
15865 183148256
8931 435365719
2628 233488655
43253 686474980
27890 593532344
27374 458479925
29578 984329652
18533 643439493
15795 726283020
23310 452013449
32373 49008731
29766 129259583
21365 735606694
23862 448780679
46842 759717946
46602 361623361
21619 113461915
22143 126957184
16689 239225699
39635 898015265
35306 354969811
13719 110532487
29837 953156929
28753 959907206
19141 921604970
9576 89068247
15614 707204391
459 414908198
49007 953355560
30998 843829719
6465 454400829
40571 244791836
27444 763014368
16600 922665584
29751 899473685
27026 380532992
45401 465237902
30135 464318479
19421 389386082
18391 651107839
35544 427232552
31669 501829680
3616 349561171
36896 722560835
33289 759831366
21996 555371671
14617 371413121
2291 978217873
15953 800460466
12671 325178076
22557 299515212
48851 110510004
17223 671957008
45776 631468938
14878 33109866
25023 691974595
34460 107153108
26680 102003098
35779 268910503
49064 387103778
24907 796990342
15880 548064022
29116 486876504
43152 876345918
48975 381962435
3600 632047263
14185 250120215
6701 743958292
38183 897110072
10405 814000279
37806 352175723
27913 53691715
27643 328598766
1775 359349212
17990 745925959
17103 706637341
1388 290728121
8006 330201811
35949 469660104
46421 519656150
17705 625197659
30604 827678254
22336 468952959
12235 951001863
5871 747255185
41280 38535950
9768 328037953
12738 31191843
34517 935562016
45809 722621472
15912 548263883
40705 964391382
36409 30782548
34595 956105028
14919 5186409
29352 496121221
7598 139777749
1788 479420497
14305 148599044
677 614099160
22165 711223809
20893 45580640
8334 66132288
8921 196541285
22943 550752211
4343 715308762
22599 49945455
21624 958097634
38283 325319655
875 168624657
36348 224562184
21604 832823240
49873 177540009
46171 36696309
35501 85861124
3764 205527462
6378 345685053
45073 326402453
47233 890017414
4258 6851428
36139 166557138
17357 916346974
27253 337749645
26185 678663752
2012 481486412
18227 218443812
25334 621405685
45557 408122227
40187 113288950
25183 725366312
2341 976575410
24251 614596226
18998 166796633
25643 371003162
30755 357786855
1885 924470572
30510 297304227
42839 926255697
28335 742465736
37308 729235472
1411 989098118
51 565401923
45311 202832629
27290 350697298
12334 763723868
40133 830073150
6753 581534748
1217 407411341
372 457987422
22559 121845767
33586 313154651
48904 886012387
6622 212104205
40786 14054573
30514 912482258
3889 698000833
19040 38548360
18498 663369345
25053 680787269
16247 588394696
15006 469498150
59 701539777
11536 590579910
34864 731283684
17770 744431519
4869 911260095
18554 381617738
37673 378503465
39766 977013737
18595 843460618
5649 320046199
36448 273222568
47023 543366559
24507 922629939
30123 185291061
17368 74933120
47335 476111823
22742 640079471
33564 521698735
30110 593950700
14685 667244231
39927 226555418
44156 110609832
47895 597507872
17756 237373052
6440 781522998
47180 398834453
31428 55415090
44824 16790754
44415 685275910
34935 940248450
7523 990434466
49073 138176818
14935 318159595
34555 606078118
48052 384948470
14677 963419401
1584 797423708
49739 204985452
40826 167325498
37467 429318947
3816 336950055
6957 829490403
8849 365313336
32265 235065948
1611 628810000
46569 50356906
21963 478650674
46764 287297703
13875 962276613
11295 453801617
1581 282041623
23094 244213158
40459 362549136
28010 415829546
26317 64795912
6459 559689159
32242 398012989
13299 14525186
8456 528394418
20368 174434113
42089 663843835
43510 203256176
6494 96547759
46878 490341755
44763 441593981
42268 762411846
25715 668933526
5925 676442312
44066 57908695
46971 598938534
8288 200672554
15738 767558710
16446 836584269
23601 822685511
9320 965053344
30425 494739410
46305 296486151
12367 930149933
25844 194310639
39364 317968929
11651 518352169
38450 772156070
38766 533472715
29823 138727449
15592 593703703
9408 774230965
18954 19115685
48666 935862571
20518 797046908
13701 518336239
39504 800947286
41095 432213717
22718 63942301
40415 298377697
32430 16846665
5999 487247695
34813 625566815
30392 720665396
47754 730758316
45592 856505735
8846 605924801
36699 450181037
45962 298309719
20431 945559550
3496 475612500
29820 681166049
26593 139782263
24377 878015454
21986 43556660
1577 466017388
2375 828591364
41569 182733986
15242 187032372
691 462621553
38904 734067245
34444 523586484
16481 69902111
9019 293857935
6386 38118118
37887 614333202
36789 921931998
376 460638682
23752 435434234
313 763385140
3866 327391893
16126 626473171
39786 49938625
45846 93672150
25963 464252634
47836 475995018
36731 772342858
49392 187504658
40664 204465783
33887 670673926
8732 305140979
23614 756165877
10480 445052837
610 510657192
42423 817821021
40329 63828293
20727 421915397
47539 3130529
11655 482724607
39741 350343976
14475 484301723
43583 642648918
31152 691341376
4350 124338921
22054 137126582
27390 822065792
15144 866993816
42963 76799413
19442 938721441
22781 779906931
22220 617127328
24898 609282512
46404 500759308
74 958556694
2101 915720438
11067 860010983
10277 555924646
16404 124454641
34612 111497907
10792 918902667
9599 768184308
3371 46241028
41721 898469461
29430 296645146
9137 493701749
24209 502234023
18899 741064338
36193 202367938
35346 221980521
21082 129818188
14529 179814110
33699 732631544
30120 590374858
46380 451721144
10716 307393240
32090 53238438
26720 882244752
48129 584395830
18381 297837660
31527 356133710
17282 698736856
42632 121572688
21438 342803117
36939 971313231
35939 762239522
45038 567369706
2655 254820384
18791 767537598
1421 979570960
36710 741618204
12674 745490824
15889 514768494
38262 375132831
39665 592778673
19686 766840548
48535 542714232
45013 566050482
49822 333827338
39518 188490212
13706 906540435
7761 366854307
39663 468150873
47556 932503321
39578 593363530
12482 970655668
32966 373633288
49047 658456398
2095 841855185
37943 784042968
47891 901905429
15821 471278267
19064 63003891
13066 537890321
9011 980138434
2976 304609654
47031 828872149
47687 55895892
29953 851225844
21042 399895345
43936 82327562
32082 584450164
29000 323713756
25737 699972157
49103 833145689
15380 457261885
25403 911790310
14263 436997367
28988 947922986
22580 917258759
29690 532023368
44167 363832985
2225 23990089
46105 735471788
27010 175213506
11564 816845955
1791 512436321
8781 531884812
12831 808742536
12147 761949562
39444 187440747
22416 203470674
35532 109776597
21353 211524872
40579 163384625
11033 491115077
13393 840533807
22217 768638040
3433 221222239
2171 419629053
38040 769094777
3455 556172721
10143 981934494
19621 410470182
13819 902966313
10419 775640262
15114 449320074
26883 985912176
22087 124200495
41908 38034132
1866 425326013
28622 905386814
18372 337377461
6944 987100569
16491 192374696
39821 167601348
29711 210905821
40273 326680348
41720 25997172
20847 126937861
25276 879899854
41207 889632724
20575 308624647
9751 639906875
46589 646852629
25174 768462312
5363 280545340
31321 563581583
4606 533391106
29346 985934655
39354 58434948
45244 243055288
4514 748420544
22047 226062296
38559 674572167
2677 750451721
44631 973204998
48931 294012940
31978 871704554
30001 266543496
25178 205098446
28823 967948944
31440 332271827
36620 879576318
45705 117179184
18754 933432533
7306 33627766
1757 174333822
42794 237384323
34468 700026176
2258 412563956
35660 541846881
20822 817397989
6420 366184709
16619 647656344
18832 262126373
11294 631389909
46439 508158436
29608 428258558
48388 484241604
36156 245605648
39084 951908218
16489 791811571
15547 895127973
23397 367987400
25363 722002749
1130 258866157
5260 413449614
3601 880713089
23665 279930807
1743 834396381
45085 772159072
7071 558169936
45669 60642110
38614 688349979
46834 686384592
22720 892698933
21763 337702202
29186 291669818
25512 363647248
41219 858212788
8045 789183698
14269 643591957
20745 682924324
7607 748638005
46393 592916979
45131 440852717
20703 364500047
32920 817050264
17464 422276686
18417 991401404
5057 731068052
42119 888559183
40503 833154216
1965 222374675
16341 194734341
25431 890341303
8663 273617247
43682 150726674
39185 342566439
11089 379237543
24666 657643211
11967 339881627
8534 594580409
33309 973932687
35166 191056820
26674 350661715
7274 299708529
18233 344960385
26724 721055994
33853 316589862
32317 475337555
39261 326920296
25415 615673950
8025 147890962
30225 731663742
46791 742880789
22915 38574761
32464 566755970
47769 680255794
39913 179760069
38482 969797500
23491 745303045
30211 874238767
24843 379169290
30136 105620526
35312 156024967
29063 407058454
34846 808188642
15540 665452192
5515 438759399
25233 687239262
17897 269401759
26453 130043773
14967 396059084
14012 23553793
42944 646997892
16148 466570941
38956 423477629
44568 835857683
18817 731021622
25312 687552883
49518 780217312
43256 7242119
1890 565859519
19350 809202414
43455 882234626
6240 404303917
27029 280964044
11471 885576552
43803 427459762
32958 243288116
29016 503853606
8529 868551023
518 249839065
32297 366011253
43164 620709362
24595 947401600
32879 677679447
17692 613477639
26452 214267682
31382 366828426
25565 261227744
24722 976551959
8445 458857316
21698 421930296
643 176650692
43411 19726489
28011 951173980
3068 241597806
47520 226262745
35224 599268447
14327 181504985
6730 556112662
15985 145797042
29984 565481923
37264 498391292
13852 636102863
9600 626245412
45266 168553637
39888 33210229
14120 888688709
13727 863717284
38554 797269056
29201 743349503
35401 221757601
36435 189485122
33986 870482470
36284 774837192
6233 611414584
5939 322094088
32835 574443559
7014 418320529
12962 326217446
100 878383223
26449 546361511
31336 665161520
10213 334792284
284 820967444
38197 639208949
17033 795212046
41929 374957646
30191 138687621
39253 422537500
41873 167488047
13821 11708690
47000 526379176
477 522626020
9227 182470980
22809 662279733
1222 569571521
22276 996708870
46310 978856044
37338 287548858
30014 990532172
5665 201504197
42517 35085898
29185 986172089
48190 296201653
9021 819449319
21958 948058595
5876 691961123
27164 588191034
1774 362391413
37009 199957536
19057 963797497
13437 321915721
21801 714438349
460 59438687
17446 407492850
16468 397126970
25139 386009044
30577 559791552
34771 349260253
4551 836364633
11468 654063658
34427 851722983
6712 448984350
33391 776267153
16285 919417247
37278 569171252
44788 372381756
49129 92574793
27918 486004532
42245 436235428
16196 850514839
39851 209605722
6454 324118098
45603 795180072
29137 443374860
20177 404735051
8764 233407899
35599 55305458
33367 156789131
30731 671957237
17266 660970941
48306 271864581
9419 769418271
41903 87981809
36507 472642344
46655 207411958
9127 319520631
9385 576290429
22108 534274
36891 840181054
39225 609649818
15782 432580879
31940 316696654
7595 457680435
12748 523606188
34041 170604820
20651 68431494
18108 6949912
33805 595550817
23166 87944354
19812 717320946
34112 48810751
34077 86558709
16560 273072630
40767 903507994
16004 449086222
9039 962101651
47237 790288516
20707 10985546
9688 188142346
40906 525830886
6543 233627944
46638 802842116
22906 688029467
8209 12335193
13885 935739537
49545 685884526
7626 755613800
2306 539968488
47476 452241087
11087 200567503
6754 153795700
15743 287997938
48421 128539717
2052 488747301
44829 483018785
23808 359533994
19659 379096323
35459 268679065
44819 265539925
9572 833059034
20150 832876800
40154 81239035
43602 579156736
1846 72284660
26856 382675366
45274 827900427
7818 415383573
42905 380038634
46226 66544251
39181 899204945
33246 501906505
20890 130601877
46533 306063891
39978 483773716
5197 845020401
26909 789970044
41157 349564105
47038 156193959
30637 662029638
26308 601121207
43479 390622944
24893 270561405
20210 533133666
6306 354470682
45458 496779787
8833 357310659
38571 451711793
118 228229356
36091 514498542
19570 768226553
35431 831751317
10517 901508577
45928 601309248
48380 459866183
8553 753629771
20007 571294129
26610 493930711
10129 181225100
15703 21731514
31710 72343646
33329 903784150
48843 767337244
42462 207498997
42506 304406894
25766 423627003
132 344520744
34183 533457737
47692 804287330
16160 293238376
4538 15561248
28707 766691366
28343 325888951
40506 222940166
30346 381894231
48669 954611509
7593 545577917
11330 118126718
2499 102273749
6400 279942863
4417 32076093
11612 52918074
18289 751674657
4596 284228190
43360 907888624
33468 629692853
7571 776202842
28788 265156531
1119 281462106
22091 902579800
20623 922375586
42013 897646737
1168 299300784
5952 291984118
9519 539664090
42059 785727518
33755 815123004
44189 55612930
43821 80428453
33781 716054247
1029 980314943
47248 726614338
21909 968325720
32886 262678617
7260 17106130
45441 477755839
16507 863586411
31192 471336052
9978 983414111
1876 273024749
5601 561535199
825 673062797
15050 138521535
21564 9959345
18272 784505497
18640 782269342
18166 57978726
39487 795433595
32961 200724676
6795 967769015
26214 13661917
7841 848623512
45462 816977478
8384 989828236
22571 472772130
19827 682299703
45017 305126582
28246 51010106
40792 971171155
14671 340410787
587 640910000
34857 245190532
4227 267344965
20560 228582355
11553 931013410
26697 82925341
18966 865306056
19708 158048035
24599 355703115
16385 136039651
31217 764762591
25866 299480727
2620 842115302
41079 232891790
44201 150962268
167 739200954
5801 453032463
38734 796106095
29685 981034539
33525 677465603
42644 382556183
12039 141781121
15788 557289140
45534 751132404
40779 162729983
6277 966253681
23353 561264448
44234 582179420
44535 500820440
19130 316185629
32841 373641290
19912 63731845
20577 614041706
49498 258571179
20306 387584661
29338 774211372
18965 78652766
143 157199955
47043 832572890
3360 679097223
39259 237943518
35864 135353337
10311 29284554
12498 165513301
6131 762671004
20689 435839716
27420 959331043
6663 825087967
44106 570067282
41223 451734716
39910 960691384
29528 890564274
42878 310209600
43276 122920788
21136 338748717
41712 243086583
37691 156608805
28115 770206897
48153 719092620
17307 524998426
11101 850062132
29522 30586269
40009 600837410
36477 351873935
46042 525334665
25079 321732522
46108 22746166
22428 956670851
48522 72674352
14726 687509512
7563 627325572
16909 86004643
24043 472790700
18944 958160150
9838 371874827
48259 264431963
40033 656186786
48612 201290612
13259 665869801
21701 743297859
21550 90576631
20565 687175263
41681 30631205
7321 520804905
33065 917026814
4715 621333163
49247 443103575
1892 266235884
14572 688038988
47036 408833819
1615 564087487
25763 200833007
12520 506471079
31310 213339793
38811 212552997
2196 305132582
3106 802281719
43518 540299477
3850 988780399
19597 526352787
42183 641581180
32621 857038709
16930 132231477
6928 573718670
12763 389923180
13196 174484725
45997 717037606
40464 187755659
26852 143106857
32517 615961684
36272 770321814
9513 424301343
13378 423716024
4876 669324227
7994 902611198
16416 303947345
46821 571397357
4 773027148
40439 868692293
34201 703426195
27440 204867525
22004 345471195
21214 973617167
23070 358944234
7882 545618015
6964 385200359
20129 11869420
4269 583562967
24834 686865884
4229 228726245
2650 381422724
38419 784965320
49671 331239697
12893 798651888
2038 817620111
693 214589070
10426 572803206
6704 997602846
42577 857733764
6026 253972330
40868 232406551
37438 712111746
30883 468834315
2765 839573712
27047 211106878
46166 56897546
5062 213375425
40207 451993250
30246 751329916
45409 596116061
23653 349076111
5568 61928735
23968 672924518
31922 178760547
11763 393462832
13333 56544074
33271 82345397
38954 607862455
37510 436900804
7901 933744941
42604 148209440
15024 212692577
45157 857690359
19108 123621948
20595 543756507
25706 910922944
27532 115780271
37495 778431531
5804 438732869
34138 522320853
33469 413134981
6771 955714813
28253 402229418
22491 831112584
14325 744412032
33702 524682283
38454 568173965
31234 504264501
24993 608647709
13964 552805016
18860 719470275
24047 580094523
11044 653817721
45729 38296289
49463 530457998
15461 711126075
46238 551029787
4083 209857647
43026 649095675
21532 308809138
36551 325878377
37376 607816699
7441 516272817
15276 750311423
31205 319282118
24224 21428744
9179 658065874
40576 474992579
48586 529625211
25893 814885796
47528 541150303
47419 403138231
43319 836592081
36233 76882249
33758 514310296
48123 546266465
48279 611466050
28906 845206643
44140 161041878
9934 570489651
32293 312359496
18805 336736523
32894 170347877
15297 565840756
31307 311564021
263 941490049
31931 703567025
21593 503288013
46183 439647267
47916 831677336
24276 954317043
14689 821416232
14755 494089592
12753 427797316
26161 656775982
21708 722163943
9488 231051217
35308 561904691
4800 89534467
14162 515503377
12418 126575521
39314 107026924
6774 414392847
28539 828103037
48444 180241268
37331 352014579
26839 365536956
36017 696687365
46794 645378918
23406 939683203
13351 654973737
28951 996113564
22411 530990690
7672 257704757
20189 178771343
4384 128693463
12096 648542859
24248 120305376
32470 63792843
29407 284635843
45267 567585480
34431 293614011
13710 660508155
44117 899899629
32353 554752977
42788 506405226
5400 738713401
19613 913673743
2497 906764577
36122 699297183
10858 599898324
44581 615761603
19337 4209143
10923 105053693
805 441863705
28302 699187316
32526 341010378
8818 661079752
7659 946470187
47066 782759708
20742 851250191
42067 218731867
27869 492687447
42621 546278354
23773 575611064
19364 102890314
41524 236508397
42083 945751123
38323 499173651
27479 38759327
36913 671427999
42320 304756506
35466 866623863
31658 723626227
19818 195863628
46994 971385560
45339 108430933
19682 811230451
6188 192155457
28153 5988839
24688 849419760
40720 173939977
37791 759164732
3355 61801441
13096 276082454
11036 762436508
37878 342761792
2257 705375133
10635 690739018
49252 233880338
2665 303166216
36657 652888881
26467 768891179
6837 851333686
19258 58227832
23059 535886929
47259 738052878
25933 440554319
29919 97103125
32009 825916049
4680 510720983
17653 880060696
14336 888044563
24062 559096734
46191 982947231
18630 68538938
42456 26254333
27463 451286310
36875 485690991
31047 199925651
46021 341866143
38395 608103352
10122 151632359
19528 636971358
13122 695667275
30067 282179391
14477 931024040
3477 134426531
28657 14730813
10265 620404169
38729 791906734
48823 946898298
35579 367144504
32425 828506203
16520 698440688
25218 369499857
41701 579232109
10769 283909341
4647 625901133
35397 841726233
39931 94004229
34502 286258663
11824 370877596
45760 789804773
45259 494740810
1343 70822265
35967 489669546
19412 66573352
32699 744402538
14611 219192606
42370 548164699
24263 424029516
40354 98575671
47925 265908788
15164 723271173
8731 877812374
46688 147504735
41024 918658896
1416 899392621
32797 350784227
38398 34180243
31368 78895014
13580 269838654
30176 257019283
25440 196864070
2946 409344894
9231 502903753
41819 443864986
17051 859047751
14484 846560544
41215 556371678
10615 7286934
47078 452251825
3425 682409387
19021 395761964
43655 781839202
44734 306593473
44877 992794185
7805 487695999
33258 752310656
552 994566611
44452 662143438
49262 530452643
1300 787619335
12177 59662670
36290 570313741
5071 237927377
36961 734348127
35130 480936900
32909 490274321
21569 327986786
28990 335019519
48019 33472344
47025 695022988
574 704883046
38795 545964754
14968 704976473
11285 48974691
457 921657576
46743 28327999
11799 284416399
13459 572243829
16858 790853886
12793 987918172
28579 730194531
26013 602002517
35657 50357940
16915 504809636
24648 42214251
14238 549360779
19870 575672130
34684 97070493
39774 196373098
7542 655692296
26872 323390733
1595 151263230
20226 820726392
15219 944299403
19643 488880112
48347 223950055
26686 13581138
41026 461817226
4728 826795703
43129 707336248
21788 996920344
43921 815461248
41859 11127722
21350 133263527
8720 112168304
27229 380188833
7420 860042686
45037 801793892
16270 411943623
25819 107858997
34632 391109561
30399 65950166
21663 35421757
5180 288545001
30550 946595661
23744 179614479
1032 690622622
24461 840170213
10977 694276345
44407 879831054
44100 165634671
24901 970268046
35706 309576427
38755 443929018
7117 17138755
26971 407299204
10334 226354427
17040 61499062
6000 956261720
498 960081529
517 505154877
2418 427072985
42795 632016346
26210 455726966
29871 305274935
48151 961801198
39274 8696597
39122 139075231
10510 94402329
16979 649432899
11697 788397778
1888 484130164
40718 35419451
48381 649146698
4406 51303110
25441 536274959
30660 790517036
39059 770900705
34473 943567713
31160 470770400
10608 634846712
41808 957901641
36907 810928634
46609 226022448
43091 456578474
48549 43598570
32025 28961660
6118 510747492
24335 38252433
18654 276527362
27059 520311230
16321 572909740
16101 713242110
34404 270702964
29484 964064090
33409 361818860
7675 69522627
40118 75703603
16061 345655674
7783 998357365
29708 191053662
43033 245682642
47380 269792561
40614 60272666
24485 351129495
24000 463173663
16232 136650899
42548 948647871
37877 695621131
20581 422092998
20500 136056556
42344 714422003
20040 547429022
33314 585499602
27456 895272249
1307 938294972
15551 311429156
24387 465802167
13673 468805677
4787 148101532
37689 706379377
37647 139896166
15780 258526140
15210 303975203
31923 92593507
35275 492283556
26379 580731965
36332 71911771
29627 212749872
41953 170037488
13014 995777314
211 699737594
11734 907664839
21582 472023278
31761 318603359
14063 76570688
20843 741902661
23634 579715303
7081 145738642
17066 902026379
13510 700071481
37327 156786488
43498 77213031
27538 546684352
48056 812618881
41695 296621776
1407 451893085
36527 461231787
11190 789147176
31787 235519177
319 859251973
34237 66275647
32296 806623614
42997 747677574
27020 888848157
14235 733845736
49487 257673531
34329 568702765
36227 92530254
25596 667320136
43942 335959194
48282 405738928
48476 534301007
6768 738332963
42787 895463147
47956 333246721
45687 999420621
16765 975666158
11696 641953958
8358 283379461
26458 799707199
30200 709877359
7182 627648578
25252 160364694
19932 480999111
30282 590113348
46137 686166869
35263 427751611
42554 436715047
4266 550782383
32354 482979801
29910 179271711
11302 64542261
39151 652946676
5179 228059058
43408 849604218
26843 14062284
5620 338046095
18397 372613397
48932 365630576
11942 361971402
27723 63025202
18427 20665515
37288 508074804
39373 574793198
4513 225560150
31194 81723704
16622 707483946
27663 661265635
17578 52045723
13970 42000826
26821 723636987
41177 815940163
20918 574532881
37748 501929216
21611 715472237
27926 637902425
29748 996504857
28646 659085685
24594 382486061
40870 306259180
33437 61483202
43193 802306910
30808 164150508
12296 687760313
22709 28144016
138 834818312
30235 198844518
45297 696712395
10422 820058369
47649 830099014
27240 44134684
24116 939471027
35929 685929610
45654 358459741
20230 694630732
34168 668588909
13528 878015950
24886 713273691
34916 372939883
45529 374625362
31346 507074175
40210 665139562
49903 186661265
3222 55870176
35425 387902828
11010 385151791
18719 325683764
46483 855221650
28321 680688807
30355 318608979
18072 989023695
44997 772635758
5318 594288279
10074 617853565
22851 396824057
37202 234502977
37115 168850588
19312 985153281
12551 943775087
31059 592024964
21521 639426273
14121 230412285
43421 533976499
39266 338931743
22180 659446997
6299 276246413
31870 135712748
21880 536040228
36621 926388367
21202 105650516
25225 502571567
17076 381289358
27230 312335575
43122 713021905
1944 428418662
11791 997296643
20856 342687230
36800 800680200
45974 515151943
36929 169824498
40019 10862633
19302 705008271
30892 397011300
3643 225315859
49295 896910456
41492 606389294
19056 601898005
23726 122195471
42399 837479314
47130 824436610
9621 3927905
815 685010950
37461 47695238
14357 264580087
46495 200233191
28919 496639828
3792 378473315
45660 613529459
43202 937938594
36362 995902988
45952 126346252
13629 841926847
23985 20615062
1320 566552467
43436 835077473
30168 675014699
31817 354882282
21160 223204430
25447 42182889
33170 147193452
12681 45914022
20421 630034729
26993 90925633
11649 510888890
17854 925339125
23738 477885549
21644 575320142
37016 903500911
22653 830362158
7225 471145662
23621 822088604
33243 267670905
48532 368893532
36980 682630371
19906 855749037
24859 397018631
34417 291907957
39948 170088893
601 912187857
7103 315906277
26398 311516796
41491 8886305
23924 314957262
26188 750138155
43201 54390184
30533 302135102
35212 858689270
20145 765755592
10929 912015574
46103 587498240
11624 952902839
10786 334384684
12078 190834655
37174 210900314
12024 704979555
13223 383337012
43649 965486059
18932 639125698
24021 979574794
19885 223326117
36436 340464113
32109 442494970
25587 319436028
37632 45149580
47632 386425482
30451 869044947
18178 253173919
145 777141580
15923 569106214
8220 427591778
3126 731991891
23989 274907049
42897 184993660
11770 609098443
30905 407032575
24769 453142390
23858 640871131
34454 397868008
23859 233117040
29907 272879032
15215 929158156
39921 179921800
11026 777023077
40190 917541795
41238 312249082
17461 310625118
3408 116387481
37388 417439267
8474 209524238
34634 344396612
369 534628973
31439 63308393
2300 956777469
29600 599004381
1700 95202273
42236 512917221
5040 926492238
44946 885604020
14714 693763195
12577 965925172
21068 26665962
31883 526562472
29832 714430919
45042 688876390
15273 512781074
27518 128289823
42407 775135978
46107 734541243
130 141858140
30694 381944944
39771 399184378
37956 908090098
18156 772884262
44075 720679105
43366 521137349
23904 284713966
32137 379946226
15872 48523199
42110 841853549
13263 869680186
9112 788965736
3066 529481977
11389 176064979
34667 487011312
3470 602744266
18009 425180702
5134 351326109
9270 6357854
25561 876822617
39157 156556243
2003 433303420
48876 98778108
40088 382485134
40211 585173301
44271 445323419
18387 420576908
41800 37988440
5011 542659658
21199 861241036
7877 803054694
19873 493096887
15827 739015833
34540 28133220
44560 514838294
25340 178909376
26564 608697117
25626 983854267
32097 870357437
11834 963689578
7116 634871979
6298 733526263
48025 350191129
17198 608854288
6439 851550886
1879 135087968
30119 66822623
19683 441223765
36847 735447095
7591 471138244
45884 977518432
10878 282745120
26772 230251465
6024 140498342
13795 17140027
5720 742568595
2868 985464214
40982 784192360
15634 643347298
18797 155643059
43827 736095454
29799 268716721
4062 386473739
19929 929270210
19201 255897287
5518 212111445
30751 824779161
40925 235353731
5740 149379518
25863 876374552
32952 297657979
6262 62813220
5368 818673045
15775 969261637
15515 784198001
45799 38084770
39384 980713131
36427 904274480
29263 724079463
9781 22857313
45303 586866678
22197 553175523
36978 415484746
4719 717079314
7294 506540488
13231 395892918
20264 977127322
30744 364267431
27089 196284346
14962 979289080
16358 461290998
7196 965486560
4657 226463469
38531 926177637
16105 556041150
43114 885473947
13529 907128189
16557 65625728
7929 941920399
32551 881378267
15560 69395901
38251 644097172
45366 844777614
39974 176847776
29492 990667455
34362 679040526
9623 215044782
45109 486219409
19203 189451455
17555 961836833
2235 655850824
46135 124590123
26436 476347301
43505 226008959
32286 351931716
7811 299258193
4952 893677943
49340 172152910
1609 916773156
12349 540304434
39479 823246498
1991 929972595
20596 493918841
48890 598393972
7312 910614204
37925 751651406
48909 75514673
36643 958877099
45211 240733446
38521 478027360
15362 112184124
18123 748616890
31026 58356151
3758 114414589
32400 983739654
7608 366664869
13808 68715772
21743 75831697
12683 525566678
12247 536859661
42637 605108530
13150 703366662
47236 479031480
42030 141826857
43097 508197265
24345 309584557
5540 879688958
34607 200397860
17883 406686999
22806 385601194
38903 315777008
6435 185482272
25133 707302331
42724 606930461
6200 676295743
10174 657322813
23090 889264428
48118 35757836
9289 184930361
49808 444415172
47266 624095960
614 767841014
43870 412510414
10787 319996259
27238 972279102
46371 584420079
22630 432151519
10920 973815376
20268 69398218
21955 6093240
12196 18727646
40994 957329162
4409 388807396
38924 151902737
38299 947638214
7180 984141957
17733 417916990
12483 666948831
6048 264065282
5116 888346262
43312 282708429
13423 107354345
28349 516545163
34039 889385576
16611 504691745
47017 941898537
859 265724231
20618 125168801
13316 719850492
33800 958899303
31498 83817884
3722 608252016
37297 847143083
14054 482271202
42576 307338841
48270 444125157
3472 84115563
4401 326662987
2892 404992511
44996 644767287
28434 584887245
17983 993152917
42376 884968107
13425 166680602
34988 518025280
43377 559576986
37881 113228705
29300 75519607
17146 12181876
17533 936053336
27865 272457369
11150 297979366
9175 261333768
40993 573965514
6031 293866989
36162 299019556
24038 201361386
24753 593073222
34858 457732421
13818 349768645
24523 705991190
42039 237825405
35200 669864550
6777 987128293
259 367526473
37526 715969317
19144 674624010
10647 995677495
31651 790138200
13932 246130694
26857 955126839
1622 813470492
24965 673350914
20780 852174490
37226 271588956
29387 142795008
36386 122636448
15058 544228595
30630 198418674
13128 437486643
12353 155699348
23221 269381767
26932 763014873
28700 48120673
69 61773917
44931 897023282
43260 998927595
33700 74295038
17070 851071685
9463 201961532
6864 724736174
24467 979089077
6816 900076693
15154 121506260
25455 404165013
36503 932531707
37618 195219442
8297 383020783
10290 621172416
22198 967644380
42186 9195644
16983 365172389
28087 914023449
40196 636412988
5948 532850173
42597 590330337
21784 928491815
49689 332835077
9532 645754162
530 896941141
33589 88774437
31688 260259845
35085 59063298
27574 15457832
28893 666268707
30804 431221201
47659 586391074
27282 497064173
28018 608965676
21726 336142429
35578 357153861
46507 194406861
30777 138378145
47425 909265335
31869 664477821
895 775824289
38143 830825877
40477 84036051
5844 706629307
24902 58924402
14665 733452801
29956 831784077
18568 317837119
19731 912839994
18014 456586576
12463 500949578
37463 918682032
24977 502501720
24430 596454533
36355 319993325
7201 104251319
21808 850313347
35249 83863396
18887 94971243
32652 4083400
41147 889134509
17054 29026669
1064 463833976
9622 552446324
46148 232083502
21838 582847914
27201 938822993
1574 146743091
5163 268353553
2871 501487050
17170 4973595
17948 680306843
41813 783178968
31731 271800553
43013 758366019
34367 354935509
13041 915197646
46160 392190952
18065 345241257
22866 158701944
6519 890496166
24052 288956164
28233 517966934
43703 981108927
30871 899933374
18127 240554313
46944 964347228
18142 66819632
15249 253081148
46517 140344650
35571 170868755
41443 18529169
38670 829006401
36337 146127601
42550 677773330
37607 585279738
15307 120916716
16524 890906577
6392 251833816
29180 217800667
45841 216148731
25585 850395363
692 289057779
30035 61327754
41581 536219644
31503 361516286
21915 419471154
43521 129338541
8935 125248960
9460 876451069
28080 962481585
22089 661476868
24299 805892008
33927 538946
38768 848942649
42225 810188559
6649 660332062
18769 888054756
34082 579514079
1224 877668928
43371 118830946
13887 554620415
36567 940737318
28463 4609847
4703 844576656
13648 294891336
9165 974625368
10631 619298889
16962 755696982
15094 796330604
44618 308136095
10835 373270443
10428 175492847
49722 686355932
19417 973739988
2860 64574349
38611 520175419
30910 615819276
40921 734969073
21753 736748567
43090 370750598
49239 140490817
30063 669349994
49183 96641660
4967 624745494
40424 146033868
29768 667505936
48916 729939416
49636 520499655
35261 26521110
22306 27443450
29686 338425719
13293 411150718
37120 947945833
14190 995492409
48860 208911253
15002 704274809
8052 148171342
35772 513078474
6311 139720387
41907 724519105
29232 191271557
44303 168154398
45771 234839578
46965 736015618
27500 262686645
7430 970811309
4911 937354966
22934 634726243
11481 150242013
13191 600617618
9963 597799269
37741 72300458
11657 772030498
48050 708322460
30122 911026251
17963 618533001
23631 896914027
39056 743618668
48141 424211944
24871 588171254
39175 685992154
30676 332513397
37245 380034315
34196 129337908
48260 666519900
29325 400321287
38028 616807421
37600 613661302
47148 621954375
28201 228507396
37515 411983010
30180 764299798
40401 822432922
26148 44236835
15995 8038384
47387 852193333
38696 134103737
39645 387335971
17626 386976032
44007 388302362
31911 88476480
5090 815586123
38333 116307301
32199 777187199
21789 551916284
11517 188355380
28287 44416251
23177 14408202
11776 400669630
4053 453479055
26846 803891332
27215 627368302
47838 893045140
30265 511939861
20257 251706219
5866 974647017
15858 443022040
6741 594243208
40973 209534387
40309 954891371
12471 883016268
19724 399495157
31720 471509760
43053 173004668
30439 17037637
33936 581840695
7066 209074721
39654 211267713
36036 92561907
47945 672827151
2209 208699466
43358 235083667
2912 919859418
34436 570504294
33018 153842743
26838 84206104
1285 215814223
20613 588372650
36319 919884390
13865 169333610
2889 200717250
12146 470755369
21470 214143074
24966 386839068
13273 543615101
7976 322725396
21377 409506648
7739 486013959
30860 586430637
29413 444762962
1498 7997597
22064 696212172
45987 994706798
39452 328725528
24035 72372899
24892 911386817
28306 535822022
7629 644462438
47303 507550804
2575 119711569
8086 270769930
18144 463938272
27739 737007162
1525 886752342
19280 407408822
40715 532426615
7474 835412668
49527 395641113
30308 382901232
3254 947863327
23731 218122245
23511 860366575
7301 884396708
7691 713944187
8137 788460005
24654 619966953
46077 784641524
23075 247950535
22873 312173644
38013 955533513
16549 101105839
6073 7112655
37605 51664836
47931 139278966
11782 329015904
37504 13710827
9767 25722481
18552 491468750
39533 688568040
49563 53067214
3559 357155085
35486 50928858
31976 870631872
7988 909958046
16615 313783829
9817 693466744
49469 386845165
48584 122440701
5902 329758062
29256 986511612
47035 796968127
45105 398877144
1042 170268987
7310 375034004
5302 904773768
22465 607730193
15379 65582890
18985 29509033
36881 165088871
29504 217581277
21839 504383850
7874 220167883
42075 152959883
34161 175099658
47968 69964136
12765 175178226
17634 977960974
37319 647320363
18785 47853947
12071 715371928
5582 454504315
29890 771060481
38916 62913587
16955 575694077
43426 582906856
23467 500067218
45747 233277528
29720 824665418
1588 691787664
36096 586656566
26861 647073412
38569 669718385
23186 661115269
42378 295745669
45206 198681377
36524 167953261
21662 164618869
24028 125471271
1120 776874252
49139 73818766
28429 764616863
46955 922343858
44178 459662716
5957 672771630
11318 696061428
45226 966888064
48548 323875343
24260 1056994
38188 514216582
42185 3047693
19769 836303682
42763 274553633
47797 284282909
32220 177399914
23185 58060821
9478 334681550
19437 871499025
41876 644370995
24745 505786985
15802 143841505
29320 238253300
41204 516891860
8582 594917819
37021 833911164
46453 282464823
28030 151076450
43429 929688926
29826 240441678
18044 46077719
17531 929269484
29060 216834353
22710 989518138
40319 942278863
19182 253812023
29268 243224861
11307 787463533
28387 885351863
33495 952675850
25753 505045120
49290 488179883
24501 330982899
2963 662672255
35810 46152213
2598 539836191
32754 978888517
16794 62248775
25950 128756336
47920 84013355
46040 21539678
40892 701002579
4797 66881999
33506 363155179
21406 425058448
20631 301458659
25027 506411198
2428 662524808
27880 641294301
44067 368372451
5984 59716520
7572 750470021
27317 828778818
446 818326135
39784 733674502
1817 399674940
15169 331614113
46769 309219582
13140 654968259
30321 294397109
16487 78352540
43690 44371188
27392 419245690
19998 146781594
4290 461243242
9800 797093410
29485 392694644
29536 281517764
8195 924703386
43387 435888594
28127 969580373
22449 663568526
8680 916600561
47691 285091829
17332 716078905
1648 721206956
35974 107484159
27139 969808331
40757 980592943
22313 323459639
26763 563769163
13399 133603052
35196 680504206
3480 458016435
44493 959826563
888 315123213
27788 651259228
22782 848946095
30687 91263971
28777 946171769
22375 941370874
43958 217212862
20009 144969733
6707 237084375
12425 311262874
6157 614506955
7688 339808127
44444 542933249
9844 833879248
47855 102215357
39866 471338432
24145 911498373
37065 661325730
38334 749318465
6532 829990186
41523 824124650
43464 577158073
23137 590853374
3467 865292559
28592 85797729
45002 96257843
46378 977331007
39795 199510725
3315 80989941
21889 202562721
46468 820856723
13085 752972828
24308 457461665
40002 679345729
41454 251612618
8101 771036704
7084 348127580
35451 668977220
12861 233499022
17615 23923376
42813 580042579
43733 402798564
29248 609398843
687 938155178
26267 192800739
35430 795410327
20350 384401249
24944 988055496
14288 421062563
14197 2481101
9174 982552390
9244 394476330
444 189850643
3822 351893577
49631 712986231
44913 215769836
8383 235314082
24449 202915212
11908 642949371
7144 58527688
4433 213787250
1485 822363509
3406 674388973
15856 523670501
10575 522855991
37555 335447196
45655 181601370
28082 239732715
15964 596351684
19150 540473926
12980 557844234
47482 768601594
25101 190319949
12400 476578078
45155 371912079
17047 469778932
35981 296671844
29788 78648908
40916 533317818
40371 893805904
26891 44081550
48572 180804334
4342 314236787
5542 205341091
6028 920443369
45812 121005214
22659 962862309
311 708379010
41744 161101141
6310 895215367
26733 162657074
35283 232867284
11353 648929943
35867 637517239
218 385960307
41671 651503183
46829 738413291
13862 223781948
31559 276470027
15265 678399935
15756 24024046
30253 478341914
43701 663240625
19020 383108016
4400 587947969
6135 555804217
11032 168563879
24226 868853046
31598 939986409
28999 242467701
21516 18143542
13282 671557665
28815 768724832
12704 903516592
31986 628678874
31801 495698734
39353 652191764
8882 380962744
17598 270946192
25882 222563824
42015 870962251
1296 151868709
43872 321072425
26012 626891217
22213 47574732
22444 938993657
38938 370818955
49052 294638144
26145 215381011
34871 644644161
11013 166084547
34514 982117848
40325 264647309
3587 781410519
49434 244217689
14 893414296
41582 488015471
6736 399083499
26226 193332221
22660 393308496
14657 147501928
26232 685861316
36953 342539560
10488 423220412
40750 256556869
23004 194312561
38325 917609514
30276 750237196
16664 836140917
32945 952693254
8844 802015000
48894 109382839
18523 574800832
49909 77108953
4428 137886815
13569 895428163
20770 383388404
48865 186460316
13240 525912927
26875 132516771
30482 322144070
11309 119468820
14941 742736478
40256 391695921
17581 978514995
11381 226219879
19703 40728216
49494 961393963
876 380463033
14716 834876187
47306 715880849
42353 308160804
44933 291186591
20550 824966653
22215 373267478
19295 519735032
49573 335274887
468 436414957
33881 347982773
24516 440154769
46566 385397863
46410 901082186
25402 331946847
1770 523034122
43918 646557507
26643 237117697
37397 216162348
10408 73832187
48845 461726052
10148 942135145
36157 448702857
19798 708186456
9273 514611421
24783 60333235
34507 571052582
10563 145941952
16951 891358265
4295 244831705
35317 267217140
37122 698519896
29339 74096700
43216 306684276
40595 489467533
12634 858408531
48539 301070466
2702 148015423
38764 282140305
19165 700408775
32700 2715711
8794 426647644
49484 782753179
12725 538773389
33161 983326620
13684 70935163
41667 580909782
18443 672006790
11186 600188745
25603 474033369
45508 925629423
17251 694390543
24792 996814671
37140 217460927
18792 65180844
49368 467351522
29017 410342661
5993 858701745
33120 284242651
27794 788096026
11941 970470784
44373 68661723
47672 102505601
12195 890182174
30607 503724176
48486 636804004
15049 751051127
35884 457980240
24869 191332991
18354 862659583
32417 946824661
37550 427478368
23530 730843249
44761 396387310
18502 331910994
21924 381141105
3216 298020559
46111 528331209
18204 625042432
20372 933329233
8253 944890838
39646 837661982
37400 426505747
26629 806968900
4300 523715065
47588 733730648
39632 653037255
48968 817394152
40095 198387610
16128 88942705
46700 452189784
18651 619533450
42363 658499324
31084 522943152
29819 787754714
38775 23851902
26140 851486624
25698 746966850
2985 205327806
33598 677963294
13940 120991523
44101 501985235
3421 848070776
9853 278237152
32545 277291727
2318 747357849
39360 685316905
17785 478341496
41664 281964473
923 774085714
14524 358535647
11426 585878376
32419 657925925
23247 491295662
32607 387941218
31117 43798607
39682 801112103
15480 627754181
25014 69764306
20110 226231326
32096 179670679
9214 439795993
19074 309375255
19006 605353271
20738 287766308
16053 805149123
45859 708888844
27611 49272101
15244 854000317
49092 483653542
2460 47207331
42584 486426338
7708 549647818
24945 938291143
38913 393274239
33822 437209324
22652 554610998
21633 654989434
40558 500666071
14251 276493316
15833 56076545
43327 45741907
2075 530494940
13581 396409252
27830 427502358
29033 484719786
42801 520535933
48435 372476495
26289 640922678
19354 700812562
17457 968036220
38421 902133206
31564 268790274
42267 701981831
28179 586077722
11099 248289430
14779 568338354
32561 398267032
19067 677625242
30882 914132703
15688 691000553
21928 306936931
40283 275582365
10398 395748127
29791 849664409
42451 356409194
35941 350164171
35793 97094670
30198 535394196
48318 860249619
29850 974141832
16150 775992762
6893 162012528
40997 745919530
37309 331995894
36760 605732565
16645 816461907
23797 661565069
27557 667242666
28844 696480685
7222 121567613
3103 508272906
47379 911406575
15174 503995817
13685 868208787
25826 528002454
7311 467565090
25854 594597368
27454 140131820
18099 157737535
127 590616748
18576 159084538
16242 311167721
47569 81368342
5365 100187289
33448 762272135
23891 365123580
39341 283525527
3504 339494061
41186 193551624
46400 725544571
34755 580824641
3865 235464598
49333 425602317
19173 36750956
12871 151743557
9664 177673425
40213 513064523
28047 347229201
4228 900052948
42706 464611319
25835 221272446
23856 363512971
14272 681657499
39502 468476291
18978 293126180
21683 289415933
24489 548683995
20855 148786494
45523 748323285
11532 535894401
11568 30840223
24055 134489619
47499 466692884
38443 868956838
21058 806907479
22941 374741369
49866 199047174
33720 864960583
26935 973342583
18512 201669780
23930 238953184
9012 232469150
6294 611961374
10272 246488566
48354 777787382
48808 237424215
9994 912128580
23647 616696951
45602 447313044
47636 167477450
46798 39554866
10762 275700128
40226 242218382
10509 173616891
19300 527927216
38791 99584810
48442 165523228
20958 803127310
27624 763279594
38981 455039275
49736 851536353
26615 638178969
46472 865278325
42737 535644863
30519 923724138
2 732286866
44580 312452985
42563 608866683
7363 422958794
10539 767313234
11797 596767860
173 311952380
3530 480036813
18775 619302364
14090 116880792
35419 350931776
27031 931531059
14230 677369796
28272 282328562
19928 650659582
9724 871021181
21837 728802499
6798 324418575
37030 588925400
32618 928845440
27621 350251198
2382 873141670
34843 499501734
15643 289157784
41755 908860301
14274 151922100
3444 769420155
39372 646931765
4819 19651955
6825 603523296
16010 535420576
28185 464997168
22530 795734561
11703 674775726
37126 532709603
5992 425466288
42518 329870927
21340 16076003
5097 359689581
30113 309877619
49520 264827860
43844 781216753
48495 605316938
30818 913401806
27483 183618518
4378 244050290
25660 733123968
8979 268661358
3755 54878859
30239 750328878
10996 960592415
33669 785264859
7197 124131842
25476 115858031
9974 177096808
19092 373311236
37593 598554401
30408 355970630
4749 659069928
48485 626989454
30847 640942195
35203 978908052
11862 348067457
25400 631254882
19834 310005360
28408 785792662
25964 621653543
19987 807646056
15484 553018214
419 176515268
2146 780837557
48541 336999583
12415 922238792
29144 838784400
22827 863929741
20997 750001934
24375 993499590
36811 628573417
25827 296207637
4746 416794641
10666 779698120
3959 653839608
30030 146361940
37301 201235278
22744 725471067
10541 462250899
16265 571077181
37923 974873955
48728 833292478
40893 406773124
10154 536545913
19241 782614008
25573 5053897
27299 318160887
12721 607738712
30281 225724969
7965 683710294
15742 563821192
22014 547625426
32967 672730521
25444 758066438
7313 753043158
32658 241596425
35281 497447937
1417 195073009
10027 923426515
29307 147040074
27471 317811162
16770 614165413
46544 859261130
36456 30762670
32848 21168947
14141 3062725
3419 815278112
23730 523647648
11506 859233788
40621 198122356
12915 218534561
18941 716212576
35117 493778830
16159 678585953
41220 817074169
15302 879660142
47199 7785629
14279 866901476
42105 432974775
30172 236144847
47517 868440116
29155 688748620
5479 273337298
21923 821723927
21556 261509571
39393 544311505
34 192461560
37503 176580803
2243 149813081
14041 704122686
1405 87249947
10414 892655880
2023 181056364
36151 745806835
39118 186097767
47709 632584975
12292 286803544
5034 834574827
5863 758810202
29260 487183001
32440 107133943
36740 779480712
24024 719639423
26052 420842571
19372 228295261
20616 721327415
33137 315546699
26428 19269372
31959 559963567
48971 636429083
35494 515583349
38267 603868889
28293 380017172
22736 519437463
26216 21478567
25433 218279729
19844 381703269
2004 998413283
32965 59213731
35685 371590705
24633 248413375
6611 122335067
39448 684817350
9236 124120391
42111 115640911
35408 142229579
46949 813490424
23598 735838124
12597 214007866
46574 173617753
16433 182323212
33372 702005175
18448 25756384
43949 455833899
23783 997828222
410 17715031
19692 863445815
14952 804146580
10697 811484230
44058 533383233
46831 495101022
4146 31044741
27931 981919680
38220 985189231
37173 107720308
45050 902154111
29084 542233503
1845 90431163
16111 525322960
19666 355118569
32637 323283614
11710 614984591
2554 178309724
37608 19389837
27227 926320268
3515 393731950
4318 749959069
9306 495013067
14812 595711105
44105 445207384
19009 216293350
27892 763744569
656 82837881
14984 572869383
37921 460706576
14451 460233338
49008 373077273
17380 434643012
5215 357599753
40733 939216969
4223 63452879
17541 609083794
41263 64619330
33554 320273665
21014 921184963
47114 798891877
27303 230556704
7902 337372942
16721 351689462
962 351889441
8777 883842824
45691 92286942
8802 988583543
17575 266830951
47817 451745714
33646 367344043
23893 847551591
47611 743127552
17362 549070465
45352 650786869
6139 211687683
48482 135769158
22425 847016395
37315 419274762
37782 55835196
8330 123684855
7269 992507480
17863 961544171
40630 975083007
40027 513326057
6822 9564298
29672 14953595
45208 37540826
14440 483849072
37620 862587275
6119 852977860
41027 121677337
36833 236056029
31394 947504647
7064 526938749
39828 187803545
12857 176922869
29355 658293115
43110 489167858
45210 311851678
15162 123348634
15740 493200512
9069 470860336
22878 14264366
22849 867702092
1429 644889498
34226 964490426
33828 849504472
14139 97627499
8309 72949498
9728 98060541
49917 792942361
21629 916856307
6156 458581684
45301 776138089
12229 614265522
6085 483322850
4890 909529256
28842 171381042
37743 601615346
24528 303924910
30375 591909685
28226 234244965
3342 620215000
7527 964147075
22728 554649617
17116 896829308
21603 325065357
9885 544824161
31389 502972835
30908 278490698
19805 920565231
10292 439673939
35214 538621551
6478 962849433
25670 713676689
26008 383945564
49501 365480467
40753 480830081
8788 367545755
30926 491465561
1645 530577706
33968 751116342
30181 200187267
26913 892837982
30196 57549067
44041 816770060
26746 538895061
15230 964443099
44203 137906425
18740 639451109
10493 498413055
635 325143122
49372 168898251
17729 530794959
1194 390671831
47799 558213080
16057 383238085
10661 699271602
46071 442788339
22066 469830135
29583 107176868
38374 746483300
4754 385881995
8973 318698933
34822 255602264
15346 446380790
36454 768787261
46168 242362891
25697 430169522
10771 733813526
46163 696486919
27051 885700380
38678 352748882
19080 403766057
15378 54384283
10643 777470579
22605 359356780
15008 825189901
25519 115391060
26397 997970124
13765 546210109
37682 72796878
45474 978887974
34989 815001642
9030 345568896
7215 173323005
8348 484177410
48849 330428693
16812 316772939
27304 664574499
47412 87434840
36590 318298278
47910 65357532
23890 320344302
9633 735442619
41854 88911883
27759 409201783
27476 35272760
32791 418444231
31233 5695058
11085 762873043
47116 988404127
3920 809816037
5319 546772858
14030 274789291
7461 384413433
26835 908892865
22063 38842751
30323 131555500
19391 283696646
22303 704719704
25550 129557746
20423 537309662
30236 428372888
4107 330401798
3532 795827744
41315 954643804
40617 562519380
24976 955317451
32787 129213091
6424 531862068
12309 986565403
22377 89384960
17042 536249348
13934 871583762
25069 744112550
13833 462637964
31943 598758611
17804 949196847
8125 66486643
29812 480836971
17257 33962205
47500 475346509
10621 956573375
43790 615651805
10261 704375030
36649 387800233
41982 832751722
28133 285846913
44655 661377618
41595 597481786
40090 835380958
22403 148202964
384 503201964
15922 428992872
260 20437560
47438 168963879
37964 170114514
5378 680043342
42136 845264330
48281 799100634
37373 203661806
41439 606496141
22834 526689189
7804 798059185
38504 263142124
5718 956717162
3598 516537734
10750 490860027
40107 889614001
5472 104615235
37034 228709876
38045 488746122
26998 55749803
23035 248585449
23015 112358
19111 778862698
37429 279930238
26335 727600347
40343 964540574
36298 553193783
10848 237264429
29029 667109995
1545 409207711
38151 251362403
18315 547006181
3679 497356866
17559 299579333
28169 775629923
8718 305393928
90 94013624
42950 372463761
41221 27021532
47385 71116624
19069 623200517
31413 330087697
20751 929345911
40298 897991246
47846 157173749
45911 472977104
44401 221415047
16172 230478928
4255 296658240
23488 508243964
26347 229176927
13617 41835706
6709 804119846
38253 894962671
29373 287813198
26392 425783402
33872 559698198
40293 515041776
32269 561608138
7010 876366215
38805 82592740
2804 423942110
5414 895534017
34820 11004913
18300 389408850
9299 296072869
3136 225621484
2836 188476056
9749 151844517
47462 89827716
16556 371460929
21575 936846570
22882 508922067
16233 586337611
27389 29031003
26820 959297607
354 814143358
37449 299334954
6019 337688847
16620 642035296
1361 726432038
8249 645958255
18539 63072903
1097 880819074
29874 140773946
44579 277008928
37042 738299977
11289 418491135
34156 23366366
29912 133260058
32011 15118017
29601 373532950
17367 389189357
47128 65836376
23506 559700324
21209 279950710
1753 703980719
29384 666092574
15428 482687452
48029 846022590
12112 323425433
24244 629827551
29925 595830206
6429 27607767
13511 268371748
31386 603872979
33919 985387804
3422 901185535
47475 311710547
137 815710600
12294 932581975
40322 485346816
40234 805914293
14696 185004679
30656 815444250
42173 320228676
42096 925581316
2242 995284258
27671 949375156
39880 645896452
8998 774583289
23756 40946032
42022 325667311
29731 189346360
42865 497367865
25120 595053644
32960 914313900
45522 986276086
37667 962583405
13915 621563050
44714 787220853
41884 990984418
39078 699279088
6829 457696676
42857 335428272
45674 764814341
32211 625124716
1934 365305138
27704 575822731
26358 457472944
42940 430473247
9277 912900854
48959 601024010
15755 6493000
47959 77437781
30555 143702607
13702 134410934
45213 738761387
9453 43362527
7690 189260089
48310 320888568
48822 932049133
45242 410746168
38946 468866715
22905 424440889
44282 540910519
12386 208187588
40080 193792766
2356 476420204
6209 178228893
9569 251171741
33178 767771974
4362 756284996
31437 412548465
37505 779078743
43836 22744639
29184 115379575
24074 160652655
34966 974952196
27418 618072422
30322 966579521
41336 226779303
398 350663261
2732 52610760
33738 206996174
34550 927554551
16808 193325589
2063 412587494
34823 907463249
25460 625620399
39343 676072680
25936 946332499
40822 760982975
13695 861772970
8861 973141279
43061 910320793
23265 932256287
28148 576863666
16523 726871232
48415 504673389
19031 182004011
46199 612592731
37687 992675681
28600 18936144
9204 137708015
14393 71610363
48051 931065381
45055 948962308
9839 398431473
37492 169510440
605 781730175
13070 830074716
26965 271218506
11173 136815872
33348 53467089
906 918973230
7895 326233213
40760 110208153
1476 676588554
7615 537607528
26321 753339581
13766 270166063
10506 165423900
36126 713554705
26951 604553731
7787 97452968
12047 377915907
16864 690615622
21676 491620307
147 650742506
46433 95924070
35558 674167445
1900 882194056
39835 850387712
32931 519306343
27750 513711266
15744 146547352
45158 193474510
18867 633797
44513 711981908
35400 88118149
15205 287239240
48172 224349251
29319 140659569
23271 721816466
31724 831215706
15956 636443575
1656 381090533
39333 351683753
1744 717359981
35226 460083664
20654 432608835
24083 435908830
36777 883942642
36518 318422969
13110 303194105
40151 132992650
13623 654798447
45540 327336812
41730 593288542
7080 698714749
406 278983830
23804 311704789
18039 777483024
20371 866798423
36742 775704986
22996 798719370
5569 530905748
21372 310472842
48366 640490195
49364 356658125
47572 213395692
35550 143355472
18367 794562459
41485 728846776
13745 162990518
22376 688667991
24707 242212950
41133 835586316
31171 323897255
39853 89172342
7656 401366637
36291 452635300
14558 265891792
46031 889973850
43938 787738276
39511 766038654
38111 597890321
18779 110178591
35508 718048692
1438 163022059
7792 180411150
27942 198628506
23643 685056468
14669 162371846
25176 571542042
31297 627577521
35625 88744045
3765 424376806
23637 14822627
6640 212859459
31846 953702369
22307 905132096
46083 967808824
17685 703490217
48697 462606136
31000 947609143
18190 596160950
36143 37984219
46985 54566007
41906 970778073
22460 316004728
14366 458692355
39899 996124966
25062 970059200
3635 124346218
8174 718674750
18185 194385721
42522 310462127
40754 717541167
24419 542146
41379 452612860
2850 540963558
44785 825113895
15972 235330054
21982 861587406
12395 338530173
38552 734561331
24731 977156080
19253 554943702
26628 565496574
35673 280879122
49556 905256636
42854 734618690
45486 301867789
27077 681116201
45124 199585833
2953 188830868
27162 525961338
14667 406849452
44398 961797981
45679 718329300
722 93416623
44316 199727209
45287 152308267
24900 255107776
34964 323242612
44502 444552548
19170 856165069
819 19617587
11714 508930260
31722 481521906
21725 221731265
6868 928017282
18905 962011720
43514 377879151
34894 819083581
42470 902836431
47228 619151247
32153 65638229
3799 869822952
36106 583734239
35654 149049449
44239 485993871
967 294396662
16806 586473234
37854 494525140
28406 616498391
5379 552361318
35029 664652551
34972 477237462
10284 373630108
28497 739222551
27323 922243554
13748 791312527
40251 749321987
4689 426859318
44552 329774431
865 679310313
22853 490612890
257 293251804
29775 232997387
19288 399791864
47027 791447159
41321 528588071
37724 308930260
38284 408398797
10909 990486710
43177 731498323
1385 579716923
9561 783173813
5091 287781313
3157 534529178
27664 545563097
34136 714122286
49354 89573833
35457 465093810
18066 450219629
47967 695935275
2492 902881052
49324 664102356
37307 394568431
8214 160257344
45913 321025309
19933 90828958
40004 68536268
32930 135281514
28689 874598205
49353 224284999
14781 821601492
2908 345984668
6105 472505151
46430 950737837
43753 662993699
44911 29627641
44994 150503262
44674 155099906
23764 149142817
24468 699264427
44653 727541451
12961 50414133
18915 268161739
29170 634302306
11570 195051520
17485 42983445
3718 605664773
42728 397326030
48846 73494797
13360 506248563
34095 602708306
34110 57903086
15079 432134442
26637 766888554
25320 201302350
31551 693473857
24526 699847367
22829 448824734
9388 132204387
879 914472871
41316 521261012
32836 387636693
8313 34532549
23741 750448459
32910 89200557
11103 612031618
35330 690823369
23927 884966933
29305 923259495
10142 769536405
8228 227937545
3784 68088969
11078 224194271
22892 618912039
35339 185766524
33774 925105973
3410 873425404
44324 582542341
23835 102312560
22609 728677761
37573 14625247
19520 209656357
48706 570079999
16827 559707064
11676 17644921
3107 437892843
26966 891604202
2556 63502112
45751 634461247
39909 853382017
48069 184280553
42018 426269785
30087 459244030
32670 658490357
39929 181562595
7004 647711830
21904 345694829
39586 172745595
26652 539955389
12273 108737822
28809 550412134
5328 222865872
19910 937879290
7136 433896333
42441 152607760
47139 330981104
29737 83390440
1198 163719484
13119 169989376
3770 378532722
44845 825450132
23852 998948929
47267 672244947
39136 143586224
16292 913069748
9070 244921313
19915 718633478
19492 512099791
18003 157195660
1450 484459495
42503 682673596
18158 959845944
494 65736010
12796 362586252
15143 209686402
24196 541883760
29394 813315970
8372 904571253
6593 332176928
49326 215128555
1829 952616674
1561 386910765
34010 616956285
41293 666384475
14863 172472171
44809 899103292
18446 160521443
12761 808835506
31983 678635553
27305 743687485
28552 519508773
39281 607820886
38380 935165241
30445 931051028
47206 561395470
238 499855663
21337 660426302
18989 889641939
12549 536537457
38455 309328976
5704 883686457
39438 579174854
31626 759802219
36053 983271195
37513 375165089
28683 788776037
44048 377874900
20833 217155303
2191 385625283
17488 361221483
33139 235296589
38692 315721384
12877 922820999
17622 478842831
46333 298233377
28875 987710640
28410 259024961
45382 438316041
12587 904763326
4517 867189092
34764 926415892
44520 506911677
44811 784844400
20037 217648326
42697 10199792
36911 468642531
38717 407988456
45135 931530592
23375 867135435
19539 686926639
3008 874799089
48447 301433634
46087 511956582
16377 580310646
35392 835598943
3361 886677170
29265 778555226
31265 932197593
39515 693856019
12854 527918998
22443 236677840
2842 753917489
14571 600199189
21961 463958873
49495 746787862
25280 914700229
11851 119342782
39545 564236045
26577 537861641
806 85269510
40529 603804863
27002 476516819
3209 788837422
9397 376912875
15345 715211295
41420 754298098
33138 408584716
47014 409442599
24546 118105639
6030 256976690
17202 861123979
40719 533985613
13880 774183573
3502 47856453
23679 759948500
26217 781533163
1170 514861155
29399 284146359
13020 33695868
42625 881465546
2661 947925356
37444 684981623
24425 560715840
13415 132989064
22050 983465640
7553 107870204
12695 615129554
33347 427509812
17614 879227020
36668 357947267
36533 459546494
2432 944671940
41729 222672357
15007 605029398
29700 898444039
8347 431866503
23463 209777058
48342 205568690
17037 654637647
21823 698120343
37714 436817439
44598 653797101
42979 388687748
32439 7377563
49304 177223637
19326 718611971
17375 577519143
33590 150823319
32881 493962539
1137 651064173
9825 525139440
41714 19917434
6726 289398232
44999 603320252
23847 572882212
42281 755164245
13726 880949007
23721 634554141
48034 64255104
23229 937015996
44780 353729310
42527 327251370
12394 510134736
39901 974555445
23815 229358245
29163 406771521
30141 116417528
9350 452720016
29551 858592501
46947 861915366
3092 192253884
43736 999305435
49099 45700567
8352 823623509
32155 142527043
10324 228896411
29446 798016941
22879 528693917
45896 7863358
11888 400597160
1720 503955283
22436 281082493
18885 422220534
19661 474698162
12737 320785130
24478 560736897
1472 835253914
17288 868465274
42081 578514824
17884 318462218
18879 930593527
17107 395435301
20173 379340454
17499 230739776
43222 438287264
23678 156634500
47848 309691146
16386 847582027
2457 426593071
30086 301143108
43403 864502280
21173 804841859
13591 66389562
23849 547400717
5591 214633817
1351 841589056
20405 865056114
32273 573330507
45329 952702317
1132 177297709
20314 448790282
15004 781753291
1959 277972675
40687 81964349
420 668383856
45643 179173192
1590 722365949
12782 939826657
9758 140411722
10274 659765337
12843 206773
11838 315421321
2241 994967246
20935 591194951
14827 796836060
15496 466709239
43212 770332730
5234 845835828
31365 825631913
37204 819331289
23532 652601787
21052 308440759
35695 936450165
14425 280708631
8863 632755101
46204 131713444
41081 40893040
41938 500676042
34617 925443641
42177 277724174
22415 248629942
32191 699775261
4698 81652384
41043 112446102
21299 286208218
13221 237015603
9646 986567718
49005 97951159
47081 664882728
47622 982359307
49098 793056456
13464 806010015
47976 156195887
43735 499390584
23733 237525194
1321 558279809
46370 46038907
41050 619761112
2107 325689446
10171 95994994
20125 306307456
9404 76452289
40999 347582017
15971 274365818
24026 562151734
37339 9844006
26496 856345552
30648 717615360
45558 117264733
84 623301578
44132 833046559
9423 201239201
7061 156331772
34056 674913822
35362 342359320
26687 304976714
16007 438457695
27255 810940455
15374 599792693
12303 80562334
22162 839092011
12675 465819442
44148 411965893
18753 122223320
30379 321126684
42127 156134217
36439 223850633
45271 414158528
41139 316086868
24364 516530856
11477 497151354
25678 840447844
13356 851125607
16473 495394930
20980 746410335
38490 205664877
33044 549376144
6144 872604426
17325 507908820
47158 653510728
36197 49217605
42888 448325418
46733 56749446
23727 19215344
10986 496888654
2217 336144219
32253 529823845
11196 364562034
20495 267496664
40241 53496217
33813 839206470
9860 630259359
31156 272804458
18437 425767310
32737 347327353
38744 701784596
28404 349849227
10078 141106322
47253 699496117
38027 176591854
12650 18690987
42483 50242485
48602 418590287
14978 928475387
34928 209758861
33985 639888235
13597 575313439
30944 521598339
29122 597518151
13635 753314926
5366 948159346
28857 344780427
11583 33036171
39829 697565808
28218 679108464
38414 265723771
40731 850455849
41073 260481444
33697 925422960
17013 573919101
42040 38944714
39243 62610827
26247 167365954
8303 776613295
3976 509529250
32937 995412139
33392 798753645
18997 143200167
2900 233838638
10228 920490079
23507 97439163
31489 217685040
22237 478905578
5124 977940817
42217 343479421
37751 48148198
32239 709584713
45618 648097083
18307 688332083
5476 317036669
48925 991511205
38203 341817057
916 580539426
3856 423298113
44611 570278110
4590 939897179
42372 497639004
14512 946831643
8257 975367918
9694 441989599
45745 562344106
37884 853850930
15669 428463600
27591 391959914
2891 500067016
39298 421713726
38429 11691151
24366 618836303
15701 144756504
33436 389446272
16058 866903686
21174 613796199
35057 894665450
24562 629327004
11637 950082014
17376 889666968
35516 342146025
34115 625061279
18958 36655642
27543 343809436
25397 386252956
14052 517930869
18780 402393942
37299 671151327
27166 704537543
35126 334461578
23420 288301172
43336 983941355
48809 879085066
8310 797016827
45807 578011493
9942 209352806
35146 52091360
33857 927581546
18921 380730904
10108 706124189
26556 949307285
15750 345332551
5387 817415418
15693 715501870
2964 540309223
15626 608014963
37324 376603142
7667 21576938
47268 255499122
23033 444095757
37615 213034395
45161 882866152
30827 197092241
11308 73126421
48203 92861840
3838 180334800
38807 314829610
46614 124427080
40404 456743229
36807 877757187
35088 989349111
46825 240278593
9312 320306161
14165 603940354
31944 191077222
33082 644956938
45848 871296135
35936 815101226
30222 832936304
28240 619668642
22977 765082024
46956 289091266
17709 556906940
39370 396240080
10518 775355163
711 136494461
1128 261891441
48244 123487813
23084 840527985
4665 34041606
2451 325387379
7800 764234359
6444 696374387
35850 764720084
45686 879645536
14519 969252876
6718 221050968
38714 934947657
26798 773633093
45020 943444836
6802 494642363
8260 344866687
46328 776565213
33721 66838960
48370 437973573
17127 178980655
32717 667305638
32744 163348049
46560 353258405
5008 867758316
5772 960473351
22161 725873557
16922 379532265
35078 75791387
21524 457704614
12218 119791733
16699 281735856
1231 684414492
37752 863056254
11508 902002874
23163 716516380
27822 660638752
20055 431603888
16708 50238421
37541 709486437
9721 375542028
42403 141703873
6556 604721742
9472 368956934
44665 206168367
47686 450060090
47279 687600378
19496 903079081
48148 850538965
23922 538947447
3704 776886430
29958 848663202
16627 360585269
11820 450598358
9371 87699363
21288 420548355
33209 700635480
23460 820756302
6938 778582378
37487 262757238
42274 721930818
22734 132439895
45697 724033925
28416 229671720
4868 231582023
15447 663193615
25906 568491556
45947 569881631
22261 81081566
30801 123330794
16851 724680739
17481 411577556
15908 899578650
38110 986968897
6708 942954039
45635 730554262
35505 996037673
29109 617642737
21232 49042571
25481 191415802
25257 284989295
5459 202855082
40265 494890977
49066 337619223
44243 160949366
25347 428011061
44052 327822541
29901 321700940
13609 962681399
42501 882084695
46661 173449734
37696 842061524
29574 905051039
18213 229157475
29344 99893864
49124 724358388
40729 958807189
14100 87775827
23865 910294859
35653 907578770
36890 914074622
6462 931858022
14338 817118823
19821 838837255
26213 861887052
49208 648983448
39973 343594234
6179 51672770
31140 607606927
42941 713001130
19095 893274176
40808 242115356
40874 679082422
6562 713868209
2867 490523495
36599 442934937
3535 83382428
29119 195130138
1911 995274265
26354 793891226
21154 802243265
11589 427010748
3640 246170270
47893 99228315
10806 355484813
1794 166143136
40436 948097754
32650 739228497
32466 695013566
7524 421432503
37559 200425136
45542 508700162
37302 425639788
1587 666750626
19719 312451993
6364 766149230
19980 304312616
17793 32972078
42759 619228851
1169 261778787
48948 500627607
1072 81988154
11668 755014908
46919 28996742
13974 230303462
28648 542591660
29398 25512674
14422 95433813
249 603166872
12992 383273352
29306 619101833
35639 528777840
47988 758622952
24070 87585282
49950 228567298
4493 181010030
6434 675286831
24984 234127702
40635 721945564
33512 974835870
45362 273527891
22033 878789056
10519 419426805
48045 423396757
16500 529867141
44545 664694299
47858 730664961
11706 108815951
3712 253749530
22666 497169930
39736 633881369
11518 200581692
577 944528848
42511 910036603
21452 261775841
14499 274965300
2543 337307932
30602 346128665
31747 127530154
12712 993648530
28884 390449427
5593 645902572
26309 371552958
39568 228310589
8082 416765753
32532 748469801
683 86748346
23050 239244163
1681 753490210
45349 544314349
7438 467447311
24884 224010507
37922 801412945
31241 831284789
23548 782432102
11452 924390000
277 822294057
9656 14587059
8387 993210276
18750 353113438
15720 724539278
10491 453326786
15601 597779704
26151 312906269
29273 737465230
47403 911795981
12823 198861665
34073 939180105
10722 481512790
34610 295367699
20917 644432595
19037 102555348
18141 225792431
28807 143860956
19230 194451972
4357 696338144
47320 309434898
40304 196357441
24114 643974916
49837 252414395
19411 93894804
47746 525749072
39100 921501975
48060 778948157
5823 466945151
22597 224152830
13897 329518628
25800 356577227
45578 462460681
16883 258865380
8199 11471802
27480 187975888
20287 393751284
42108 61911191
44713 303901120
6583 604634054
19251 929737888
10795 938492259
22564 29737975
23386 728694029
47530 617553402
47439 366147760
49583 244628373
29630 24534497
47899 537493036
2518 575861594
11987 331444601
14146 905041237
4898 640988540
39392 664996329
11152 907120034
48527 402465719
34449 662829976
26255 643040359
34038 317477968
32701 514158162
46808 697592955
26110 976765690
34020 791777906
41672 457053379
31951 842635032
1735 613237945
9446 990464331
20928 686376482
3145 16447668
24730 599472509
19792 931456942
49699 682174322
12663 543160421
18088 629971169
8831 481210529
48762 836064887
42330 245854920
19537 829932648
24023 809997800
18776 354994217
24801 556207007
34984 268764181
21223 187615353
45051 883888175
20420 305478999
29926 333104030
46375 99721632
12069 215841035
34911 215027492
43815 929457242
7500 684678666
15836 645256376
784 905954731
20671 587093565
30732 290944860
46765 430540940
569 289276976
4065 691836696
20871 345382938
36 382062663
46032 976320910
13342 121582112
45568 120758908
14438 311695237
29221 690744856
8927 368657958
43078 170858288
28329 792268151
35911 338801452
37337 649354394
10073 547814267
10254 739207771
34476 102088460
35684 579310018
41102 274528558
5779 934022626
28768 198949552
13146 54211231
19635 511790329
34880 233327393
28130 941546036
39040 643325585
10732 961029415
49592 22872532
21539 591470348
17832 932676651
15754 747483045
49070 40219642
21632 566661245
20800 632344558
15686 890883703
25713 33376416
23734 522863717
40062 933623667
38968 400016496
9249 456438996
40555 524460610
10591 719525995
5683 444524255
20448 441968759
39229 896860441
3795 355805142
2748 661935602
27987 721868198
25189 185585019
41078 2156227
1904 793808028
2249 600907874
49101 548516960
19838 702796216
10184 384825533
18543 657244332
1869 475024412
37763 216367033
32562 97786092
8049 382563119
47105 912292909
31114 798485605
41997 691632966
5070 589942692
11113 906993248
14843 425154563
11253 582454431
21001 408892942
27550 250752845
17219 787296812
49635 148800083
866 567103373
37267 91604647
39780 724239515
28874 235192056
45350 630982041
49521 336672400
32950 234059820
49407 366400234
37993 462970705
3037 205973041
20160 468399723
2183 197259745
1576 854641697
42255 263320349
41521 16648724
3159 100252800
5563 276762565
17986 536274473
26904 198052934
912 350802874
34153 606225467
37648 44794501
30055 21570592
34428 269457477
37489 933152811
42590 338253748
11088 259896396
31699 730986618
9968 474946110
32758 872995211
225 398759603
48317 274049733
17704 681972177
787 418242833
6328 698598927
22655 289015381
38991 87567647
23153 740903015
26065 123826564
8360 509134427
46300 696452209
16558 839031846
36729 357500894
23456 88957592
2813 639936582
16365 877224006
2487 281357572
36419 887723631
5496 716609384
911 453308413
22397 481015812
26523 611705315
11998 523122093
24477 995855098
30682 53214411
27609 894407590
44740 177099402
10463 57768016
37355 320477665
40412 159816735
22770 65549262
10225 595529169
15552 807502957
35177 731074048
25962 222085756
15191 212761280
6951 906856575
26804 954359010
34789 88303478
39944 332904282
9215 967182189
22823 215256939
3108 25383027
18835 780577848
17422 694721921
39848 925275052
8323 925593537
34893 424718515
40931 384870494
35602 562980018
7091 872257225
9936 911188432
4743 368538826
14223 989401577
31857 70361407
4495 14645134
49255 877085550
107 213476967
2294 163589921
3183 704001687
8276 578444611
45099 974268168
37216 745735886
29031 185169512
39754 753816449
40978 356711604
9587 171025137
26809 827730581
37584 592460486
30167 756630441
31780 327057042
2455 306777557
45328 866061302
35405 519174776
1962 264413594
20225 747433752
15142 226487651
12342 151200694
14850 145348154
26676 959315013
2437 169420455
6260 183976084
1208 879525421
18462 949143524
34030 174166311
1847 826666187
32975 563218494
47309 360611815
32136 306946238
34856 901806013
29316 828775532
2484 282120648
28341 910434313
27849 86016576
39251 143752020
48965 268968094
18085 831106856
1686 501886556
48790 82785065
37001 994717551
38790 919480962
6374 988406839
30529 278317852
20382 880294162
13984 378923745
11641 689880135
45029 76899148
44254 978989654
45975 971259429
34903 38961085
32055 544249700
26342 122996889
28511 572668936
9083 917494178
9538 364485256
22812 378520802
22172 699626972
39809 172319095
23761 911714189
7565 463107560
36306 143014708
47689 158194456
42911 686218082
29475 12404270
13207 74530024
40811 178478652
684 977288293
26502 701650203
44206 458797800
40370 906439781
29903 451278956
24675 890835266
32219 526256541
38193 661143823
960 925231473
10576 269551001
45391 365324702
46362 999859883
10669 710199927
18585 534861357
32827 615622906
42823 318244554
3808 155412548
26770 662825419
9580 470491613
39531 929015597
42851 578022020
16043 99592966
47359 166234282
27432 279629532
41214 765565004
22056 466219589
8511 824429165
22131 270491093
48296 5011997
22813 637516161
33325 441671739
46465 740846086
21941 410247874
12974 762090255
4853 981769844
18925 955684183
22841 774766661
23888 24354270
21613 504015516
33050 305634520
24465 80311061
49084 51719050
9017 385868192
26173 213473981
8404 547348550
1276 152022236
7357 858637556
6672 269267306
4360 123902214
14034 667598419
3825 207652475
40528 346104305
19717 917104952
13276 285738970
46085 524479208
12084 715959766
20348 670412070
852 436978634
35040 151455157
17024 607732425
3621 227608853
49627 175508551
43794 718188423
43653 539832551
38698 794238399
21027 578519168
20790 925941475
20333 153360240
45733 888963009
36278 427295959
42396 809984697
15102 561602246
33717 425249282
13421 692507238
14573 808608424
12936 762752361
45594 18680661
45411 156840305
37431 154271333
42720 1423752
20390 908276314
37263 242010402
38951 963024789
11854 126050266
47876 440072400
40519 991615780
36728 28609617
27398 685396161
34170 196500089
3305 583951812
34234 984651536
44860 142809118
9178 763428012
46762 352484356
46781 858551869
25840 943165329
7619 564357694
31313 766669244
36950 827619720
18793 278600465
9354 594600663
31377 860125567
5784 860242909
44619 714516881
5633 495236503
43065 114422360
6238 688332129
47860 7326150
42010 23566092
21191 351495814
409 56325631
32031 568632718
21308 961442057
4619 833401851
42869 335140004
34896 110978662
9089 475915964
3713 703530586
8627 413064336
2679 660051313
47814 538544172
8024 612938885
16332 344080789
33521 556961290
11547 490597783
20629 691654912
34898 407465339
43659 584073437
16455 838744175
20557 161516974
35076 643755207
38873 127934037
18302 377024998
38972 671338887
34496 506289956
47165 103233458
41941 114773556
9834 59174475
38029 704649056
44848 604066622
30545 191421859
32647 650062236
35038 749979030
17250 55411308
13236 347174601
6357 382648904
44465 329922061
11549 390112826
20477 949576414
30005 719923245
22406 48779015
4968 995159313
43054 803124850
33989 453177782
17949 744656100
8504 577601766
47607 95870849
30476 431085509
8637 372353864
35700 107079575
12225 766193824
41409 518158525
39339 513067296
10126 699892526
30790 351938993
726 451334636
38279 296598264
29479 628890489
39787 349122596
39861 785798381
39182 93841375
38503 814896798
37845 572254319
35089 858403449
26921 208364784
27332 732350419
14184 352994348
40191 608319980
47719 208861852
36261 343852421
4059 584575569
15979 162949841
14460 514823425
29670 330654893
45248 450725421
14594 742542163
28455 735514307
11618 272780209
6644 209047906
21183 118569452
15516 8719395
23092 832541194
37233 930328463
11359 793839057
36633 424314283
35938 242455354
8337 442247714
39085 36497950
5254 994870596
17927 361182476
32127 297254814
10881 665014230
29010 405310537
48041 130886792
6770 68276850
11581 335489916
17230 127210226
42288 87334281
44235 446691717
16494 438499969
612 987013450
33152 681616807
46269 272839388
19727 367156599
11825 283016431
21653 298539685
37061 68721059
3411 228567545
2520 943975163
30895 670906835
20288 483389546
43968 731793204
3988 719879717
9033 105674527
5770 427446577
47447 672233804
16874 164383308
23037 707788368
41035 566038739
28462 226817632
6560 299150528
40542 829527448
42151 300489393
16999 1463525
17292 95125407
7503 361612018
10118 763353212
32264 580100858
48939 124859235
2599 995518759
33264 134287727
32105 273598526
18710 84053320
19878 217165419
2737 754866160
3269 175700184
28325 370559404
22356 333127179
2594 173268592
16990 693302851
8033 496609284
3246 445279358
31879 352805377
24336 141025386
42948 415919371
15527 76585818
41600 349896255
8412 903633298
13427 789215310
48771 212668704
31387 123883793
1166 78863235
32448 21969447
9826 829590684
34834 490749967
14233 832953868
47791 580420042
26403 789293345
291 691367622
31469 970620246
35870 527951046
8705 689737923
36394 860241553
33996 474657046
4259 535520566
22400 496595765
5741 945488783
31392 220302841
21647 442964674
21024 184528642
49800 279907886
30658 391478353
18468 780702025
10586 87031862
22590 239544947
16966 951513182
37167 94092017
15647 58158627
21148 96755727
40649 190544226
23326 958014441
10319 929297227
34488 217606715
31035 736605027
35829 699951807
2639 563509940
21382 792020725
37567 900437915
35266 681634103
34277 911004228
38361 784185700
1578 112949961
34825 96853796
42709 160749123
20724 500114927
16681 384136721
5508 446920335
19180 146983388
46739 736163421
19143 194000965
45376 536535118
25273 11671794
42224 333655012
41529 564303020
20438 547275757
23551 597334001
34132 647874241
40765 398386109
32673 615529960
45792 175598028
36586 516096863
352 281835213
42965 31270759
40730 724693027
17576 870686146
34268 204452906
13853 328115350
35187 943109307
29744 403077208
29414 15692029
17647 948856325
38261 321953327
21583 346559435
30688 530754318
48874 354172606
17493 341991286
22552 767737104
23175 753531647
7978 867083827
5432 724527831
14407 895286676
16340 385463293
25292 743172492
2188 667104996
25769 836859537
31417 829356792
2874 434452570
2335 859020495
16776 712675855
36652 84229698
47073 289073929
39492 683998869
44107 53858913
20632 268306466
1430 777844608
42722 40118210
18926 953726586
6793 634925949
40501 346196195
5200 442247411
24876 274623833
13718 709835711
19799 458930915
6407 715732357
20248 652754681
37859 94348381
2576 464944216
20749 158844751
46365 243952549
10332 978892413
46860 359655502
46770 110124168
360 642436338
13963 402093393
36701 36540291
655 99000639
18230 239383996
28940 458589847
5935 570639463
13532 867469478
12275 54401022
49951 885188720
24069 363340207
14930 105232662
11346 83616541
19577 823404261
19995 570189591
34884 868744034
2643 190790300
40141 73691859
6285 108446114
13961 734712278
17206 217235810
19780 572582594
32318 44047060
12953 143094917
17766 845763820
26507 935767591
23873 581749442
22314 505699166
48824 805553247
31007 431199593
31847 686679527
29658 88123116
24555 216332598
36509 291117913
24954 197733602
30328 747471362
48821 861047729
22543 529007159
45125 946971737
27281 166495978
6101 559395845
17100 118174287
38176 688258763
27554 203111884
31516 824506359
23093 208602921
46890 990723199
8093 285436102
2916 970072131
5564 129552709
28914 140434367
43173 751392411
31216 148499182
31186 479934638
21003 929185555
38949 6398068
47760 85628733
288 367486285
27399 239066249
4289 813669843
49360 268037435
42800 800481092
13693 965997419
14975 50631213
33349 796851368
44095 604953919
1894 206927251
11203 929784413
33358 422132589
19233 448471835
7989 62655493
35087 672459972
19548 519134761
4214 211364700
12978 739236893
22030 649945306
13323 28202263
38489 531920506
18249 906969177
35291 162400252
1423 94064677
10458 129203208
39319 484736413
33643 924562724
20943 75548099
22794 794311218
20525 710242799
34653 46968977
9634 173093026
49536 991325092
25077 475359011
17254 60101154
22102 893266366
28145 930831523
40032 952198913
27882 457783399
30410 816421024
42871 957135519
38859 7855033
31497 62037240
44331 437197812
29245 627639593
17627 248868294
44386 305437040
35484 805804162
33473 488022520
28568 590128646
45291 170734250
42855 996691196
11023 350763866
11529 567038341
16798 738078281
3537 772997330
44476 624914329
10119 809085851
22690 291848718
49555 733037292
47474 34000248
8622 679498840
15522 418118588
23870 577208763
27161 138310475
23701 696939272
26049 716583999
23791 549233833
295 496236644
49823 1141960
37391 599713157
7199 603496035
6318 397953381
29047 452128596
3940 104580950
5567 188269018
15899 328544309
37817 781689949
48267 112675633
31380 828465183
25606 933250892
22918 996099893
11892 247104757
47695 449212308
11509 781072279
688 905848743
29349 233009339
5713 168938521
29164 300728483
45232 683278897
35690 633727844
33756 779664748
13187 297000191
14349 647559051
23362 297499356
32816 444017075
5545 174540534
10814 407361323
48193 657513974
12011 76893436
7713 550089347
27021 299623197
10080 502749046
10828 752745011
19911 183092420
9006 690192853
777 156616453
13068 63401215
40280 821199913
36738 94339812
24939 297039352
45555 203626617
45566 179406273
10318 654283010
40276 879092902
24272 284903488
12186 87550907
31793 865975174
34266 194473213
23376 126102195
17929 911874799
46302 520391191
47136 465502943
20907 60310366
24371 861509907
33687 810477524
23496 652452681
49971 169072710
13680 607950160
38726 806698165
21461 650156238
34034 293842620
3671 942097630
25666 420072674
30115 142879786
41172 901885606
1499 852698491
18140 792855660
29224 177346817
46169 762828019
32003 74203721
16153 765843759
10699 399920153
44112 620044485
45230 405388532
4421 10053649
43997 522519075
985 298699348
18126 674701097
3555 426830478
27565 178376611
34376 616353800
8584 246981151
12667 938295095
40861 385239157
31732 601438269
33770 364342428
27525 198689637
27331 832995749
38878 522894789
35485 212697164
26786 470620028
15665 656221870
25779 455927
35328 552598652
9649 832695755
9852 357082401
757 866562155
2011 489215416
29962 456869334
11963 480393246
38643 804642761
2988 938041425
1331 956840217
44018 515521961
29637 585461007
44025 52144861
23583 417932030
6460 902526359
41517 643959436
11418 975366046
45300 554063742
21873 891535475
40941 930669513
33307 276634986
10275 240599936
48294 332065759
41530 614846118
20512 369590004
112 640657901
12679 455869088
5374 57306639
26223 811722961
25619 130014250
35520 10275405
48889 370633069
14122 926708641
47112 829920083
4877 115499765
4927 572370009
36830 362270119
21957 74341151
44340 312360519
19162 370531240
47801 66500585
34651 310449427
48709 758267267
29520 586025519
10113 553959629
44936 703478598
41624 496515108
18802 865305875
38713 144725679
38659 10862510
41464 459732408
30978 486240273
30465 677782494
36504 474319337
17509 811808130
8803 905832743
48004 647127950
32176 711808236
46306 186262156
9183 89495909
32924 178572954
16462 916664225
36892 879928543
12531 432268943
7379 203725253
3129 340152616
35608 632254760
21403 214633553
38370 550270147
20970 409966273
18428 933966252
44312 977165497
37075 658584257
47205 198224878
29813 666624207
10707 501727852
41010 724046453
42246 842352914
23717 233083012
3576 5574815
21863 527412419
35357 36610032
12973 367217034
41699 956425010
37821 384862850
18946 914251996
10833 528176410
41146 151539980
37170 235667721
25559 612842293
25052 580987391
15245 88681727
26183 253356754
3644 331018631
31691 371988888
24570 713661095
39962 40176473
16900 195000568
41412 116388194
12159 346752260
13538 825651940
21791 353044297
46462 574717980
18577 775248631
43269 544783833
1292 571290406
4662 522114387
34605 408237643
241 146064606
5937 618290879
15332 554642072
18549 733799228
38234 890826651
14733 957235132
4685 823502012
22832 913010937
18612 71376046
42277 913828996
25780 777720110
45860 85080606
48393 907826980
30148 172767925
10942 939647778
15654 720378928
20655 852454063
31697 745160488
40683 980575581
41105 394821232
41471 68019445
39397 623451672
20347 824514317
11232 359896210
37840 475012082
3638 802617602
24986 621973630
8094 693420873
20921 200581627
33537 146018301
22747 233270379
46613 181190709
76 653828574
35007 316115583
1531 405379965
2477 873503239
21396 381348675
4110 549707422
1207 166790785
48394 162107063
44904 519449618
39262 607226180
19256 983671285
46 43004447
3763 220019298
7300 25937921
46003 3073292
49021 562582065
49337 444353381
27459 337907354
22804 719428419
2434 921966828
49889 975488082
25167 829893625
46454 672439918
26066 306181293
28099 82329415
22982 649933766
30179 752880712
33518 831412160
34744 198018843
20967 965078279
140 211033947
21149 497539232
49775 268947594
11705 461991030
43702 917443574
3946 64747691
6436 319906368
28754 601286321
26117 901652720
47823 341312267
26630 544719633
31664 830395500
41438 482832064
10479 292334985
44419 244888282
35393 981213721
49474 102254664
48299 573364027
3659 503273993
6834 360934359
5041 436477303
26100 20815877
2581 473210854
22796 642645002
40303 689795640
9095 991395974
49831 203747984
25057 877404873
6225 451044286
46672 316403123
10865 771614894
4337 516410537
38642 189014863
24241 998990310
33757 947144979
12266 12685553
24147 618084794
14493 155438100
8813 818806130
19151 198278625
12021 176738202
7926 128738935
12276 732066406
34505 344451744
25972 673466760
33486 987808312
45344 759535725
45948 741527805
16920 877040907
43999 526743814
14753 534603933
6664 101972086
29298 985312721
46749 900471915
28561 241873459
22748 620953144
22503 400831116
10584 8976178
45478 219868314
25785 79580976
35456 705998096
394 540613950
6064 86189052
41604 210009389
1996 427358016
40653 861290000
29723 949928818
24620 496348945
10736 708240448
45680 198156539
41382 725558166
29220 842273299
1739 8421634
22304 832467147
22553 383770419
20710 718998343
4581 400270854
36541 375335423
8437 674347029
42129 865236455
43067 999037474
22163 819443694
27135 123130124
26416 362328245
19317 946066486
46007 447786147
20755 452983695
2771 956303613
15928 115787685
49792 741652672
33898 328565607
43079 672265691
41693 752190082
4239 137849905
2151 206673488
21813 234749112
29671 368172657
23147 825056258
41882 418720035
6530 51816277
38722 311120740
39595 764404275
4734 785188596
476 742374261
43254 216612238
7733 747982275
5566 903814983
31506 416015423
34286 608758099
30787 119679512
18722 467564054
46520 978838914
17159 589956098
29950 878490181
33896 733627976
43438 622832763
13505 734030534
15170 502226705
30380 858647625
1998 513816093
43515 392121226
22186 993930729
29810 285448092
1662 656299451
14373 685436508
24054 51785454
10501 355907844
5417 404977083
43084 457728276
15787 805062581
39234 494118102
48196 317658784
23416 240806006
39296 972242568
16982 563500740
555 600583147
11598 135996758
39216 237838490
18770 576021374
29759 598470773
49575 570191566
4991 116162557
20527 930844915
24302 957183473
40 929890278
42783 94133534
24360 465774112
11829 609335526
27923 718064699
29955 582922073
2163 449626481
37257 679778787
38366 64797769
6805 763167583
14920 854969442
28303 368670513
41236 545843450
6533 229330621
21291 675765122
8520 729702050
8990 947709625
27770 710975109
4651 293337872
26134 290881792
29097 576735996
14427 221159366
19189 898570141
17491 690903552
18603 261215944
2977 674086870
1254 145902072
3906 455415609
31416 773264132
26584 579382473
34163 862615774
14791 805093225
32307 556998237
49277 101820664
8165 511438624
46395 321241864
30650 734650478
31954 502721270
1376 936934432
35380 24150549
49754 780978462
4670 552212052
26136 901054534
7609 472765567
32905 43337261
3309 600786107
48635 209102567
21978 115838965
7220 849430354
38841 360999473
20304 370275145
34500 255523798
26244 241300660
9894 526535998
47048 717754314
13571 33434031
49769 170171190
3952 968359694
44083 870900628
26290 639740852
34772 595245283
29459 466876511
36849 744358264
2229 373177958
28774 399243781
7185 312123696
27673 519062858
44875 470940863
19549 45314667
4054 852758587
46098 763233936
15605 70927281
20296 740775077
6817 150830973
36713 371428235
12330 717114655
47417 705637377
40349 490135946
1529 837143776
44910 153561274
40829 69170061
34397 757979800
49858 515043132
1579 522427322
13302 131936959
45496 615068893
1852 864984928
27680 575048911
25772 460016700
4776 868733592
33722 563687544
20012 398514614
10652 998006001
27735 876506278
46002 107488536
12724 183147297
5505 126558916
924 837573331
8251 188900451
2522 337961110
11891 193635305
45536 669752014
48156 393584928
44862 246440564
38019 13447378
12630 388178113
39422 322725893
15759 168115721
11012 130093139
14018 507944069
6711 165345126
37231 976877666
16658 397417811
11988 744310028
18708 373355669
40047 408201652
18242 206745765
18254 612775279
23029 128726787
11249 929814392
10521 600390709
31631 113660963
22472 832805316
36559 378058313
22115 186448374
22135 9642796
40381 560004079
30664 559644189
180 149945531
41840 927911147
44136 999962432
33956 510802090
45586 400039219
33769 108858297
379 969778443
1729 292574583
23909 306156852
8536 625882244
16653 694295865
32782 919588696
12175 410278824
8744 580223206
472 340994405
19117 786390160
15892 501910852
38478 250257639
38406 955581806
6060 473188753
34134 316581378
45958 379829621
33296 818153469
47367 339235392
46278 660357088
24767 349268493
27465 961140357
37783 61040851
26390 730007230
37831 774672915
3297 119519058
3553 61905490
29318 713856774
13098 147958617
13297 182129413
40499 248678218
6143 976686606
3220 826310494
14601 675160927
34265 488195488
13211 315214507
6961 16862493
39436 550419600
17582 6640107
10237 775974270
2615 134184208
10914 954353670
33519 245082222
4503 161252736
19308 416427682
10152 229433746
4076 903601715
11351 165973031
47993 680630203
30976 848528911
32180 859605254
37906 642658320
44758 810446595
18729 377375369
41666 598369056
35278 606230278
37056 380101825
48012 120115659
49127 832379842
41083 694304652
3927 521823734
39345 205536207
47414 599606922
36128 156333909
28074 865601021
12805 638515819
13696 320073008
21389 664249816
31025 856739502
12180 123138008
19562 33558890
3310 423141137
41016 972874208
8339 594704491
1507 480969766
35018 777088028
49591 498253983
14655 738553721
25391 820262366
3382 292146128
47472 596661719
10703 42519726
43594 471878607
2279 701980171
20093 942447261
21699 182566745
29160 15891059
9396 775634287
2336 949904715
830 182033277
15873 76494095
11158 649032729
21450 932670484
4267 937866044
18229 581220634
27226 9848529
7531 359364654
32675 350856710
29123 935629338
38606 153792922
361 681783646
39651 102401289
42805 807356237
35439 826820795
46443 182195941
19839 500675202
5082 326237360
23935 159603434
36530 193327033
4446 477389489
10173 270479243
13180 635169120
8945 121662404
20022 235180853
38837 248448565
31208 814442865
243 128063300
6915 310468835
21513 296644159
32659 121172479
10831 282857687
22395 774682138
16502 679613690
28562 279987607
42681 3741131
19626 942344581
35307 21195757
46173 402028307
29982 679724992
29353 620769007
14278 87631609
10064 520953313
47694 953649537
44882 9231803
37393 395262502
14417 196759864
45706 873145482
30098 900462323
23864 372209208
40166 89587925
28411 681401350
21691 909987064
33359 154597678
10947 18782465
18086 136078294
28032 202134970
44701 893744923
44084 785003065
20375 680640379
5895 686203567
45093 383693939
36010 326415665
8037 768199548
12864 396594143
26455 502265929
18526 695560946
2133 118980751
3549 253351405
42436 463038323
20074 202761238
38169 749821471
34044 612894601
20359 335806984
43814 137887121
46416 954910036
38274 647355049
27275 232114545
45783 409608900
25115 43739374
16027 647838604
49473 565530188
40427 694910635
29868 277564527
13292 598567072
29237 833308502
11502 486823594
39627 71153634
26454 150865264
41752 482846938
21759 508656228
19014 852399649
37258 642823491
33425 296392385
7130 371019628
17004 164851864
11114 393793458
36697 366860067
322 582543460
47811 666554682
19297 180275586
36671 359124819
28523 164692004
29489 137640633
44528 799037441
48303 86782574
17397 380278407
45925 856406129
1451 640027531
36420 140977276
11449 266314537
23404 517053525
26035 267340250
6693 115475322
3620 76098758
620 956722243
39215 823925535
27272 160091544
23671 539287908
7188 7375591
36774 607916296
19943 505309199
47187 644010858
4882 955523047
29049 572618084
24218 382314161
4723 576535492
20365 785364622
12623 214055875
20806 271957707
10157 799575715
16497 605346743
1830 698291641
49838 58386236
27809 496659619
16805 755282321
3102 752786882
4519 479584842
11753 361052069
27839 650137007
5486 384961683
6296 619456263
33698 473639344
17633 3403284
45734 23719371
4368 135106566
14234 508097272
35529 922253738
13148 714797699
31202 306786110
39761 292714474
5590 817692886
3674 136386784
302 760806179
25616 577387208
22604 166325893
49878 894094759
29434 517837249
25951 540208114
36787 858878431
41246 232893749
46390 203632361
21748 220902519
8107 176297374
1211 130615833
14113 974877533
2549 858952346
37822 171978564
2980 799122643
44082 769054821
1687 175127235
46555 817859922
2200 565761870
13841 351966495
48293 912210549
35460 513570111
13682 927929815
49571 707038487
18017 741386944
37574 143341016
19205 701151188
28545 937606565
43449 561822488
29404 90715673
38025 878197178
15824 981837953
4373 208186802
32903 394738201
7731 926030404
32235 861521196
18950 922993103
44288 201226780
24018 205490578
33574 326379616
19860 506623842
8575 769397521
20673 561282711
29530 131391604
30850 604193887
25942 285665372
342 582697480
19422 165529671
26548 733735401
18076 15008851
8867 455139181
8948 250069766
47273 64719104
30421 398913519
28334 37430368
27359 323292576
40824 723118971
28818 742139876
4854 772728269
6566 437342243
30955 269365483
40510 154380773
44065 494770487
12633 160446741
3662 416563104
12352 350857242
37931 468534467
48720 562211369
16800 495529268
26728 302189294
10524 78899381
3980 781764423
8733 905908146
10110 490995113
22037 396203055
21444 36256766
32275 846976201
40662 896412236
33754 46774811
5099 796874797
39318 630427868
39139 243053869
27835 243912067
18295 37950247
23565 716426852
40397 327655041
4127 305114539
22147 957033308
6201 410308219
46828 390665160
19045 791896284
8617 813886282
47911 205893838
48218 608495753
5651 595165037
35499 660011804
12059 787167736
11222 796912546
13330 237058407
12033 417103165
26029 698961268
11607 783151782
14761 607910081
25246 423427374
48136 284031786
24553 651922726
38609 701355727
24794 864076358
3495 416606198
38365 945389856
31147 408134815
25818 755800858
3306 817810012
2618 327129120
48621 851717444
10230 782939578
26619 779946265
40888 38930573
48992 476114080
17539 979306568
32149 522704523
40770 968535109
28090 955030242
11248 126360122
16783 781712736
37844 664607325
19881 750622597
2207 608118790
26368 249428920
47097 747996831
5296 816462777
22716 764461294
35806 961128554
6534 170793455
38306 130791892
41097 757439434
3341 108330950
27216 100735147
11685 232373878
10068 237546726
19815 623879813
35931 451927407
37968 465046460
44385 375792800
26299 112490563
37124 483609107
14687 985736924
20772 755842028
24579 446521105
26235 505267250
6020 389124810
34726 350844025
26925 607934158
15766 216655320
31316 397448528
15118 269285848
49160 886654312
25654 846440725
20461 291992664
13709 532785195
15879 785753225
4419 183837382
33715 899834853
18601 615510502
2275 992361511
23534 262188691
28477 124147097
20203 860848996
13839 176030750
31267 978350924
14116 919547652
46074 245754979
30189 636008261
49270 119176620
11179 697438697
36996 79987912
28977 884163124
45277 183866226
35580 873356324
10310 668364106
46988 193131444
15326 444511802
3130 357739866
14721 868944723
25416 591488270
43896 707864036
38778 17839808
5777 746097703
39988 391959431
29716 820719912
23593 623705356
2663 686808448
26482 370280914
35825 87168734
39272 109422805
5719 990078311
24488 272106692
41793 376238404
16569 775363763
42751 460926319
9804 18388209
22291 398642059
12647 983287646
1517 715317526
1534 96655710
598 36115392
22398 562331066
48753 993921858
39000 766310419
36493 327082544
1761 222482435
3303 217418624
40053 502432725
5927 140008311
43841 696565432
2688 579379888
23230 740973136
27377 985696761
4014 893292292
4301 792891292
14361 916260427
7801 40764525
21758 131352419
35443 597478257
32172 901795258
40378 280352599
41274 341900866
29041 945099801
11117 729841658
28176 850517998
37820 124156449
48887 394934068
21238 771027282
8841 141983308
37332 562285806
1537 791415048
18532 530914078
44807 173192033
48825 223324618
5597 629126668
33080 457194818
45905 572030615
16190 875512148
18984 549284212
9269 178007451
37539 398308512
40119 788497351
1553 251861274
30754 662186928
20381 187382236
12150 308998379
64 679523397
14614 680508104
29662 353731021
6411 731046333
21655 604216018
17361 326670830
45910 879985917
40193 491095345
44304 911528027
10219 323334731
31785 585340485
25953 679173315
19599 712751226
16670 706294675
1784 935632348
20094 680419382
20922 511395806
12855 154557402
40825 531667875
42310 235040218
36482 915368354
43404 202018743
29758 675526977
37602 722220899
40044 746464825
30382 897301365
38076 53051022
14215 862924682
24093 734985470
48121 826595229
14770 509887233
37999 619605084
45286 195499631
28064 526075934
44836 861658935
3046 968158657
27763 988217436
39785 885975008
25998 181978672
42391 922489233
21029 848409053
38231 683408195
45454 919888381
15456 23228907
29966 788173658
35011 708124187
44036 434200122
36925 714885570
3916 360210782
41519 660231439
23433 667141718
36388 408030295
49440 977969465
27381 669079353
27092 718407913
1102 334210194
18537 920312540
31176 429239927
47034 505219504
35048 697907294
44127 567991833
49750 575852797
33584 668430587
41764 214926826
32034 392875026
14010 142693335
49595 392092214
20895 261885999
48124 391749013
27098 641749115
10856 925863916
4238 246621172
41087 92928865
30489 886065793
30260 562978737
42306 178246174
21991 654345155
21960 548848577
44756 103520575
42707 560767279
38738 580374656
21967 259683732
37766 447849831
40736 346473853
49717 635519069
45173 47199400
33484 872282764
27108 340930925
9333 277431588
7575 301312884
16785 33361266
15762 37470704
34351 991151630
37835 476472335
27069 782996343
32976 213562109
45054 984123305
38387 115488031
21428 166971714
43568 202612632
2654 43006613
22074 541440691
4047 867514293
31058 183631983
40497 634741297
12733 562045217
41629 565907882
27138 599604303
38693 32446084
17849 60625472
12806 170943080
23770 899359312
24086 25810351
15794 73487733
33287 700274043
35225 334069240
32557 658285027
35966 550292546
46909 414776945
13005 36199815
33144 137246362
20149 325479514
41259 95164620
16926 753769194
694 396170141
41141 424863715
36932 714604233
11855 657581457
2399 146302345
11686 634629551
20399 813604287
6856 6019170
33086 820223845
15117 695353840
516 321628396
10663 616566240
13990 787738945
37769 476700010
41677 518505739
38665 541663225
22081 875277403
5112 780886358
11562 399212232
26280 655495214
38384 294628818
5812 751893696
7399 717789297
16987 802319563
24818 550267382
8598 654804407
32730 325589483
15412 992640006
32482 394593919
47863 42497107
39593 168713474
27868 114281500
49980 385163149
38908 260087624
26294 161896481
599 758141290
12305 3924178
32061 496179632
5575 797627780
27309 354663350
48514 567003939
20490 388485159
1016 716452610
27695 630480389
25366 144384752
41450 390872236
5834 144445865
46715 885018604
39930 476571594
35866 637612006
45008 385583703
1812 24593050
621 391800790
37027 831160106
26184 835214045
22589 705437745
6662 353627545
36656 686500349
30318 633371410
28114 186523556
24408 551481182
46581 912170741
9020 923973257
41698 926019774
7012 158098710
40104 837258531
38765 177778790
9103 909737623
9252 368283810
24022 456299730
4186 592022377
11960 132262665
11436 749308082
1918 209909942
19971 168432509
9598 234885044
39652 412583175
11136 338387449
16191 473129989
34025 25376769
40637 452511889
38441 663013590
43270 358084301
1685 148743729
18665 975489008
34031 237482507
1891 930692633
39072 642697022
44414 805068733
690 53274308
17523 23405952
41378 161837863
32687 904662443
2088 434098392
14819 839608922
35113 263217091
48232 653946959
37713 661444347
21293 904630311
43042 929603483
7852 673567308
38271 759984681
29395 762641114
13475 374652575
3561 407687834
39051 68594887
22897 476821024
22621 626150357
33946 596756892
35789 113448756
1752 695904236
16726 368049510
33245 918932704
36243 658488920
33910 402884244
49243 987263683
10886 189875076
36810 23205167
27810 875171752
17398 904925068
25633 962032632
47371 602516659
43476 695488330
43 576990462
17776 527348916
40156 522844165
24171 342303698
32684 959232803
7485 586996127
7246 830631654
31123 641726175
766 596796566
15819 263899140
3301 654333716
2983 937750707
4615 378809405
1706 451927794
47095 982721249
48949 746045518
45400 699888991
48073 444329832
1653 690805179
29606 571598942
41028 178020132
5453 632788754
44766 779094893
362 289818496
33186 916713119
27710 777402840
34968 726396574
42730 685744782
4912 166521641
33965 3252133
48432 716922468
26959 586311807
24623 672664299
35128 938843274
2658 52985555
14530 54961992
38053 502366464
2861 95046204
33513 131476156
38560 187088543
18259 30018114
858 716502823
14768 302426834
1091 501418775
37730 993423113
9660 780513935
6668 116911889
8643 155802161
1937 187541270
10474 638339938
18486 765353513
44540 168149815
8725 61225760
27284 261719687
3307 925047381
13270 631637677
47646 89918091
30158 368048574
41988 627642773
20325 991376168
10885 528574709
47052 568373811
7432 527290625
26704 989801052
19236 744976373
11290 879468201
7875 452904429
42615 51682840
15860 354208703
36248 918692104
30298 856208193
14148 734509530
10390 110615089
19784 907725888
23540 514876462
702 707711327
30259 47308933
28670 735390222
20608 740946596
48741 410676616
9956 871879305
8771 73455230
26355 228205789
2840 392408126
37784 424502842
36268 105487604
675 358282532
48740 261271343
43957 844630300
41164 425976545
14389 647889336
49687 851069847
25652 42419798
1515 366958720
24314 508042135
8097 260476648
4985 969385581
13473 584200821
46977 987218039
10312 940367835
16259 247590201
31561 685091334
6575 738661934
28279 160057132
30266 989786112
12609 107423245
13640 857446686
16040 708558042
47065 788947958
36516 904116340
17631 755599105
20255 999171828
26516 103765644
19402 36782256
31361 434690843
40452 725280021
19522 902057811
616 152485427
13776 342760550
20971 14603771
19774 856728405
12619 182404641
20658 83485819
43856 501595728
8962 202407312
13183 973584476
16991 569772566
46125 142420075
47208 441748982
38669 328506824
39235 746373117
31633 936590770
29166 670711814
8118 350537428
48617 357357353
46535 575599216
10581 774276982
23067 888797339
10837 164656004
28414 66102887
33078 908364622
6497 205963695
31762 158886301
5079 578497852
16544 194773704
35424 960651443
16246 38238278
9892 987112217
3338 778197665
29009 977679896
27179 183858339
42824 382762548
1263 969490340
46712 799315925
45162 863173246
1701 404620975
44813 86982505
28612 671011381
8110 72490264
14397 821517727
41349 557541970
10538 442823686
2766 666991391
3413 649914600
5831 96537235
11014 15374988
43540 956141417
8603 679727455
20812 141645801
2152 436877816
26401 504930003
26995 673216631
12911 591803644
1878 869177058
30411 300314988
36931 259285267
25204 200615551
9181 96482164
3175 323565516
7720 659889018
23079 344905205
41299 575302863
17590 934992925
15734 951374794
33047 15500275
10982 634418838
36007 706370592
47251 404091208
9582 920561792
49170 391703950
5372 111755411
16848 279531856
7054 876146543
7346 120672116
20959 922138936
4285 274469689
39359 301012535
927 437598282
1054 413352792
18642 207172871
48216 872545098
27152 700604023
35103 374772684
26575 678884236
12940 496877845
44293 926438159
41331 464967592
34261 509209116
26543 519784289
21659 328148127
49780 258333785
42329 661707145
15509 895544542
8907 152582548
14758 841237140
26721 252795823
1737 245708861
41798 148086510
32990 334449083
33162 56928829
6256 208344424
49856 766448894
8548 894414094
649 513922477
2970 949189489
33737 298834976
617 889723089
6570 888768483
11022 386785041
20767 975170402
18234 675197224
22700 719068932
40399 876705710
8968 234504740
48735 400622126
9918 349114114
25282 949950699
23227 815312308
21354 92740374
43189 726275055
37852 753322058
34815 247730843
37103 861255372
46325 136581250
17110 987749067
19019 6483289
23635 407443803
26246 352795246
45590 263998239
30831 954289037
45083 677468983
36582 934695049
25966 672923883
18175 16091472
3752 804632790
46473 582866185
23703 414955325
32947 326209711
10723 349860784
11011 603216977
44972 240637202
48383 429197619
38682 916968167
21841 139387827
13268 907943879
42327 396291060
31995 14042442
11365 756822035
29272 593079043
44460 408556190
1452 933693374
13822 755167777
25389 618557459
10544 806202939
883 436700198
31767 522546811
21227 694553138
47399 38604415
48745 498067020
16124 64185760
34533 763012967
49343 448612797
6531 202773314
3618 263223128
20733 951263361
19186 729937192
44792 345518618
37276 285180638
8893 166566120
6447 301766774
11167 41376276
40557 194579801
34969 819072069
7045 111560445
33612 899557288
24469 424048361
9891 32783822
33476 91099751
1977 787309355
32839 520570546
36461 453885667
33326 454517758
18360 925232253
12599 6527972
30230 750938889
2157 757802893
10300 171999950
42743 637115821
29877 607107333
47468 265888922
19967 44020692
25107 884970341
43163 968340107
14082 396932605
33249 962272611
19097 891564509
38287 209017824
25593 746139603
6273 325820944
25483 401267786
8166 273305521
239 624485214
29749 259394782
8007 751687729
508 648871939
19017 628171554
47593 564030174
46880 543454148
25259 14942004
442 171798468
33688 456020600
37336 246758586
35183 162846981
48733 395438116
15846 571471564
17899 701374669
25496 610916111
16310 796165868
48581 335475297
30343 710622163
25795 958779601
29140 602202700
14890 607723907
15992 874555355
12524 800683775
47512 229081630
4256 957950751
19360 873815259
36266 953318274
10191 589250125
19763 523942222
1030 132205636
36113 460581781
2637 816790704
19161 196915146
36765 834710756
16482 638423337
8734 950999697
25707 344637613
35282 130909941
12246 511193821
45986 914585559
33833 192194203
3041 675217373
38674 556563719
21443 705222425
21803 893113528
36019 769770287
14606 444785125
28220 447855505
9152 112136106
13225 769278824
6114 499045527
47151 5237188
11593 495905181
33248 662117315
24075 83518145
37119 248193648
38651 139046920
11692 609027929
38507 872115288
18439 346442543
46915 965748327
18891 954652788
26566 391083828
21224 267797906
44534 362078010
49331 77915231
45140 264838582
18546 481081452
17574 162131345
619 265744805
8600 175614587
1337 229092245
13022 519850065
31519 532040394
27896 832560248
24440 559260192
8632 762856433
49297 300914786
35908 184774942
7422 593172928
2041 956717300
35127 255691444
44223 692136173
35709 182280876
48339 679198198
11613 486449237
3057 116641538
19788 411463275
45724 402035488
49352 454274453
23656 826699988
6568 217792488
44034 142455803
42861 277290161
15470 158390990
38072 671580784
46202 693794691
33012 107560634
40057 511359370
25098 726768961
17228 806291401
16580 577709711
29335 110763172
34548 718728886
48437 634633242
5643 206116278
28499 879700965
31181 242627338
42402 64618708
15151 146444319
17330 201210929
47722 653322503
20000 206210740
25333 82665786
42409 156079197
1532 23204647
14444 593320492
19012 833287646
41047 532445246
4906 429413980
36536 210759520
15699 278908283
3875 735448172
32568 347980864
16536 970945074
43600 475481568
43952 800274058
41597 518935157
5209 931617217
48558 939748904
21230 856336852
8161 259563661
21722 555779805
3885 38616070
2934 510462407
33837 58208684
14131 487814900
29412 224328333
2421 304740260
27177 325070833
48922 981385266
37375 921475492
24739 46196012
46960 259492025
28986 273413195
3881 148092496
23658 316817877
11678 229656164
30565 315660337
49493 586222320
8464 74418691
39463 589931796
24007 226754900
44724 617796553
16963 943206638
41509 918165298
49970 555231785
37501 813318087
29341 638636496
44575 743453069
29804 211584265
17150 975321871
6851 832528775
8485 563054109
19513 816798792
31305 954745814
48314 315793713
47877 333330038
48826 339547361
26834 639593149
39642 936973036
32925 718949093
32874 644859604
27711 258423810
36390 642169872
294 712569256
34828 386590696
20283 981626926
37439 910635582
13375 444771131
25306 774282482
37081 759184099
37113 190683254
26373 84811156
18429 630887332
19305 109464315
6474 221964683
7727 968012538
43960 305928506
21468 97879555
21696 901642841
45451 361294179
37462 187993653
48567 263452045
46756 987292532
48954 398282902
13091 665969787
21355 632189286
49205 990655471
13973 221902514
17298 757489771
21914 968987218
20261 271362103
11948 733653661
44964 906414956
41445 621552631
12952 885612032
22310 830271267
14581 42026532
18733 740581210
37080 407130380
26288 530983785
9681 979036341
43680 317929432
13612 832546418
42291 771973293
15602 13385612
32845 523837219
19023 585976388
42685 424877781
12757 688561941
18620 59678459
48833 879874224
827 988856884
43642 825814307
22852 82555298
8525 734941262
4118 274353220
40208 106347758
30832 608074858
17105 786366559
13556 845625140
21579 710256369
4369 529429442
43809 167680514
14088 42392067
10938 969114850
17450 992448316
47106 693220008
9899 86085294
13906 518366996
8233 245104497
462 760709028
27688 763189050
31961 931807218
38576 12857102
8365 857967078
15175 499661128
7699 240503316
31515 745285570
16705 561394071
32544 503009625
23095 756576444
7511 869765225
31982 780220592
34283 299535752
19488 172358427
32244 915373146
6244 513071783
49724 820393770
17302 763950145
46509 877708090
41788 531231078
49111 430155490
49861 894862657
10445 600776548
23585 616958354
11286 504441678
18895 820304759
15834 538423406
9267 625299283
22079 16582289
18431 152878941
45964 579421174
9318 540783645
17824 443269885
31794 820296013
36644 718524
43228 79905690
19081 745162064
14472 680933776
6061 943102527
4334 338469029
46227 455665368
8615 654482592
15698 272765211
44689 34091433
43420 852029710
8838 290336871
33045 257562318
18151 690759092
47455 144782463
38353 440110488
11170 136038047
41303 184298616
41897 147437342
47361 627746280
23290 955219179
8291 193508467
4398 861758679
800 553671401
4394 59049863
27234 541901109
35788 16890575
25154 352113880
31343 507702165
2502 427443497
44436 413200092
41152 962372997
5728 454895384
37199 185180497
8289 650644023
40205 146135784
16781 885936227
38953 172869162
14585 289491519
17998 211209642
7481 190840505
2590 871643288
11041 719115265
45021 390546800
46933 245682694
15854 368084932
31100 630304415
22534 698787378
10084 28583471
47952 692465310
41205 450371112
22146 970115358
2317 904271344
29209 437439732
28508 610557101
42912 997301099
30161 476799508
39483 851304000
34855 507080143
36255 691135736
41625 905881905
11437 557978026
23001 268771
2167 104722421
29197 623965410
46796 80653005
28004 77555070
15313 902483063
35216 100837596
32423 717062481
31285 770663754
33497 175771788
1916 930163776
44246 633293650
19202 707533967
7497 668307150
16766 840733074
23771 465180176
8454 995220832
1015 797296068
41044 300815541
1632 627228277
26599 948964521
42534 786039933
45218 938835853
20615 432359180
19968 295278388
17697 148405617
20249 478149818
35791 212821521
34657 209619112
34585 340044506
8389 597472922
1286 398701836
47537 323853716
36203 192005236
30037 856510473
3905 292810661
36717 670671852
38141 721857125
36333 902138726
7361 869848582
8099 593848215
28242 386004476
12949 194336421
38677 297153853
39906 765275921
24123 280591717
1562 924460344
5043 368183395
42122 93426780
48966 152101988
13534 780557119
31950 483251511
22839 315389209
18510 587071770
14437 370320509
21257 494646650
44778 673449412
20768 401927465
39197 364086730
31308 912532958
31975 326174783
13019 992454903
37910 854745660
210 898300074
39919 304414176
2899 907931298
15746 824503487
25321 32494261
40517 749260311
43288 325532986
20754 241740761
10508 615604376
5794 114523914
6633 872873241
24872 30481438
11063 136288075
12219 416320703
9411 354603062
38488 252728640
9811 46079461
13725 580131500
15672 506236897
28512 478996226
33603 811977991
12354 916877527
20824 14918632
18241 520922507
20605 609465272
6160 840622713
4372 738869602
44947 64948505
13603 377239712
41217 443501325
44814 871592012
44582 943967285
49902 977107299
43864 300542105
42587 857183548
40172 435851872
13135 489238745
8476 794278134
44668 542858088
11155 503598735
28907 213552754
22979 564546035
49043 231629773
5864 555152218
46321 789923065
21374 556508255
42337 951620655
13820 176987002
28959 965425542
27629 291077778
6091 691532399
8707 648882731
11884 43701603
47377 832486897
17294 989292292
1945 803825786
2467 848793888
41166 451111714
20903 214681075
18614 734617962
45893 209705921
32850 941140382
10156 250508450
39460 197570090
47778 727841764
29840 325302777
9275 777538157
2943 433696782
28764 962269601
40260 592463792
42400 504487032
4649 197419132
31881 516896434
14140 307421432
33868 686847087
22390 111604375
48786 675275221
41949 315060033
1340 58669817
12876 798841972
12307 496911565
26322 96927611
32088 95824201
32457 690726412
16022 383367194
43475 287851735
18961 77676370
39390 304973354
29559 687115605
2194 425583025
28714 677412552
25850 242936128
8592 565658590
8911 51430806
18747 663923806
25118 246229509
37969 630328390
19961 219555604
36739 808372166
39424 510485615
11877 456043352
33166 359594057
46704 795984322
15730 879269694
43808 84842295
42505 721107285
5471 946258387
16073 130531768
43073 933929259
49633 85770131
12608 31822228
1470 767164960
36382 187748529
41890 345366710
24127 544520768
23832 941132847
44486 756022443
20568 314071569
46219 202939607
42299 441056997
2777 690913355
47869 241014644
20696 596156397
22000 739494593
20705 797456210
15023 633967376
16879 67763436
16769 433580139
424 605979368
15694 724677227
25594 295362637
41015 456577064
14795 240044058
30833 896748028
28407 760660447
16496 211415910
27362 313027460
42645 341107664
18139 366984339
36135 720104210
16117 573798852
4036 396692649
19466 475090138
2807 958837652
5243 606859036
49956 75342258
49432 334115711
538 765139089
46741 694556335
27157 48867550
46409 545974585
36601 902582074
33735 734218194
45831 73425473
41726 724675698
23767 697546696
32774 625150609
44174 123707993
46722 530355011
6927 112629264
47926 200489820
2754 159049544
20414 687308024
48918 742365507
25009 128926625
13834 972921866
48553 353255017
16450 805605405
27246 708892064
21669 409734230
4521 590362366
17694 263529812
4482 238505644
13994 870987790
45963 156545949
46418 286833414
31754 215315700
441 333897619
29739 326487797
9194 325412937
42817 131970016
14474 147396059
32793 651088185
8713 609478163
40677 414631125
5434 411687800
18375 967436849
4637 64080460
46122 444762134
2438 146611018
3339 738009413
4094 923057511
2286 975250668
37475 864484293
43940 812014824
22129 71626146
2714 520792376
15041 902799527
20781 411765664
9469 39009819
7029 773895931
34091 432207628
11244 914215493
49541 976189850
23324 479440770
31578 422953522
1528 353012553
14441 652153033
42153 11165269
12505 882879459
18169 857998981
46174 524260448
6860 839330029
8620 717994427
47812 9056912
41089 456311008
29582 583425798
8198 957108241
49610 180768180
37592 198710670
6313 895915406
29827 144003475
20993 123626898
39070 762080068
13781 10658945
4060 795181993
11166 858235244
26020 960535442
44688 282964297
39160 286886679
29460 842024958
8947 578949653
48507 983767619
22104 444424174
29883 401272167
19468 688667445
45543 140144338
43309 602028332
45361 341819520
26131 479120781
13487 895896543
31670 669994537
22654 314137281
35720 267977537
21207 826054294
2013 224884236
43774 987022298
35450 95200958
17612 38954506
43096 958700141
35947 625436606
2408 9414834
7102 95248812
19507 205611964
25331 268562960
22761 642336813
14977 318343374
49929 699215024
10930 289421875
26609 959907854
4572 191224565
44842 548818410
2513 973475896
6870 738746893
27450 29389509
18106 200496669
16465 371517337
10033 28551325
44774 258690684
18195 913382492
21483 401558939
45147 228166729
24421 914894963
12569 667995463
9771 908329895
353 627597146
5562 488374488
34853 773664878
2968 373371454
17002 505698893
12029 44082764
12638 996382997
34774 251032686
14592 524255168
14805 776003514
34722 906018806
2361 104500461
6836 612441370
30554 549049311
12580 132534308
49443 540828150
22260 59004196
15926 566409834
30015 839860717
18036 599968804
13429 372779566
2169 531059174
22960 451599978
502 339627074
9861 558180421
6040 635697507
42816 351733213
42716 347196541
6569 224810696
25521 463717582
18884 753132853
9791 463776559
20280 630549926
42535 289415808
14543 84550575
15575 946080403
40011 901772703
45554 723155189
2427 151552231
15532 981399034
16024 100018332
3215 792900735
4125 24430520
47883 77570412
29935 555128194
31809 195932691
35074 325434664
3260 231831973
10954 205301728
22861 19115516
2053 8598138
29896 815989775
38694 226573422
25614 627836186
20091 451299099
20207 106178278
44482 254546396
16302 158564479
11721 455130470
27036 512300965
6476 979932451
15037 644555979
27546 324019508
9689 690798741
46435 174826398
26606 193232104
13093 516587277
29563 460606593
30982 420547226
22250 692569590
44562 439199456
30767 440338233
36746 569581026
4564 184641402
26620 705450768
47416 280664704
11928 594629806
38640 402370191
40014 452770938
30906 367219613
29916 399437273
29971 790826560
32294 863769437
25018 317631833
14905 812807223
15521 868038639
3711 912755616
1410 568247755
46790 986750118
15394 814201725
8434 565858331
49057 713335044
30377 870254442
8798 2805590
31707 625291366
25991 165123183
13850 452172891
2799 481764412
18147 823179099
43734 669094563
43974 919703666
8566 237046215
29797 42115259
44323 16397401
34503 665022247
32768 841914401
22907 850974994
33494 363593452
20383 970096940
44328 271329973
32007 218162161
13364 591537277
2969 582950157
21025 840703047
30946 754752940
24718 407665698
38527 517784967
37135 934042087
1240 750929993
12944 845461471
35601 155733238
30983 85577584
18968 165926047
24835 999357327
28120 460448256
42695 289552839
33672 309887404
38605 250046791
40827 474134720
43780 754123001
39396 411738864
13411 196139961
21497 450476034
32906 49833299
11773 188977286
22008 10563382
7370 372512686
4752 213265959
5315 982903890
17763 987488978
39120 297603804
32421 629566619
21235 522161092
9613 446935261
44182 49018873
24258 98358387
15747 136776776
48127 246523753
3814 380717950
48623 674864843
29889 580208522
12236 177398355
23020 892604865
43643 788363645
13269 377308921
19486 715077099
13161 842702682
48249 453918688
22776 671466424
21595 738803087
33792 821792054
25037 637602372
6894 641121459
21790 536656346
1575 731603362
4748 496410773
36383 838137129
26984 585902355
44245 78373281
20570 153870597
48402 952406486
6871 816263729
21270 941327153
8887 877810126
15054 875908275
38024 742863833
25672 992605552
6095 248219888
31826 63587023
6084 856519743
38649 401293954
28944 150375614
37168 638847643
26668 819249394
27319 83029332
34405 333189258
12711 642281251
4642 942603241
6797 346204363
12858 701432677
13116 315574003
36289 963107928
625 75079429
9141 948784960
34292 472606965
41064 99017632
19272 65222625
45758 759069293
19810 527191776
49130 913692602
11239 205702386
8988 779506580
41333 668819904
42846 331282219
32772 989545205
33991 825922854
11431 882347001
31659 968039510
28339 318043513
27807 159269726
39705 609213172
31641 921342219
18239 311051784
33925 256691243
28801 709655927
40254 780065253
6351 863535001
33095 803090183
17010 21558910
3625 508883831
12924 934440628
47666 406122704
13298 889676441
36111 424688717
2334 959715082
35574 527875216
45355 925757648
7536 526389105
37157 854566851
43392 857348573
39907 791888662
42772 615454740
36155 326368690
32102 491281728
8606 197141168
47163 265284559
29786 401381522
28492 986757965
19242 949255370
6631 242110964
35755 370249354
8755 585307567
27901 191851509
14856 956766591
38612 158474457
17209 726256948
43422 181024045
6164 784742349
36026 993764793
19075 968494094
49419 13446607
24624 340171229
12183 391083274
836 420288994
11667 925233249
21731 257023558
28065 738402834
44925 734343073
46388 821318980
27754 113569797
49001 508444420
24856 542628627
14315 318064896
21948 488450760
40447 939477254
49485 320275347
18534 387913361
28610 417916917
3949 326273196
23650 74151651
579 270506544
23792 931173647
49393 860990205
45005 754772248
13545 202675820
45675 761494741
13622 126153223
30013 80265909
19365 998467538
27119 690414118
47296 93391213
24534 169963433
44231 555426527
10217 731397190
426 365708819
3590 611504811
15168 366584822
16722 878838849
12436 563657604
20698 701005709
14922 651548731
24088 87896833
43188 477552863
15913 576122607
43935 132701159
44357 103058671
38341 653782182
21032 393245540
34878 197730663
35537 994518535
25051 753370513
32393 161847462
48135 60752078
33517 78142897
37889 534874937
11774 553348906
27796 831516472
34328 474131823
44928 962807754
35302 592417644
37916 139093326
34795 519566168
4940 814115457
38484 928166089
33791 628628868
9883 64170053
24152 228178293
26169 674175335
4883 979657179
22619 647968811
1903 58979597
12274 194375510
21405 378293409
15826 568878329
35176 768333707
12504 734309832
34940 98314814
42810 59328501
6700 147924022
15043 325004480
25801 215025166
40631 55965648
2761 591263766
45034 804486300
24320 24632553
22293 667491274
36924 484359874
4763 691123638
45160 878590446
67 312384454
34320 223539696
37855 835579973
6867 665791370
30509 258458948
39079 605454052
708 528721800
24151 639333505
24143 59023877
2638 132005277
26251 517291035
27013 503070620
32677 653137441
33501 422602935
49663 843081898
26898 991473852
10005 164171941
20687 671925201
23107 84824715
1191 251824865
35849 455476707
10353 210469539
12023 391034311
16257 669912603
27925 893269239
29821 601545204
27863 962297521
13732 360136472
39560 896063829
43432 530813856
26914 702429052
44861 46535692
38142 691210722
42827 962707506
32120 24085172
20369 984976902
21902 275958397
17162 654051669
49397 590274361
42090 828993330
20679 652477168
44516 697287438
29640 799042842
15727 911502227
24259 343734496
15270 703743435
24608 907504955
181 417338315
4569 304412371
41995 5747368
37088 667597227
43385 929763962
41041 790687178
12943 428236221
32506 607907594
34308 172582840
2090 151322701
26810 984625847
11002 628314502
17310 329744644
16339 720304860
24239 576057279
37349 820239199
42102 353395040
26494 594630544
8850 646066906
44828 303142882
34361 141427825
48269 639801930
32371 915763740
12440 917976163
31505 744706221
12109 745686840
38762 794311448
30947 80637166
12319 593151121
45790 981291947
30174 847448785
28850 992251679
22160 227044465
15320 343433090
26405 312432801
42848 149338479
14911 156014500
6538 416250597
27823 95535466
31588 901459919
43093 186823329
22452 701156371
22622 672323142
7686 77182731
15399 270502609
11260 999515419
16771 120880071
21305 578214327
30931 967815179
27946 536875780
23393 406652640
30851 711124830
22424 164811230
32047 592424781
31300 661369256
15940 554854688
16039 459383408
25792 306758312
9937 402569075
12545 955123632
19963 998295682
12988 335885723
1467 585634435
30156 609697167
27682 209920617
11493 186225226
43613 616449736
37973 854035707
32382 72187392
49499 576009186
28475 471716418
40898 539966600
15843 199855036
26068 224289729
31877 619914159
30722 494922557
12553 373312859
4835 643210860
49154 312238193
47739 561995654
2367 206602895
49185 641412203
46218 505942187
29259 825326825
23291 55920370
2326 79201081
5143 132261435
15653 83284129
8533 979537743
49292 14091133
11674 807346996
37787 712785095
9185 204615353
49660 349479352
42064 48809489
27811 85940361
26270 713629876
30016 151479374
34917 604944655
28238 591587006
404 73535517
12627 40674364
35891 199783354
11439 233854688
40568 548316029
16180 538890234
6001 501222230
7879 426163811
14684 749873597
23549 854923627
48268 488129454
2501 673005119
20594 913200552
48842 767913053
46292 907286715
39831 768829293
2743 143507479
10464 513237640
40174 774821350
7496 123340348
12129 819694110
36838 562900834
24897 772099060
49133 403910884
44278 27212678
2944 60611636
2685 429060294
23711 511523261
23851 770134228
15541 493988257
11857 338594696
37405 555464181
23402 585687011
47120 777806524
33504 991436215
3787 618580717
24031 91688716
46487 893900042
47197 311314795
30241 601335013
28346 145108179
10791 611663865
15855 54251737
17216 871725287
29181 877787729
43914 219574054
18672 402489064
24824 47338351
12281 156172103
38293 708088871
18613 691422937
33608 660497503
49096 84975920
30673 214055262
43329 270194702
45871 680019116
45645 994580528
23606 386782750
46048 349311320
12197 205795906
10867 88976321
36123 710030251
29541 917927369
540 50801527
44326 971975416
43519 134438498
26098 699388840
36630 912466431
26245 712250341
2422 498621075
14261 186936357
20597 185735990
3349 672150823
44767 758564622
6288 41977102
10777 269919653
22933 644778318
17544 587387605
5588 154243337
10906 632550296
31839 39827812
7059 681772396
4641 365801139
21834 813813931
22118 139605490
31427 349983797
14913 719802949
23129 174113246
49698 58900530
12846 261679563
21872 432702907
3115 296046637
32267 421016697
42798 984575067
15407 562429224
5110 20747299
17951 493769919
49677 79690457
27142 82144134
1280 693989810
26263 20017321
34007 431995517
38168 127813076
42760 604290665
16014 959299979
43142 983712844
45485 457648848
23518 413222192
24693 968551124
1749 703636597
39693 25759795
11325 692126502
9027 239796322
43966 409570304
13630 86200721
38856 799856190
626 140604808
17661 429973029
39534 473951473
32576 774954150
14201 663323101
19464 943636770
45803 963460459
30662 135775999
45041 247751907
41542 860066613
22315 414339892
5242 109569485
26367 216468646
38524 692012905
38236 360333934
38653 222925952
41947 897163544
11644 265833829
31295 774782242
31735 377700915
36823 777847132
6716 680678132
15945 750592868
19733 316412495
23440 770712487
44057 54950488
16017 295743289
43545 362396851
22536 626750987
29555 534562924
35027 768232063
18054 987756322
45456 885843350
19263 445838768
29949 878230099
19298 250357008
42392 564402738
11545 136051658
43127 569411929
26802 441103013
1056 240175006
2468 621022430
47964 57499187
24699 82247303
20891 499004328
30240 826149649
43423 619562244
40281 214231414
15598 424036991
13145 274581003
46340 882024037
19561 573365511
17224 677636457
1242 185119602
13632 891981003
38055 430091718
29800 246839667
21296 964838202
24447 899059131
25450 360266416
16359 864689417
40498 117324779
23863 952294314
32533 600979695
789 759947630
37984 241841048
15559 836498672
10348 227825627
6980 351275515
13945 463258672
45487 242752129
27602 38398416
34070 678722802
7606 466428890
10416 674579544
7268 79895933
34024 89527805
28156 15171087
36641 456898711
41237 242157565
6561 815091798
16029 142691605
23709 840575536
21101 775201229
37099 505096258
14182 457306835
39480 145640208
39893 274801184
47638 242499845
37810 133033918
18122 36807731
2984 579169819
10406 989405233
48015 811112297
34606 462912741
16137 598695376
29291 126614965
5911 508841105
33079 456359567
7129 188815821
5214 16402125
36277 781080347
20143 766825034
4016 297050919
14007 833237927
37446 889761459
34303 956358217
35454 116556599
37767 807066747
8636 560277635
30559 50485723
29873 28055261
42292 549386842
18848 876103873
31845 750526467
13838 793261615
17995 575627380
541 137517605
33434 667767500
36245 909307854
32739 686063371
29207 796375208
9047 872570731
39679 374606888
26209 735931772
48353 881825844
49385 570550292
16131 487767452
33962 703959698
7490 48692542
10179 584555288
48376 513411355
14925 264501958
41722 33642215
10594 736927746
10199 110133042
23841 168138304
7624 834067728
4920 198161741
45853 403687732
17516 407494084
45813 241326428
12437 966992867
34067 204731189
543 114132303
14992 255239927
42938 132631459
21018 567251894
36280 894603325
14153 321794709
49215 656360853
7744 256183421
14809 554450186
30227 477147521
27569 243375068
42932 154187952
49312 604957701
39619 645623234
29587 925023358
22838 578077879
30461 517311752
23318 952285568
33632 589648283
13047 579987597
36497 695194723
43162 922774418
10610 476780166
35399 589184098
49748 814013279
36057 974172515
7110 669389403
34318 934399649
3137 173121469
37079 664662114
19630 188922612
29702 365568634
43537 619535989
37997 384948121
2542 479811202
22993 801640718
16853 508861510
8495 852402377
36462 466938353
42146 384353786
27520 296281896
16237 243853265
10030 268670888
36102 814330863
37796 361940956
15115 434354603
7143 762326349
27779 248238958
1238 785587676
31887 621810076
14879 949414603
6888 413472237
23368 775805104
19127 607817819
18460 154324454
2712 949885624
1838 460786898
29333 889260671
992 341054856
20452 558061887
39268 4209166
36213 448670773
13881 881211398
21436 931137571
23869 312539386
42975 21072850
31621 344305723
40996 570751667
2764 851345677
35863 898373306
21933 74791493
19840 997671669
4903 449652685
9833 127087576
25693 853735223
41197 414619015
31632 612664239
41704 752802392
42739 275395694
32714 882466560
9119 297543860
43286 306139117
9024 376317373
37900 332629302
6956 254083132
42126 975170465
4941 455346417
6503 366616576
30257 976521362
39650 978000217
44408 42601339
24261 317795106
34714 975742200
7573 889944675
33620 350109628
21137 880060810
45969 885148135
3443 625739827
6492 330073392
35591 534059882
30807 93372706
19083 64860336
12590 487206647
49622 797806859
1810 670846317
15539 643846623
47220 979243319
640 10571232
23459 521590936
49966 856740327
28268 57536117
37208 340370891
3321 624323714
30581 933427636
31360 297624707
27492 299836328
41410 490590404
9914 858952199
36631 152875245
14816 600742102
10331 842520621
34781 530425145
43986 55154031
4552 741445151
31594 538293794
1314 236033817
15811 446781822
36662 968820243
28624 904520199
21517 509626536
43525 741309242
38240 448884905
5700 923119826
17860 410104877
33547 927736483
11853 838934201
31472 956540516
33912 394004597
3747 592718726
32280 734057190
38222 489102947
25222 848768032
32462 79647603
43389 545690485
25209 804598871
33084 659620137
10970 452214518
5557 747987929
25390 709974123
22236 759414010
39979 328283121
32614 842227166
2269 707430834
42529 275628583
34422 547047490
40867 401574817
12951 793497908
3823 515764680
33548 892961797
48472 427686728
700 418149508
42448 18513374
48696 195638032
14719 901105531
18496 390422123
15226 696544155
12979 22226494
29579 782885755
20816 762698225
2833 640934199
13384 623848857
41685 237292219
46210 334727853
47161 556509867
23349 706464352
13176 827943921
39418 824054919
18029 112321526
42051 467799442
30132 758226797
41912 942175744
48086 491546275
28168 761740845
38357 406976460
41249 996249753
16833 651376247
42880 54672313
17079 378334975
22824 13281894
4462 622040793
15318 768320158
14916 931875901
19775 696376369
6189 398846322
27756 59733258
11195 641823532
230 603731691
19547 264833
7250 748414115
44505 801920423
38783 505393896
8860 43987406
7016 895902071
25212 690055815
45596 640945901
8908 813501134
16490 961817851
12423 577802628
16945 144840475
27364 82429481
27879 1302506
43627 57710456
32660 249635093
43941 789708206
26845 623239981
1058 742536076
1023 130084186
29628 193843268
10246 854794441
3312 803960423
44258 597976692
20546 205992679
16409 997759956
7638 739927951
33888 485615873
13704 392719453
37653 435850898
16880 30364856
43043 188481956
17873 341751927
42734 169308147
33734 805120576
47601 883317381
27422 750596214
21862 929228997
30846 366392340
21864 767600584
14307 873603896
2139 564815743
33471 316943835
33563 691021582
26295 613556171
35344 90645638
25359 344217147
7401 99035960
11677 98293846
9399 460682196
8542 194281779
4772 919996508
27706 517594639
21251 369179723
11482 636810896
12132 523106360
21979 806162994
37178 935054640
43468 872794316
12703 680838627
2723 413271533
19385 397697956
32436 814220209
25895 593103723
13647 776889808
23285 261518192
30903 634419980
42160 62981409
29855 918572441
10738 902747892
15336 404353549
41927 723378068
30981 554040664
2961 585771037
9451 24445680
39805 675680061
3819 777623294
36011 275273052
48087 776210004
46215 643801140
43021 116753827
17203 745138277
16320 417852423
32922 810900774
4855 608103293
28954 679350416
28028 53630364
9344 2426672
8770 949495550
43368 918266959
4429 869377003
11923 835315737
43477 858235550
48057 824630440
29554 182769852
12453 561886403
34295 182248627
46186 717300286
24195 978157956
16142 902720166
25667 187338320
22191 90541882
31264 846923647
4560 733686626
5500 539959935
8807 994161429
43567 804282671
25717 903165097
4686 773110492
48119 605672289
5073 521920425
34162 198351171
6025 547605859
27437 920845040
17478 816630380
21969 745759697
17711 286726844
16598 881079840
40142 777953617
21290 292707126
31885 122158725
40040 414170220
41422 888108628
22410 664595668
4341 729154135
27886 623835304
47494 749967873
840 35956403
26560 129299588
2343 224181109
45629 346262059
7956 736536781
31623 956720197
6150 789152138
30615 62144805
14242 898359532
34728 568108156
39517 744810356
22675 701754653
44524 876298286
22058 387106499
40716 782107500
20511 735091207
41440 671058897
8758 770795243
6765 553040713
38181 911489366
13587 94919226
26198 434103384
46368 667350234
13102 352888843
4625 191805908
30586 412089359
26504 488106005
28534 417616155
49558 69606530
48908 768328059
5754 377838884
35061 528033229
28701 852129173
20120 210152404
7324 557135395
38747 655795338
13522 173314985
22787 598601435
36757 641176304
5353 893305454
45494 848176711
28265 901861466
25495 606726216
19347 455216747
39582 924649897
42405 381710065
38224 232721788
38806 617972634
23843 967443644
27674 283711259
15316 971812197
15014 243888486
48562 62974647
20139 375419297
22757 126215578
7440 114948756
3101 696993941
26888 838430743
33269 579358968
2730 438000513
2960 269008571
10574 954940257
32555 217765732
24122 66280206
17725 527761266
29267 775187857
20018 277152197
44013 907317393
34239 366487732
29467 538291382
31138 261193119
25277 989751808
14378 588848015
29389 674351741
19142 496397545
10163 632763491
14302 313679250
27760 391927087
17877 533653060
28117 39481766
33321 253988141
30619 177651949
49869 411896895
3827 346814894
2863 933872889
34356 368598284
33583 362163723
35590 297844821
27198 641233761
1510 890535166
27743 258672972
22462 300209987
25446 253958970
6516 917128501
35719 727335893
7885 671899497
45942 810810596
11171 128182998
16842 683742989
35573 309195394
48494 680489290
6935 737398292
37726 874464176
6257 70975955
36719 906112422
26204 284818695
28034 775125334
44531 792803965
19114 671801380
9798 817458160
38525 993977646
3944 92889271
44361 411077930
48076 962110687
18055 756058217
30678 26001382
17617 835438902
26702 705693938
9737 572035042
1585 194906147
10946 130999880
37205 762920821
19443 187862426
2160 362882849
34701 361768154
20224 26427285
15504 327551109
44468 232512287
39280 931890406
31550 771735148
28433 492132093
45327 771462485
13992 109900656
788 561283048
24347 928707585
33228 311872081
5267 576471863
7208 798178721
22019 54058791
48950 850008488
40560 549179465
28661 904331111
23962 455153126
20504 247085043
18235 511702938
676 505879934
31023 886384064
29258 526002368
24749 617374032
303 573049865
4131 258125133
28057 904574126
49598 602611865
25544 932785184
47982 172441434
37896 475593942
15588 713911671
19786 642460402
13028 861255005
23427 443056960
14955 633563435
39260 537366712
43716 120232298
28792 332443148
31674 727958911
32586 357298253
46303 221079832
16597 145732898
49131 951893988
37238 688076895
11927 672434584
6268 752419876
11852 561486967
38249 43813648
17967 215127625
5102 830264798
4659 864255246
2569 590492055
10150 315957335
21417 210836962
17864 93374156
32287 328970638
11104 478701210
816 524198564
39328 258144017
37003 357350627
5798 21334933
10286 668336288
3072 657814929
47498 392214673
29235 640071806
16041 145899086
13345 774850246
755 399096862
16574 74374410
31366 919980386
35868 494696460
38268 290555453
19197 347203488
9377 840798475
47307 84539945
26076 914768664
42318 873262724
19893 731922422
7741 848799777
26977 818737864
33724 411628587
32549 325641173
45939 446021891
33522 306647572
2666 944275564
35223 358268808
44898 355587012
31287 353259009
1483 306159129
41085 608542323
45973 836456116
43855 579346
17449 151712836
44623 333606957
1816 481095594
2072 29294926
30764 623328764
8163 174021583
32988 272414536
28778 430238015
17569 209000420
31863 466900961
11178 856884312
23571 92249330
28059 300766373
46641 423889233
19684 262763497
3447 127154659
10229 792208176
22803 564223010
37379 803684769
17243 727677238
15454 248408323
21640 966400620
21840 527333814
42909 76192222
46273 732281206
22810 814921208
43314 769395857
10431 755507594
9939 825728893
26896 97822705
7518 654261467
11077 565656499
35299 780300180
15134 212709011
36101 535778727
36685 502730315
25195 887671585
37189 311244464
24953 101726423
8735 981732390
47563 529343269
28278 368140666
49859 790639879
44984 236387158
2613 901803338
776 289233716
121 581916823
40112 753204191
12145 110994537
39465 788903472
8773 766914633
48924 609667318
45307 673103848
45380 858701307
26948 738829277
16156 553568332
4963 33550317
6092 960043614
37286 291525916
23567 912626369
20403 8765077
15282 588224063
46141 155670370
13078 149058885
30977 99291945
13220 352093675
11932 494578313
25194 72308322
23536 251641744
23493 530064373
48944 240579706
18617 485835311
1464 534472908
33839 879826609
41202 995446737
49481 397640582
28901 642011473
45890 508405848
19463 534586737
28750 709175608
40284 539331489
29784 486766098
18333 305651948
34060 597170435
33789 972202030
48084 997849104
9908 89070516
2161 833164560
24770 710100746
20178 591879336
11912 160465154
38052 329228964
34249 529933771
41979 430745409
1697 177635398
21107 744356889
34842 484183774
7020 682439394
22144 211571493
32075 992498099
37418 998795187
26591 237840788
45384 424975435
37711 614373635
11404 380511917
43445 284667951
10522 387823176
741 444041984
2495 661521263
44345 375373660
6251 980295222
49680 480332943
32214 28528492
14006 240375265
20975 687252228
20035 290756485
28730 379294036
34650 448151135
14470 323853582
8422 508905423
28587 877950726
3149 420310695
6571 867008087
45386 513765048
32794 496443506
32565 658078279
42168 956429062
1418 200070973
5158 124191519
5631 749327375
34182 279343566
44193 825642125
21860 611223321
13772 468701671
34890 407406908
19979 446684788
22628 481303901
41012 168785487
49036 959585222
5312 983044878
1748 4892995
20239 578001770
18943 914514498
15604 998738969
2936 870117410
37809 312871230
23883 449761390
42667 874253423
39863 722105081
3821 131315476
16931 24798355
37720 189930581
22784 878257264
24816 822373703
35951 280009366
31073 717398688
1613 223253240
18408 236179111
1522 482175836
36154 267377290
557 851367535
46311 128655628
44147 309113398
38707 470036479
9293 885668180
43507 83771760
48262 704341341
14715 352236991
43495 413159082
14985 984395177
48192 697872601
37011 721065848
41278 922986488
34305 346396762
48829 59097534
22857 728418731
1704 965934233
30127 457397344
36344 968915780
2525 875473025
40575 643687712
11615 511493122
24643 96159967
12115 337591087
16530 966452028
5710 147606349
1935 443112299
40337 936516021
41855 711993391
531 816310044
36137 734702446
8160 936829625
27644 572186422
35327 176522646
19373 170246499
10797 556922920
10748 241805401
10072 908341956
25418 642009924
19705 128324522
17322 387695967
49327 638711991
46979 159606075
2082 33064442
42921 126680755
32118 407249563
24674 840651845
33092 762700011
25104 754514754
42579 985081689
3499 744195861
44826 360244455
28332 170962933
35603 121345886
45187 202498980
42741 715567855
49779 644133172
14548 914792140
37712 435027377
11844 190415423
20252 381800689
22448 924461021
11050 648104965
6626 98109037
46150 809451275
26078 147488597
20994 769708399
23516 404338933
24189 573566685
26231 487832507
38338 537961925
12771 670710008
8714 225628137
156 251026016
47457 141100628
10971 920357327
25692 963476218
31625 598529998
1920 525582683
3426 836017757
17192 808648248
21675 168226584
21141 785955930
36374 88308330
47364 395811283
27049 847013438
1666 659361756
21606 171477809
22949 221748805
21059 462300922
39132 212274447
31468 212338543
13318 451979188
10270 558357090
34939 197158703
34040 193463530
44749 779468155
47157 994589116
32851 900418359
39496 830010276
42069 655800881
1077 241050306
45320 647804875
31263 984926739
37365 176417742
36402 57660293
27697 88588522
17686 691250406
43686 910170131
33310 274784137
42866 894757637
37700 187977027
1298 551317885
44654 11450025
46941 981124083
19607 268100318
42433 238469237
9301 594038912
23343 873253870
24800 404607425
3242 537531400
23332 448799582
45732 950443888
26554 754537921
25342 114576664
23905 214447065
7538 844156072
47947 128971627
2074 967596632
5833 915559855
47142 776806405
9016 87277355
32338 812383090
49565 333084720
35856 851588138
37222 992094080
49746 207711472
14616 498924539
31939 107330610
49035 35348009
37411 815697292
24471 648789678
32060 287151938
39061 459186870
32453 179225006
18459 358180525
14775 167670614
39750 720165331
479 483822309
3369 518378943
3163 208337304
17830 99500860
98 827163348
42752 284769129
38754 560271669
30386 592814444
25653 883471275
47183 673976021
23649 343783664
6487 618442352
28991 758688998
17867 457333861
15736 769604535
47830 333557487
43395 521552016
30574 149100901
49554 393167149
40478 436853200
12578 466522332
21718 717777165
1544 486204728
40228 383871561
40848 134983074
35993 317697458
14960 597502382
38174 509144929
2880 595208030
4669 447756408
13669 127898560
9468 641989729
18467 208475381
37669 115767707
11764 889121574
5042 617380897
20988 750423560
6596 479105126
578 31345213
36339 94674715
27016 852064506
857 388510362
15260 259782672
3591 61205674
20367 587644033
42829 497228514
47373 92086444
40961 520360893
28927 275528540
26860 724657992
23613 620084821
23769 174320323
39420 747422187
5991 894904265
26662 765013668
1229 110676713
32890 492444902
26045 373471388
44002 603788405
10937 715050678
28401 261271448
33613 927179992
5912 2455916
20151 973959525
40864 634859905
44719 865764637
5577 812300500
45582 827482675
29392 90522801
3253 106841016
9286 965635579
12661 161727434
3877 971455101
19824 95493034
469 814794457
27815 685734814
4132 938102458
487 608746903
33785 512846675
37538 760805763
22548 800827307
17336 997698851
10095 738505190
38367 854737965
22225 272374928
25547 151036592
9755 235185334
8120 601587263
46270 434791923
10945 529330302
28395 533496511
46786 852868514
5670 213890218
7122 540618462
3304 473957076
18658 913868821
31431 653806404
12121 49599241
10344 733755965
5930 808824644
19449 307873518
33449 4821989
17007 727137351
16398 794981671
3400 615842340
36666 46202059
22265 496749104
46009 416814897
3506 673561495
34220 957372071
41353 548601820
28402 836950040
5634 797452394
13291 739649326
6355 382883274
20266 348323429
4990 252566816
881 543242787
17212 532304911
25952 209266558
668 22987755
46718 418570357
43434 244222830
43907 137951424
10241 576290553
19604 431160250
45053 197675831
2820 757515676
31452 54496864
23274 425835751
48515 257416580
32473 729325263
21328 587715245
7189 172031524
28190 81591758
48806 609787452
24376 334136194
32337 325597051
26336 24732334
12976 475895148
9274 52616752
10137 371370275
1677 406387304
49427 926440143
4420 584262335
28337 979710169
41926 95351342
37017 264569090
7358 560217514
8852 725417910
4798 177978778
17625 460946329
34298 401609501
44162 209990153
23381 654498663
20168 504470478
45588 351168508
44532 648079510
1926 360953041
44094 485328677
29038 741627279
23938 567488840
43919 270459915
7336 233536227
41086 395652300
49091 165805837
46942 255593394
17517 823844235
21011 529263134
25817 2157310
19086 13845375
27064 742217822
47285 902714797
17944 540852082
28996 833541643
2333 121146653
10357 56815072
37980 711647746
22051 110821485
19184 186228382
16518 262918513
36207 268152825
6013 1646986
35134 96789562
38716 650686120
32170 952069059
49982 846001439
23058 629417647
45424 166040506
20379 297472887
1997 637619540
1309 305063796
47037 520778159
6654 455521983
6499 927998930
37549 450255778
24705 274325139
19015 765089817
19770 227502686
15717 957762107
14505 18170834
24221 988084579
30685 481782428
24640 71424670
48195 285192253
17681 774224380
23006 585485849
29663 604845957
5329 178664724
38144 790232745
42596 239111291
43763 302477766
41678 188569272
11869 292086357
2216 487715273
34732 193347533
16996 587327668
25025 493995398
25742 787232969
2838 760942112
15690 30407974
46547 997465150
35735 605158260
36609 156736903
48009 525853365
24206 257153334
3403 258733312
27424 84935567
27713 80224938
2926 782430576
4851 706559565
37206 840931347
12775 77026761
20957 27769955
29707 92327448
49187 209071212
38933 365438904
33809 176592672
7912 182878058
9500 167392630
22595 251976907
27656 564819739
34656 787931353
45440 143591889
19351 752599796
17801 28061926
3283 603778429
26754 154984304
32656 12280072
25783 355130252
38359 160013144
19264 149041571
41500 693658529
14323 97595363
48297 595443502
2865 833890572
24493 275747314
26054 842100227
12144 959841687
12044 173255366
28566 171363730
17740 113767630
4574 868718367
4380 326255912
13658 81478481
3971 103232062
38403 971158465
35689 339143920
49378 289854355
428 635250789
45261 301402756
29030 584099196
46961 852016225
47418 881245510
3565 213707263
37739 756370769
17067 520183617
25513 26799989
34956 178568223
9042 809368298
4541 937077166
2441 82378023
17431 271964992
2606 913389680
27850 839312251
20425 632569253
45940 425389349
17571 644025423
1724 748970746
49240 488534926
14176 695300796
27301 393716345
45270 567866341
43676 642180407
9559 981732655
45920 73009766
25091 538202859
43463 328864262
38899 265533962
16493 667772820
33772 671969184
16466 755117523
45821 600344407
15881 40230453
42359 613325854
21281 586188373
41969 626793586
18102 647904517
28448 45344673
13004 223159264
11537 840376339
43679 28781891
21673 723229098
31895 963726816
37249 984882904
38354 259291956
40291 823360273
42972 372837644
8329 635636339
46512 539420902
38851 127965557
31312 156249668
19025 829105733
41533 816123395
19615 932403517
22119 250417431
22556 272637679
3245 261350198
38621 345028455
41062 898404425
10195 862449380
30289 346603127
41913 925535613
45653 964819475
34181 680619959
47813 24553767
17808 187963204
23121 28355025
27173 298286139
39553 709014426
17210 635280532
6790 642238975
36343 866794572
34420 961101018
28208 867966598
38853 706905757
1495 426745777
35962 607558343
23682 246996009
13901 20005911
4035 735173560
45040 952840496
14283 822912164
7724 932108465
24659 109003262
36085 371715986
427 248251709
12494 598514702
9508 529105545
44046 721302982
9242 409920921
3022 349315021
7005 995774064
36105 794344591
44227 349268045
44737 635581339
38699 98891222
7663 201404946
33142 902373215
14826 769631925
25765 5083404
22715 587987875
34466 353222047
24714 760002576
25704 433658476
42804 151019114
14632 308758189
42358 323068005
43871 674880610
48643 383917167
8112 27811506
38136 484107909
26421 922722117
12819 438776601
34142 222832040
17244 704715556
20342 597562128
25352 742939471
23120 804862123
21648 640022047
36712 23930153
46883 308268622
16779 624651548
7836 478475492
910 365599108
1898 458411228
30856 721275034
19608 718275864
660 480261050
2531 175476342
37351 667248353
35410 427843787
37898 549063762
15218 32543958
12975 582571582
41406 541808927
37165 486324722
8671 349355885
7068 792190758
12754 658110385
21746 351465038
14870 832148634
2669 827734089
11474 229725458
2043 323502181
33316 139742960
4589 504416313
13247 406757151
20005 567605409
5144 725715461
45869 201990745
26272 656208912
17268 793659690
14491 743334962
9967 288364742
39381 430506904
44320 171595358
32370 424946206
37420 798959096
41807 188918948
16885 780537471
21716 661412698
19794 973487319
3125 549603253
1738 313876386
24483 204510094
29191 580043706
31565 756859759
11995 11325123
11603 837980860
24755 602675004
9473 661537777
9617 976334503
32778 359435226
6321 551116236
28853 634856252
4757 780050140
27511 432707021
5487 831150431
23568 824225163
21300 382346960
8340 726234293
22148 501546957
18777 276883773
32189 24747042
25976 273805953
26488 29812623
40058 965954854
3296 967289921
37553 958400363
10734 103701426
48712 539261938
24940 207787109
45127 241812934
21387 178739750
1630 800264135
5865 670689872
7308 222770415
3224 849313708
45564 310342564
43361 214027834
30616 77457254
1026 156143720
24740 823191109
41002 197553419
30845 331103433
38616 409855258
27642 702395281
41865 762877327
11523 373936466
18323 174455924
11944 315320141
32140 906615116
31375 53293842
37072 25207310
17859 415164317
30139 732358809
37904 79895713
48130 771216237
49596 442857526
34734 119134925
49309 134273777
29778 687254724
34293 188658097
15683 805846375
8633 953230434
5818 21394681
10805 796165645
3170 908772199
24694 816706024
24992 92481996
1730 978181642
32406 892354580
41456 917459981
13576 950125280
29979 881382003
33397 202676223
13492 643742700
26555 623761079
33172 535676891
34506 933437258
31609 795041330
19220 67294738
7832 163250704
19266 446479515
24185 195381415
2633 211705235
18256 690721693
16224 401318216
30069 738198365
20496 543973880
537 509252664
10014 129339405
11587 176263776
14212 90823422
22921 190305807
8843 485463461
42147 498395791
17101 603255730
20831 999387415
24424 492538360
37493 534994620
48913 844403327
16591 86066784
23605 74807491
33014 542602195
46893 201132164
7448 100617601
42935 583852004
44624 633543931
46276 58674436
13512 678314877
42837 300449704
40139 956376841
49959 114180362
7028 372312874
15487 400882976
25914 16660488
48938 131140567
45026 543852690
43030 308238172
21700 614932989
23638 583837976
41243 723601969
45901 806017474
2597 459763451
8832 839717267
8961 125834196
29781 152538257
21833 265712480
15557 347272720
49298 138622112
24576 263808382
5654 802407743
26583 391762232
24236 562781604
38937 422194098
31067 708129236
26329 61575543
39566 346549230
34104 121985305
35477 212477682
2646 136698618
30826 277927510
34364 899341832
22513 212598928
35687 401889640
35536 296688707
18193 704477838
43517 791728513
43383 138037343
26362 11274981
39620 333201475
1523 35963763
19601 657355648
27590 544890938
14624 747043483
36092 736417412
16165 146223154
11375 3293669
3717 701126810
3385 748264431
35046 205716848
19476 642693458
22978 272313105
46284 827694398
25980 578926866
47216 394857290
34439 530395119
43509 12644816
45047 678159579
26271 978162731
31190 309153740
36407 548796014
36922 481650534
39077 160316749
47885 710159759
1868 708520884
12720 643832553
6322 720659545
38829 733056281
39776 117677502
25109 274696248
24172 800501157
2130 405264125
49382 11162168
1689 725162496
29072 738402883
43131 755176223
21492 670963117
34410 160192025
41425 422428589
46356 683409725
5717 436549862
5122 879837202
33202 788476038
14538 445022432
33107 868597363
42171 718415117
14900 52783869
28454 574407608
41182 36943090
1650 937827498
37485 791709002
5870 48158732
5553 874617775
1057 187080962
6319 819901885
18100 724071738
48787 850671888
31856 386412069
40056 700750282
522 604413162
45547 183154809
25796 278919433
15166 47734964
41717 829777473
16510 311898897
21271 277178985
40899 953043895
31531 83935169
11221 167528281
16074 804455666
32733 352401688
4812 739859049
11226 159734981
34256 54147568
2553 166700368
23116 20146208
31296 853172379
38906 578583624
45183 577098455
29400 219775846
20182 210969900
280 209316209
24559 957922142
45525 217730655
36062 698947915
2174 276147193
27526 36992799
28860 209164015
36295 693614877
45966 282987661
27841 720672430
12954 166619279
30413 355539450
33235 892197304
4809 959025229
21218 926777564
25100 968212464
6953 231192103
46837 701859501
45146 110886717
28180 211520842
44276 140848346
6341 766370009
22473 693110807
21376 253909283
16866 873211699
7463 656481925
49472 861230593
41459 192886193
3203 64276483
12092 824473760
33180 886148689
40123 597512499
24011 299835569
41831 310451982
22639 770012535
966 719998376
23520 736168751
49789 267416009
18616 169854244
12153 452130194
38498 852560573
25004 914595485
4153 614023425
40790 704939472
42338 747367150
2691 395138494
43185 167497102
40835 468664383
11301 586087519
30171 16933044
14825 502487668
34901 44544173
47226 846671217
15364 193014825
33129 754868132
7766 707425975
7803 532670957
31937 46528957
41368 914324326
48744 230811398
17846 797449383
49626 579743505
17442 895506391
36952 501918992
19377 404466490
6038 477366069
17215 304953440
21302 541854526
3951 187994610
18999 957988877
48132 944266093
3585 845645364
24079 486913589
26200 691820200
9710 785985613
1638 103267982
46702 269931185
4095 535739194
9793 576645363
35149 550399289
42490 3162737
14814 483989354
7655 329281477
38932 432466301
30701 424430602
23806 598520776
40987 578716815
25097 457606786
41960 792761491
337 890814456
2954 244053660
44064 679577780
30107 656792156
44529 205842610
49069 681985053
5159 378444331
16342 321966591
9151 757895946
35301 793006162
42212 852225831
48600 541214844
15370 974164480
25001 595592632
5092 949461518
2251 313635422
20505 416989516
774 497274750
27872 619256161
32811 727830186
43781 978083519
27544 894243228
42355 843299967
7339 437617574
26315 679416308
31874 930814621
35422 983728823
43557 758841348
9233 767778622
18376 187252082
36624 970302857
28642 221941206
49666 702904754
35156 518408885
42656 1494930
39402 721627604
26499 228264221
22275 460958412
10776 16025849
25886 369196
3832 22014632
35180 235842854
13642 865301035
13424 856306751
34486 948450484
30356 663128140
11695 265053163
49104 580061962
27509 805878158
6004 623399719
48749 527513703
49894 327947947
5161 336129555
28813 596145280
47505 352200908
8740 140817994
46510 513036390
43407 318324052
45513 553014865
1027 496192120
17969 639539987
48403 286744529
9510 749563040
19157 286890194
17324 912166479
28675 739348163
22247 31151063
23687 936794027
33308 931870342
33076 597331933
3387 341816199
41143 691937391
11619 340647967
33987 279143346
17326 282806252
20627 786024306
32635 114694696
29405 655443667
33712 958913984
9504 374606263
5216 441017713
3539 925417129
5005 886799183
24909 470591597
11658 332842724
12605 782010952
26647 511332218
43089 129399026
34205 676852446
37819 751050811
17790 746603056
29146 280109340
31617 6652491
20025 8169948
32071 833456451
13347 41993688
8301 335749849
16834 563331559
47394 996397649
31376 408639354
19981 153054346
30094 716640202
47906 938364974
2159 187014592
49619 772224811
22016 927409595
46603 870674982
5173 441753638
48079 829590910
21333 397887593
32507 981395545
32593 946638133
48677 986638982
47123 225950745
32194 993752128
13373 52073764
33368 421509343
16513 253760273
21204 380392514
46527 204940904
23575 906609072
2975 855784006
42215 815296119
26549 836196346
28638 978043725
18702 633319471
33780 542983313
11441 651037208
31332 627911111
632 428424957
32310 323499954
27838 322823167
12422 316574533
43306 390371400
12268 115411124
39153 881219549
36487 87987056
36175 98363697
23944 856259605
30959 19815917
49159 633268926
31759 297343243
1422 725849783
25504 163910646
44183 727353055
33118 149029997
12930 345815184
8605 961580813
11130 225346227
5743 660291351
33365 458877584
21836 621347278
7769 756554723
8618 881387273
27324 215451287
11588 7071319
1188 304354869
33762 220516229
6349 868401578
44496 96694904
6995 959182040
21041 970931160
44050 231168081
12787 421107693
21402 34353855
7884 135651613
36121 279614426
39747 596712725
25469 128871948
32600 899821234
25229 98254783
6055 372888429
39812 101633710
11842 557247521
10659 754309822
49608 689676326
18192 108316250
28430 310196023
40596 938250931
15101 980643446
11622 415833005
25144 229027710
46467 163734012
25464 521640424
19816 501759570
29111 269586509
40643 216459319
32529 994884064
19269 35607296
27980 883218678
18174 197491977
101 246072209
28125 109136919
37345 542739663
22001 864740972
19135 678484667
38364 601061802
49611 521123203
26705 147028012
19168 469700460
30479 259299789
2668 878550756
43755 65841391
12495 104896855
21735 876393063
19510 837532138
30025 382698997
1419 355128702
46035 380161982
22502 888308486
42565 787421137
31255 751950656
3874 592103625
33568 293838405
27803 12699451
14652 820480201
38005 480069296
33488 684806088
17315 903163166
23097 575909165
44869 352168739
13516 398554541
20982 818921787
28697 514819298
44265 688022089
45264 88757065
33355 247396389
37525 546101421
6303 541488084
47107 543587662
12020 290579293
25627 933466056
9979 109760823
26716 446725038
31789 943369568
2425 629416291
44683 366353830
42651 185625607
21727 64581284
345 340424227
40356 454333329
37047 802621207
42588 760988272
28083 866601743
31230 354463856
31750 399107770
9931 836188962
12850 983427226
13657 574765035
14708 810669196
11323 801343776
45431 211228208
661 442618596
13190 261171334
45814 74790390
40457 268499080
16868 707698377
34525 462835182
36055 236945280
30907 175423595
6882 934486038
35922 254806904
23651 970274681
23088 4565084
20588 160825916
3667 118869379
44805 176861519
17247 82453523
34977 878100291
15814 797848045
16946 190084784
18347 494825938
44519 751088651
2261 794619330
30472 421506862
33562 811420658
47652 666521184
35050 83424631
37991 232702345
37218 482419462
20305 384724770
47826 767075980
25202 357148164
10382 48639514
33871 702656779
38461 80755732
2471 210867304
48898 229183121
22738 869903753
24373 562142184
10044 668955466
39399 990035791
30147 740863789
12895 487599970
37422 893434597
21605 152963533
20973 852578498
34881 138561483
10025 506152720
37426 292579776
40678 435771016
36532 546200218
33151 159134594
29080 274401068
43492 927492061
45742 385750619
5555 520087524
38427 714284111
31266 952315098
32649 368891929
48112 580236820
41579 621082216
48566 676567681
30740 228146611
2603 320960007
39874 975526092
743 796874962
29550 903520280
1786 767406557
18986 812524613
22289 284265664
31719 890925963
30353 999270511
32605 408550686
23526 282131131
2788 397327259
47596 857958046
46938 113853043
24326 490646234
40794 937335187
12270 280968091
21021 710944801
16090 206745451
14607 452619693
11019 281504144
27541 272957699
8757 773898156
45489 115147801
20498 95926100
9455 79713632
48953 230201865
6191 810005775
41317 67580615
43788 769464985
35559 834991051
32024 620792122
4169 788467744
4376 464489514
125 494935771
3664 557660187
20936 466844170
33111 239585061
29643 452580232
36476 827399120
6172 232134342
44405 76584806
43850 460619208
18474 44728513
10620 827303831
20300 378623792
35968 903637796
4292 909770422
4121 273645529
13598 964988864
29612 736259523
13184 931218195
6941 522875726
30711 822933446
15030 209984291
5145 530035938
40345 373917117
1013 514403649
20704 749250839
34992 746256956
48251 515467327
10741 851712837
46162 413511278
14579 799729978
24316 823026538
2987 224617431
39887 500043711
46106 278765554
3161 328133977
18796 825472006
15545 618658983
44308 479235437
14599 109367040
2858 997660958
32667 796106310
11273 893644343
48411 608276540
12644 508614972
33553 296956516
13275 360386298
18154 367663279
26374 308529756
44423 37563657
39723 717380824
14154 63894366
36538 25615052
43804 672103703
9034 463497616
14028 552174846
34625 160005856
40005 969179650
4570 593716796
14133 67835811
42992 221533818
9792 985034354
25858 12258305
20537 882605193
14369 280148269
49557 953320176
38647 682790420
8934 223914615
16512 547532363
8517 643677768
22735 437852934
7022 957662788
45617 947703464
8019 759819956
19234 335248145
46396 308967740
2478 536504227
23685 368698963
21100 445035307
39788 786080717
25103 745245944
12298 51283378
16343 858203675
31056 702709095
28466 707167877
40400 964593870
4950 765857
49538 431447773
37786 693291509
31740 627342620
10993 280651079
12916 439255335
29750 670065754
10558 935497805
35800 602288198
28633 749015594
3210 490177953
21303 730461897
46008 547937179
29691 729488983
10181 761719002
40290 385844876
39426 32535941
41728 389458659
254 423591754
49852 996971477
3138 921518491
8320 501243506
18542 904642626
30427 314506061
29939 809287034
34280 776572627
23898 153714500
247 767301669
44800 634690864
44671 675951067
30284 337731577
9692 846069648
5140 621564003
30162 836853099
26095 727386444
3829 200148850
28671 651671853
42012 667715555
17593 476865269
40910 998287630
36575 893219446
44463 59151919
38855 140408821
6872 62162185
30541 290221967
42491 341600856
29763 693589609
15064 475735965
42116 205017164
32602 517497892
37710 673019209
4791 467220991
49944 972909569
26915 407778503
49675 436857879
16407 698849287
27039 227223587
47724 771877992
33212 747740525
31580 819526767
19393 10333994
22124 334089329
5945 795946681
1857 566425888
20862 588062321
35242 424268554
35172 581670797
37814 940012692
27285 389072055
8648 189433253
19011 29914278
29 988763160
5404 862838290
25370 195915790
44863 250956720
8898 962574784
547 227113567
15831 930810975
7366 90367701
24880 249464950
47363 644819188
20961 249005537
15753 286383088
32257 291034059
19291 663829426
17991 669233875
947 796730863
33410 792584410
13543 433913432
35086 194802901
5152 566397305
3721 103622573
29851 870389440
8772 527153949
17421 780222241
43425 424678143
36821 638802084
25249 89521529
5574 11371880
43747 508842914
44229 340075801
46332 553512192
6931 729759520
49437 347111857
27709 778870505
38318 868351951
42887 724806876
223 380881947
34518 924865052
43036 781928442
9932 646137822
36523 991753503
29418 315036009
26976 189600076
10656 236013020
48770 401027696
5240 702069113
27745 185553198
3139 755555623
8760 586769122
8092 223713201
46528 936379023
39344 775428787
3024 47514066
23394 534901908
4366 643133360
43470 227594004
26818 116323560
33591 797031850
38463 318066355
15051 493792471
20734 873810823
43663 1379409
27297 727713660
4450 5496513
8743 458799806
35890 255062558
23176 223172739
23958 842747648
45201 417935455
22801 445745021
27502 916790519
38477 81995481
32305 480817743
33335 855286244
11520 556146942
36001 939379611
16001 162071835
40515 573766291
16431 397246776
22103 458188271
7343 593563722
23283 833136759
5595 183240450
19303 281757794
4908 71892784
10212 574333242
35702 458418397
26229 555651254
32504 965820398
13817 389788887
43413 17976857
45517 338466768
568 610879612
16997 277660670
22442 164912551
11132 599467684
7815 530355025
21197 755386959
3132 174065495
24112 496535935
26376 962702354
10655 503377831
1156 391024027
48285 901136199
21573 297623158
46265 780200345
27884 172297443
34409 660892394
7938 948429320
41761 399082114
21884 127428095
19171 751829580
28869 545744055
31291 763178200
46460 736564146
45694 46379009
12272 395301879
20969 580574217
34412 495770185
22190 402200158
28239 27440679
20522 836653493
29464 646066108
44103 357569524
27187 618453306
39149 690750080
21950 652348829
34686 428169434
21717 334157106
17316 46788125
42063 640751062
794 939652483
29133 276984412
45289 181784996
20542 40327286
18993 552361000
18092 379873438
27470 41159110
29795 716785880
48008 699483049
15644 848888721
33945 220271191
2469 438727385
19218 577209483
32873 66756602
8984 147096899
47479 118599724
16644 414808143
13227 784970276
40583 281001195
15055 202190714
32986 423183215
18298 630710561
39725 709841379
4822 702900026
16890 677675003
33924 683804234
27335 35691962
2391 993222272
49812 647865187
2371 323399833
382 476870779
23057 698154903
4558 437617380
1497 910091325
36088 965749343
23702 419956102
23794 96497652
15932 888869596
39739 202693782
41407 139194723
9879 83109368
20747 580682643
34401 660801020
39847 633687432
11897 317913717
40474 41006413
23260 890588498
13740 358484096
10633 20455812
35145 709042620
40328 569294242
23505 278344562
10485 817138344
48662 25999645
9990 424430977
21997 647408399
48671 983794590
33256 317947314
1974 729365216
44285 6084318
35279 946644217
21761 512730951
16181 998940542
11745 962188561
37680 568947818
2558 611843184
16312 899051333
3098 894974560
19990 566358307
29214 917942785
7013 140265436
2449 635177153
22701 414723569
15093 901786346
3970 944481157
41148 782160005
47030 197431054
17482 912188512
48622 854327349
4632 854865112
30297 910576805
21670 346113426
40178 633421069
5931 307266142
5236 495883504
44294 568265389
23951 571943531
45502 212673723
18400 339367728
17978 883891912
34406 651569749
32918 736532982
20680 309739018
3198 417053029
45692 219688070
21096 749631327
32233 734384074
19448 311673044
32461 640883451
19750 267971273
21314 60495841
21954 982381813
6934 230594405
13909 914818617
13593 145284692
23105 39487863
38416 7469331
21544 277650009
47841 576428842
28899 617933194
41989 107124570
48559 145819930
33323 56611804
39441 956476474
6969 179441865
23477 871183961
2182 324941910
7479 753098026
31170 534792302
45735 839565255
49132 753090751
34332 866511523
26062 857334045
40923 984945302
48679 62463254
28095 41001727
34122 587639994
34970 743386225
564 366181721
13842 968319718
10041 631427757
2825 880929097
18389 302533500
45200 70669868
4708 686962757
7537 825517269
37949 632442841
9417 156135668
14912 805491849
37210 506688396
49946 367226113
15153 847981598
24141 283131734
34787 994927966
45550 386431230
4171 195141534
48673 188461386
26081 304989036
4022 420062190
38546 123205177
1003 146818826
38721 37423277
43063 264922760
13258 292716407
43144 254669782
10430 822437252
20360 991601795
7764 164714514
505 312343670
32571 689260640
46633 991447393
33001 309315211
32480 835660214
13042 843277478
37367 681773420
25940 453372691
7019 321001007
31162 995943299
37624 105733512
19525 453778132
21558 822789889
18592 771484905
33597 699664086
26706 954712872
26755 224656311
16030 141258385
31319 733853024
25540 45999218
45811 903620372
8502 222788596
44604 471170601
29045 200042622
36525 185135618
33043 606891842
12662 868501172
19748 170113684
40312 498674379
282 598913832
25173 458155004
43500 355484976
33140 837269442
40648 208929696
19055 316442127
43326 23715763
44228 586246818
14745 225553818
45990 307665985
9716 611968980
34214 376696181
13691 882271687
43082 826578075
27103 160534932
34685 543980565
41449 101628772
44191 738953886
22596 556680179
25896 978152119
24554 456377925
4230 297159253
30698 143095310
30899 381808413
2435 700972001
42432 86990596
12328 95893562
15131 701796809
12501 465656238
39395 37457430
20250 658595825
17290 647955461
45712 135583607
41727 730296071
34169 456045210
40675 279674426
355 743295909
7551 51710738
18980 7345274
21358 253835765
399 627620982
5662 868167874
21514 63948675
16650 988905997
41849 256096186
46540 423222458
35382 563963301
22402 739252728
6601 725350763
21144 545506205
12030 455910453
2366 48662668
5830 559661827
1038 24874156
7036 844957668
9924 367721661
6264 975067743
16284 362859135
25563 254178550
1773 147709774
49643 381993098
10295 634755394
17019 293213848
12736 933086234
9713 168696474
17104 129013939
35539 300042528
31965 208077364
34559 571370633
26101 518263552
13062 614467307
46859 108513415
34832 973020327
31113 901037035
8557 570736852
23222 788078618
1925 272232465
25913 574858813
21413 803664607
40852 947740529
48326 804536593
415 71675562
17415 970527441
5047 979301106
31485 691068698
10844 4133955
8723 598433359
9854 838636539
47568 256595712
7047 495614654
30858 958307397
49709 79622154
23155 148901388
17841 640784750
40105 495361038
33767 927663651
20528 297529356
38470 967753268
7473 51965394
41447 858140978
21285 369197978
23618 225382864
21752 510318154
4470 38956410
24099 967931030
30885 932017668
17965 241868832
47548 128843056
20086 16215634
24910 566977974
25399 209689940
31946 140353760
9331 329961899
42182 139009436
18778 76591676
46930 465981270
3429 768642154
1302 532358158
7993 464757573
33239 154844101
47815 404049893
47625 792408437
21435 652910216
36247 531247694
42006 320766455
20920 726615536
19516 298897886
7604 306275377
37876 798468850
4710 722262329
9224 896307678
44277 452282727
16624 725190884
37252 818388156
6496 775627991
26991 572276473
40812 466298218
1041 408117987
32541 657662342
12359 266345573
49979 869702981
11872 696897181
8676 199688219
20826 26635453
5184 49343257
37364 165346981
31214 417275704
41357 492311580
24318 865121758
2259 280046985
1956 239703423
28835 51497500
18865 696668317
7960 128695891
36737 404137467
1052 302322751
13213 663230158
21826 59148897
35199 313804225
21117 895482736
40700 324421690
42571 84341067
4575 412503118
49422 152506793
15140 722958197
13452 214470721
10500 394074974
7590 273599104
3990 106391601
44365 722809668
43232 123661980
14832 430741583
46703 733519572
31919 256513583
38007 727261807
12606 428425849
35560 849551138
10731 866393303
3634 955147826
14506 82454177
41255 255037874
47634 113229434
34944 133485381
8901 785789345
41174 291683710
44369 489030383
30104 87414105
46089 590623864
21972 191392323
46361 385959990
31077 431710052
39211 275093153
43661 922386560
34877 150842040
32270 709406297
8698 281715308
7162 763159405
264 493831323
40209 397988855
18494 350039173
21500 54923468
35335 154671156
24304 864756699
11724 805431357
34766 173195927
22663 114315751
20271 347747365
40294 585859997
23642 867173412
48574 344073576
3428 850356075
13574 674635543
6835 559148619
17720 898350801
49018 231080579
5826 54725001
14739 437791147
38637 460958504
31371 779306521
36464 334144609
901 195138029
26626 572708799
46497 950240004
3205 464509968
49136 792695485
29604 882034031
19670 518765392
2512 302615451
38486 266988750
1336 234706831
33361 371122891
14367 239592989
46438 150606936
7561 9714263
35535 622412347
32249 620562021
40227 377533203
24985 38874923
45163 145948311
34363 381168590
12260 999723554
9336 205668330
36412 222437815
16415 692026189
15534 278135227
5049 870015796
11514 745588554
28309 132581883
49706 832646578
39313 183891680
4067 98347138
48512 370547194
28666 813757936
33644 286231216
7554 49019883
33814 309867315
9522 522164348
27242 768700031
14045 800741314
26051 603401609
4718 918838517
27936 103463629
6887 552575156
41023 163138856
15098 261669916
35629 119740615
34668 667815220
17520 947975182
43414 961928091
18339 188978238
24911 10997573
20892 820762325
34241 967172397
47941 66790042
29052 165058256
5625 5602948
7424 621669606
37089 330624723
27515 552855906
43099 897292257
30759 795378895
33127 12033454
13179 681515682
6008 350933018
4631 13942693
44214 741190372
12788 983779963
25733 857958946
8695 938230806
5415 46631528
20965 639337745
16008 950752006
17853 754489268
5357 493380670
46496 238858232
13621 971416936
36963 1972938
17536 786250710
13488 847239140
34457 701042046
15898 184664232
37437 284178793
2271 885791052
8376 220807181
23911 921475488
14277 535170945
18812 113145283
28916 37829630
25191 723602697
3268 381909209
2350 188045581
35385 668679783
4939 510265494
17193 704544373
15404 346638284
15955 11598957
12361 414612331
43004 774564313
36589 920219781
29150 259914735
37609 755452058
29927 226558762
12286 915903134
19100 108315955
49232 272741029
49960 153256835
10473 701456951
21421 908066785
44027 357496837
10489 600232454
35715 140639819
22964 742342272
42959 355714216
46502 556244287
34674 59610573
49029 329585393
33573 927553293
46707 624577923
6926 152199470
28456 951097905
4163 44074928
21596 347490322
42017 644355426
44207 775325876
48451 693353377
10360 95267691
24042 340137480
16504 450879944
18687 695298318
4089 435495212
8910 154571987
33916 635867471
14387 786075058
17796 926323771
34012 367825405
3645 155594597
17355 425966622
4817 254433377
27974 27185574
41009 956439267
17751 800711773
40000 928319546
17521 320186751
20346 734313610
26761 816699538
685 314205790
36089 101390954
4252 567975737
17913 34708546
5204 869821373
22512 854863083
26537 743654823
45953 635854423
32946 829037932
19741 665487917
33515 826290492
4799 178577398
25472 432048892
32494 202169600
22343 281570532
42488 980374015
12176 457343988
19456 817015599
11176 98120307
72 583812572
25656 399292341
41690 903709887
44009 139655980
14480 641270806
22786 283781863
15129 285827789
28068 691126076
30478 727574383
17394 849281168
4756 939609503
16103 935353540
2562 977075563
23311 994381410
13993 385073391
9611 929880097
48040 526362132
6968 820368863
31678 38074817
22318 502134217
3694 793172417
21767 136790237
18217 968601606
10859 876724005
42777 456992812
6659 449125691
46588 880535463
43100 855041294
45310 779101750
46474 688431954
9022 377856722
12716 640252716
17979 932287535
12369 290522189
39172 587953271
22055 946228010
48687 593962437
26079 373908299
41345 821876490
29783 773681841
11993 195593262
8859 33094749
22347 836585729
15178 776870408
12371 825992872
13515 540216830
2536 105775280
18690 559758826
6232 285708065
42321 457478215
4609 939759140
39768 194801821
46023 142670056
30422 703511466
2166 879809932
5769 418699673
38779 953253008
32359 974627704
11046 550485140
15636 314444638
6425 978462691
3364 530913554
26056 77138736
25275 76882513
40282 95926815
2696 683097291
18870 965349033
14132 663247181
32018 388498168
32907 80362702
14517 235611695
9093 277322815
49516 294147805
32843 978014941
18472 627104920
4561 610427611
12312 282310707
45142 191919776
3207 718037365
10221 741745435
46398 322627323
44690 901222308
12310 421209331
26968 1385027
12017 747828605
40079 360208803
12994 512431671
18395 598912855
15398 50885137
19400 99319479
24199 399184758
13716 162855724
29695 839503966
47912 633056680
26675 590719367
25387 631936654
2256 478614342
40438 817559174
17710 730924928
29526 802970616
43367 160596730
23754 146178742
37458 245770160
12932 219534991
49723 948270903
11777 785983460
25655 417313761
47397 550765502
37975 186119888
26879 638346204
18319 36789973
28469 188144319
27804 715736316
35150 281234860
49219 372324773
43727 219604140
34705 364994580
44716 147472174
44676 566911457
27250 198363841
48702 657182444
26849 667688339
33917 798115033
10176 741098312
33351 202917060
43538 186362376
13144 295493829
36180 121799177
3653 458518193
40773 585748935
65 155942093
39233 979546001
17540 879875317
44368 493486835
13678 602741444
43486 3297876
20630 763201392
29499 722970385
24125 501014774
7777 166228455
22320 715830039
29517 979841255
33676 979223065
8750 957986902
18490 691268459
14462 486310853
5182 146557695
8318 861340586
7340 231242782
16164 237896675
34991 382798431
23432 471176299
3861 151481899
6904 242653309
20318 528967259
6021 78822227
19104 575697192
37067 435473102
49648 253593472
40413 778652325
10612 321002876
40632 696599778
38900 739662698
37118 805850258
49883 524553073
40697 815713394
31996 193460649
18627 122600366
40521 648585212
3503 244047111
11457 761942585
33112 976169745
13233 590660956
8410 997767621
9308 371077565
11384 435797648
13536 475116672
35712 589438650
2557 425202475
39719 159804189
10950 38788966
32181 718795524
19982 392625749
18764 521148076
36826 104484877
3715 314517725
15828 649565831
31351 617485216
25089 169207495
14980 13188441
45241 697536970
17056 500960359
10555 178276048
40694 452670661
14860 440111896
48690 450991038
46864 989674150
22537 671145056
34611 184268379
25168 683852880
43448 679461603
49274 355362494
24542 757576498
1726 483685624
1272 464421394
3738 422290425
4731 887614847
27427 330289315
2033 332498934
4079 833272435
14084 671081408
32247 758273299
3666 843447064
4224 626060461
22520 235201724
40425 62778526
28926 196257846
34365 956083682
40843 858047316
31928 20314891
13439 877203227
32855 6442246
46461 237521226
34527 161579469
779 82606274
8565 729541138
27973 996987880
48406 812801878
652 496399273
12388 152236539
1606 745470491
14740 113733816
47488 753434315
33298 470898356
23453 107322391
41940 390623009
43137 619988623
29377 518913730
48583 323189260
43165 271204966
38001 174408013
10256 911611746
5470 117005007
25106 594952192
13446 335351118
25376 957838175
39622 580269676
42309 266820944
13760 609413056
8508 134810331
46945 359905624
4587 317901860
37416 430797224
21777 278838885
46201 347696413
16378 961789318
83 113262611
33400 340892077
25876 288742151
25755 366634203
4971 668344067
28031 590531188
17 404188404
44891 673371139
38389 654582028
6117 752473937
49421 596389809
4134 743817331
45368 230719910
31862 381995559
14682 969962048
11024 847555702
34526 57572483
37352 283236363
9080 796176466
36871 221730565
5644 472752795
12083 245343663
44536 335616472
6134 83873592
25810 330880869
48599 126074916
20098 729800467
23570 656723959
7757 239262482
14828 610801230
43749 866077458
30068 238969018
24728 304391749
24903 266607583
13 104666021
37068 263995992
2729 509044930
23552 873897603
15247 179060591
33681 376157983
45561 463343445
19160 464118123
19349 826602464
12048 868462123
7338 686975776
25245 229540920
24845 231698916
42828 684516749
14297 964152211
7151 109333899
38975 190066771
12762 205683402
38127 926717833
20396 956399334
23644 156028788
46626 596296324
35168 880274776
46701 674932434
9524 398510936
22680 188688464
30627 873936207
31146 416356452
7385 426856415
47703 515745608
32469 363424835
38989 722032228
13918 690909388
49703 261704322
44441 857545763
18489 185299479
6422 917356819
14240 372484175
6792 87887073
5944 662267708
32065 811534248
27402 333623265
21795 421796506
14260 227257940
36707 396612267
16467 954352299
12064 612197068
2883 394725297
49661 856635181
38964 670313618
5810 3739824
8401 713092504
26512 835552707
30116 153627222
47470 545002855
48528 848070487
8652 326710699
49193 847013547
36012 6303111
40398 366746033
8590 903686352
22620 490469635
17989 800317947
43485 114520861
13960 18808621
19638 852973030
21457 654218822
41394 730802308
33972 202521656
10407 436342521
13242 613404483
26987 936864328
30674 568848815
36484 454718306
33577 186239678
18365 360198264
10589 372924258
22339 951651871
22538 89177814
27083 877245633
41590 951019466
41560 702388187
17931 399864477
29565 858556619
22845 22324341
45003 316368041
5076 778514840
12042 809832669
7178 730768592
6567 383726278
26060 544018888
17160 588597233
14200 448385994
48707 822085458
38835 618500834
19106 819680613
30121 219734013
13813 924265963
44881 920454812
26979 755758740
18388 95822462
46128 947683371
22995 714152645
28965 214272397
16761 606844074
18868 848232551
36832 761521275
42453 846104117
25159 299828694
27814 14780002
27860 939361400
7543 772748598
2671 908620666
6508 800644799
18703 169329627
43086 232604870
2142 227076738
8021 869675769
48525 590074239
10871 107114268
8769 579500285
47740 778032667
11455 869219236
22880 391417327
23777 182171994
2630 847315420
40432 547573531
37366 691389171
44594 988050350
18461 278683255
33889 356650851
30219 443907428
9759 595124791
16938 687526612
36148 360594550
16426 656454532
45796 790392646
6067 339977484
8225 303461142
15549 893310701
21169 584096962
49016 604184887
33098 79970922
837 408953978
26992 696509953
40067 192459529
1914 770183174
17248 536772648
11596 731956002
39928 444028281
5732 648907355
7033 545871345
48021 512834875
36545 668905585
1787 740677828
27348 348958193
4483 551181658
48636 627550914
41918 480953115
32274 644989928
41639 379891919
10887 250786017
29390 711607391
28131 852061319
45748 676835130
26182 797840545
30048 308291412
15109 12913451
39002 615557966
12958 969854231
12966 408485615
47750 464666252
31330 827454960
9539 285934462
28870 316773488
32186 875112057
35737 947344409
30953 739216509
43169 3625765
17926 342620020
44937 882312914
2232 405896713
8624 412906595
16588 89011879
36357 330217122
629 656960417
9046 399188004
16533 666051921
22149 455527128
21384 569168067
18656 403147416
10504 423912693
26807 705174655
2704 788928289
31796 934984345
6302 678977353
31341 373313936
14220 211108073
30357 366285769
44589 433647194
23466 661842476
22111 982356370
26943 215397922
3460 82927426
26970 371257741
42450 90602032
42202 290844707
15514 599435817
21929 285430173
8576 867479677
45234 711039695
17668 313843436
45825 825703160
34274 61803843
40181 38248903
4895 964568296
29853 350687108
49085 915428414
46606 669894673
474 725854978
41446 603521519
8081 664288134
28920 508733917
13200 760075274
6789 957575344
18565 791657763
27015 660207186
45609 668559046
25879 225716551
21548 820615419
12204 123982949
29040 75381921
30643 952476963
43847 236844603
5088 729233652
37558 400416933
7253 826175638
12752 391483930
8712 969672741
41175 235627076
41691 390362033
1230 221485631
22737 60274286
17624 291633217
44250 759101630
9850 404850951
14158 442695564
26973 963479455
39128 298228717
38515 463942193
14507 335770980
46592 1553354
37494 757520353
41756 56767927
24087 921958561
49604 318838062
10874 228292461
48511 992249104
9818 984057956
46620 736209918
34006 335001884
42300 357913196
16674 126618914
23104 471828466
43435 324626025
37872 838099483
7170 636322577
19405 752969519
30727 397662040
33327 705005317
13845 214331634
25514 371761159
25056 268209155
43662 618149306
27689 14134227
42478 509007638
18225 568837749
45720 517856654
28427 406298857
24657 853072970
11563 210909298
46824 910211357
35834 477843953
22355 121820223
39869 507739762
10827 310082529
9425 352236713
34230 320225161
28744 467385090
12872 434201127
11156 386925828
17915 6881666
27353 469205022
40054 59148804
36398 297303283
31528 537593513
32187 118136189
30003 19385748
49228 906430733
18623 660986041
17887 321766273
3402 447449697
11401 620306747
15047 576584435
4909 531188525
3380 965038254
38184 156272304
26293 526001950
31783 637879900
4873 675402659
6994 760296
16543 241720462
2474 638483548
36705 869049711
19585 58037190
45306 21333948
13003 385854790
25712 392988097
44273 224251211
4486 83905691
9629 535101939
25207 981763942
41562 274344131
38447 942343713
18732 797872945
38250 314502232
36893 119591938
18815 372916263
418 231956391
3116 778566473
27256 776062836
22464 557895388
7412 352643596
30547 215338732
35669 292615933
6185 9652989
43197 69809108
13272 235035983
30914 461612638
46330 578656083
31634 318480371
29657 687564494
16525 418820052
32062 563553121
48911 577432481
6441 985062309
47774 825847821
31973 917514717
41153 140288474
28221 889388855
26346 75747762
43604 331207256
41039 837291013
24395 515305792
34177 714254420
48246 938885422
10866 545664720
526 703361786
6300 989086099
32185 133506821
47506 437422328
23292 361377028
24158 282287250
42566 788596061
11421 872080567
10018 787239049
36570 603977065
39662 946391990
6628 748885601
28296 360132362
8958 514499880
43582 720009500
10577 507021986
6352 416600161
34489 405246488
27150 779091153
15783 245626340
12004 286431887
5661 819139426
4676 472279381
6078 551438009
8478 707864474
16824 714959612
33020 302785677
17787 832484394
12468 41093307
10298 563649052
35255 971317515
28116 20647365
6180 180183838
4219 884860278
33701 222599001
39964 92104041
39868 150681694
45100 400769603
7078 262920173
45535 877698927
29631 737516268
7405 974624843
14388 384799957
550 507932574
23401 567835916
738 699175247
35435 758821232
10392 218169417
13426 257715941
16275 99906282
40809 665229679
41683 200385308
23793 741147252
34763 345608104
46405 461669495
16585 715545981
33485 885590689
23425 102745451
5399 296883745
44119 139403511
25900 376635513
2886 691143293
43694 286290578
30442 245341234
14498 912696974
43149 403638921
43854 175689964
44287 627754368
4236 993508561
43975 23449936
19361 355005206
42954 574570385
26544 293381451
27032 25628270
18328 599079300
37333 435896386
44667 429252310
43829 387656062
13060 732742367
39911 467528657
10606 321502003
39669 743622961
10144 810397606
37613 164155899
32766 912636339
30056 698607281
3409 919718023
41619 940300139
44698 46856678
8100 523102132
48835 934402152
14432 751569446
45096 308380619
41104 927890151
31425 923446628
22808 866563797
43159 612043390
19457 429271120
2521 666814764
41423 578151355
29193 234438928
339 981313248
40111 116319006
9563 290330495
3725 789952954
42237 749809593
43759 393822792
32892 280555684
20101 678177675
16612 409344457
32899 884366183
28036 107533070
39306 635229449
8819 825866830
10253 116538765
6121 521763137
19227 704768437
1985 859362378
48659 526673702
7398 49712339
35338 11544935
39332 589641082
11798 119712595
20273 319512528
43670 50782144
25582 464063802
36283 91281614
12984 224012896
27961 495486522
31955 836045937
32148 645868666
6284 47981177
11983 520768884
13599 130568203
15074 418564519
43614 694775547
13982 147549554
5127 444430584
2054 661385527
27700 162621838
17204 624138975
49269 358624545
8307 550641356
3860 364413880
12034 73569173
10395 150399880
5006 753222861
34867 468277789
9457 608874702
33614 966685702
39530 570993183
31005 217915044
5703 618797592
14799 146514729
45815 142739059
49809 982272741
14464 832907191
26644 980418838
11454 809032773
16479 345482969
46271 127807661
15044 99093341
20107 280370563
42953 199839653
34358 785880311
4764 414726192
42544 623018592
27506 787900323
26489 84487162
19319 498445936
19558 258756251
35919 585827591
12198 468541888
3156 670082992
21546 958784208
10772 542907789
48880 451096410
9407 406687710
42962 704121576
40755 595535086
46062 435735128
12080 828484651
15668 171554812
23920 153366431
15283 140835681
26862 919084649
4487 566852605
42980 644975065
33838 366370015
42617 650688011
9832 894102438
38624 304567519
33274 626374234
28405 767119487
8639 185029592
18491 742351990
17683 38930681
31901 251247562
21898 803875280
1427 427075715
9351 480745085
39734 929052176
21764 964969163
1628 910920916
30414 150575960
28419 474985676
21620 111921970
37074 934188210
30839 572627615
9915 533582154
13359 67170091
34269 152132656
4152 507709217
40913 249424097
4088 39009907
11424 446754445
12927 333429726
12684 409255757
24752 29919748
2645 41538193
24068 997129632
31259 162376585
30090 985224111
10037 892608450
24402 221920171
32188 618223528
30194 729087523
39029 840503356
48055 981945131
34164 520903865
6245 755096884
14271 857249058
48311 322936422
41427 216072105
719 512512616
42426 965496772
8858 231926594
12941 827133091
19438 872267087
5009 898693981
46342 500232229
5330 884447050
22477 177667925
44871 434771715
34236 569051058
19254 725930935
14786 555793328
45388 862353101
33570 659918544
31500 469127327
28144 760428267
21317 347467047
9957 941713432
5360 288889026
1572 775723610
8103 843627464
35109 668999316
33821 228482338
13205 460956989
31240 995380661
21157 520876360
38430 860138719
45718 704718087
5205 708732677
43903 932241626
32567 487006982
26781 928765264
3383 950725166
42710 300370798
39740 631935099
23161 220073782
14550 224840570
34306 51453915
22577 61470866
16026 983216020
27448 516115808
27257 745124880
28751 547277055
11828 973446678
15103 209873316
17761 960407573
49406 669662387
9969 858615075
26330 407040184
7905 435681859
40613 545310709
7305 317703615
4690 912508437
44029 384945472
5690 333982097
43052 238459756
47708 802296536
24188 716773167
32122 240935359
10317 989032948
19996 648380470
18435 150730765
29808 557671472
25155 960805177
29198 360133057
19089 469371200
42070 300207421
41739 438407013
31668 754116536
46130 602271898
46632 612828800
26313 597149577
9462 548767111
40508 869912848
2263 990385522
23080 546037279
2029 820426131
21088 332686714
16391 416150553
36954 328568829
49587 337381932
31629 729967130
30036 587543513
38133 196558329
15197 959456624
9529 286928101
34312 73722412
22928 560854031
29428 629892194
5136 368617579
8185 176390723
34494 6143951
14374 125057741
16904 280222374
38349 995939062
14706 101980182
30889 120650076
45935 302853106
43612 248907363
20746 840118566
10257 319195114
11608 880067035
12963 417795281
17121 153188468
17167 948852598
358 781492360
21129 739586945
38425 853632704
2631 320882213
47856 207639274
9168 208514443
36780 13389913
8281 462983519
9316 442345431
32919 782675508
45917 605681162
16025 258881082
4349 414933178
31969 49467981
44615 332120441
17363 523962580
7289 850265710
45951 948251024
26385 742827907
45648 393122032
44016 322168479
17425 559445718
26601 986867023
40344 227886122
19672 620769390
27466 242071873
638 307860344
33174 355549629
34806 700175349
22944 817465536
47391 252437295
3249 159171477
47971 794348394
24487 12933177
38585 386874937
30320 607409760
9063 389817496
25612 244357483
25192 277804849
39842 692159909
41511 359475817
1987 652668803
6691 746274351
6920 411812969
41482 459138180
4964 389692036
26042 47350126
15620 475295384
37930 962895917
7491 206052210
10020 639700545
24919 134111448
43541 17996117
25125 295181830
9092 826732288
26146 235511578
17385 779273362
44158 381307992
6246 47794669
14346 456742143
17102 356166634
48797 672616275
3627 741438139
26257 116876539
42844 210807543
10778 835624258
10194 839505403
27287 246734052
22426 278504281
18119 675032395
13777 672714214
7596 261698034
20221 52098491
12119 961185825
23261 447670950
31768 597877512
23046 395513163
38015 128984048
24669 605602554
2608 846305696
1691 549630337
47510 676712819
39130 813463470
35704 199013498
25754 729378306
3978 373698039
3703 890834819
36687 823437065
49213 351186692
30044 8793613
13355 192942476
44587 799041200
5095 788541002
19620 353739487
40702 626500092
6619 773808295
45273 333862820
49157 728577723
42159 873800613
1344 584652677
7037 460394569
15258 491759040
46926 388270309
15757 308461884
17556 933973343
30501 61877017
14898 894252494
34904 687985272
11845 138003173
28964 556091470
27618 637264932
44004 529811203
9684 55896998
25339 605722782
32726 198435465
20592 312666101
24071 145971242
5063 911801938
13507 392882792
40001 579786142
7418 142013477
33948 409012266
17834 693384495
16578 307567989
26371 414484337
11416 255667310
19948 360199129
22354 944427021
7932 117076882
22285 764286344
8538 89331424
1338 27262632
7870 763073041
30331 556002730
7695 578488863
39287 18639052
49578 797913912
23442 88086290
22221 833684671
2515 725926225
42261 148678052
31403 750680222
44876 668980040
29085 24062446
18726 757940606
22034 736337261
39938 659262305
32362 797070007
42042 841428584
35708 225190117
39046 557141444
27269 569300161
27340 409302776
10917 65313046
41289 42536072
32005 642013028
36672 334494792
23236 548035309
4850 540665182
22476 38521396
47650 190768609
11154 713536262
18203 473849186
45701 825035460
10356 216243015
41892 52440856
37798 691762070
4831 95651202
13722 87799401
25623 919571248
45773 51817334
11358 753138067
46615 810757083
27361 221040596
32167 630406937
45114 77519323
43233 516255194
1439 432343099
16448 885703996
33399 747246189
28731 361461675
25867 432929097
27997 644654954
33766 887648176
21570 746560247
28772 923917068
48230 355417685
8631 222532693
31076 938428611
10585 29776246
16716 414853277
18983 835563237
18326 95827448
18912 36764033
23817 480903063
26152 230706636
22920 384224270
8418 128018050
7148 761557141
42711 38969092
19260 51902076
20377 503681118
38691 571374626
42280 330569224
21684 849121112
20637 675167605
20884 531458113
48334 480910208
42424 765636805
36115 249948075
32078 655274324
30785 555018003
23837 11665242
31209 34089169
33220 915235610
34307 804040824
22783 243965054
32653 508564348
2903 662638754
15503 817499289
5455 527779673
19853 862416464
21309 489583022
7798 647700106
8271 746216850
23779 652099211
21665 72370040
6239 793084499
42748 857065336
28713 337129542
32379 664024851
14264 165741284
48563 144636512
38448 631045179
15829 42761260
23010 78180060
14842 337516286
23997 97091845
48210 937902562
36824 214394083
2005 814502432
15861 463590438
39071 754882246
48379 2661612
22344 152890070
47735 532654129
19024 405022576
15016 293728211
20408 291758919
47408 749848827
26138 27009334
7758 807931091
35262 177929576
32081 347113232
10204 593664386
45888 862182031
21639 957736931
21072 226696510
4160 381798372
10138 920021011
25309 457019915
26665 171609868
27904 690061256
13463 167397442
39014 819832283
15361 712626628
38911 52827339
1067 774475688
32387 24291596
39728 112454817
26699 673872351
40257 291456330
35389 69423394
41037 825365225
47076 176789355
4730 301099948
12297 576828115
20 754960742
5646 643646753
18800 840304209
8754 767368806
27416 274021336
34000 259898567
22779 990763252
28749 146191561
43823 750820943
44675 821918908
30877 214210023
45601 473214315
22581 931986199
19105 450791307
18481 316623227
18811 410437859
11402 218503802
240 904118033
1398 569892036
12573 79511274
18521 718284349
49223 38349920
41040 454117396
24863 806094560
31682 745583418
33647 501553865
14339 896075408
31917 178661510
45165 197144256
13996 974916685
11848 882002324
25740 947107198
23297 328922026
27266 723699095
11245 11931577
18781 75243685
44518 963826090
21498 279012848
24742 729056613
12990 368003024
31956 741170748
19697 482221701
6317 678622556
24451 875798039
9531 71276585
20622 402996707
27978 61824482
10178 596571718
24950 166575129
36214 821900263
20709 735936547
26064 467243345
18505 567742657
18278 292993209
5962 299215019
7883 115089203
26661 444838921
25735 113932690
37727 518364829
44817 269825897
26988 201363673
25918 739149768
39124 956238707
1555 836189719
26072 429457843
3895 808796599
12807 981508905
12264 451375915
9949 488872965
25604 345943392
3594 655210635
19813 262102759
25881 292405104
15017 333527084
30651 14004848
32641 554028175
35032 858053674
13919 1460460
49576 534689605
18263 897100661
44237 168824354
13052 305108146
22638 777419829
18493 969900629
22029 829895298
12885 792268608
27990 751547162
35989 103565785
8430 74220602
46836 738024074
23330 754200936
47444 940370314
14559 729390431
20877 401902577
19808 190973620
17946 882611052
6412 355717987
25875 613130520
7291 66911283
4013 331829780
39174 222675422
20419 558908182
20881 611347981
24815 491189410
4270 842276121
4317 231913646
9160 512046873
13835 839978465
24606 620568013
921 321519056
8877 319327758
13230 777460084
11031 858569578
27601 348666544
7791 214181138
1714 427287390
29431 323536760
19098 373068481
28206 465028057
5358 276829956
42670 45455002
1500 585665270
14773 905474552
19065 384672066
10076 997510671
13988 141896335
5663 81632779
21893 898046970
30352 814120439
18566 529499681
19425 714219299
31993 891609507
17721 117114624
45425 111916176
9369 334793801
41867 549218481
46849 559954024
28138 246687878
28040 598103009
10561 727085971
19927 504689208
36583 594032892
32388 897683336
27802 881487596
13926 343278437
26739 64553324
11755 618820019
36107 325454044
25442 631241771
45421 256992902
23801 152489261
22990 759483971
16784 214845717
13962 129825811
23878 549710162
13494 185513152
20834 270213642
47056 937805370
47490 667828331
34889 487698723
7431 436068304
40240 767264998
30823 486862316
31749 782573711
21347 730816265
38003 521012430
31036 769168011
9099 350916801
12263 279550658
12646 740478271
33691 664390923
39098 219068247
19183 496582218
8745 729359292
2600 105932337
31577 189407628
28763 307778100
31144 446034392
27985 481389048
46420 611982784
5298 655736019
12834 455033788
18727 242843498
7408 772731214
43848 660033155
30155 815888041
20357 375057598
20798 675004009
47637 514199778
20450 349441048
10812 463465320
43723 178911105
13780 296842361
49012 903665368
41759 417657333
40314 96711264
41020 270954199
46348 681601022
12103 210177141
20999 839610748
45365 595947969
27821 449297709
20480 332772860
36189 250785715
19867 956452427
44338 728634993
17092 98406880
27594 825454564
47358 487190364
16037 738890896
33749 666498570
26841 756560478
44337 175647052
44549 790588816
34847 786905369
8635 27911128
10714 891352903
44264 938511928
19273 949729264
31188 588528417
14847 421056881
9303 415522199
34393 319896898
22018 765748338
37183 169979125
9835 889602666
44816 684251031
4078 202952495
40038 77171399
15895 127987760
33071 849611452
26579 463183842
48698 365973915
11730 973455139
8351 35383515
21732 203006655
31843 366883490
16006 902668874
23789 535496736
11840 690790757
29772 968586866
867 679292955
42200 804075957
19408 327257625
13124 757489295
27876 923523732
20117 82281083
11201 155697818
26440 732649571
33158 94943492
33231 239562563
34829 301547302
10675 489975185
35754 126190482
32416 346282872
40645 876847967
2060 991650246
17038 719222555
26500 265795656
45923 546778337
14392 153604067
25371 770863604
5550 578450370
1589 94317089
14743 660181467
33536 928860642
18971 986744564
18162 884946952
33786 686109761
14560 639147486
36356 212652003
2044 849588831
35827 392163202
7089 353747721
40416 46645121
29722 915635437
18824 960328678
4584 793877889
45387 299148496
19366 940217616
42230 348408567
6326 642437174
21850 196927448
37836 402221778
8066 455217947
28565 20769796
43972 130822145
34561 100839672
48791 319233817
40128 705079049
15832 174106854
48167 610776065
37457 955747699
39099 92973552
20269 177738079
17424 343762944
13985 829442510
43341 504198235
40480 54595390
28863 867164162
34819 458413993
46686 295129525
27571 361485404
45681 411952576
26142 460471101
43106 300109717
11483 255982991
32577 294071654
4008 342111410
3248 543257920
18700 358566062
25076 709644089
27137 451051542
47779 70315757
11392 404848978
49348 636721686
44104 113775589
45331 502402266
26364 571470221
7730 727539966
26057 443197937
40247 492773438
23042 997504108
38825 728604180
18847 773229453
31086 533317141
31462 754238174
18842 563572203
41360 896062366
23135 304139611
17393 580935245
35309 8749784
36880 214712620
38936 345081582
26486 757877882
37385 998444664
17156 304503876
18097 111308420
2505 478151359
1640 484493329
10671 622015279
36231 824306225
38697 215889208
11264 360227087
2722 527850087
23356 148630731
18649 428920559
38424 778174686
22807 200324245
32151 862231319
11332 196647000
38277 660783260
5976 219038843
27265 642394711
30272 513703323
36079 110968171
34469 842049864
26154 380227390
1009 979673681
21689 313779748
1366 82736336
6107 140973921
47094 725691287
18562 848557025
13624 619205782
24547 606074073
11191 577926856
31661 863433904
10875 575322427
21610 872556568
22877 817182284
36866 320052323
10002 20968590
25048 278946457
19861 239289718
13314 611652771
32394 265106320
36081 794047692
40143 829209219
11261 449733576
22948 917407244
27748 334737257
16870 646395630
42856 815600574
37298 543545935
42229 915443297
22432 270030277
18070 515465114
7470 416491208
33405 985492910
8472 937316373
14590 307637647
3178 181150216
39300 641278891
544 967076889
48759 928398250
8319 424126085
49044 985057744
44544 587706978
49685 505018630
9842 566070100
2591 678258352
48278 444467671
27185 103378247
35902 35336786
2223 236590076
34601 533254555
8223 302194549
27124 421079887
43401 432323324
8889 758507044
35122 275907021
11561 28623927
13289 582415759
7423 169044468
23722 806715509
38761 838311929
7218 512333371
13594 168389772
35428 814153349
48223 740984008
26400 381046795
14015 143095060
35495 501339269
13216 630035799
8020 181229406
40701 483764510
37230 118904066
42509 537804555
26333 255762992
15849 773825649
19953 276488162
12108 398024756
14717 999853217
20237 637811116
44948 740848552
11796 593830138
20434 498402130
23961 498287161
16825 91222100
9378 88768615
4002 101633203
40844 127344137
31454 379448392
45414 84131519
9186 219901089
34079 48009150
26532 393026564
11038 182622465
14651 204168350
10182 957608165
41395 846690665
33424 333988092
7364 65893195
25232 624230857
19952 385738565
15595 397011481
47861 568128677
20161 701751678
40274 77144179
41692 41221551
32875 799301053
12356 220528023
20944 175304632
13959 472554528
49230 621850599
40195 131625692
38226 347966060
44926 525308124
26873 884095998
45381 588489300
36455 327965938
13889 764964560
44709 793301739
19246 119309743
35315 440991909
26974 403773290
5768 436901695
6607 894920838
12562 248378979
3002 869984720
13354 551713687
38794 419675250
31016 545687954
32326 733475696
38929 329882712
13206 658948132
3968 947387947
40450 634702173
4445 585696611
32391 984937196
1895 513340174
7867 262014613
944 995931633
39939 662879932
31449 300676799
14055 720321435
21412 884264613
11279 53323271
38947 936048981
35759 232205014
11736 613987171
12586 982986036
4515 930849151
27832 992300448
26510 90345027
32672 516705618
46232 778046515
21099 895479536
37958 866157978
17573 195930256
29947 158359574
47702 859803788
10146 387840913
41921 288680311
37520 441064591
3556 721807194
1958 665720071
49896 360371019
25341 257127777
8556 205836106
24245 527015946
17300 938415329
45744 375992212
47628 366712016
39953 675187428
30192 470741379
16567 234786500
21783 45640079
35893 738490299
29503 588447249
11712 929146896
21523 696383427
14927 234331208
13405 92732196
49186 394720080
43699 688087999
45938 261962395
33802 112844325
24201 59542960
45283 681852832
36744 950823419
26926 422945310
47957 459505175
6261 929260401
15381 557085739
23784 388806237
33969 856276738
10674 821809457
44116 905640909
11066 179774262
23267 643758504
10530 785429798
10756 788283404
36281 798167217
24726 588679165
25170 164163119
12739 569834645
9655 349750248
34830 219266555
37977 228540335
3547 841352289
47764 355991053
24339 143062056
42394 527228437
16625 365837182
23636 611348614
43405 20580478
33422 974307945
37356 993718772
15910 448156908
9836 621990823
29945 908771228
21146 880929497
15914 330527613
34643 804283391
11265 104737240
23171 710053608
13402 601664886
22952 477285371
9346 102793771
666 758984817
10826 407309509
12287 203851950
14557 191149799
43782 542141555
33832 799978221
26780 39150902
27959 582759201
14869 450714350
42473 469075912
31486 150865305
48638 660859000
44026 766654478
20235 209667582
25821 835923870
47405 251314680
15948 669630746
23277 707944037
29542 619646051
28204 258165144
21066 83322063
40507 129366253
33257 261354477
18359 649154475
8229 648320787
6782 806499646
25364 326933443
30197 99575239
36718 802297077
33418 359466988
43352 992392006
1851 1531047
29308 278778685
35914 37642714
17090 51295322
4156 381000777
19039 160850177
29634 524906316
29866 438743990
10746 98024957
7630 765789577
17008 783468711
2255 314880063
5405 576484299
30070 999136984
6721 671363455
18861 906856129
38213 722726205
21150 553888409
28062 684444206
43748 539461358
29767 236387529
11007 61415308
46815 275096792
22743 809994384
30813 347554031
49276 519183124
26958 42696527
8131 996716951
43833 324860809
32093 372919508
11566 974597076
19223 996269148
38590 977533777
32876 42718809
22714 901649442
20476 675592374
29171 972122450
44275 416631567
11107 107445147
32279 332471432
3689 801397729
30913 807112198
2697 320809030
31696 709092755
35682 32294277
21155 230515912
48601 480083417
33684 235345203
28573 183836588
2413 210894301
22317 829639915
45818 960809795
20047 138317549
33950 552039107
1711 785560612
47531 948203630
48341 599636210
22330 831567948
43764 977305746
27893 321795112
10361 753372261
35114 46165574
29105 284300599
12768 931761697
14495 171443815
45181 746110841
12560 342207067
4277 770043530
41179 10094331
16545 193937147
49134 562799257
19738 440872316
32527 957247844
27843 568541689
34258 316501916
22656 665795020
47532 771637693
26162 656099036
33594 241497987
4198 645197593
30363 216167405
26227 944680866
1363 630914222
721 652270805
41848 915031472
28257 482593266
26433 63310108
41630 389957518
11438 870255833
6979 222483965
18466 507960618
13738 91353196
49505 561937037
29442 536288564
40435 48433400
35519 879387231
36562 612510107
26471 204094228
24639 651890297
40159 279727484
48022 902245333
43549 574295088
29103 282979288
25883 424614347
44054 106301850
49410 306403502
38300 330800246
44993 760043360
45036 304353454
14147 503250698
49702 462441002
46695 36500592
14858 73685350
39107 352468776
5286 3954470
4617 583839394
27325 43549401
18335 245457654
13998 354057970
11951 612657420
13958 65834201
5167 730040714
13027 462025333
6940 320970365
21153 131280530
12139 73380342
47458 916251485
5410 964007252
10109 96265288
16311 15391746
33462 164191005
30338 753172647
18901 424810019
370 454712570
26307 715918456
1291 295903083
1354 435667043
29714 771761621
1625 884502289
2147 797990437
22006 779341461
40361 703962381
35644 721573529
20176 603854771
3887 249704636
12692 742597686
15342 410762362
6018 69395629
22550 970294444
36591 225093503
46272 224795217
20134 356737848
3176 565205320
29561 738450935
19895 551460407
34053 89152942
31243 921103954
35678 306961632
46104 867556640
21013 213100835
43290 20731212
32734 409081236
2201 497914150
27385 42975401
3445 317465723
35441 80712960
18918 106837809
41933 673760114
6710 978769563
47459 654680426
34817 849016985
344 303049862
1004 875402776
36371 528138318
2124 711288451
19172 635740391
27914 79249896
15256 337299282
42131 127231211
14174 898457040
32303 721664789
5528 126090266
27654 737158979
1776 249795972
3226 763640026
5288 7606386
18299 523872460
43779 133117078
49200 953634608
15526 311674774
42983 133174115
6483 228719293
36748 611099708
16592 694241517
42228 515252555
32321 252823361
40691 366265434
47074 920627749
44443 736608161
32163 268814041
32694 717058498
46787 966866796
45652 532224241
22382 938883600
22450 608636897
33191 102566962
37006 156931200
26854 550664164
13824 687723361
45583 495781239
40051 610693843
16777 292579666
46217 738509795
47430 45447341
43926 882507161
13315 643985593
2132 214873488
34578 510138271
25493 292650548
11500 898527228
9370 499683157
47627 487782194
20976 211150143
44359 665187235
1201 372627729
14166 220499101
30041 849612922
6903 673946346
41925 124816730
30765 568568815
21892 626988721
39231 65172113
19035 713563178
48417 943425585
13911 610221475
25474 612761361
45459 207619364
7520 988514859
22576 293192254
22772 897944040
5313 156753723
41527 705218358
45623 28347111
39889 391138844
37348 919385189
40037 117437601
37642 443633585
13232 343410106
28737 563141310
23942 389938572
7232 34835861
3548 756081218
48501 379147025
35305 903514783
43899 586736370
12068 199628901
3938 576798641
246 466564441
11953 808318317
48398 476823166
23174 677980444
42633 763291727
1468 126277920
2170 438741091
45322 678919136
45245 515666653
35024 321396305
47217 75438783
21294 917177859
27567 185496745
1946 945591858
45755 652188005
8655 2250756
34123 969237905
7706 14788249
20468 459103425
2910 401880101
14291 665781542
9044 589658217
3084 914383143
31013 777099183
12565 977351186
4120 154841371
21974 205326148
29427 504660856
39520 258823981
5448 754899699
25583 233573846
5861 483466266
9977 472109330
14918 394453589
29902 765525473
11362 993051650
25361 475547108
42262 469614726
40441 59364736
46445 584422559
34985 686562955
13198 356822246
24756 656645241
20765 690226532
12755 18854859
34353 291299517
33533 16004022
28365 137784541
15018 440934452
7369 977559131
42460 192426687
17061 277087806
38109 859151239
363 232583478
15931 628583733
49273 679600314
18453 153704148
26828 372688113
7980 308473419
19566 479875056
43707 271531915
47573 573932122
11521 581964583
25560 942388687
35142 226084757
22682 340028384
31262 842130262
34788 439630606
18701 682214439
29118 542315451
1258 612709328
38332 881142668
608 203197518
4276 906465715
36172 763027969
4424 123105794
28880 51828844
37972 63875271
19766 70806185
24734 703477144
45501 123257685
47184 742464220
35698 874185891
26133 253587853
32785 21502410
30595 775915624
30742 81489747
23347 581182422
43720 821897197
5483 538248780
28799 504892833
4063 431351035
32115 2036873
20579 223801611
13061 842342798
24831 348291708
14839 912264067
7546 162753614
9477 266382427
768 713662638
31050 331067467
14620 922991925
30668 176441885
44138 288103300
9167 486780196
9769 397325897
38476 115214489
27848 121871118
7487 156812074
8572 64793915
18830 944570436
21043 389725302
19140 959153118
36467 161658071
30042 652092994
6737 461809247
25190 543446460
13681 76317211
11775 560806342
11860 128494870
49373 821480901
20484 287297948
496 874230889
40538 297880966
24293 889981103
18735 970320614
25063 67128624
26165 914298797
33505 381610166
49025 418583538
48867 251720390
30142 983963350
47515 83866209
40929 213039417
34066 125589549
25890 638247488
37778 602817204
38499 228434604
36803 357984184
49281 589214700
9761 599220042
7353 388562056
34735 851940532
22833 442488330
40039 328081134
45203 839549213
5907 164931331
49330 263502720
41703 997676358
45148 196452338
9699 515844742
24698 310549876
48392 458785691
9157 329556625
14434 6052046
28691 812532736
1160 731928269
12561 256652803
48416 972421165
3272 616060635
25193 186958131
34776 143579678
10711 38194427
546 202701568
49745 804548129
29981 953279703
29342 545765393
18016 447600421
42257 781920395
31338 594457272
28593 910364813
40967 805814836
32197 160957807
891 955151032
35569 603310076
35597 23326257
19600 416990590
17477 353634316
16576 40258741
23370 906673781
14873 649793118
20090 470813707
36267 509113690
43497 233225411
47393 813684162
46257 782190798
22394 278385961
31432 494726754
43441 703157865
13013 555368888
25420 633768648
30280 269702481
40518 862650064
13823 312356667
15214 310207881
45785 920954465
18329 38420873
34233 526941215
13567 883901187
33782 530461570
17675 952694002
41774 637727855
19175 14906781
41959 509532456
28652 71129986
12155 273529551
2430 770814586
42192 342702045
24672 726450087
38862 178955724
3087 436728467
3452 2896916
37490 298522932
16471 46148678
25270 304904424
24255 684187431
16918 997259853
21617 988993046
27934 418768799
42440 158451480
19126 391966174
8395 758409542
16887 801216791
2303 8205483
44181 851825104
41824 938282139
10349 479823344
30407 23938412
7160 533640865
11954 52814568
12686 910545624
49282 234127794
680 830204590
7043 579090340
37242 478585353
24391 720544156
23013 678167395
9635 924199641
29976 173107456
16609 863325624
41736 137929829
6301 880145562
16714 353943974
8057 888546482
24181 272605347
2849 68964410
22020 293436383
15271 425961980
20256 147204960
49955 689522240
31203 44102063
13631 143611135
14359 892601890
41745 230258813
41169 405459950
34086 402342400
22193 832166407
6966 944234797
38086 683061441
30484 371029369
36014 491298884
21338 26324570
48243 718778100
2289 88230106
8012 694751953
17976 955933953
18849 342600979
23149 779185809
40248 752421767
11795 924535570
32891 360659199
14036 189309335
30625 869724753
45295 536724247
5309 414973369
44219 702969151
23345 32571925
33088 665585301
29358 14806249
20092 341957838
15568 294090779
45413 914594866
27971 6994464
34742 653851026
25181 357999106
35945 286972840
30450 912764349
31254 295762684
8963 419922802
27409 504416457
16503 292928965
47567 519718411
48288 453845178
12340 916242603
47175 785820690
25555 1468531
18806 436779945
37597 601274067
26192 968412718
3330 555779169
43625 620312550
37543 795183609
23538 326201764
8218 23667812
34359 343545665
34481 386876522
15564 254526712
20099 496375286
46262 688652421
24186 834623998
11415 234104736
20639 396382189
26928 26238997
6591 124729765
18883 712251726
26982 385200969
34253 163458869
23933 237776229
8115 16574898
44204 79154559
31406 638300219
3331 940947818
49668 873905749
27798 745339003
24435 409684567
30431 692802510
31301 919305986
15179 890640188
20339 34871541
7587 240275850
45644 148776417
32110 27358283
36767 825055493
23574 739690365
45159 206386817
20205 591992007
29994 742156430
46020 572543517
6639 766771767
4858 917278686
49267 146211686
47728 372219794
9300 239777762
14210 386647615
41124 400935813
44297 927435309
2614 755589173
6120 627444760
40330 760614183
23482 469936176
9416 842194544
23978 957451007
23323 271929449
40069 466602380
19410 98266117
33489 710980541
23543 646299724
6206 464082958
16840 845433268
40286 158153149
40357 404303372
745 118518586
19200 768055959
3088 989998991
29061 925023754
22523 708950906
242 910107542
27826 504551186
14760 780330243
10304 410950710
42434 869537469
13082 957102811
38219 728209285
45180 738411520
34369 456500887
12982 152513184
28426 30600104
10632 272001617
3012 339429756
42222 194605504
9366 579964273
9434 322981465
33897 45610337
27207 923113616
6801 322604603
27225 408338634
29668 190036985
37240 656823917
15373 371453691
22478 710472702
37987 89144249
23193 920798866
9678 959174757
6248 166966762
49910 924316982
29968 920239285
882 847437996
27921 647468996
17515 693929546
42248 923363038
35314 288435321
19698 37131206
3194 423956792
28280 434583134
26495 43243114
10688 576197814
32757 408077881
23226 667618290
37641 117197551
12707 223775039
31124 628686428
34391 34275252
20552 329404908
9035 327443607
15862 736316752
19736 403915079
9297 983083315
26341 625067218
32818 535852785
16405 882822880
18967 750118156
46224 100070396
33234 733329607
36265 810116736
24577 654118672
2567 729427108
21501 789582194
20358 393246815
32801 653328252
24254 14037237
29114 78470718
2843 523214448
45515 643531718
34707 810932182
16084 15244822
29039 55307101
16067 935011136
17438 643225060
26851 686658210
16459 867635580
11447 506769055
24866 824604615
3182 493163699
23140 89444395
13458 203627872
21626 780435153
4245 522252884
37131 393817089
43478 120167578
48468 185189145
35472 932018642
30636 927407710
47082 277375700
35907 557785768
5220 15947678
3972 641695705
16555 974175109
3568 143153859
27572 394085872
37565 179497828
2584 671730044
24795 159444860
31781 132725085
30426 745263997
21182 182201778
18080 89245060
11631 510457030
3261 9120025
35135 597251096
24457 784414908
6380 206970904
33546 295402567
10130 106458145
1596 344914273
32248 488195234
47368 552539413
46757 278976736
28399 507191986
565 745353059
25047 829188311
40271 729255801
8010 262159662
8275 601821548
44851 726421019
34747 738760637
11199 48343315
32259 820414735
20736 584338674
12616 839078436
19399 337808590
48526 304780296
30925 445993147
11400 472554438
45638 354955802
23713 91565849
31774 316364309
4422 470403801
12970 47036764
19169 631832692
13476 908079230
44122 239605993
18231 513060392
21740 149100510
3554 52035200
25805 30670711
5229 745443620
36651 254695079
39207 846371093
2974 896372764
20095 192326153
15072 947772992
48869 417519042
25443 688714820
27314 648396271
30963 112808504
6656 840340641
31742 944606609
45444 652757986
8897 12162836
592 583425099
48365 499329915
18063 904343506
16506 626222963
33227 557610970
33025 196926405
49470 752889803
12466 267922323
15576 772861644
27094 35343743
11986 194754302
36733 978763723
32885 298219645
40537 936942663
39748 467751711
37031 805286080
47069 515533265
24291 816301199
17479 218689378
34203 78507676
18675 739311571
41138 534210670
18765 888970137
26237 67126423
49600 803309339
42770 650029107
408 215631978
43186 871747517
43503 674347110
11283 939734083
1219 969562732
46557 163538161
11412 460978745
1910 415701765
39031 602700194
24275 337877656
39767 606255546
45573 746610568
16077 938601409
34958 649042183
45044 426141650
31650 736717158
13582 988478481
48469 962405078
18744 599325804
534 983483795
40299 98666273
42687 396877240
43409 162394716
39184 749932451
19884 322449348
10818 842126818
10210 825120363
30326 438748448
22173 943841899
10051 128010508
25243 750232968
10616 93478661
27577 982935098
11513 265550025
14246 374559782
48987 13869237
2958 221442133
21769 541380637
16803 809503322
42302 611207595
43993 236016522
36481 374408141
42580 637386027
7830 296895521
46561 989948993
9586 979071870
37424 816134618
11451 233392181
40710 235961907
20748 831882809
30111 515416071
37892 33645896
30714 156875060
17748 123310216
14118 150706266
49479 575859271
16780 467055399
31250 70310709
30819 633075136
414 760347341
14735 606187084
46514 810534973
31048 167820872
5225 269958002
48603 215607107
24285 653569131
43155 581807371
20507 238009388
22726 911244405
5337 520432048
40592 80933292
11491 44983950
5101 402714611
14568 575096452
42157 966191298
1433 137273436
25676 701482221
25520 101404056
41763 111680164
29954 582797409
46693 859812022
46683 880549689
26707 883431939
9784 384159915
20778 644710601
40939 182154926
20112 607217284
21258 926301990
30453 979823312
10516 742839597
29811 940480492
29001 559936979
36047 657377020
14563 207484125
46568 318858491
10872 942838312
49289 584921303
38536 721126001
11846 946326988
715 560835518
23181 760734659
40550 780417364
20292 307494662
25119 233141675
20787 441771276
24522 789652400
40586 187222594
11287 916250501
19740 265514561
8913 229642109
12804 621005041
6137 912778609
25908 440350100
1782 443458740
7493 416399437
17595 897615642
40052 908006186
49916 139829984
36216 548896894
33983 269773830
16838 641626110
2083 399469884
12488 389293812
14350 963428436
44221 167413870
42508 499658857
37677 890051995
21086 184601474
24135 450686706
4794 281527029
34296 554445436
14057 387303602
22212 196539793
25171 617877181
3123 64718606
32052 146877905
16333 655505598
24691 972517856
13983 781702782
20764 429843339
232 634432111
13418 553484659
8793 162360585
36576 701099415
2882 807719110
6883 50058570
4667 316877038
29978 348934547
42661 431798849
46282 552508145
5237 195599529
23296 212045118
45012 315418854
23096 722061604
25434 911204618
14947 698835247
3277 737770907
4697 678169832
40998 305077374
536 857737098
39904 492944708
30024 912230354
36714 588696225
24912 456522972
45279 879418879
29726 203073630
25065 548583999
27453 596108829
9717 797812303
45 749805429
5155 424879310
41330 240156725
9200 705700363
14575 460507633
2957 917736737
40135 288307669
42028 518719846
32985 27757838
30569 659759164
11142 715689010
42381 709530995
29734 738261923
24811 350301367
17348 168870544
32681 504673698
39726 842603578
25602 353521622
33398 969309123
29280 111006903
7393 194671704
8868 75707196
28038 286461094
27784 178780193
7421 241982370
8292 856142619
3680 237300820
21942 199227159
13469 874556247
47290 212631391
5533 82992458
6764 157150007
30294 391967340
26298 443132325
25234 404723257
4636 987498220
22504 98248776
43879 644977212
40774 508480210
23675 474267570
44798 814292414
31187 937053228
45640 638126833
39304 731750985
30340 837831805
19188 566974181
11220 176316613
37915 153076745
4713 810976094
35333 126632750
30783 728168193
46766 348887756
42251 637940334
41936 489514309
37281 686529915
43259 811590329
43174 795662021
11342 346598678
16534 305847503
33033 230581902
34453 190727755
49424 989620756
18310 193581471
41622 151361318
31687 462962406
25767 675050413
47429 374834442
27086 90258791
3417 987108608
48467 291668335
10869 410725234
12789 418166961
44868 346085359
24169 948501592
33125 775817484
28645 245128726
26387 440746832
10235 199673313
33557 301067566
20097 259215668
19307 215739566
20593 186899992
20222 351365199
40544 919540526
49528 698810992
14756 544228472
42198 152052487
40644 661594688
42172 902256180
19651 200163461
12464 512827910
5675 680615236
7676 585873111
36556 16571250
24051 432174379
3110 131085584
5692 445177149
16561 755362095
27258 186235220
1269 378377674
39598 388314809
39338 463366030
33035 342129785
16136 491214461
5238 227669223
8076 906042161
13130 933465330
43103 355123327
5162 566109384
3090 911083036
34324 15362394
8678 383733967
19122 69976955
9176 887577054
1028 450957428
5262 939368389
41637 271736833
37631 961007562
13687 180231983
25251 651215752
44621 49951220
8135 934471627
46564 475845421
26503 766837086
14553 750579888
25592 523600144
15287 379208106
49114 999957730
46017 57477344
3883 291601555
42624 514124572
40176 13628681
1428 298530433
19653 501529825
24462 310836380
27820 135324339
18167 775895340
14956 782019916
20307 629013766
23886 738982232
43786 375291650
20906 294084425
40873 159706339
17716 870844776
22486 749867334
38875 941692742
19857 423428035
16441 842639130
49786 231773541
18676 679225286
17667 35949268
11690 291303251
36352 458213884
559 582706985
20455 15321817
7314 149896415
9037 121404356
38592 335459853
47191 655372338
38756 547096869
43311 422573290
15751 952951115
34210 154851390
21422 157777786
24012 444358870
39867 544262560
33208 808586787
5868 184650285
17698 456864612
29878 918460969
28933 288880749
7946 50754858
12234 464239387
26349 772385752
45482 409755998
39447 961957767
8512 672147765
2768 687039203
18091 359210053
39475 163449870
19617 926198132
27540 224773903
34297 502128239
37939 317749492
10273 322905505
29732 275800786
13802 317607821
33746 961750693
8316 444295780
44049 223163479
46838 744215903
10192 964299255
4984 945759432
25630 42201189
19284 786065422
37128 206681460
33387 743226448
18224 586605902
2774 118178820
5135 66078232
15998 13826175
30752 424264376
4530 286307933
7617 959131124
10490 265628699
15916 539571244
39228 504006355
43070 411445445
30491 925915665
47526 271148539
48407 910235641
11534 671633672
12655 206699162
33794 426105114
8444 576087898
38129 620266006
43415 129124929
47730 221302869
12801 532860424
981 598803224
6749 969186183
5433 881068899
44827 670631834
37738 489378327
15296 668353371
7419 12690202
6813 73774330
27686 762727594
47862 120583703
5873 37233309
4268 514052216
1967 72235813
42301 12074105
28195 322273906
28908 687122635
28368 171861441
7802 633245098
18550 964370462
48071 846400574
14629 819708339
3435 918170201
28247 714464161
48580 20681678
35372 412416536
12475 942673386
28318 144212594
30114 907564096
19374 406414650
7464 532448304
26672 857149389
18059 882233742
42348 250536738
22692 141951233
44109 796608500
4769 30111853
13592 442069716
24904 333379873
11648 359191396
4142 267089628
35230 731905905
23208 517069921
13188 550577743
48350 570929599
33318 760012623
23848 507118018
33135 381398353
2250 832590632
45363 396311469
41660 578985131
35465 500732206
8382 662567447
6377 385454403
3614 399760939
8315 924802854
13763 611968826
38562 624428786
48689 31706329
9922 492209222
30887 808601583
47667 384639579
2851 232246270
23435 393490265
30894 470741665
17112 604685376
32929 409793287
19084 281199323
24987 237282993
34072 724468338
375 617348772
41984 329515272
18514 234088191
33847 850056572
18492 544499493
8040 122528826
5226 672720098
12364 263955227
5561 953452651
46466 565218923
43577 203108412
23101 360601033
37341 842522630
37111 395690843
22956 356673001
25185 915021016
23438 311118951
13810 809255897
1318 560183133
12002 900353086
49491 528763501
44949 89480468
48378 607760462
20666 767462752
20740 229259104
17246 804978997
12111 750001192
5445 870041365
7781 804499797
33938 461089427
5108 867848042
15389 25359770
28654 778979123
2037 172291099
4325 441642199
14796 69477863
32708 520305900
16399 132637963
30996 593649378
35998 90047214
30187 631049799
30345 781662278
9202 523517984
10403 238223973
6676 378524847
21002 526586264
49453 834526113
38629 711706677
48556 906689095
39232 476919237
32826 481433212
10140 39029615
29870 41350418
29687 385768737
39449 906833502
33226 836944932
904 507017800
1095 954175805
34195 378605011
38992 848246018
29624 514863182
43946 622714907
28075 129419524
23956 341623938
12900 758413574
47047 245505479
17423 920206254
39807 515301161
4803 976510059
32525 663905237
27955 900597584
39470 702660300
19949 935944077
43590 468276354
14610 181974707
4747 516199763
8139 331778862
17349 670677241
14114 409978340
523 252190806
43019 780548948
6087 831670664
44542 409973902
25680 102757976
24476 716214345
33759 993989958
32386 824672454
1264 488329921
28085 812967942
1674 886722236
44727 68907779
5619 188436223
40709 372638376
3388 267217599
17701 695988118
2117 971391665
22374 247605088
18741 334224723
37837 444949242
49054 896026561
7623 601560972
4790 261453649
42821 67274073
43320 860719442
47824 799516168
37110 874397161
25388 730970158
28431 330295656
33815 444445119
46093 104258815
45610 822472945
30974 969940077
2709 730293976
19560 161187266
46800 904966469
46562 260838977
11785 852088958
27915 784712728
8062 575608747
40013 905249395
41199 544790028
4910 145814139
43416 253153752
15429 239066853
40287 135784567
40746 362469789
10047 747657233
9391 284713162
38819 610115912
26945 467805837
44037 765772279
29847 720537685
20502 337889979
6861 221089294
33807 286307265
17526 779899377
40928 323684136
13441 813747725
37652 413317244
7851 333821293
32612 588717713
32246 767315883
8880 131509112
7583 598254209
49137 732588547
12355 685900025
5932 974360429
33237 628196400
8751 249283901
47775 612760557
22322 12174742
21590 689890326
11486 501261779
4090 422506454
34058 450224403
6122 310332935
30381 91460263
28571 395527473
6702 73741966
9428 569869845
8188 762902606
26181 977332192
26070 243187957
19658 10428343
31458 36376494
34810 250997329
49346 866890867
2587 486251071
20442 557805287
11428 439877248
27192 895176693
30966 221705869
39337 362234522
33783 215341645
44867 161524998
28248 525805093
27522 316710564
16461 914945935
12909 902084968
18082 440763002
4182 541141027
19536 442823285
22459 510594500
37499 823628829
31615 215542970
14204 241418621
8611 692839011
6773 864195282
24265 226187885
22527 961196087
34062 722134820
8766 863854552
38178 36737652
31988 7580981
26032 627823229
19444 847680427
15081 165932228
25184 410272993
41598 304895950
17382 186138891
29735 548291974
24089 905291235
31689 209874364
12120 77315788
13040 79740144
14645 417286295
3483 75276321
31737 717966127
12173 938930437
41376 316613958
11257 694291679
1652 392772518
25214 275756284
4687 437054395
18898 87927794
25401 492363674
26636 5357508
8746 222952290
45879 918631795
3171 698954491
10107 963678399
43303 608289694
43226 687302084
13894 57596858
20056 75340434
22792 258260072
30728 608543279
7855 176416483
22651 614050750
27172 140929507
32498 320286128
39610 749130869
2703 256734407
32077 623834892
12199 234171630
45463 201577849
14224 911823937
41429 41184540
2314 702274356
3884 604689684
31153 208317834
7984 35434411
43559 254004745
2937 738825559
8036 142532274
26025 903926779
7065 940882620
34962 7666791
27291 789876041
26751 505698121
27210 518170861
654 934601016
43397 272231361
46619 611398925
45741 739047248
28274 345914159
46329 674638813
15778 417710717
43304 183763335
14196 254385590
45168 648181519
16756 998305737
24301 616661467
20167 136899887
44650 419699608
40712 721987738
11999 333614757
30009 91580285
25824 703194314
7352 692336619
15538 179533209
23495 296683608
31381 122369343
980 311645092
19156 807383180
24059 390166406
42331 309035190
11081 553716882
31154 890100309
28081 391304080
39458 257739133
23082 472991975
8170 294739685
17149 919480596
34731 197437528
23273 883521970
23395 969342788
28522 494313644
15209 754173670
8187 529829357
5277 654493701
47108 161201264
5898 22089659
46548 398113720
1473 664903315
3593 770012270
45323 101752286
11921 34613677
43797 710193031
30513 818190372
40878 369244916
22946 297181116
30495 559554491
37404 802673332
10081 1484965
11895 980401499
21208 519089360
26273 676428164
14734 700494361
2440 117537903
21016 176343699
14320 736919508
17114 455895887
8468 178684952
37482 239548536
34257 341818337
14126 73080624
26740 585258022
24514 919698472
775 403270866
37522 974430875
42713 605883565
43801 364967267
20691 52730131
19193 395523507
20437 888610459
32633 178352448
37038 341152363
31539 807417917
1487 142468460
22484 710263539
12690 319591676
17679 572982223
2000 304425959
36460 145851727
32538 945823351
23623 544197295
27549 723446364
19336 763887416
5949 285129718
19744 942205996
13449 461821159
899 218402280
14492 670758727
40383 431074668
8570 706139769
21678 19072093
49871 808086590
23677 595051247
23923 268551106
23136 242071306
23339 720278025
23999 869405779
12258 535337085
22570 6327204
12778 350303926
47658 348598399
10105 61701852
12210 420197996
48645 831318344
28155 646562330
31523 28908753
32828 656266347
2973 822655753
12026 514729316
4173 59579285
40158 631475468
12814 224647216
41900 114560339
43338 863155001
10972 461222274
37589 387955572
49415 518601197
13790 147178838
16763 721119611
18436 357498760
43077 575139215
47800 137065058
23825 690001014
26124 536889692
5341 479295608
7292 421885436
709 564349232
42346 812425990
41623 664598373
23897 454279201
29382 201153177
3227 771126022
37083 996554627
40918 1720345
43262 414926009
26658 250503259
37325 442625713
18208 792707100
31884 65106583
38310 115674298
21383 241265374
25868 734568180
142 169015009
11214 450959198
9680 600585505
46852 575455050
17592 111251794
28128 30664767
18268 987414379
15684 286694544
18766 47341492
20853 114040546
46843 240555537
33685 996682276
16438 506723302
36124 895833983
42058 56387399
24916 125586810
29572 281497967
3613 274318511
21728 445894687
34331 253127290
28597 447270154
34669 55709615
46170 560675760
9986 176603128
9153 256629308
38666 578461061
15837 256657314
13305 663798912
15767 934610389
34745 891394803
46244 174965548
35548 668757785
15414 684373769
21680 470439957
5411 544502527
14811 750005540
49891 760618685
28732 733002453
10852 697991492
13972 675227865
9743 541682726
35241 586277892
36119 596413448
269 411051100
33634 934130808
21485 345051641
37718 5573234
11174 360267887
32301 848650322
31868 100378478
32609 943724125
2266 930883721
1566 722425750
27628 226100242
4432 171906284
13991 683964754
40737 60736213
32041 58919326
47731 47423860
29108 65889028
2304 923393390
9988 619578678
13088 138836196
10948 302457524
3660 483814802
37472 12615048
20016 584491829
5257 911491680
44053 892574071
300 434452540
5579 249271445
16049 410452703
41760 178447388
38510 339464852
41659 3303617
26572 200538178
15764 225154805
29058 241191134
47286 373235761
6520 290315486
19865 122677173
31584 94268945
11859 972108432
16046 126853014
42138 903018214
14135 455983122
16350 633744951
8821 772167094
30757 424059863
11446 972899319
2896 854713791
31293 755482895
22203 70745445
19420 86091624
40389 915759992
47648 455340946
31251 877293172
27148 805728444
39033 527375608
5349 294159371
2353 886001124
30893 661428627
48782 67993009
35552 690428426
34098 786674130
39600 821437139
2859 651448245
16733 428416686
33159 695445094
37292 745064510
30809 269030581
8560 825132187
2796 245746068
16360 476147421
48089 361085720
34712 447837193
9409 872095610
20400 190862319
40911 865816707
2680 751307657
33979 950259395
27972 709856718
17274 58033848
31276 65273087
44772 754761067
13690 569666310
47960 714475237
43851 559640468
8670 60974738
47698 214569469
20169 319393640
31231 227353720
37883 483076626
744 114532261
47075 203366468
28678 567205243
30169 778823412
40947 498269196
20141 156124879
9898 687355164
28122 965460852
2398 157643091
41850 462338553
11711 194454400
36433 555143191
21875 433573921
27516 703668012
9065 747698835
35814 7283238
48646 247720255
39527 654933229
28250 231971587
24778 78509137
7829 827861076
37358 110769068
1872 697960455
24056 446811694
28594 273786503
28105 95841720
16280 36728546
42232 440194016
29234 940352576
29015 78647308
29818 877367709
38131 166912001
45239 630401188
4999 178719100
35598 781994782
11849 945225814
48598 324982745
37116 878136272
10061 713690955
24191 182125850
467 245560731
39529 184163592
6347 292151048
25899 270792780
22100 176392197
34932 191093094
4901 599721813
35896 990227580
12510 142264463
35995 447876601
20100 401921402
45780 195035418
44448 856179435
20776 351892102
27084 647097458
23145 723409389
40791 296966346
30993 425687149
16474 209601965
27816 566697250
38290 677680403
49705 404972381
22223 2246968
17328 696198184
4821 756285955
25562 611407018
30745 545562673
2204 70668129
40295 403555969
4200 468464851
21215 769870769
43424 363823742
30912 575203341
35447 910260533
1913 849252425
13811 386505564
18413 837028855
24619 681157921
47121 748924796
6198 698712970
20534 405311465
11704 625628385
7254 133251117
33679 796697671
41319 945872871
11937 201505984
26306 387518996
2288 846033166
47235 482615962
28936 252105627
44003 178911890
47313 828664517
4655 252692840
49561 391475701
28373 263111042
8583 380053444
12088 90139825
13428 78626863
28094 48994549
32377 719173951
5207 8066777
3740 644675638
33459 299322851
14672 72832438
11489 63269228
2464 381508022
36859 899442442
5530 22799533
28533 622057862
16832 205450748
5264 438796457
47340 629587001
36805 265313801
22039 68158996
1341 511425377
30064 16011798
44125 617452274
24212 936106501
3892 8080951
21407 697996903
32431 409288213
19523 275815864
16266 548640244
646 897503742
49616 750631547
49927 438225925
3038 574372370
32974 467843490
33077 849413155
3626 988604410
17842 752055286
19886 321671976
30578 40116225
22899 49446049
581 178788166
35655 556641918
33937 99588910
40108 774424699
1915 191118731
21092 101799305
41641 689110678
17903 122099222
30920 350919731
20281 21818262
44750 11715114
33366 196385060
19215 256926701
6586 511158833
45016 734106598
2324 865002718
25617 376526294
40308 60572720
49781 262955044
17082 363544373
36364 716519573
1330 357475744
25360 237271057
39462 100724153
20559 76695999
40881 504087516
10411 95259475
20540 666886201
34089 304538988
7295 166863143
37070 575447150
40604 797931530
30032 891499327
24077 62554934
21292 489012104
21994 117620363
4377 837295143
46662 408448360
18021 270477510
32266 424137945
4603 137255547
4499 938308675
19709 248691180
9568 870344150
1244 271236223
8561 979476283
18284 7258647
20752 289560079
42411 718443786
7779 579145540
44855 4656026
44123 825111941
14718 437940149
37888 958128627
24309 299265891
45167 979390028
42593 171717453
8768 903332148
12269 407862754
33890 679308575
48796 362764715
20722 731337456
31064 972135898
43898 655807445
4138 505495377
19587 324970607
25600 940088334
14258 306037190
18572 613031688
40214 961978818
47193 658153202
14586 133784190
49623 239161267
47203 735447591
26456 209674396
21080 806808167
44960 48600344
12852 654742076
29688 577129063
32492 876842814
18611 435636349
42598 153104129
2803 155157768
36104 283744865
30859 177601774
15996 259330595
26107 39281725
19690 431400043
14547 403080708
49361 67301255
43543 838952308
33628 278887038
41298 787296677
8602 189192845
8116 432753437
25094 320806861
41844 763710156
44087 617056370
27808 100542206
21131 905023919
31537 714729364
4861 112756998
31627 524839901
19999 789003367
28742 477212695
45955 386218204
30915 352667628
13335 410702169
42165 32758072
7086 248280565
21816 229594514
25137 356547224
39133 861536851
43227 416071590
36345 591777774
11198 287160648
5452 677245484
27795 675836243
31474 367974250
26343 605409493
12743 51574995
49384 425296380
24503 761507022
46556 125091602
49272 762867797
26936 58505963
47700 343847590
20050 379503037
9739 307977495
13504 947918767
13274 64080582
31204 113397232
11127 84624602
22591 629950608
5551 127376441
39017 78915032
17513 764916046
18421 39630790
19022 562188577
9322 963752673
7913 158469929
35781 84078733
6075 823457450
36878 623078917
14005 815143093
6216 454546630
3134 127089081
46872 464840028
27490 337868370
46334 799938867
27871 987042738
30434 659320692
44343 510593044
8855 185916193
28725 227391210
35944 5808085
29290 717447170
29621 368645935
25314 756126534
17828 737654912
27640 592951253
41066 840079802
37736 390349643
27072 558937358
34513 364872172
20472 833077126
47502 30528098
18440 241601815
20038 129668717
37990 879721070
34083 355078851
29664 512405356
27508 370497184
15431 884693007
23822 507747852
21245 68276726
49110 148822198
35002 493136057
31618 323551334
28382 418623419
21650 31659557
32587 206513664
45707 399270466
6308 471471751
47485 726331264
41670 12570925
45475 745351907
38221 220985822
26274 177771827
24399 312511802
32868 190961974
26221 494701263
43252 607875812
16387 324318614
35231 907028458
34738 285846922
33147 597397539
42765 555029586
49560 811996753
28178 640680006
5734 226997189
19320 103661462
41526 716926623
21799 774769517
20562 538261360
8711 653116445
6815 533567514
1725 383775716
29694 286789916
16631 384588821
17151 253332369
29153 46816165
22645 666813232
41125 96356724
42161 413004647
30942 270373419
40856 767431567
12245 564875467
4391 565671856
31806 437255525
23276 447766065
15440 300605014
29730 118270444
19823 204577664
36786 705912383
3427 88362899
18312 673128612
49344 13587268
40493 537571602
5160 640740725
18007 972921669
44045 97847971
30023 200356384
28347 809337046
39519 144114118
14522 769196813
47712 932318799
40034 134038576
38317 768155392
49593 704956966
9307 507153759
29285 853835289
28123 156935616
14945 286824215
6162 64647125
37954 20218904
13202 600762837
15351 270888945
623 819917878
28467 972244213
28724 645576688
38838 684816347
24396 918124935
20174 691215589
19678 799180190
15085 885347423
44070 175111289
17091 244072256
10160 476861881
29755 841389539
17664 1885413
16222 867006622
13107 98303696
8716 691297360
8659 643734331
33214 992732972
46489 321221562
22916 517004994
37392 450065592
30502 761223496
6383 658268621
36753 303482688
10883 417606630
13912 319598744
33204 292048684
35481 369855831
18035 134349486
19000 82729859
34794 300128390
30699 408525512
10568 177453033
53 299532247
31030 293532496
10376 756727817
30105 809111166
558 764858060
18052 285589411
47619 140266981
39024 691758584
38337 750637211
49787 295983094
23829 662118167
17665 314790853
8194 206462032
39570 726553563
16656 175683857
46975 998331634
33635 357488349
47591 814096985
19240 752143348
4050 733885428
23062 12083889
39386 534732542
9857 345345542
19909 586811933
7610 830981557
27501 87244301
11769 290893191
46047 956848812
22137 330718675
31734 527597659
9492 156101583
21970 713437957
16980 503795028
11434 132483439
13910 790305041
35882 979943383
41952 867280445
16287 680797225
4820 807124859
6388 867624067
14852 914050418
39375 207546489
21050 223418363
37223 419511849
5556 847624640
47608 414497442
31509 379430017
5926 171165384
22392 990826
945 253266724
18403 986996003
28588 667649242
7083 590677961
26411 348268004
39146 153533391
31751 219365992
9136 671393699
31277 745260451
32207 263431353
2327 485694456
14589 124981852
6203 838905351
36776 781250554
14000 21208516
3172 179326928
34490 221442148
43729 763298142
16993 760025715
12838 131622565
25794 956012085
30270 530833927
26669 668442852
36311 356305242
49060 68354813
19062 915619265
6911 57833308
36736 202876507
14730 916713390
42870 605211451
17063 216463710
20216 98384646
16593 44652330
4922 146797927
1218 298530892
30031 593125066
26399 182531678
3061 626301858
46500 131388891
11374 939213718
42859 217413992
20584 696054238
24858 322431612
47054 778446273
10670 960980653
7694 506907567
44213 479621333
4761 491401013
12851 647447607
35526 370724330
7177 329499277
13741 418943561
2137 589534256
28012 739611439
39811 582547619
34654 15958449
49921 395113779
22350 657999077
13595 321110631
29361 762056069
15650 919654889
18823 907241126
20462 160437018
26222 286704078
20370 810552856
15367 300944710
13700 788211213
11903 823727081
11377 820122364
21371 844922423
19461 606249969
17921 688684387
20201 445604579
15520 281628327
18810 483230233
37506 817631661
19639 304642921
17942 757469239
41566 673286210
39731 617675500
18650 250574618
40055 774286230
36141 804583346
3251 497397630
21504 87903789
36645 357316648
43861 45409946
46538 625192907
1819 707014818
9493 75412849
14371 969352047
43379 131422539
31526 174920702
23915 951140324
2911 96844553
34849 679239332
43623 377241590
37443 852966610
40597 139876597
42384 480704130
38982 3628103
45808 214743999
12727 136005459
26490 667222998
11160 907290141
40989 728582283
16742 375746795
36185 732043946
34961 484706401
34547 204924760
24840 303907899
19758 365845350
44466 983192817
11693 759520925
15810 319051482
42612 981684971
42778 291269475
39291 999893162
2773 454286931
28371 474675677
2332 242262998
41634 323945386
24296 105591446
23846 862398470
31600 480825504
27668 917065426
41975 652598349
14542 551440161
23338 44413207
31967 215706133
18390 114379446
38700 930802640
21386 126036328
23255 655337685
41841 744031419
12842 679922656
19041 113464796
34840 754446020
94 342171125
35367 266931096
32640 33114917
33330 380940988
10757 748037541
29776 872820467
15495 796998743
30663 509131827
1037 57201361
4884 15328161
32369 221593844
43973 98834353
24915 844049844
47615 179735573
49307 680058607
29598 33410372
26627 204573936
1949 473437176
11768 767021778
49629 170076300
49370 36087944
2884 568128865
46818 176915169
30209 661127580
35326 622002591
28525 164132167
4777 75584383
44679 118685292
7325 199946146
38915 470593416
35475 747336135
12284 637376026
23244 712781810
31727 985709870
49251 517458110
15220 511555882
12808 255189313
1567 251000041
45936 727588089
47540 486084426
43607 645781924
41591 523857700
5428 380780227
1148 593545507
19603 746194936
43894 580861115
48618 849662923
44372 294430434
33552 289713479
38701 659608439
22835 58516452
26163 640448370
47524 473154098
17133 612679842
29154 811083897
38553 878993264
45819 508941207
7826 906188063
39310 10171124
19777 922624261
24853 512363652
12862 662676084
13619 746687918
30249 11656963
45022 594407303
762 455730910
24735 343278018
3028 509981430
40520 963646546
18352 774379778
49904 401800792
46212 754732255
6918 746072149
42352 754947025
21056 491232078
32590 303302657
27615 402834597
21411 157920579
34046 196901242
44769 228502528
37357 701040132
14817 9947261
23872 328542264
29986 674192206
44171 947406604
23078 632154979
19916 130183115
38132 87613083
41973 860704800
37815 296034125
46897 557231764
23719 583043372
44069 273270102
47247 327566254
38291 659737350
44024 933519145
12863 475421341
34380 969173977
45256 361057726
15579 914104924
9106 235157650
8248 933916212
12530 532824972
39501 783087642
29165 521712726
16033 373538670
5706 846423722
37284 432641619
20389 61328391
20535 921793739
26957 709075942
47071 77563558
3351 542388303
31647 301889529
30349 572996966
48653 274086047
6161 733336023
46185 699194841
44453 581303817
18001 402129807
47519 182178452
26320 387925091
33861 244692719
28760 602176819
30165 892379471
710 42519252
18874 884632153
6410 544647038
21800 247809268
38160 87297794
33909 777700327
29175 905807567
841 474293567
38704 809868641
26018 900951983
48006 899710655
32074 740137113
29332 289260887
11756 532646424
43182 987706339
35258 422820875
13249 396796958
45097 901688452
19388 973363392
47153 182192590
37295 111067763
31087 369419347
28708 384241056
11936 881882208
21321 275694834
29364 842556500
36795 288435811
21622 125155053
11947 480323507
40756 638623829
1635 164154769
2002 995056131
10162 143170594
48803 654852385
28948 104708202
48588 515333788
34421 587225438
21012 740839909
47975 2870744
32103 112508609
34915 357255710
30516 805700555
10759 895839468
20274 355713225
41642 171569448
7876 551259825
32995 422330941
25675 929657860
5354 911585520
9556 891713326
9858 798348076
33479 739725618
12532 845857321
9310 131060354
1785 815456408
33654 657970189
16188 501066608
13922 307942506
18728 145002826
33578 997240566
12134 535978479
28631 494445992
2439 149894980
12770 67852749
4042 899426157
8917 988401137
35498 636305969
48191 756283664
31445 422824741
29512 18856543
14503 652592366
43451 929548717
49411 742127031
23748 612636710
41719 272766922
30229 209784051
4953 920587952
26286 560465813
19478 94103715
11632 234436048
33490 275169152
27224 452233362
7789 963820075
11552 915881741
37451 195978120
13077 715636197
15420 535476178
16787 988384987
9827 790025632
15363 734152268
30333 601683063
14712 155857859
48667 403378349
5682 992665552
32558 797297510
6490 456523898
28685 946910318
6066 899276549
25833 244499422
28284 766583857
45188 72334018
32107 961583255
38495 657696574
31657 731215714
40667 750908905
41367 455842104
6621 11720983
41647 277663193
16194 980642549
14810 995078404
1647 533864445
34495 989059889
11701 906613864
32481 573037422
45587 513038877
28019 205547201
22926 303345074
32184 769557148
12972 135984368
11035 619213554
13059 437448015
34107 533321876
49365 667536008
37445 724790728
19962 709789423
48140 292739698
33407 548632070
10650 125870581
8149 108661804
48875 332752741
46519 454343677
9328 501971501
39192 821844392
34090 969505992
24045 485935052
19785 917484821
24997 403272605
40136 259992955
21729 807562715
11750 803071296
18002 487410700
39295 713180440
10926 789323171
18538 235840408
12509 143314029
19598 287059983
9697 492316411
19829 725589050
20656 718980240
20393 834142898
21491 249251080
47990 84117298
31239 245045243
10335 517836808
27350 524118992
40959 933216987
44445 271608474
26651 964978939
35889 441913883
7480 602664332
17812 109029465
525 254726783
32755 331581628
36977 711857726
7576 132624784
48092 410489709
23178 240867506
11512 204409946
26130 121313666
16943 447202983
46335 267751671
43048 380785691
45518 643796039
3466 200392039
21879 545742294
35110 399960603
22696 734356918
10995 432348669
16613 264082344
23213 433753462
29289 230927538
35464 11887072
7026 869109210
45019 987740034
31246 739937430
27665 858664763
47798 823411675
27008 151720971
9255 13285077
47224 123246492
5443 180846391
7101 107480732
47294 296143760
4796 776014022
13608 799222295
2785 909951002
4184 403032504
26576 403437577
15732 789278610
22298 543941546
45407 403022811
12691 646028989
6376 217528305
24413 492008766
38164 428177332
30721 590999709
21203 997335469
17732 336780617
22529 830831124
28333 228125062
27993 704959218
126 813161900
45067 598189753
2913 75816723
37155 301247474
33482 153086677
9235 669721317
36474 250775822
21274 481603109
46792 628567814
9479 405221434
20152 696119310
9890 590938928
11052 831846988
21586 12786774
32488 372848099
46966 506355123
23673 523721429
3021 525105387
15262 126844172
43249 563590752
5904 450740248
41441 738036674
34330 149088568
6289 727317912
6780 256522572
17637 193301529
42435 307117927
11504 639465356
30274 796645203
38134 779254627
6500 858615123
19028 378594570
43520 760817214
18582 550037975
49 109963601
7367 908574037
12025 404063318
6573 812413615
13443 762641761
40237 895051112
12333 691338147
20702 133907974
24797 634589850
49704 910779718
39237 225886223
7940 701633192
11555 285797615
22858 856549418
35900 985270556
627 749622740
14382 595751160
30368 710345048
3492 328151470
46640 350148964
21525 510889155
37938 204713424
37781 149188368
25250 598148933
10740 956872688
681 419641409
42735 13233178
15401 111095592
29425 236101960
2203 383554819
38030 787446828
44098 15245784
47300 407414320
1633 127608071
10637 273107894
18923 162503881
4714 595745910
12792 400054794
34360 897190863
15681 980091934
6360 200629264
922 265806854
47144 440951825
39419 874726362
40219 80075669
13721 387740487
19379 490400427
40138 121616463
17545 650623875
17726 613120564
19049 315936748
18191 973275630
15600 107215143
42466 252853998
5821 803955248
47423 546191881
20968 475736481
7589 821251744
19563 181104455
26415 590865559
35124 621530267
388 364529848
41806 365105078
41673 93349510
12072 980914034
19761 162910368
30315 7932292
17032 939789911
48614 42059437
48642 563665548
31827 683742982
18499 979441966
31614 544549065
29703 987452416
3544 479285737
32799 794947765
897 649893251
46480 173268603
5843 911373519
13045 722576638
21063 892234981
39647 46886591
41019 934449153
24779 281791094
39289 639779203
23602 285313620
6854 547211376
20813 723466468
45872 574674703
11282 923025066
17508 471779805
20127 910098353
47090 721743482
33029 410005671
42727 451430706
23986 878180299
4031 932592424
23414 243563670
14875 928442901
17504 889183038
21112 172594539
2109 132437364
15350 106853604
34133 174174964
6343 846360884
11979 682334652
26871 58706537
47221 825989592
17723 904428898
38586 793744414
36905 407453381
45737 405448179
20079 590075306
33508 217743907
39547 20451894
16614 492695733
36724 411960196
9813 660703247
4191 261583179
40043 465739502
33074 66992851
31424 481538158
27311 237736250
41226 772635463
4041 13772177
33317 935036478
19306 393511630
7114 963435692
44230 257663350
8000 435076229
24290 243675952
5736 926257455
20227 438830831
6182 232487181
41769 558205824
37500 531786340
13649 560373673
17900 47905642
38850 356215036
48144 507234468
22401 841602188
41386 516316803
19 772066846
16149 398300044
28720 648206714
47640 878351309
16709 499609139
26168 333777625
8278 960776154
9727 679676880
11225 244196290
15951 152761252
8784 223428470
49350 900876359
38199 882545236
5468 512563568
12285 655850866
34708 866245631
9327 22671578
6181 683698074
46679 544648702
44096 123076265
9054 316911909
33428 612308041
49550 690644058
13903 333661953
63 137890947
23439 591769207
36569 607435600
29083 156088764
28849 382339980
23436 482440833
11803 587036492
9262 301588316
23468 219686350
39830 31353124
11680 165915204
26933 510383097
15424 1376126
6933 850797255
25987 337655283
4782 231112362
38301 648973865
41436 774585062
20433 565031467
48724 168991338
39987 207877481
43990 797731059
2870 37932807
38146 657413286
41096 866545939
34782 422373605
41290 949977967
8335 489111914
48506 9061423
7614 729514706
16063 837053741
46713 139989438
27401 421873032
46291 427023515
10001 592723999
22699 100999314
6781 243020248
47521 429368627
23336 735626131
49570 1242314
17312 830411817
18336 110781658
26287 59337411
12163 151464494
11864 293615299
25227 212635388
17275 652361294
15402 271294164
32304 982139422
36574 738362253
42449 545104267
48047 972240377
4251 510362643
44446 570238291
45574 474898112
16786 123299271
32531 60444415
16291 355962143
37861 710936680
244 128738350
19137 234389744
31198 589054692
1877 549559013
40798 441538891
350 522071062
17323 229801740
39249 748410720
43732 212246034
22234 353482868
18600 631287752
35023 405067932
25426 262572916
6202 57354125
6283 479357026
39213 302876334
36313 980536172
4467 331044653
22919 631349443
45052 210809179
3686 120575658
4278 682571406
18594 415959245
1484 734566986
18089 675095126
47170 755608417
8263 82209519
31871 663210537
7778 772771392
30395 285823073
8051 937947352
103 562805171
12165 983080764
31504 893323406
15188 332420055
45437 999281751
11484 539236200
46654 990772626
4753 985100188
3781 409804980
11068 741032285
28322 246134109
39365 616770974
34715 302954476
31139 87986875
38186 250085994
2815 527062307
32067 755605844
17281 349712255
3963 775999829
7906 141531716
11347 51194955
13307 829032876
26450 783641644
31115 51848085
46267 243854642
16892 139435088
25374 273608027
34719 471472303
25865 489992695
49291 210023254
11395 871463012
22740 374551045
6049 586362300
19003 748380768
19819 789483938
43345 711507402
6879 34573061
45876 988526815
46716 366514163
17816 768017317
8554 999032636
1226 6267006
49174 409143696
8827 311286019
30672 998240408
17249 673750774
25815 145846555
46952 549723841
17780 385305194
43011 218634621
28688 449223704
41609 574225209
48997 127589752
1273 50041486
40739 964749725
48170 880105897
9715 358573368
35787 653990223
43571 516076111
49707 957331659
37237 229886518
16823 678446271
824 964415161
47138 996326107
30002 341781630
43333 829354329
28446 814152052
22363 627322820
7175 452244846
2560 880730278
3668 801745522
42476 523886628
21279 549752040
12824 461487793
25423 580556027
2751 168288760
44722 727463104
29581 950172244
17143 575613236
24968 781319674
38408 980158047
2067 633041171
588 968657152
27885 821842657
49023 442944548
5603 317629289
12216 237476317
24720 573064287
14728 443706731
13210 104912671
37580 522128747
10755 599931767
8119 524268598
9206 377934955
27101 237812543
39256 919461925
46075 449079730
31223 209668147
37390 75964583
35528 854402175
32973 298374587
35862 651613072
38088 317094524
32764 961698156
30195 29928990
781 277251229
6399 592805973
19424 126927083
11578 659086456
43340 203026660
43490 613752512
43775 609996539
16472 144774672
11847 603486760
6152 892851498
27060 998767768
23918 75858764
49444 202646584
12928 135303346
44578 458028177
29096 162850695
42900 46839781
46081 432064166
4339 478631470
44617 443599516
34432 677863059
9340 137432582
41888 42083254
33726 302044115
2078 247449278
7145 43956359
40292 438090790
41008 256324291
39212 186128088
23134 914063553
43668 908608728
30312 293464188
35387 377344392
10969 951041012
30143 373238032
41130 870185239
19324 21190573
28135 303918304
35414 47345106
24105 630806536
191 809858569
40654 860482772
31842 852231542
36347 75194359
24389 84697426
47753 194273489
17259 411253962
15615 487733039
42573 610117513
35847 891634637
23419 68250123
5023 318780607
12812 5185825
1796 442620319
48389 499529302
3448 166342671
8558 228354481
1079 938404367
29991 83939505
49742 239385870
27273 39105993
25589 169657367
44686 158881111
44143 159331187
6695 304012130
44072 699669112
22273 731496606
46805 799221748
10767 835025359
47831 884821514
6892 219365506
42611 972190632
10764 898625718
29271 731642223
37935 291419734
29839 77509899
43639 666876520
28108 963934769
13753 597175109
42754 123291576
28154 162022708
44976 108961742
18030 127859088
3984 126401387
13831 261863178
17201 873540563
43376 964847876
32433 905120473
15136 406041890
43730 147621790
35030 616898540
5327 392148471
36639 30744518
28783 874394107
45931 686151447
47213 918963891
43467 933292009
33315 944815920
11590 57933654
28619 322445439
9086 2953648
12848 534747419
31320 402133586
37320 530680704
23655 209217611
44645 532109680
24080 798796355
11053 951173696
20062 58038748
761 354819064
25490 353509565
42671 221973809
37627 70546541
20181 455713809
6340 133662338
13113 790543302
32054 491536302
29646 610468991
21064 315186736
33121 639352542
28389 407118534
5203 146464746
46773 31927393
44051 4461472
36844 450274461
6767 68711967
4862 239250869
9196 531196084
17534 680431891
8629 801452001
11061 333769362
17896 723891070
20491 179527335
3691 471905199
21832 332953111
14142 101862546
27939 283022112
33282 834428786
18843 688119775
21983 821583344
26300 524694176
16629 757049110
6717 879831639
30665 971779771
39163 930326751
31226 649263189
17607 231196182
46387 441207363
4451 70445034
39916 300651779
37674 279348806
36381 745700845
159 341756305
16289 576893198
17856 531928864
45915 980427441
11020 51096197
41895 149569153
9848 333531370
35379 29089356
44864 532752097
11145 340551014
41483 245223894
41339 228684884
13786 727642870
27607 6585581
23465 972393138
38789 985940544
40564 726986106
863 961140423
35852 37620177
44850 215617174
3009 613537358
13860 781425536
14921 315008863
7513 416212481
46957 555028852
18441 966842397
49825 162832221
23469 128164214
45570 993370430
40696 231696265
7653 750512077
20977 502238871
33818 335454006
31473 187595830
26002 419911857
11227 409662538
10583 103116670
41584 473952240
14002 128764252
33487 21424673
24204 909906450
42287 948484423
47950 528135752
8018 826741286
4983 148898939
49235 896415343
18404 675001907
18149 597861137
37551 473436692
6720 273410525
1839 320486283
20601 454844283
11025 482171903
30644 67397947
49195 473844584
30780 468503543
18836 350509240
717 916424010
22120 149389043
45713 941404664
17655 294511731
19756 579715096
37502 166636083
2162 933329420
70 231667873
15597 313557880
9415 374481979
42439 17316666
23293 555298619
32723 392669092
42539 145780164
1558 416263235
39657 928385931
38580 213589533
8246 542064702
41435 328091018
29886 502891217
13153 291263577
27584 946811243
7939 40045551
45033 239587399
45852 26411878
14705 768518189
45145 182218675
43494 716757933
48812 376535775
16616 459942397
18355 970648794
9806 987419419
40307 144902888
22705 75760495
33891 743137215
503 240258342
16218 238368136
11263 885926714
40919 504719756
17833 670044936
6748 430497827
25731 978274453
27115 868338970
11363 647605085
6804 356007778
40321 974497852
22440 835588742
47272 927584004
34121 323189014
42543 686239313
28409 483353284
40759 291378006
10973 430958411
3228 56784997
32663 776834376
32027 934333907
44823 931563791
39551 388059065
35081 874365127
7991 452631582
3868 483479263
1861 587865948
40066 163225794
39044 602499721
7238 16234835
45999 851918443
2794 9603273
40140 322437554
38658 682903471
9057 474402016
29098 231593928
42283 516443020
15001 857651067
33430 901031680
8060 143904137
20115 918340908
49606 73631510
3264 472855022
26797 604950329
17301 678063094
37811 944524488
42170 386409539
7156 672691528
48252 828435204
31395 852989915
42957 445383812
18287 343293693
22178 696502726
35039 441204637
47987 183074888
26476 391098650
43883 293649612
49941 799331567
47571 882091529
36535 549843369
20690 292638173
27790 575394473
26393 870079425
3628 722320245
13803 229349516
36957 296087316
36704 68096821
49977 818306512
6846 119751570
17905 289411402
13967 392368014
6699 278319530
29313 953035221
39101 889084960
8728 77661952
6379 666812389
49395 930894624
3839 235744497
9940 471010067
16727 535057775
15368 61028240
39312 622475991
28618 216542585
27442 347886675
25507 492128374
38800 221000704
32174 139904001
29138 864848857
5630 154623432
23941 501855483
7517 386828632
18931 767270785
36130 677744665
20131 177317003
15032 812185910
23210 11981547
11075 882883950
48533 405431492
48937 386219415
36917 781466376
32123 706021942
6498 884218645
29292 86372402
28493 569988570
46457 683590580
23066 220300131
11510 374071111
49918 885262816
39309 35144038
17880 952938652
48145 855109438
45754 220684670
29516 690866655
31858 97348969
47875 837222625
11539 950890974
8891 374313186
3849 77707600
7622 40979225
29005 869184196
7455 838957603
40468 800655145
12987 768936210
15385 584688152
28578 115108440
5153 709968429
32518 506656083
20633 683430830
33376 265617583
182 78759150
6705 738856660
20294 328427386
43328 32540116
6897 452156327
48798 424798975
4857 549011708
18716 11609926
23973 986905920
26372 850833458
8274 238455289
29423 129928916
40699 967643199
7866 141290812
49379 996744684
20644 158503201
10269 215911271
34584 384162971
16634 55961960
14293 122527497
30062 782534800
35595 31088137
29942 506337728
35780 216855719
32803 486856067
9690 513045426
40388 220455113
41347 530788830
35658 791430887
21714 127631462
39668 69105420
33130 127493106
24736 682643976
24113 900838671
15501 410201769
615 490228116
23085 809099451
49231 280586545
24397 899411551
47381 18576867
28889 900152424
47179 224766769
5212 970799228
57 228565594
31199 346289965
4616 546224950
89 862166606
29856 246489106
29194 178018451
10190 703440440
35054 683230184
36700 698365568
6446 12146034
35500 304126751
10678 196371961
25381 908913000
27715 5782038
27883 579713396
40085 936021542
32056 543116390
6464 781064184
33072 433226388
17364 291372371
45495 669369288
14011 98486709
26442 555844312
20388 447178923
36841 938818932
2390 696366703
26508 350670812
27968 207505035
36726 665136860
15019 212823443
6469 952743380
29021 823702150
11868 571195819
5951 471263685
41284 166578691
18031 779328529
38237 438297046
30429 188831858
25002 677606359
6615 823345080
8625 978429549
47683 933155539
26143 267386852
3391 844619956
4833 437730028
34736 907255509
40183 905366927
18763 479083373
46408 750435962
33354 873861805
27580 393941487
10487 723077943
31875 311680208
21737 729722460
15646 278789203
11843 578925894
3039 474495712
20384 814751005
20564 920865508
49280 343027333
38319 153721635
20916 504834683
12756 174805513
27566 688744381
37623 534293610
17392 77332624
35097 19248704
6151 972758236
47443 526908068
20984 751676665
33870 864727320
8505 838666152
40880 708072370
325 793503481
4998 757619548
32807 413809302
39870 716188733
7241 693365997
40549 454104365
40627 310297703
4879 125309354
16973 884268169
44388 736379750
49819 540999423
19362 52779987
2875 174748009
28360 615820357
27222 285964979
46536 674246925
32202 880089749
15432 769120797
20054 860356588
32479 951859980
673 502603032
38246 662821968
47113 543017536
11709 415067371
9450 275347741
1175 467376207
4972 184555379
27033 625073241
4508 625441974
11906 96051158
48509 925297627
129 429458894
23064 840320804
22618 72018812
15631 533537309
29315 897619236
24019 475850895
14450 521337539
26546 777248873
4128 765311358
4072 245434218
21888 8740006
18511 225168592
25161 969617997
47465 303935166
43697 302840572
44033 826107398
14697 242690590
6090 177855752
24991 705895063
19318 857752540
7734 273353351
22613 111140541
46624 169637991
1174 658706491
14301 852684727
5310 14142362
34270 495967779
27434 413301904
48761 875619099
25216 319201633
39042 385664456
8022 942287032
38481 384792561
36914 2489097
6358 603165459
47415 531540763
25148 649783563
47665 844950133
14004 333816021
24744 595147356
31583 404622566
27007 87915018
4387 31349400
37203 950558210
35701 311154951
43406 153371284
20232 844809518
47395 233637482
43953 1736282
49827 193677479
45144 146702598
44576 356633603
49642 36352355
40895 604125985
18821 705686261
3479 471867501
28294 394014490
21124 476470552
35613 931175379
48075 809972848
26386 903793033
8857 580697642
32404 345247279
4717 51618111
48683 201695400
24961 638320055
44672 34015493
4923 444594933
19032 996030379
25622 818183998
3150 138669362
3977 827610201
22134 123367292
28124 20094815
21105 188857595
16119 889205390
34326 249109263
42766 899878307
16831 288259590
31926 408399432
43241 679211671
29093 626122769
13048 720291829
2811 89844836
23528 354813578
18598 117073541
44573 846306863
12433 57639072
20004 984518490
41594 911658711
25567 433356459
30669 764340137
13049 141456172
2491 243677223
8824 106886622
24063 524629555
46428 398157314
35136 898346836
24238 400528536
1597 867713223
5118 523266125
43275 55097360
12368 468670474
9173 638547560
43629 458858510
40693 436016939
34999 940397069
29440 803626053
20720 328447280
13605 936233644
4122 858466767
39920 518395287
23996 614339724
44614 101539575
42947 945128575
7880 752836584
44801 710272085
12777 475566726
15213 2623644
15691 700079249
48640 624595142
49926 421637971
28110 812071065
4977 94124970
46832 689478422
43175 417005319
48048 759698779
16241 949247231
27376 443506956
3091 242262841
11233 160569206
6884 67408092
25324 441864771
35675 526180844
16732 964925492
27455 193227901
16817 593305107
2406 181216716
42891 795470639
2026 402735049
12726 854994373
13466 487080708
48103 431916049
22041 622077930
10124 191767198
3864 824970168
18632 819469807
13804 318693955
34522 526624492
14466 864391791
43620 410871114
26378 312885665
15973 277076808
19051 892725161
32638 17769078
12461 800331067
22325 86853755
2206 318626229
14893 199597660
36782 347513664
26892 777983920
48120 789511402
39917 329532574
47319 678647825
32716 563638289
6023 381859843
748 394702840
27989 894024057
36775 284176236
30618 541217078
27249 203094649
45281 836488443
23431 405382875
16290 395800205
14595 491967261
5292 268966763
45412 140441640
12914 230846059
9975 850616598
22042 728727223
27648 948713786
28420 833266063
42034 502040953
17843 778067708
9201 280911398
18917 63491425
17912 496368026
38070 951773824
2971 623823354
3144 129939386
42700 762849593
43724 839700117
3871 770771757
32889 295819574
6614 144816109
27251 499445852
4992 449721397
20071 812068044
35727 890642668
15974 636294688
47882 325239844
22586 184201710
32320 458569568
33156 891301647
19279 133414027
21581 807222978
2466 337119144
8665 328803113
21026 409188241
41262 887836716
45677 664189840
9675 679995871
31385 419299755
22725 820772415
48291 885293216
4852 384811581
24920 333624026
31132 452451985
39926 147876260
26757 154151526
39227 515948956
3373 288205064
150 369348429
13585 207885787
6967 952887818
16599 121920270
19699 100592432
21926 771046121
47410 98933515
9485 117302267
30170 108693426
10692 110303854
22616 163019032
35963 894993018
14757 74608769
1811 856980861
37875 160490517
47820 533227153
33293 408640415
23965 144846218
20610 638523873
22036 675989156
28301 555872501
33279 489670595
45078 587374600
16116 358666827
26158 341067999
6833 306530376
35577 367311003
6265 519535156
26949 659905238
6173 417512563
2683 60438005
24943 758300130
22 984914580
16528 741919488
12508 503151309
47913 585565220
20444 798988331
49030 144731534
8180 24408411
14265 266461966
25050 583596652
39178 766369780
16655 831750165
34713 204621170
22331 689470169
49508 350547902
5222 918077471
44790 861997450
24568 573715214
44391 574448652
24379 490611990
25177 189343397
2927 614479602
43819 9360669
47535 266053957
18643 360395050
40799 140134150
32224 296668897
22862 111931844
5760 270223923
7458 976629302
16363 55101151
11717 497033407
31286 777338750
46925 95268093
21359 873495290
4995 485448610
17522 458430466
38107 506968574
49284 377020037
43984 446188334
49063 285781223
31886 875759950
44078 135291343
25028 418678606
425 601231231
36743 758401853
9228 385803819
31823 692176104
42764 849565536
44432 853040413
22369 218088850
27646 150769887
3056 621409147
4668 782965672
15334 186603348
38808 836347613
10817 721384356
22341 41384170
1688 837539684
10252 881405285
48503 183958830
34544 645171497
43055 659939101
28557 723861066
6126 652138649
30441 795064438
1212 417754243
48010 330568655
40117 259411749
28982 78473614
10802 516959958
878 412042710
16214 445931462
39742 832913980
49945 292047436
42305 137881710
6692 792040816
31477 923655112
21278 701250109
24979 482788297
1181 852165786
5701 915507592
31109 800045246
340 312834427
15277 491729941
2453 462004782
8379 829915527
39836 791067395
32776 518627038
18878 452675921
26758 760185709
3200 964560172
34624 901023828
15801 943623414
4389 180946130
28773 159540364
13784 899357169
24822 242518425
34419 138312735
19217 534807115
31771 409483140
12645 202085609
14031 831090073
23882 867128886
20972 963931356
16460 874772639
2582 710365839
27322 444664135
33886 172413292
24029 608548392
21000 862336166
41776 237423420
12922 949685442
35533 795834445
15358 342396099
15950 640464439
42780 507178931
23182 138436274
5181 919321349
20844 489997221
38999 922243986
2693 328343785
44992 509258273
8550 213429375
42638 343792096
39005 640515155
5687 153591628
9383 949636474
40896 189189345
33352 176354441
41388 438461959
48446 74395240
16587 717810326
31174 432636942
49673 694826819
15462 97392746
2845 111566686
41325 327795017
39159 223339562
4722 236636407
838 221272805
18288 754159797
1384 194833514
46364 683386905
3855 46378466
47948 625207073
6171 392271950
24846 200620197
32680 778545834
4288 435747228
33596 871715264
21409 924040299
33255 527447532
14641 183218616
32713 525744044
35811 568096059
44430 779529656
13565 948516563
22126 60303537
11096 791461286
45079 681384175
32104 451633882
14309 630410317
37132 351036189
8219 662981036
38264 54319451
30939 320014873
13294 395250284
18959 18817086
27909 941586712
24724 264787649
40403 817942140
19475 506380439
18303 960220988
42204 202183167
674 120400685
24955 833531723
5838 930688622
27421 520320402
35017 254545716
2292 407464599
32857 260117565
3333 454335106
19809 572811461
21307 394073394
41555 604900897
30518 97643060
16212 249509499
23269 302916215
42364 195713803
35474 817440318
30102 659586838
25816 362824671
28521 614454355
45511 164671835
24820 745000582
34718 873690175
8776 268825929
42768 67068964
41453 392886727
37795 20763590
13310 746440307
47845 527204928
6713 327144257
43746 329994874
48105 712642218
33467 777259793
9760 698712209
33177 416940617
43354 501933050
5814 660094769
45798 470650545
35972 350468252
2297 779093304
34652 17964404
44574 18438785
20320 934562062
35736 780770883
48487 335886090
37138 737121617
33667 397177589
45671 747745037
40253 187008925
36301 928159741
8573 7269039
28167 359843174
22185 360279495
874 255708087
14402 107168121
40532 717104648
8354 748696756
15548 392576980
45855 856570802
28531 88530978
11205 832122954
31804 983173941
30004 987264029
47874 496813669
40180 806133037
17524 228093266
29012 337570136
11627 437399515
16553 60447346
2108 394501136
39818 362097320
8130 253380609
10523 240501179
34137 174208062
34918 435804633
39542 247642080
8960 812945264
12649 92615612
13021 717772247
19553 526320518
47401 646707861
49162 592538464
14531 531006525
34564 996297530
24972 98463172
31894 869330948
20282 880087994
7681 893550203
38759 787298840
2784 16190095
26167 555131097
20732 707516033
42425 206576426
430 67461624
19129 903863970
13245 292324388
10455 617926750
22338 915515638
47442 189505739
11762 376682801
30729 659526238
33605 931217084
38137 78307556
37395 221760443
7025 144124165
46597 175529610
26908 13101785
6510 823313849
13386 83208191
10049 664271576
10916 989178884
13923 269629356
16860 106902900
31195 126528414
45527 633238307
49752 567007635
21248 369185783
31576 263912564
30600 208847141
22201 167511146
15663 94540855
13201 878206738
12122 179855868
28942 237342973
49509 251555454
39466 348707799
41638 827317572
8499 451844744
8668 931883423
21054 148519530
45658 112625543
6416 911061309
14124 293974007
40182 845982727
16097 580626337
36485 850149017
48003 441129625
49729 264092688
27126 726282479
17154 592978933
4416 782388427
37291 562440136
16685 745400846
10624 80949418
20309 428469650
30923 333602689
23352 501328841
36948 397588649
19888 640562001
25187 479558999
10542 131476347
41116 474616654
39969 949677880
15920 261192139
30690 217774547
11524 532909225
23579 407452485
46521 276600747
1098 527055386
22002 851981734
30782 850080927
391 380631624
13699 550986860
42038 983816131
39239 328611404
25196 862914846
25080 696880649
5886 260452306
10668 135061032
12555 312097434
20598 418527579
34870 198468023
29796 561246723
42001 200078341
44280 345003735
20162 16338746
32145 549718976
25887 800443005
30943 31018258
28758 411179474
45497 452985042
38978 450265101
5969 539319563
41448 937099321
314 837271258
18105 140521673
35143 461444492
22769 862265796
34140 963513334
38066 560584371
1601 857757065
34117 989024031
47421 765951357
5489 656391791
23106 498473416
9348 845387858
49841 986568181
48205 705437869
41946 680934515
39918 905874252
30526 276683881
16396 75212750
5616 730864621
20378 115296918
22840 85879475
25326 234081533
3064 951877269
9707 44582168
7746 856647934
25206 777556954
9945 34123303
37480 673058610
5388 515374836
28653 217365467
39712 249419561
8054 438325388
10379 731852453
193 641871974
26907 315005943
17138 87020552
3484 915648243
650 994990857
26938 822809960
45637 263372857
39409 653112564
39606 500296118
33602 527950685
31356 979648460
23666 511418779
15571 97034172
8894 975520489
37473 641732270
34821 246057701
48245 510459286
15387 879938299
19852 499691595
11470 763523969
19395 809026724
16867 984156184
37310 246938774
16397 843072549
18251 719808804
49727 361409471
35194 13288839
33251 50580883
38534 137707393
6409 409539295
16548 869113278
12485 923568022
45174 851941640
38128 400238551
39715 411975430
8799 552688045
16903 16145531
24357 314288452
17920 846235314
2724 617875231
37508 975352167
4365 186182305
21827 416456878
16167 428573942
46189 804921985
22281 145449534
49305 208358379
28979 192929707
5730 113814521
9777 705237422
26055 326922609
749 445399866
13660 987205137
23759 898927673
12991 773186922
117 225527924
44038 625731875
8298 357761216
23091 226273244
41998 327080797
2623 336455772
10170 949427346
19345 120420447
34953 691511144
23742 295850392
23485 865029251
31480 26790531
46283 308347359
28738 933529781
30146 163257909
29130 356874372
28887 289286425
49730 931341300
48110 477376701
45325 582546006
486 13910307
31455 616781367
39634 121168684
39009 51113783
8371 739454069
4492 586786308
48684 403126870
20157 352902496
26766 18268594
7330 58195374
28166 645393593
12889 289775660
47767 367219297
19875 557953339
4896 92567923
46084 773630594
20926 45269686
36794 611355485
25384 787867938
31031 616652656
8623 586307712
4566 405611691
48742 185539708
36515 374964013
15989 841177106
15233 799354183
32829 452783372
11885 92996763
37369 868153537
18005 364167921
7009 32629965
35723 517892332
12860 981056659
3042 67203009
20483 198742979
4773 214411691
48593 911902598
29149 121230989
5263 681073556
31834 1070776
3975 520407451
7244 470444252
42226 636749136
14861 336129640
19521 853143285
5729 27037602
21794 878237761
44205 65068325
17651 456818704
17174 898024222
47761 422080758
25812 482684348
36308 249344129
39299 227873833
9332 838050584
21814 376201007
42883 382386629
28003 677522895
35978 106456973
35012 784515614
21842 41979509
1698 974046903
39589 668405208
36768 602376076
28313 764600556
48458 424481516
6828 566703013
8466 300003470
31158 815386349
33311 714384247
463 166052702
45121 311295946
47342 902854086
18564 184335290
13389 654026542
39753 497409094
13074 932868039
29360 642516725
41833 416098531
22328 193578954
32858 125689938
8950 858800149
25725 913057295
39155 38547637
17255 23567896
18416 102317195
18056 666624620
20945 863511266
47129 286208874
45059 146989365
795 406758390
2470 325310891
25211 322186939
567 268076614
21976 276663408
17960 831335163
45538 768383960
5607 432947221
1763 396632331
44387 764869878
14513 873430308
22437 667166232
23894 394761494
39572 276501111
19110 779600159
1325 44139762
39129 250319740
29970 496479687
47378 404754240
25748 424666266
11250 254865447
18525 894860778
3958 132902173
44916 569078677
37511 953212899
15792 134211073
30922 24303851
10557 157660228
22896 480155061
22689 117143865
24891 269397416
5636 316406318
7697 394109586
43603 95006856
24072 816003015
34349 779832443
4426 188201763
12360 927792728
47322 327923464
23542 299857748
24317 793751992
16093 288725673
37577 732006912
21760 871265697
48764 844499080
38405 222233638
1835 513926289
9627 892951107
35455 126143698
10409 28605556
12614 468889658
5565 364820958
17028 5828870
32384 461327313
45169 440228079
482 196202862
27204 420348941
11259 630474122
32888 256534699
206 760669786
38620 820216863
8789 798938738
48616 370034247
49059 522987142
37740 942747251
42349 233990016
29977 999220548
32030 166312736
35696 839730453
15196 136203635
44609 818619508
43765 911428860
43955 42782233
14061 611965835
14400 974346999
40785 94417564
44274 878325719
25285 873193435
12416 952354876
9878 393497423
30046 80205632
18894 771931595
2407 621193827
16522 54017891
29619 534095390
4348 899966369
18317 27838062
34720 982416892
35321 749993531
38473 700941117
40076 462318588
6862 738662620
46336 38922324
2995 625516728
35797 315394585
22351 840907403
47513 381827001
40670 903783516
49935 616382693
30921 340442985
12040 708875088
47159 903676612
11385 775224343
17791 958314014
1629 396549418
36853 433241129
14255 605132962
33539 796231205
6504 17881974
4175 713166137
14841 845345883
45360 119858380
11409 364548707
47087 635321168
23201 434054567
19436 724535511
7077 148831851
42691 323559043
9651 50251495
47246 892830709
31844 694973886
1303 498908739
35394 889082154
8563 460425431
14109 307435156
14964 461642704
34618 924975202
21931 297779375
34746 306290867
43586 620075665
33639 999235763
24401 872263011
8691 392407212
19579 663328861
44490 46396935
4410 520284239
43003 62138650
27400 992873959
41987 414370091
47143 188126864
18244 209142796
47344 503825487
3817 36829959
23025 705234695
14399 670394357
15656 104998948
28931 686032208
18900 289467676
33750 522674356
39942 209310591
12037 629322991
26114 780861965
10205 281493020
6214 999735783
15467 533016417
27505 838456790
28160 289836740
9742 969972865
35006 284361835
23366 106853105
13577 42728460
12377 892865532
7641 975129871
42867 955867036
24565 557203810
24050 737137821
8943 522494
42931 134862458
38428 254827470
32749 870181029
4221 371310485
47190 348732160
12421 810696917
49546 710937658
6757 74382831
1732 452235915
23772 637321245
3023 218033429
34225 82642903
34680 74303271
5418 546707028
18871 534014090
3486 446957369
13956 406776102
43107 689426419
9166 646473898
46917 979568723
18469 203182348
23002 714997132
4759 67600102
8044 924543093
6433 924637758
49386 544600355
38147 80321359
35803 961017375
16485 132411945
12052 611143596
31457 416229533
16730 666762491
28183 735722902
43213 989494618
20124 959640663
36032 418816245
18655 754108612
48290 977764795
24883 546111538
41088 992536643
14532 511135599
12107 367633931
6984 953001711
35874 633073092
11139 144648213
26324 96002412
9454 239339644
36994 997540307
3374 575161961
18350 841050216
28000 295085596
12913 380422076
40031 634243589
47370 758310896
47919 111637847
34866 152591234
14304 874969414
10588 653184441
33378 767688553
4583 67682869
9413 84985538
26769 507729737
9831 893503091
527 887864486
31142 27519267
47727 140718002
34752 278494640
37595 258667472
37759 515798473
21854 980962616
48695 35745768
34158 212261014
36416 858189328
20904 919429450
47847 33980711
19972 49455238
16753 709284221
19540 340580752
44601 84513899
4957 941890460
27221 806089147
12187 988213353
12231 117751624
39406 468800528
41098 204889303
21352 870719913
18772 487842651
17888 666037876
2091 766748481
29269 723235456
47022 104204351
27307 526807896
37670 264498074
27690 472703723
23510 953583513
20664 107581424
23763 768857994
22048 897104468
37343 277880125
39695 184668233
37054 832350374
9414 478977316
15725 256713692
25208 617286826
26383 38855936
12920 586241332
27202 758459621
8459 645923222
18042 281134093
26567 698004514
1512 751180682
33558 474948333
18161 201704789
16684 365399101
25368 177044108
29675 157344783
24060 80065375
8015 691894082
14455 844776933
12986 353627486
41620 775380483
14630 133943068
13814 104501289
29843 467769563
33689 654064584
26792 852200625
35132 745748097
19825 565192088
20489 185769783
39621 848132126
3255 551691815
32042 632326327
43317 508734251
47504 628479392
17168 885608583
39950 763207945
36646 633949023
25993 741565193
6647 308791808
18892 913086710
2822 99615637
36501 551657815
47083 986086513
40192 933184000
21965 464266649
4102 459801156
11334 345968217
40776 635729578
41765 334104111
20343 564300762
27482 119703672
18497 327200469
11959 783393101
4886 61394219
12093 576148996
43158 906720672
9066 927379162
5825 191894703
5039 26954985
4586 395452173
40512 809254446
25152 400132596
36920 77422290
39885 488498496
19369 283369695
22189 156634892
12444 118501954
41802 311549087
40692 496717980
17048 699187746
43692 209981656
47857 520559606
16056 239892856
13278 13215374
38939 828808996
2365 981582505
43145 223513995
46921 626373442
7388 723818245
41915 122457925
47710 429920716
12343 429151463
23391 634506656
4332 869693551
36349 567228295
2924 33632249
36251 813118107
42790 39552198
38512 691985061
38058 457661318
33126 187729092
39957 663033377
9193 112944829
2967 357520367
22937 675445362
6088 14876375
47446 63447457
31530 150345389
16772 149222675
18385 747219792
14322 889302243
8056 121370971
34872 763968932
16417 661646412
23298 187282708
23861 35491411
20234 292941471
35488 98230621
27054 493644738
28063 988484687
43355 370879050
38718 86616249
32514 28922891
14648 586818327
46455 92829626
46817 496708718
45024 699413853
45943 22926684
46012 453585560
13369 604281925
35219 537431036
21345 516249076
6976 485490372
46658 849426767
18425 416374794
19192 500744314
1705 428370095
7703 836658300
40522 554790224
31980 305979897
17638 207836575
37253 804503149
15652 349712951
19209 621632700
34976 158391010
17875 47881426
13133 792214623
37788 597244385
36150 25218784
6675 82812643
24602 233253750
21318 549639343
32996 547786686
29317 505930933
31963 494433359
23160 261810428
32992 736753990
24995 724684407
29747 201997275
10042 366251720
27200 264378966
7562 266231152
32098 423583920
8026 761567810
24585 385825471
11163 264196528
5635 655633032
27217 616083131
7904 576461188
4071 158033721
2482 429695563
1022 818142358
41245 157220886
1853 177703266
10248 507545071
3401 519984055
3453 106373673
13997 474698888
36678 43609591
15822 939173600
20154 247343797
47946 107928709
6684 94429011
20146 515134752
13033 152566185
33380 635037068
20163 278191230
22222 814357857
6689 544767720
37908 390796025
30203 365436447
49778 149980864
8959 147747314
31131 297851761
48568 686381928
19796 252405910
5416 469508249
3995 822765871
31261 179588088
21316 417868600
43071 480410323
16075 486841190
6320 333241661
48385 351262389
15425 240996940
29242 970433054
18799 509089017
20554 773249761
37705 509777684
39897 784768303
2260 682014901
136 996715221
40837 634085025
38328 672896832
42831 183806012
19589 281661947
27616 341643951
8129 147142238
7362 662821373
20068 215155659
33281 439152925
47953 830967271
1777 327554762
6129 346001945
20510 803475346
34573 944381712
4124 990492764
25041 204925208
36385 586173651
32069 159082871
2527 648490314
18834 290937407
11786 374701474
31232 123672029
24067 584266752
48189 906026604
39451 671116533
34275 365374220
3027 469286032
47751 732879126
1088 114458419
36820 133766188
45619 110943878
38852 741482208
42849 845361440
26487 823911242
39794 179103806
38458 836943809
5968 634188133
40582 425387006
7392 210562912
38049 696880027
21541 87197895
3560 823268453
36144 335878974
5344 858592275
12007 249549817
35575 399084673
41025 469259813
23156 958192029
2055 624337890
46450 131847520
26126 174532030
24310 483990539
18345 378376602
39110 479064329
23125 638225795
23712 960801261
14961 870295570
23745 158865682
19178 438533064
9326 959870195
48149 158660765
3688 69199714
43453 426976321
48457 782003806
30507 211933888
6286 823089103
42988 818275232
10717 836803191
23619 901241745
7158 309929476
3521 156208540
28451 43853133
5256 851985484
19332 56034541
44349 949880471
986 273282919
23839 51001594
21713 495573752
10742 205638378
13942 889289201
34279 133144927
6756 714921954
38689 222256592
33601 353555068
4916 871136901
8919 541609153
23603 474314801
42884 992233549
46301 440999810
48204 902176661
6059 828441442
30440 73352767
47680 242964308
13080 10237679
31906 980669967
27081 317930905
47115 454199787
23361 312410419
20783 220691463
9084 523590366
32862 634078385
38876 191860242
36434 406271813
28584 122734168
41193 728302000
25941 285363763
3390 549354517
19370 101043401
3661 753809177
38544 862507398
7410 388001699
45484 935019769
7297 818216368
25492 957716053
49805 803893987
5289 651733090
47376 128479725
13460 545027591
22380 92512953
41993 690024767
48664 819205262
7413 193274535
25771 366418027
16944 857202049
35105 51913653
45172 627669169
17918 886110479
28859 167943433
9729 351308213
3735 194735085
37843 581317940
35075 462318544
1111 676287992
14483 252026897
4518 633847670
42769 596978015
29158 656430369
43920 860943082
5519 255995069
163 21180280
16087 716633239
21943 976191590
30758 564471587
29529 287683981
48433 191130877
32447 591612428
6479 763591192
11977 748729039
33561 513880977
26897 46250506
38786 554135167
28289 48192258
2039 919920705
35185 646288825
49161 706021048
31655 212330180
42567 583813442
29386 614491523
40338 614861381
22123 91502616
24605 847766023
1772 547124462
41155 418845508
18578 365218887
22606 702652388
43224 35880982
13847 772492064
36683 185042246
15954 802010972
28020 591783860
18963 771675671
28698 679477527
40224 43508986
16200 759437703
23389 672530050
24854 874339260
3398 989757634
47009 280225702
36040 135989070
30215 750577324
22519 118723205
27725 679493825
10175 338567335
21098 846057767
44666 413916072
46862 872641023
8030 266998520
42725 528831068
23827 940441291
13407 52263319
41052 27267135
17245 736514392
34221 701437867
33056 53071927
41751 960827898
45894 332623342
27156 555474083
148 642719463
42312 228413311
2578 456085979
14003 679831986
7319 485627495
34765 998763211
21178 352254112
28705 633477744
40199 346402979
21313 984783
40966 986318151
45903 770634890
9465 627782260
38645 805587619
47149 377980100
41965 430801590
27738 189724333
27708 644720298
21503 686876499
21988 586611326
8074 5487531
9685 756368235
2816 816280780
2276 79991521
38438 531104996
21627 110807151
36365 661876375
11335 157487803
30278 252236851
15083 453197974
7272 221064791
5060 717709594
30125 848768278
12060 304888586
31252 243357663
36792 664419277
34948 730660117
26541 306455903
40735 702239604
29706 717513137
38302 753205174
25498 785566101
13099 198504587
10715 546298610
43378 131474659
25488 235145603
35904 42140124
44648 677095331
47064 615416238
40963 12001256
42461 129347584
15558 340462779
21623 139208710
12696 101525731
20011 842030878
27143 51213058
40703 565966398
23600 175815066
37273 113849287
44263 750710745
2450 223876241
49783 711317687
3281 874855366
13244 75572994
6769 973109458
22668 267054775
20901 919787774
25721 831414057
22554 513234374
11299 630833042
43980 810811352
8851 276179378
39996 686710501
36626 318788462
28706 107083930
31635 413440642
31802 262247665
12514 870175114
5054 130951963
48738 905621744
6947 264574423
44886 37373021
16744 735006336
36170 25448014
32821 325343092
34919 663135368
47012 342834007
26511 351819811
31918 52620819
13238 614291411
5061 208649072
2007 598186315
48564 638145680
22088 399991221
15997 128319855
24002 362570725
6293 810570842
22974 287483569
5117 55401040
38417 571271477
7775 702603710
38254 609909630
38578 930436093
43187 841953073
202 618605531
19392 343279377
11592 978657090
21890 212341537
14245 329231906
14939 280648275
17794 154205320
5674 590285920
46625 875253885
20989 79750021
17605 473484220
33384 680398650
45823 110964854
35119 91754097
26269 140714422
10330 187575161
6438 334162978
18432 558587697
23974 773196656
36513 139836880
596 417128096
40315 66673798
48748 894512340
35421 584560949
37481 294811092
25383 351233151
40638 670987677
34839 34139374
21568 642181226
6041 604028977
20626 887169609
16419 474177785
40377 792695343
16031 717059825
31970 672034428
9433 776725850
30490 691390286
1722 23127334
8398 318268687
41383 376975390
28625 313251774
5839 799949873
48312 64849139
501 323531194
43857 50461097
20784 190349172
24710 604879628
30753 321785934
27189 853709648
47765 720124867
21798 60338182
40747 732611401
40782 402051617
46577 296320017
11794 557783631
49743 41900346
30394 690190988
49876 322426788
1831 455710020
30962 868065337
27154 392457423
34178 649704117
24444 381621683
23609 312743116
29558 920941665
42199 467578633
16640 498059570
19275 433066006
26633 992983030
18953 363449049
12868 17814910
34590 694268794
26894 329903747
12496 785697014
35509 342266069
21925 218473137
30566 23598172
3384 381681483
23219 905409704
21562 489151468
4322 584739837
32582 763620245
26641 222574849
5370 402480002
11548 190702616
48107 477525695
33113 59130743
43929 741972131
11148 320988625
47497 652353950
19624 703515550
24775 887146730
39576 190548324
35652 11265581
8269 744894891
30244 650730077
3267 23884522
37676 859052179
12918 537945460
27413 194720056
47210 303950385
2016 411129137
23130 987383394
6338 315366174
2694 445619883
42133 907401207
37166 596977379
35728 431148670
46506 565892220
23991 700258952
46247 43453326
46308 932566489
32864 542288806
21674 338786539
31853 868114165
32165 565336927
15426 459855405
45302 740381465
33019 75781003
33532 978844245
24119 300116442
40509 977356921
39844 903251781
42252 678611759
8621 815170075
17462 429239230
44662 476003138
41825 957405680
1142 485288362
25955 283765499
30878 812938410
33638 235093839
8778 926993647
33475 278045910
31111 445361747
20730 520032272
26137 773527788
2818 764344780
8539 108593836
35845 435855554
24927 22064075
21482 716072720
6738 675868695
2885 991312081
54 21143310
4813 235498258
20503 241089370
14108 339792744
17297 634869952
37235 185339238
16440 942938595
35473 966600891
32203 428027070
3790 64802139
49657 146122455
16913 19954795
24200 508072467
37013 161798582
39352 132698189
42712 160824563
13627 982354511
17293 444197651
40275 209126407
46968 874019918
27758 916897501
47970 232996539
13229 396777424
32665 715575028
38801 969519059
46737 701011148
1100 319001686
11278 663931895
4658 779449280
42174 873194795
47881 101572315
45018 379874155
47269 235286000
45581 851773762
21543 547129722
34068 659448685
26695 325237879
44172 202198730
5608 638560198
44283 269138748
4161 484715109
2827 629546272
2698 763168481
2782 606655130
24436 799470953
5773 235594574
27545 121093570
19918 921852731
25377 122972889
7331 794615563
33104 678074130
33461 913659389
18831 712649912
46537 28056049
16715 842391549
46154 420146054
48752 569498255
1080 299535755
42547 541065126
21423 312346729
40810 691630812
31369 845795192
19930 336233730
7568 247120992
21093 570465098
46382 200101866
32254 593060483
31898 923505226
33042 772135182
36099 8319561
1196 207429531
26464 558617163
41465 924655634
2740 118804257
33703 126499411
6401 405616494
42653 345258328
38879 287930665
29374 916907058
36465 394108548
7048 880591323
19573 548225665
15419 744237949
25960 212111638
21616 60512380
13805 937348132
37359 682451978
4526 438330832
7540 666595314
16882 343792476
17719 401587941
26880 805973691
49973 324972898
44678 498983757
27866 186021164
19177 633404520
48387 259914843
29477 494013748
11094 702620688
41539 352821319
29371 409795578
17731 161269121
48364 351002969
4825 588553751
27956 428486725
14060 468596052
16189 641892721
37865 796319267
42773 134461512
35649 235368573
16183 966759914
41364 938963321
45873 242796695
11153 242590719
21730 834176421
16947 927831718
48360 798397344
13636 364896272
32528 127675212
41948 810801296
28181 794806757
13602 507465797
41770 65471538
2379 520252656
30647 790677095
38449 798994072
14789 229065946
43146 844588263
40145 105237695
9169 998934871
42486 941713552
35958 588686531
35596 890771960
17923 616225285
13554 222362178
20354 185005818
7248 721604875
46745 847227658
42099 23747205
21126 568966552
714 375311246
18223 311769942
33334 492035462
44941 249253328
2377 189314110
10169 866602986
22909 565127353
2593 830517919
5397 939963118
10657 688345941
14390 222845664
5586 347704240
39698 89335391
35067 151119046
9951 430543154
37770 708372552
28548 985239597
23814 6698632
25831 919743689
19027 283375557
7207 794265948
33852 975270921
26361 176465546
24359 278221126
25774 654670142
47131 695136926
6170 534724326
13252 498249662
24284 922958368
4975 160587246
49933 15620841
40147 257361230
16452 603526973
401 794109348
6359 260382409
39946 921636014
3471 365560060
8397 466054376
19594 312201902
5829 835031362
10024 859307009
41380 344855120
32588 248649926
43542 501343193
6865 593131793
29888 386409829
8176 484011197
31741 638625268
5987 612470197
34202 412265133
20791 693993219
39140 835653973
35620 615422501
2100 590276558
13863 187637837
1189 938917993
3803 878095406
40084 782601015
47835 263844756
45784 531675271
41827 335747003
43741 906669419
9483 384427009
10301 323433605
19572 49742747
49062 919171660
19500 298161600
1392 588076701
3302 620839678
26698 691041060
42756 488290654
36490 247368471
4512 749238296
38907 614020967
37182 62744349
30366 900676924
46946 286275286
7782 690775958
28659 935463644
20849 209835110
40075 211554095
38054 541100208
36879 580651158
32291 549893436
38735 693999782
39536 242771530
3081 280380081
46885 37898221
14467 222202069
26425 571246111
19467 323021158
19357 442147025
27397 452063068
22170 867123408
33714 323056373
8390 248370363
6747 118866993
27380 890363862
5906 273936826
10006 995100497
913 344869439
3545 898391180
23963 415931992
15189 391140568
22625 896140379
14783 644453459
22057 405878158
45049 453786287
21267 323885407
17157 834453774
15586 681345522
1048 920301920
41558 413273706
31066 815738655
39505 121890592
46690 677281331
4264 497613692
23377 561243069
22569 586766861
14792 963549822
1659 798375159
18876 967432259
34352 337852788
9110 939644909
39053 417644092
34152 522133182
29728 633634694
44295 755835041
17881 177251247
13094 859727924
7058 461410588
19565 706778811
38638 151354326
36179 481553737
30617 495370954
6204 492679979
7293 117511619
21237 855589293
38739 577110213
22378 746743123
47171 856999565
23008 877317322
22583 100822862
39189 735534310
4930 83221403
11317 383998851
3769 386574695
27080 51468391
27337 842174926
42382 500743508
37575 466501236
41886 853033678
10990 133246248
15550 306170189
21641 195065693
40003 135165730
19939 780451472
28459 701022661
34370 383643734
26224 828000435
15125 454830933
34891 503034354
2237 337400458
33272 329995953
11984 719392267
43388 531503937
44743 945463254
41437 86259810
15968 919016099
8088 718003823
26067 230387783
34400 261263014
7504 203934321
42994 797972820
38798 593351700
43023 695820107
6242 857547028
26031 498533229
48001 669403655
7640 349887361
44704 241262404
454 614781671
10054 345150222
39914 636639213
26112 904701298
15403 13457698
48611 279596467
16203 464925272
13339 693747879
41874 687785642
30879 244140870
49732 362317478
28151 865165851
20064 829820145
45867 186771193
4020 823622210
41185 115972002
32594 957320958
40525 166545352
36133 233795325
36959 720518512
16106 384594302
20553 911810967
43622 365595961
5884 815679613
4086 781154507
9364 205983874
35079 668474137
7486 696450048
35144 927698715
29998 259006186
1457 756102264
32159 964299927
1961 509663182
2514 121295184
23917 818888148
23258 4048071
24975 50502605
36406 634560284
8279 451724243
29187 416055324
8899 522048655
10389 523415299
29452 57212483
27539 392973892
19850 165535222
31097 670189069
36302 638788822
8366 175314514
17386 72991323
3637 664145703
35899 471385665
20558 453064417
14804 255594016
43911 30735857
41661 43204797
42247 833546804
30101 604650204
10892 794699971
26867 434976125
5253 390278870
39702 111429515
9052 131211383
41210 356494605
35819 367786371
378 172827741
3687 969689315
37453 170481440
6482 50304839
13169 175338290
29217 338831383
14159 924264285
16606 450963918
40933 152488332
13646 653641605
25099 821790582
44892 781482417
9896 328653685
16630 673119854
47927 556115229
16021 270201484
7897 91753334
4956 535146389
12232 931814192
13995 411618604
46211 417850891
33328 79800190
32445 953648929
35303 809597907
31091 910680737
36749 304167625
49316 394370521
33093 749697246
18253 14492842
10952 882683836
17443 830643864
23061 32685409
36773 849695220
11815 472611644
25122 587550331
49824 329157250
47 600288074
15803 107720768
21625 201979823
1316 165197827
30975 370010045
9313 117495822
5516 992158531
14915 656051560
15028 189512469
42459 301066481
31775 674091496
11939 644816496
36190 640891600
21388 233725088
48974 425584537
14536 757295324
49299 670524179
9272 807161111
9379 191162238
44355 698196205
18038 983602954
45250 436504885
19694 45038344
17518 523822612
6981 598755207
36779 889923300
35942 356965520
39832 567506006
11556 158961941
49840 301628295
6006 559328704
5584 939950288
31829 430247870
41872 555328981
4785 962084972
44610 778347382
7954 741115635
19582 687861299
9704 647717849
13163 179856470
26111 3272548
41757 373186130
17680 727037468
13550 978930684
10177 661416195
10435 901417239
4511 601913257
22422 868275900
4113 619807163
37305 478718723
21165 642579165
33806 662810166
15960 251703387
16820 302631279
29625 571611011
31372 259732481
44557 272937147
330 150895445
8662 999443067
30296 327106964
18280 535219347
39935 741750993
25500 224707119
27378 969159039
26678 936448308
15911 966503890
7738 242778420
33779 974744218
15593 128661009
32222 400095617
45926 355802514
15308 230927479
48109 979194045
30474 891798797
43364 311287984
18093 483579413
31653 53204172
15798 340780968
35746 225455808
18762 420466654
5178 784803071
5546 650923852
39940 298516526
47609 414812445
12828 158316112
27493 141693630
15623 957734256
1837 834131716
17690 182111525
13502 406620719
45453 746795652
15021 401084806
47671 653972919
29112 164393421
23563 495180429
16813 523738199
47716 536451427
18165 123904913
21046 395705926
18331 544710364
43299 305133694
42143 278496774
21966 550221933
24796 641996896
29769 338150502
30040 116198512
21175 309150768
17064 345647469
48014 701612099
48199 129228068
29774 780706751
44141 238879622
35869 676537062
16263 784959969
46896 510460849
13579 884981477
31326 996553930
40530 526195321
35943 347111198
1074 965592508
13662 264844467
43009 359529789
28223 814005319
7450 308073101
32883 710236426
40832 947002463
34882 490864252
33954 601670448
42060 624599235
42971 762538701
29610 270575093
231 389352120
40212 58582948
37149 226409923
24025 797910679
23364 798789088
42077 46249390
20193 58208746
4130 35754096
23998 137867922
13604 637122117
4626 725393456
46180 856277697
6184 524481031
11462 362659237
19627 712376395
40231 229643597
25261 368833930
25586 528089838
21755 152602057
42537 284710794
27276 773023535
31482 879004346
4571 361287808
28109 979227325
6094 449237557
18682 847986021
32575 756438881
11034 873382516
8865 448033352
3221 525427562
28045 988077202
24361 308483795
41688 602056921
28345 784010164
12055 893234839
43325 267134390
33292 979374029
27568 963142850
32536 248781060
47907 147950974
23654 612043317
23840 355138232
15707 509941811
7722 297582081
21022 891154680
20521 318316184
45433 747072345
38914 370332780
37668 988433445
49172 34737156
21236 106585738
35705 707296280
37040 796867624
11219 960265984
34398 498558502
9158 911640732
17197 787950272
5800 235701647
21736 61192127
26996 602985173
12487 496894590
44296 977854893
40316 705792216
36059 566539022
26459 932908519
29134 881213973
7200 780728369
42872 310782185
24875 139338225
11748 829099204
1929 573953022
11956 397085608
48371 618871037
29466 194599251
24733 96290487
37414 726857144
41657 668077890
28580 65525619
30798 395024323
38017 759355674
1329 910038300
14991 996703229
2131 160915529
2316 286626182
23957 441605624
32455 549065577
25988 799065854
8192 967131204
38997 51247516
44577 571829742
27180 724251759
7840 739339668
12049 67467943
44292 897008440
25965 374429593
23446 986499823
11456 801386746
43157 102870552
32272 254650228
19735 982236759
2129 956201218
5510 461536511
12431 312124637
44226 212298966
24552 601285901
29206 148079288
5015 838977727
506 170775982
46668 983554760
34129 229389742
18890 914476840
49492 671216427
15679 995057666
44413 740451824
42365 221616827
30803 984131208
35935 545553260
36212 691981927
1463 539531592
12337 510504228
48344 936129556
7644 447221982
49534 729942175
10417 826358061
12006 528761137
43118 415228014
10104 398503144
34255 97807368
7549 544796186
27831 905523966
46345 84590061
9583 259505004
49756 604450637
32340 591669593
27030 515791256
34144 809024043
5025 134806818
22555 176128971
21949 231002469
4154 141019352
33648 219368875
11417 329360929
13123 615356738
39495 506041927
44564 500602662
16495 91944714
8308 402928593
42179 83044237
37399 680666907
5828 20667027
29020 266207575
46584 989826759
47032 533306127
49369 354650618
29599 77209915
38566 430291681
26432 921178721
35358 522454472
19673 396582958
30835 186003574
6178 621512389
49090 906441770
9841 988909039
18434 74557566
40562 228151750
37383 957878748
44358 341223404
491 538202794
40904 523910574
10556 547828018
14203 985964381
2965 695863890
6282 237324128
1059 246365797
13417 424653964
8514 740442621
41706 304325813
12996 716675592
17465 541230884
16768 524875497
9585 356474182
33426 552919577
4213 634955171
17029 294382922
11586 920572371
48496 12583502
12061 266173221
13924 100729835
31210 566046246
23203 158437652
42654 869921713
12414 398559516
29356 896729007
20334 604784348
27024 546607035
21592 68283958
31049 963201260
40863 270501835
43902 943914524
42822 653688792
46091 968278234
15529 977328980
12326 876022308
24407 715885388
35954 171462975
21109 2233137
35005 349974383
16551 458959835
1654 610399531
31913 452587879
41120 13503608
45035 69633120
26319 847514842
16939 983156778
48283 428401041
21239 888373376
15838 316700400
18163 641505711
11165 482766893
28617 593328009
31606 830071852
16836 309973452
21459 807484602
1469 933439307
30918 584957354
1565 391098010
22671 525190494
42961 331983196
26359 212006051
28227 385793963
42650 460294875
7552 924226329
18079 814800176
32072 117499869
26937 178747082
15735 970828598
41273 320557360
20573 175461509
49233 285949389
5199 500662782
28930 200211630
23554 834415776
43446 184353808
46904 699778320
39856 531465733
37953 795295604
5086 554016538
10218 787990155
27128 293639351
34125 40364885
16337 16592562
6522 531323274
24081 872047099
49263 7207839
36378 672368988
14431 823796828
7547 46470549
41017 713287910
8747 174883367
4133 729699978
24048 676655657
27651 865683530
12157 117898878
33895 523478839
11180 256781936
48912 226069379
24177 704886053
48788 52356708
40772 132605909
22301 939271964
9606 449173530
31018 779955972
33027 910998286
22399 219335794
20873 13962158
8311 364608512
41069 209427681
16566 635831198
15314 71661849
13829 839088304
25608 716513828
45832 750993174
31249 291089713
25078 501225455
29472 650189064
27741 248080065
44726 935105465
47618 736377188
48934 92940560
868 572931019
43219 511106397
5867 367096140
45937 5089365
49738 198978917
10922 884784927
48093 944567053
6891 784210662
37018 284665522
42395 790529997
22218 58513302
2277 962893766
3517 216735311
36304 42748229
43527 786004635
12570 303485199
32773 562237522
17891 194637879
36328 378065565
14904 510622287
16895 610466502
40671 613715073
24240 672927956
31404 795662485
12554 587957259
30995 564248291
16657 884801202
36529 430831603
10418 322900522
13951 949402618
37635 339378050
8645 502853523
9774 812588953
20449 94933866
8890 947509537
27330 249370701
40934 728719228
35151 450088873
28937 581273946
37871 98095578
49832 900475813
12031 555222577
27197 744612223
24329 647067626
19044 718765905
48329 462690848
43113 526545278
3180 707087477
14800 460774204
1396 814499463
25947 826091076
42552 563428823
37582 603395018
932 272307538
37803 815476307
15476 293515309
26972 169757871
6921 343624843
31914 885523716
28394 14320682
40554 141681788
36912 894922772
10465 920941026
42507 263489499
2429 220077698
19301 491715673
42438 303348468
12790 542855429
40323 906962959
22386 143200084
30725 994551072
40682 844865635
11691 400047446
32515 542666833
5650 620188335
16319 370945273
39678 508898665
34695 157387803
15808 12661930
31009 371471978
26171 495929743
39624 190639750
31797 941084440
34609 715386624
40548 956065172
34791 29095164
29312 28916564
47109 82294800
29993 346633393
9515 546533315
5592 866577369
24442 105636650
27178 996480981
3379 621982048
189 920941244
809 813279639
29493 152141945
33169 446265381
37154 447373361
43776 611462052
44979 724404679
17837 607802345
36449 227854829
38117 995579705
17417 714042544
37407 969121940
15499 521918139
24703 204866158
41977 246834141
149 329965851
4666 483257226
19226 282969127
16428 821173863
49416 893238139
3356 456515000
22068 488708196
28069 378217358
44736 746517022
31215 966557543
16329 706367449
2500 683971428
19965 988229512
16158 438317958
24926 617610636
40008 986540718
22869 633014739
2284 63486817
1672 900427210
38526 23190420
24216 964701821
18216 861213067
36720 737806227
12127 211365337
26422 903385178
15290 189469995
25647 950939325
21081 358616958
6681 718763447
29115 121488249
26104 928438650
32068 428789110
47681 464971503
16306 886484217
3873 81334871
17391 906355130
27958 199511446
30599 476276319
44241 323740296
48862 624441753
2154 829096338
37519 144512207
18214 814401005
11752 155543237
40109 105823654
31760 90583399
29216 46388815
13521 445463140
33133 170085724
22541 649564088
39613 835426983
6065 666919024
42079 511085318
32911 715972772
18452 992273403
18362 83426041
35077 915977235
23737 923900626
28717 899706884
33739 577908582
22936 336152815
16828 145421564
19991 869037733
37185 856636011
1793 547084486
37927 796888221
16846 815924816
20950 688683883
5457 217724693
35912 226345207
3574 482853065
14972 267430239
2734 578487427
1139 148700852
18306 295926489
37452 623033240
49529 811680146
48431 321868476
27899 892193886
5977 966825572
46711 727670397
28802 389822899
934 731024552
11832 542939384
34231 240660689
21921 568092896
36969 500208614
12568 308031152
35188 683916762
23668 792875431
27429 579400895
37629 394180053
45406 368395618
21449 423851724
34032 328813157
28695 744161899
47653 592690644
21534 225511843
27206 212673454
21424 948748308
40126 638765159
19739 856371683
14958 16311794
28845 499064468
32866 909828076
5274 433979814
8417 87096992
4563 999542708
38096 179234004
30033 263723563
21323 271427677
30579 421606058
44202 768895172
23024 532979509
12873 341004986
7153 423637577
44435 716706458
25981 329053163
30319 783696587
8816 839327561
16486 292464918
23813 518319994
9347 123556612
32232 935538618
13796 661199041
12320 467789649
31410 430737808
42025 728778935
26058 565837830
35971 991627952
12764 111360826
45830 504117793
13553 15079
25610 957276138
30739 880867415
17616 796807189
11961 498648106
32917 549475726
17996 706617881
36060 80597989
1104 166716769
48827 489718839
15871 139491153
3030 791210743
17502 563049836
29480 198177059
14849 520678483
8641 207762558
48497 108233826
30354 26198277
29073 414397151
48857 759029589
31543 979557202
6195 381937482
27462 68111840
6604 260248282
19711 20889362
3505 6826406
27824 864242821
26477 957621271
34411 49485379
18309 614344569
1127 960835087
25301 232308588
28014 210209972
9540 343489443
1446 487080061
133 713741615
19416 161129077
31568 451060758
27751 961744878
26360 569843217
40900 619047007
4388 641733029
22021 721604724
16206 191330291
37989 672544928
24243 944865314
44431 514160505
12821 221860865
45553 189649937
9474 542648239
35316 758936311
6221 780350936
47330 917871994
33217 149426972
16793 500046507
37701 727055920
27279 200346124
24833 441747328
40742 555571677
36082 992704557
23325 995479486
20686 830430773
47477 309144084
36184 57596575
7288 108671462
7977 462921881
24194 445892785
6786 17941119
14772 71789926
26743 514631396
25412 159877921
35503 546032252
48878 355931731
5352 305716973
38522 773438889
3397 905841382
46759 799951856
49868 801575712
35004 4657056
26666 560854597
17889 898698284
7684 534584481
15994 891216898
45567 941037187
4098 972202085
41343 628889750
46339 95718226
9135 264192357
4629 921013951
4679 409813185
16575 456277793
46554 932014441
41602 326779639
33820 85129799
10998 875505266
33939 463172514
12557 190565419
26565 649043316
26825 715702906
39965 278588744
21451 483229085
37344 353721099
30771 472580580
14469 691430844
31350 327487191
31028 144098890
32285 518111571
10915 790900993
43611 18696610
49220 152856144
22925 449404487
23512 61630775
21161 277915190
48214 37356716
41830 875379631
34623 484434029
22095 671006211
9618 783698818
38732 387813660
39276 967461850
10036 385712579
46490 180353094
14583 523397515
31358 701291260
7257 738316780
39607 622765431
41780 580239263
25260 786732024
21494 994980113
34018 375194545
12314 325311630
28957 240208426
49478 237786070
14966 27996254
29765 124348612
7057 319774558
32398 122321995
396 572458596
37145 232783290
5922 732229677
40535 655050382
23553 563647926
29983 182545199
26444 344500071
26719 54061642
11466 451218475
35288 77207340
15339 897601026
27093 452310021
5707 609526298
47350 175795570
5492 206774296
26283 891802643
44622 41682758
12126 81484528
33526 81636651
1378 741635020
41203 614970001
26794 920572131
7433 184546189
35198 404125873
25673 557153411
7937 37839440
39700 404267335
7923 960450535
7467 45651690
10927 589293124
18920 569297784
28300 134089466
5285 500640818
17494 125311724
37434 815563102
42125 639329794
5669 132160894
33880 294774816
40185 988062497
29626 495275066
23479 839420586
15702 454305400
38097 900391794
31408 485165429
8906 33953887
4025 434114091
38965 896752915
4613 408384760
16577 357615254
5119 770539945
42545 583767338
28723 175452707
2906 586884018
19176 875187696
48404 492579569
47922 179760918
25992 607467789
39115 680755780
23334 84315349
38303 700875540
35961 205435784
15591 583814045
17406 247365131
27498 73689735
27133 733374124
42094 942657802
751 835209963
38014 454595773
33885 641906916
35581 572545665
26573 952710091
29931 518298174
31453 452815807
41543 217872870
18121 401997129
1144 881806137
19535 460743990
46197 148662156
35182 352485359
14412 348346390
36927 394149632
40261 152132973
34567 344126450
8151 690780758
30157 377833477
32880 788236442
44899 638794306
18873 551256823
33124 46595668
43522 856819362
27965 438816316
10640 610313140
28790 481749620
26445 54679596
30469 586764163
36995 391762360
19406 866793107
39762 369252321
62 846702158
33660 184357129
1248 248125272
29897 420354988
34571 242770053
18846 580251935
15411 870834883
35999 665334797
31521 839183712
41835 600483944
45736 168013554
6250 591473372
32033 838956129
36403 925356050
43609 42394885
13157 521282361
46963 400465513
9876 439716999
10941 435520403
29498 37273808
38067 704417969
45728 74867134
42472 102023905
29718 540971336
5322 26966409
42877 859194669
41239 152715623
25961 520498813
35427 641832236
42193 47744179
24253 356630850
19529 92711551
37275 353139212
8642 238343520
27034 47928806
27106 920430288
43143 414836418
33790 876256581
10899 582550471
47100 107265836
49712 657959165
41271 67454021
5075 954128804
1655 932588518
43947 182753989
47242 189071060
46096 646706008
34126 865013558
9502 110885106
11673 889358061
16175 221416349
18488 478710628
9989 54729379
28890 165741759
35991 202064978
9840 311677940
16430 875651346
45753 233976535
38177 89261835
30054 286282846
21600 55677397
15983 274273466
22771 137327152
43745 589617338
28202 425109027
16394 155503524
41142 985770356
13006 335545296
29278 432604709
35044 146803351
18107 507350495
38156 893949755
47347 484574278
13420 193549018
19947 140025763
46046 718439832
47250 967528037
1492 296462293
34497 292839049
47587 913172120
4392 698538075
6247 316480408
26737 10553574
14379 182297505
19655 707721162
19257 953899655
25894 301608184
37469 542663850
9232 35549275
2102 728883200
30666 383802448
28106 535763364
16300 196600218
46384 660904365
23503 41167294
26144 518192130
2757 44208227
40313 611659200
38208 2282553
4177 333537387
26339 316539314
48891 758575140
40661 937681961
9517 823163670
38966 562671849
12767 956783321
23232 646811449
16331 930087470
13892 987119066
37069 200682637
10880 846317401
34691 44364906
32312 686499870
4442 936806908
14883 420054111
5817 693112495
16839 22012263
959 697132505
13162 12474808
18767 266835197
10964 821826226
21415 204822255
15790 435478481
48063 832275593
11147 76585628
22031 480583766
48327 956603312
30523 137107524
3954 496555849
6071 659058996
29534 943181861
46992 5116235
8230 821282742
19787 174381569
10553 846114916
26612 450295394
16216 715400971
26910 277194267
26812 365592919
19680 328202811
43431 809353300
41136 46172875
40197 244801331
42955 641729494
18236 171763483
25578 389906733
38920 139966592
34700 319197423
31999 732010856
44712 383353491
45390 801719425
28627 618105192
36842 181552502
36024 532011247
6513 340982632
49468 400005853
41171 722132370
32563 72480490
23857 26912715
19715 508835438
5857 11771181
36479 904256118
17448 300614541
8853 39095044
22061 299198581
3728 633533984
16976 575231680
31443 99613217
38201 463349716
28443 809523701
4918 886706336
47016 771217161
5693 94768814
14554 496507769
39998 925978920
22097 554681427
33719 417655696
44953 971484494
47256 657053738
29227 150172681
21749 172214980
33036 964626923
3683 253041275
4444 962132947
34167 875435035
39385 764409161
49749 767867378
25682 39437749
40332 299593962
8388 926187835
42242 86299493
12607 156278831
28540 231859518
47822 971901499
33415 935915400
37643 557973621
23977 244450018
4644 446642073
10023 918546223
17994 55249698
41408 787372598
28243 810679784
10299 231015369
48367 884006191
31 645874136
10834 311937255
30401 383785100
4672 48826716
21846 450940052
41651 852249927
39563 628876202
23455 745011647
44539 254436589
470 856582391
21810 969207530
631 969963120
46552 416137752
21682 450998315
13519 69878897
21797 576279664
7468 320044677
31052 94428966
23646 433306431
48361 329722754
26384 206654530
44663 149866734
7437 313471218
25223 470826795
24479 239000159
13365 197893275
23948 163833947
13300 142176080
26485 848651406
32198 723558680
24980 861082550
22092 684855353
36395 538905948
32676 332949698
38967 185824085
49630 561888652
32263 23474245
18260 137457308
11453 166148812
17175 595160429
27669 692023881
5626 135085270
41518 697982154
18638 382086876
213 445319926
30205 937712164
38983 80234421
42974 358402675
48220 951152956
30106 620640718
45668 712036405
38836 773715598
28445 71259265
27431 974557758
40570 835303437
6175 529727304
27996 468531141
18361 609103400
7809 187595188
3931 413718997
49857 222057310
21125 393677323
43645 683571809
44186 519927452
32418 692571174
7195 515275637
26946 687831864
33429 685776031
23123 475396814
32468 792287343
33360 585885047
18717 210531862
10166 597538122
35296 321202459
29100 326290442
31225 351372118
1818 312535211
24551 571689104
30735 668206286
46064 541757557
34106 462148351
42628 31728114
35815 321591465
38346 990831616
13038 12179026
38648 822897891
47181 317771368
39214 2262347
46277 198323217
37707 494381127
5177 90208366
37318 442899490
43601 643827602
45631 293799728
13137 946110603
26853 843879268
40727 713055267
2104 244070006
46501 686162492
33176 22059986
12635 840236819
2403 266666863
6820 233204511
31051 996268819
4961 423315528
10087 833289581
36546 952484139
28418 491967097
28066 51987197
29408 604986665
46102 732139654
49975 453922277
25394 469351128
48674 934414365
40857 322224445
21172 687444201
35461 607312385
36263 727953742
15253 124660594
21439 304197940
31763 241919034
15353 627248616
17387 851124325
8881 70237461
40458 733377275
46349 236301623
40029 769844471
39030 91547032
41679 927800540
45164 289239613
38781 996645140
35082 347811544
16019 526432626
45468 617579062
12902 192230609
37322 291618452
27562 702472288
33357 188735010
24533 769709421
11662 50935013
47696 258881496
21049 46065513
12791 166738898
2866 351517036
17712 382137163
28147 722895378
2854 955885961
23000 36211198
47270 908492146
14660 411937250
21537 23962933
28658 100873302
45976 578318486
2106 180434833
10590 975057589
21922 397030841
38945 456437223
33064 597598464
27120 630192000
5137 627246082
41072 537190670
44402 77500997
11313 191086753
20611 106069937
39376 609099312
48958 586692653
4231 920501062
44880 695431294
7964 449684574
2134 978239986
11473 702587154
40443 561014557
1006 114543754
23987 937668239
11652 467649229
17471 168441670
34242 392854665
47793 20056330
36417 644291867
42120 107970966
25877 876376863
12652 76784328
41093 245554932
18659 935188735
22032 816946186
38610 704034609
46778 244254155
5797 139311357
48271 156023552
27873 262983471
3982 203603533
24512 375211019
39614 951380250
2797 816015284
38209 379558513
38255 976004390
1019 230787154
36033 258365428
24543 57196533
27840 302339771
799 707966451
35276 780341498
21247 118068911
24130 39033759
32050 75469579
27712 786587360
9619 581626108
18411 942291590
13626 648156874
33542 701561797
32158 791434102
48852 124561751
49589 11233633
44190 456649292
29303 381041684
13878 927665717
25919 40398617
29893 657335694
11445 459483421
27944 895758035
47918 877951175
36452 521034907
13620 83525602
8749 591755290
38584 800043731
18153 971620159
37342 931420078
17553 603853252
30591 231694186
5746 182554120
24355 747066809
23039 277915201
20937 633926574
10232 273947808
2386 484397529
11958 398092048
24823 467260584
11228 959717244
24427 784189394
24491 698088977
36873 776887434
43881 454531262
16154 839086250
30609 981640612
10460 336061453
22240 617479287
40429 363414153
978 906142818
26470 744262384
44155 872805984
7765 700193379
23087 389975306
45891 742191825
44062 703789466
6898 387155262
47552 797018703
38509 189908500
29328 616012534
32991 274747639
48781 422634502
42605 784815143
31909 348357882
12581 72750475
14066 293278391
287 163930348
7108 386825794
38630 408310469
45009 127379010
25687 156431611
28021 715038771
19190 832082489
8408 585655583
16381 609212057
1758 174587920
31502 820204453
20492 975250337
45650 530009959
21739 74147453
29689 885499683
17861 455877475
44888 150771222
28089 241343820
21734 62413506
9567 827180252
25846 380444491
49051 293363145
44097 528792210
29311 85017883
17052 391694924
30822 389094304
30924 29006663
47080 211684227
18634 525593437
34761 896218391
46503 910911494
28681 456254759
32939 842380291
39666 541838434
35286 696120576
39320 769004467
22159 208677415
10566 725498399
6874 674459258
1854 834620597
17314 468052924
46612 993478971
19868 380106150
47629 252286857
48905 419859983
2793 919049431
41103 89639812
48150 773393675
9596 462204092
16953 195038424
26903 457852296
1582 528410053
19783 455503629
42757 48782193
2530 330110161
3607 178409844
10385 418949060
18509 961847624
46579 466833072
10484 45364451
42044 113456618
6418 681255805
14646 467756223
28819 43053168
33892 914615340
42890 132598950
17594 628341240
26782 758477797
30283 869022503
5737 177567677
39063 158151263
36098 901147076
44175 25630110
26924 712527423
16002 126943330
37247 428409660
21017 900374067
45970 896722636
2670 707351499
7417 537983072
31014 27818926
45576 384575192
43939 385831349
24821 867317257
43022 185502427
19771 974187034
43206 308255506
46312 846897043
22957 371369889
38796 33584602
23043 739282489
19073 116218091
27233 434421529
4148 236652534
13920 592641943
35916 795480804
27676 376377552
14112 460295370
37569 724579630
9720 749478314
31992 190222873
6471 47693627
46193 269824276
11981 399493177
27829 716019626
14954 559928086
24466 879290667
37105 597640102
3244 662653614
35468 263757734
21477 483384657
2410 496791604
12825 871612799
37142 719735774
21083 93048407
27632 281891400
10644 5864496
7184 691398558
14545 510288256
33662 81455384
7810 799307287
245 978608612
1827 104897650
169 347647997
939 713834910
43556 446070346
29125 768229792
38547 770410546
8972 535668874
32237 445661990
49266 343130528
31757 113020356
47189 270510747
44638 710516769
283 49557388
25274 173536870
2337 175995585
7723 250046102
20118 183664644
19389 487518800
38857 706899356
25308 326901325
33848 988401366
42054 844281699
48703 731984638
1256 707977237
37692 726703538
37917 577504638
9287 823976156
46920 964125249
16478 135783934
30704 21973493
20002 367547071
45698 171223856
43554 641218964
20144 413350731
12344 624315279
15584 780912073
22171 920934541
39900 307369334
15728 704243783
36367 790510876
47331 76566406
49855 474410265
33973 345994810
46417 162001461
41291 215128946
29174 362034488
12839 115657506
15542 63453909
8262 319437376
42520 929220931
49624 396685986
38550 229664511
39474 345800645
42036 903069168
38087 45438468
46030 183687862
33636 573557210
45767 495395760
7192 568891256
5820 245577270
32493 270056554
30812 977886577
8601 653993586
48307 91134420
47647 391063356
33057 143815368
26102 281520896
40022 937867277
3707 349631737
23012 813569010
24550 954543147
19088 681491852
38260 940564185
30608 434292294
43176 489891259
30081 184504727
49108 453651597
4312 309817869
19316 47358544
40740 702721050
26435 878203249
35624 12046616
15383 348943752
24921 475521363
39263 118185574
12202 655598614
34687 155780823
32954 985011552
49514 708930695
23560 967514460
11092 857164056
19530 141130172
40374 410630562
35561 156000873
19026 173385143
13787 871218485
38390 175766102
43261 875632775
34130 495786170
35016 631003155
28852 7215123
23620 909425299
36971 209555436
35734 171133968
9156 236597282
403 710542655
43928 204501627
12279 824439087
17666 546846530
20725 164800123
22393 502211817
9938 382880382
40990 417122927
5765 285004764
34963 61401530
25778 782884704
37114 249057792
12676 526244512
30096 828927637
6885 954250743
47951 748767475
26048 570562849
41795 174833189
22321 542974600
14500 932550305
17377 632176058
46724 227000916
43020 421320049
44286 176543279
39472 721216393
4293 436165490
35513 221036875
27188 501613648
17221 491547698
31183 430975574
15304 425516725
46803 113657617
44371 384775469
22122 111154108
5154 315248772
1930 37511383
7627 411768810
20242 953412516
23023 499813403
49691 697383874
24607 427482939
5396 445667033
11298 745117403
48338 38361584
9807 954752132
17537 791387883
10770 70745290
34841 572630276
37697 207177136
14693 513416201
23714 204073658
6505 346622900
27499 336855282
25889 726644820
15076 495651896
2664 364520054
15228 699803560
48462 486167565
30193 370098308
16476 38351958
40091 359771246
29451 487026190
49014 981235628
45194 817240208
19404 332507391
5657 292221825
7087 539257405
4093 405143310
46539 630669499
47734 305671686
4170 880106687
6572 704694727
6648 889327623
16893 192734910
44208 161434050
13173 663199375
28385 231527486
20692 122660779
43561 347633271
26327 757295555
26870 582506883
27780 631264849
38751 484614430
45332 492320570
43255 722194398
28963 328877011
6900 31447934
20128 54118256
19551 116552429
22396 238664159
29195 277050350
31333 486786159
40419 464949952
28868 380390925
12401 686196897
7725 876621613
46801 699867423
38769 346490158
10790 685058064
17473 433220509
4701 201416119
21004 416217099
15198 940998756
32688 471544809
38497 240643211
13929 960402795
48737 234502327
47834 102996787
17906 781313648
15312 927689421
48274 917082968
30446 567029853
5032 757984397
10188 399927017
29196 116046521
4924 639672615
39686 464142613
30436 431531177
45197 28915462
18396 871067938
5284 849888261
27707 267884679
44506 799184334
6183 605484680
32625 802203286
12815 569626168
23204 502863280
44495 870722757
2443 733114823
46124 75168660
4328 627480052
22764 589005076
33119 949318154
40566 859739863
22251 455546699
11109 505874598
23630 290764651
31896 959179464
14270 557475369
29210 148180427
38467 91086559
2176 344563695
47725 799610034
2755 660600062
2707 720006551
14025 829724638
32997 662883499
8551 304402107
48037 731074008
30011 700912232
6599 526235145
7944 738253900
8448 58782592
17910 816240206
4870 50838189
13921 418764014
2753 553230258
25054 543467250
15 993224681
5667 332772084
30402 407254386
49056 868019309
33021 13411825
39138 2492141
27535 562052692
17218 265145715
41351 718782790
23875 909645833
37864 413763727
47029 704556259
16134 403408050
2962 94871971
18274 32215378
9221 792136856
26648 717598195
46867 635317499
3536 875190770
48017 145630494
41167 949029432
43006 455492645
8314 217461059
31818 374693280
212 69579410
42592 220455060
13325 662383352
17433 292774014
1973 900191260
42279 55302442
40950 165599930
29882 500978994
48408 168378881
30029 317867343
20413 607002840
40146 554683436
33063 165673399
45731 80426075
42993 624046442
5460 547361011
45646 77873403
28651 707198379
729 584846212
3335 597577878
43472 49660638
15157 214480763
24133 533030717
35433 908762306
24324 792248492
35627 297650639
30466 36323215
2370 364862006
17947 229008554
26190 11117147
31596 439835677
4576 86830426
27195 12038786
31812 232205303
22181 945339043
1117 938298464
12248 621691850
39473 182840593
25484 450535123
13306 372290933
35073 442115493
46908 146132077
16691 722954655
40327 372561463
18184 341343200
42542 171503558
37816 51538393
28363 995557541
4352 990743489
14398 950179709
38322 780297681
48081 821372254
7243 488121582
37557 788261533
18211 84515139
38179 246227857
21985 477601545
14134 519337434
16344 356813772
37329 68449043
36758 873777376
36086 161311408
42285 11384321
23992 33258688
17930 747157590
23429 276866905
40165 728208364
45445 18105512
48222 618050472
42457 499926200
31905 494860345
24874 918643004
46586 745653669
10167 969272144
36052 829701976
37484 400655870
8531 257962696
2339 23822902
48155 98573335
39116 930391823
37986 174487005
39277 909253634
10387 799309277
33528 347826243
46780 733862037
21805 677194676
48161 382605938
8255 22912367
19609 666997926
43452 93452619
46184 350169081
26083 219632377
3998 636776279
42634 871118855
31872 19578671
42774 475461660
45345 461463565
17059 791706335
25853 436505299
30902 432461441
46708 885181345
34484 713692566
49302 454501838
6511 628651515
33313 295313898
22274 11876574
7982 130526305
3842 50656583
10251 271090026
46783 21677075
6989 372930328
4447 182431038
30584 607025738
49211 552472962
46024 779113661
14774 464816471
45749 339570876
1516 934766521
24268 363805087
19749 813713273
27075 27062540
30508 654241530
11391 871154095
6058 783652859
25242 614269445
12677 848889302
42981 943207004
42443 251307296
26685 469891307
20657 222784681
7648 310987244
248 278339470
13882 605930963
1976 989249555
43996 131734906
6624 228703899
17396 470440532
18513 99903516
36539 904071325
38955 723896244
41735 246151930
45512 299234809
17744 146691071
15590 739481318
884 898309742
22775 961206930
32126 902809756
25424 937088631
611 666015307
35930 584670897
17276 864366152
4592 961560720
28623 483779690
24723 279523950
12476 414901743
7760 917201090
105 373678945
46389 789722257
48524 674497190
12841 323060081
41587 461841608
25757 783093059
23264 982061018
14853 148977676
29393 154085608
13079 193289804
13344 329602362
9929 120574060
7434 770092163
41094 997441708
8108 917643725
9077 217281564
25175 360579472
33530 586230083
18731 785534382
31045 740609708
21272 254303344
28098 652373943
31912 238376520
38004 103885146
17839 907980269
10910 886003915
24164 631053332
39833 797920686
43215 960257906
34957 534516283
32779 694755566
43386 554663557
31071 743724500
49394 430008474
20572 18088574
21597 8207649
40233 730610565
16736 158066863
43866 242360093
28254 452013063
41934 574723045
42781 144681687
17639 740027354
28676 575499365
12087 746537555
17568 577451177
18438 406593775
32696 573223632
13950 76154608
10513 254590515
15528 868245394
22885 254645815
42002 209562513
10045 846551504
48628 541064088
27771 553636982
34118 370408473
7030 601176715
38514 614199734
22968 575456833
36669 278508271
31864 26687986
5003 779365285
324 617267801
16981 976475145
2933 172666590
35487 809459465
17469 503997032
41836 993109276
85 450056170
27635 544620925
38863 189987156
20660 31587885
16747 897449222
20801 418455423
37756 847251293
41612 51212065
29636 742047728
19743 108358337
49287 682901457
46116 624054265
16595 382187254
43711 919955108
16552 134903123
39514 202506954
1136 739571196
11905 99085317
16758 455569897
4064 490111660
2135 509040931
28851 184877508
2783 993212917
14899 304883551
40707 536311284
45193 574554060
11975 99042427
45861 812243653
33507 173182612
19779 840948948
16762 559545431
20567 800590910
5827 226604280
37805 580062340
4379 279657218
17606 299421505
5230 761565087
40523 837970219
30309 832562196
36003 362189884
2821 725753487
19239 113274105
35761 909321737
12558 998002124
4069 28527772
43891 645079382
49767 550929050
33942 59802271
3802 111431846
46681 237248910
36314 895427799
44837 35244093
22535 897156869
8555 432154743
28687 590038471
32915 695439306
40690 347482903
24922 898696020
39288 791578287
18907 949383586
7794 173348887
31294 863827911
37271 75250708
46086 99157794
19034 39857720
1150 521020784
27460 120666572
32017 211431403
37554 799880897
39540 940134270
26517 39772487
41832 916527770
44787 474258231
45394 466725515
16617 706300977
36492 601323193
33524 301201533
39022 121331135
40828 932723213
37750 927584939
3501 861285743
15625 740670468
10266 596375402
36324 579598716
16797 206107920
7139 815195155
22585 990269884
39039 111507276
12289 610063629
29645 443488356
10617 866073167
30900 167061395
19654 38406213
44020 206215691
39558 12409506
46357 215383339
941 673375887
6363 524906760
40144 333144493
4837 34286704
48892 541818398
37048 680481922
37992 944073580
21089 654106476
16933 578518977
39803 479302302
49058 851024853
21585 510184541
11922 901408454
17847 158743271
47204 606099190
34074 705087047
48059 494044690
31118 33191970
19322 699978044
32596 45422937
3243 993014476
8916 433601444
22911 291676450
5014 554113009
20811 154720422
24433 657632819
15839 906940691
48915 888329348
20838 708943982
46406 521671266
41920 316956639
32401 724491264
43708 405744785
19363 302752251
45957 610855167
34641 472870321
7973 652737943
33442 849399352
46922 45542109
5036 874851147
20643 106568181
5121 607396096
9036 550184697
38445 265923806
31411 312903705
31942 167570998
28780 896091016
41188 516194502
17238 824995399
37370 421451306
30018 802409756
27310 242023314
190 728172668
25022 451570726
30460 541606229
28149 839407879
15565 567071733
3392 699427198
872 114321272
34459 559824747
29573 336043953
42009 117575863
9900 653149033
43592 229049237
16127 295404533
321 478495349
42216 950892042
43917 335251077
2625 100933024
41170 510126438
20386 669926591
39045 878007182
5658 64271200
23959 531965170
4070 347753230
8790 362136575
14496 204119648
15818 552309164
29611 677941585
38788 552556773
35721 817809547
34710 195802265
15840 652316261
13600 386261000
15306 700109995
14764 159636278
46529 810005733
45393 142182496
25791 944348545
15452 108424275
17857 403184704
42240 405836670
42608 819276459
39485 584563357
17608 648528176
34173 657881146
41484 666750110
11316 694254869
1874 454656596
48434 487633706
37464 267147457
26813 273945349
29310 299787954
22788 758275612
19330 805358921
4044 749887593
34190 952691945
42873 426357590
44129 812088564
26745 671521048
48813 123081251
11898 209142883
49403 66483092
49006 371354034
39544 602995229
8406 518733640
26206 183687424
919 19370926
44884 774353656
28241 544877023
41797 343286998
29961 442985066
20228 282147031
1924 450738101
29288 183677170
14370 165252632
45082 33423969
24759 501409343
27336 889006847
46392 31128002
44844 234170298
16336 253775296
28356 905683691
33607 458426674
10794 345759286
3196 89596172
2177 588415903
34492 783546650
32446 477323472
48715 399014374
48607 583971263
49998 658610959
14169 548399759
13403 432333078
15048 928220067
5681 57209338
40006 910433389
41968 409861523
41674 969914629
36788 196477086
32796 303007434
45480 27006220
9078 826923704
14830 240880617
36258 646147975
41762 588905156
30563 707343036
43845 553258168
2660 304505909
14695 361881311
45166 88936618
630 108951070
22005 339228348
36648 881042459
39797 800839019
39086 311636665
3459 243035796
46687 948996560
3749 283670100
14372 563130204
28785 721313288
30532 7832500
7660 850064877
15328 205252142
16384 560574869
31347 859329761
14039 48718192
5192 261223261
3937 696480672
1018 526761258
31499 780056498
2805 600043159
11727 740678885
703 983105329
45219 489318905
31692 505418959
33659 243576379
13544 860814454
30242 334219624
16079 519006607
18252 348803455
43683 982631253
11835 858364940
15377 435441878
42335 517331966
1703 722051165
24638 763985472
7390 573111998
49842 476038590
46674 833636627
2035 394454579
33477 556284537
31941 563301620
47867 865074292
44079 628828805
15124 389092837
19267 437661388
40030 458092316
20426 688104157
17980 305711833
6810 56681940
30437 599209367
45457 667702355
7881 218239342
40167 675469949
1114 877746168
20711 945729690
29340 382270984
34636 722496823
5332 382085519
15040 317991013
26605 940883215
4476 426588726
2287 689741053
16968 902090593
15105 455682230
7286 756613984
4167 991265616
31021 231394587
47896 61946105
2056 468730641
9266 105183746
9497 986367801
31256 294644133
1623 531874016
8423 261505913
6563 301574529
21883 524408118
1323 922118885
39108 286524667
19131 335501823
47185 652285269
16193 573486832
524 110063949
6102 585709351
13939 419925877
29501 116367720
43742 499241819
16250 410053943
36054 961382108
8785 964138142
6512 271458683
591 670610439
22451 326067312
14331 209596658
31756 628615053
25986 583412554
39602 851879595
31769 110627418
5572 594540648
16273 881820337
40453 294344
42444 271156267
9004 701539863
5753 28734999
34254 712612750
27063 474352916
38733 943316564
46571 425017103
7943 923026358
16207 275097877
22828 155673468
9947 318909653
13664 931127594
14736 680818810
15987 364194019
11579 477122082
38896 241896962
38860 544956271
24481 948256403
12745 847568052
26858 100114707
47053 609861882
9923 155217106
42627 607467238
28266 979278062
31236 853987528
49216 400552439
566 369768040
4656 119869163
17445 97672914
3901 282264154
19671 428287098
19270 93320343
9752 317438747
32695 600428513
31636 642249112
8596 887693272
32195 687332573
49448 904895274
607 384157444
48331 441196827
22511 175424223
41787 735876983
37807 208151707
3193 871239296
45341 306507755
39865 751163407
6859 295706967
37604 829466916
19154 765504948
29639 681700622
7856 225126371
16132 556811992
43229 359150023
47033 280961195
34271 222055347
45330 131676208
20624 921917371
40050 673070737
3551 120665498
25045 315284571
31456 425858183
17532 649645935
31129 955700008
43412 145064488
11654 115796012
32863 282492280
46991 698788276
27488 154313591
11312 993689402
47060 379577173
20391 379845898
46505 222746452
12799 835427956
36159 62211564
41881 307309304
26285 822234388
44924 336465906
29648 886339575
26760 520003869
30707 302929239
38988 226549921
22517 729534176
14725 655440857
43853 61911273
22404 294157286
26940 779559164
7134 572010059
10039 975322643
31172 966455400
10864 61860622
11733 967428858
5702 571882306
14416 851077448
29222 431643535
23591 657978454
28956 786645045
832 278004803
26776 194421621
46475 749259636
45095 885737155
27581 719397023
42388 409882027
17379 102034281
24286 105801366
38535 811284812
5299 678741890
11527 398296833
8806 225074789
35623 9248133
3359 951827039
9904 816981622
23576 488873834
16989 302954613
30049 483545347
22214 580877989
41791 239559761
28501 650632345
33994 201912519
24589 863822169
21194 60672344
10918 325405790
22753 479049884
19058 834964165
3190 555658857
37952 474911126
28554 37687137
42410 930107833
43484 79889881
7534 919789561
29525 134380754
39379 637712338
42454 143525746
45120 325936558
7544 804806369
37912 510129000
9984 853719306
3843 322895610
28970 861791593
29062 861309033
4440 34251731
21829 998338221
10690 303037123
37163 687315106
23328 779506901
3623 309868689
9187 742501309
49261 337970139
48138 401007597
39113 378074250
7501 277441408
2760 730329441
4195 773928406
9856 662879012
43915 98485102
27641 205982367
18813 529531027
9795 604727905
22456 510790411
47924 686780021
38331 732134631
43927 914469815
17459 709936303
15003 742260972
9323 677446454
18420 386263838
7550 990961908
18833 233182325
8164 741730332
30884 598419972
135 447270755
21073 215228708
44259 577966585
1115 199153865
17840 164843211
25864 970252511
30131 650690926
3352 583169550
27687 331810974
21998 412699072
15850 671026916
34063 435987758
48077 282153418
13744 709411051
39269 954112179
44389 22472114
9912 75237619
5755 482232988
20284 359276803
38098 29350499
46532 593282533
29054 255718505
45112 667037725
14577 168584602
3622 836174194
977 561534061
36351 297812038
3010 16304026
4737 373323868
16305 661990937
42398 651898472
18004 934391417
39523 33732381
37552 549765941
2447 224667694
42207 309092209
43292 340815400
12077 214798843
32039 966183438
21221 35979940
26803 876971111
47298 227647899
38607 520699895
24635 144581422
16573 349484079
19723 115893730
17130 662068255
35055 62525639
15352 59617050
27647 912851155
22562 475933253
29952 49404130
39937 42424820
44381 443930332
40945 309152571
21545 98332701
37387 694033639
2998 201305397
6528 758235170
299 111472750
12550 705296620
6992 604257214
24110 376637940
36346 542084872
29531 96455742
24737 200806924
5037 334763371
16971 35892820
2955 858102233
29438 53025477
19433 605018785
15448 820139770
19800 576713435
33320 535920152
30659 926792671
15281 929507878
16379 881736128
25696 896456916
18255 865662987
42886 873868671
19383 639318997
2747 922982426
28205 759095040
37530 605102444
41113 61007303
42369 106286370
42578 182972948
17958 977712516
6919 967229848
40407 163777301
26156 189729265
29023 506027338
23994 608332340
34064 190397309
25084 720870311
31994 359322884
34759 858722054
38706 542689179
31971 98895451
14029 787212375
37981 166891323
16255 546622528
39236 261126412
21882 81026444
42683 927338015
9976 406442244
17011 679070390
14089 719719942
11478 668273403
34886 854050374
14448 847465225
43810 450443285
46159 886637874
11291 974232332
29809 826392485
37406 745942148
16081 962294979
40951 938294075
46937 52611898
16301 763903864
13566 314829418
15975 772714763
40944 777546622
16271 384024710
2919 479845954
14317 150212749
14534 332721991
32901 232614995
26491 405674974
49880 914258741
10333 902608755
34192 528871127
35289 324339625
37465 468473781
41264 107971265
437 554327019
32770 190387994
45192 344259620
43208 292752652
25669 170944833
43769 778231972
33270 887899057
44696 76567256
2993 395238584
17547 728206826
36034 833816991
10133 355717748
3284 243369344
41352 293331410
38565 519366851
17470 676323942
43442 446718029
36552 5312462
35210 337997859
5956 393133818
38171 843726139
20602 4631783
2905 77287950
16356 980746041
44322 951961103
13192 715830668
40132 64426003
36331 650402915
49584 576436177
24791 941921620
12439 594333046
29557 227257838
25691 33014277
43725 167427709
28885 457377063
11800 668016759
44268 66583863
16062 65282584
20026 444142024
27153 399324611
33218 497999555
28359 798365707
5836 978550808
1171 417195733
785 920347724
17176 364222119
48160 347917455
32790 372269868
33878 593274970
28288 117496402
33499 548340595
36856 32422501
40688 625259308
14149 601722618
12376 796394981
32964 993640581
41731 738181186
25793 451655250
4579 240037309
40333 281381091
3805 798872108
30568 593718415
6694 535941636
19863 551695530
28392 170820023
44040 103911889
17604 642483620
28092 225741001
12626 954209955
20459 348673832
9330 609355956
41442 434572165
42895 39440174
22497 686743917
5430 726272270
26475 961074595
42269 44047983
39201 500735980
29807 700520861
10478 171940308
351 190191975
42540 10492655
28009 348956083
12220 605551897
8138 150677311
28006 40135080
35341 28001402
29725 316311813
12484 994423977
11388 769489787
1994 996581112
19954 541797129
9195 324843117
37911 37352071
13343 535112552
35686 130644548
43059 240439304
43331 403200544
1051 932625668
26625 269645439
27563 355512532
12016 37518215
17869 861593002
34180 434319293
34907 135937527
30654 881358351
33551 910485238
27186 654688544
20458 786712948
6974 83134243
32849 262793188
37254 518427655
2808 250094608
10196 433703861
44952 203617140
49912 663594800
19631 578150471
44825 797146501
43912 510643104
36400 986570577
24762 288120312
34620 233361547
12612 64181640
46288 564675899
7125 214374490
24061 853004367
40270 670749889
24826 642559657
11488 615855575
16822 694592664
29506 575701487
32585 676374618
9796 398486158
45356 160611966
31221 842375261
32347 62762713
45639 103874488
3878 673081382
16596 143662152
28825 950464125
41060 904425842
24830 157545338
21776 687135162
9056 46659142
33338 600982664
10452 955414854
27404 906251765
49496 708265339
48962 581223144
1568 30662366
34678 281816733
18412 23468081
29644 488553988
33207 358180144
34876 677403235
39069 755073407
46051 513742973
48692 709364940
32767 748780303
2835 657759821
9427 689116731
9593 360345885
16531 680911751
38847 635422581
20187 996904050
34696 138241874
30901 246444595
30166 717623783
25739 100485002
2085 883322185
5402 769163866
31126 663695145
9757 479781891
43111 180411013
42998 9484864
16372 100149426
6524 735266909
31149 462318754
9362 74256137
21264 387480265
44039 232548969
46149 32291238
27685 746458629
6158 334862593
43119 14034889
30917 658249510
23781 478401496
49490 820710889
9421 48636989
9530 316609472
3509 676198463
11728 762218212
32164 520266209
31040 353623231
39222 78670805
46913 423223308
17240 631772124
32780 814870560
45541 690956789
14596 218401233
18433 727730224
39202 912550891
21913 715345190
3918 42282102
16829 182745413
33117 155057141
19746 785597425
730 62454858
36293 958983765
14823 840917649
33446 992409312
256 967941942
16205 943580732
26388 837354504
1867 427202335
873 244422602
8524 909659155
32847 315404677
3730 206042186
28172 257586894
5123 764588314
13329 626634986
14776 108574838
47564 337734197
47049 704430893
32583 574312836
6637 449100243
31637 77344392
13382 140306523
24148 143492822
18680 738928717
15784 685012638
26764 19490068
6746 451539397
16146 832558813
11985 315318519
31706 725633155
15749 932510440
30567 906752507
15229 197221800
44042 22239659
5451 401598575
15566 154117663
20072 80998942
37858 829766015
18913 994894158
47182 7933898
27318 125597879
31921 620842416
41843 358666374
36632 562261477
23248 864223648
29659 813701494
3776 596156678
40125 459286365
10535 638281187
32258 488268173
20519 555585207
1912 666518624
15406 27060344
36147 549190202
29136 535574343
35933 543001042
49158 41309579
30538 370849634
12829 718033480
30642 287922745
21773 773705336
17959 944720698
7240 126422991
11925 594232855
18522 448345858
33935 304843255
43041 197664545
46161 309979506
37996 341581524
36618 335386665
25554 775354962
8294 967716162
40016 416041856
26431 336059243
34800 207116610
46851 137769099
38440 85587476
1649 779379720
32231 5021325
30206 20043513
39369 202786992
31947 281648523
30084 498060245
13281 939771395
48099 332722249
6229 12716058
43865 781826842
15187 91212996
43945 304932471
24032 845086804
35268 557333485
3841 535548898
16182 604081475
2634 498506836
8232 755280480
9284 888926159
10679 400863714
17123 788796454
11650 814764797
32938 821384163
4540 79107394
15949 537713174
34128 190929100
2585 548061065
15984 784279069
25553 503068583
3961 111616411
29142 840482546
34155 381285359
45129 494601201
6618 538991624
8364 260943931
13714 334681426
12879 211302269
49586 224070978
11467 218133864
34587 498821951
13769 190563887
8871 653579681
44685 403697696
25296 280005596
29666 686771592
9458 244361593
36466 265309660
14424 128096157
42380 566741739
34245 771541793
37617 446396835
5227 445989699
27345 683833185
9654 487753632
47118 447988292
26116 521637872
7658 246151185
2347 75700917
38280 549113869
25744 843140417
11569 37863653
19765 797013268
35102 112364159
33575 155825762
42927 394397434
28563 614016064
13618 172300811
16123 388571390
41775 279328095
21346 219060022
40646 146275641
11683 345318914
34023 862035454
47174 965171211
19489 537217595
10796 329329234
6986 818854122
18501 140790609
7210 281374678
8683 232314788
35878 252080085
39076 7111489
42982 548785507
16912 598747083
46157 613328754
35725 58723116
31200 467885160
15097 11682255
39351 86739826
39067 401186986
43308 925770846
9803 945910677
19079 235167215
11086 503775149
811 417126070
14356 679384406
35257 858286542
44735 876369294
35491 537797835
41902 376800407
13353 513759424
13498 184330797
26732 192813431
34300 476699991
37192 203146888
39437 297848567
43876 381855613
48187 468175160
2517 24882000
12141 580854112
48369 496615064
31788 499515848
7967 68041725
47382 840263096
22855 149494781
39356 636017676
45924 899445659
47195 805779605
2907 826705252
41258 170058117
34071 489793091
35246 77860207
47321 852943507
14127 388944191
13778 521786042
12639 911128539
16957 919718198
38038 950511251
38987 83213691
24450 521605273
32083 983977045
41930 489365716
17109 316015197
29846 694011890
2212 201186071
29586 807630855
8703 229340421
8096 455169283
7085 586932106
44350 740136866
15752 262389189
24262 705137028
25699 968311767
18647 256746892
11213 712015447
14973 156494245
33443 167214554
6336 946206184
48758 730137717
11621 1454455
7094 377292952
29329 657385150
32788 430807214
11408 340577010
21554 453396280
35514 485011584
37261 379907252
39217 829014861
35213 773674375
16648 551852774
16584 393064435
39535 97603163
30551 19685968
4738 524655142
41452 506289267
15155 472147485
39421 543035421
4109 239378875
39513 693859198
44969 889456901
12189 960914629
5705 187644910
10896 812553334
23215 464891041
34818 931783325
111 257730410
37537 736430177
23787 691757029
19851 236191769
16227 686948663
16754 491766555
35377 465572295
20259 672728374
42820 324556333
28665 215524812
47697 143058499
47738 293269705
44930 630848889
2616 444657497
902 326064235
19700 17358273
11116 83186779
39819 610959678
21404 818176058
41371 559830190
6431 116237127
26561 817424830
32204 936621050
5845 389137652
10642 796801093
49665 20593070
30985 337604916
848 799625631
9091 588276025
22446 988029201
21426 222345032
47789 596912063
26604 702010860
39221 707507733
39714 950718362
9003 792260821
7131 233488018
36755 974583713
12469 554889794
42928 323605489
26614 844380820
25970 845451650
25298 687848250
4077 406652700
48043 777963651
19070 686674900
29141 914547114
4536 725540929
26423 124706332
45204 637825032
35923 328229549
20636 379678507
34418 788351630
20231 721060011
33859 311153101
36437 13439159
10328 569533273
10680 584576179
18801 359353313
9686 465975835
34437 162888345
44681 452122125
7592 133152232
40007 172176572
23464 643776902
29299 505553010
880 35914139
10850 730385232
19455 502724950
28150 599174226
41184 881737163
33777 795185980
15091 887750819
1734 138039315
23218 723113194
8336 261670528
7093 278021292
42239 78992049
27855 733797004
37239 24303264
46241 105858377
10653 530783250
11498 246434278
15344 800461186
31723 494726403
34574 696148022
18402 972256279
184 329252486
26296 330301096
16463 299871609
13438 538694569
2342 85701136
5048 829737201
17014 212960356
11699 314767334
3863 581669971
18734 768615210
24120 810551625
21643 391038323
40784 75288088
22065 908139444
35174 643769235
20137 904312661
31552 168725872
27555 439584374
17291 793267287
43060 80094415
22626 744129218
40352 469025617
37688 499806067
38462 68796958
19854 97980392
23083 105754020
13854 700047572
37757 861490152
11522 525816516
26258 861240228
34792 621494735
31574 976169751
45907 329284219
23489 359741966
45460 147476938
6776 628259614
2385 652206579
37435 752101709
3655 36591986
6093 723485532
3522 194721648
11600 709899214
4678 165674232
28281 431219209
7203 376996365
33433 468137342
21567 109928708
48858 43544792
21704 155006051
5731 872837700
5300 698236603
31679 214329203
16679 184502309
8227 636336518
40955 300486889
19452 64440761
4847 430121206
34193 970031688
29552 822828842
5849 885111319
43574 938470958
2791 615455626
24475 26994506
24342 945079219
41285 706241022
24385 153050434
38865 867446749
6395 100930591
6406 12221939
11544 963133105
33023 164922527
34799 542047768
8357 379339698
7445 898904591
30934 298878741
33106 377224274
49618 205867900
49612 821360765
21645 766831863
18880 11906389
17957 518575929
9429 429531041
44099 964212211
28827 22589856
25219 242571998
42782 810044151
35446 90242900
39482 213510456
43433 719571804
31127 508962645
26889 908539397
13739 810810054
28520 13313115
22194 459130259
44500 429361730
41065 722100665
18837 518164244
9334 885002901
26692 955468059
1571 549251283
1359 161141666
35009 348635103
6428 959361905
41628 608558773
31705 572898515
27134 442498396
14163 309357671
13611 562492333
2459 740405538
33538 722603511
23041 93803101
24073 938367724
2551 826308207
15870 939434608
1636 458663843
6985 21854029
29824 407390577
23582 187529156
44461 981751241
12169 256347725
32029 565640207
48024 675533286
21481 787379463
24460 847326640
28327 410793646
8201 761088158
2939 295109537
34910 980860982
18463 336551741
40012 344001709
3723 706345233
14649 869884769
1658 72827846
27714 722719703
17295 996991955
3032 585301292
34920 734727468
20031 460278193
17451 447798532
18202 60662810
32427 246929796
16929 512424409
7349 665690718
35125 337246779
17217 982438587
31116 327846712
31260 556080001
32908 44020332
3582 925002902
22895 737619169
35277 545051508
24219 564152233
42504 273139877
48505 697403037
11357 540895594
7768 804205365
14989 290508745
41786 518654746
48751 154138252
37853 639738744
12621 156368537
11991 297153313
45101 70182494
29641 662713871
16163 949714735
6557 948232633
17360 412695611
49867 134300541
24082 746092816
27096 497071966
20612 629806391
2830 260439876
44643 725129859
3500 528176562
11719 223529237
26409 891372392
39798 540902284
31289 496625133
20209 495897017
24701 237800171
3236 902624538
25075 470456780
7919 97759960
46290 469095722
5978 623281341
14351 378179093
12847 278779966
40545 169996839
18693 540544274
48340 379340111
28182 292429845
12345 500499134
6323 720063099
43842 964417336
13859 997171571
3133 549218364
36296 712418721
49166 478730818
21971 524066523
35108 310069172
5513 616054307
13930 462098297
49480 201979615
41588 715183917
14763 363838083
33728 152707251
17852 212052485
27634 726885338
20441 642532269
48996 781101736
24092 275763927
45524 440534790
21110 297224323
30653 38057505
22420 997051177
26779 529607952
45649 323461212
32121 132957438
32108 288711666
18164 216019361
4396 892021940
42964 182896850
30723 88178974
45469 288025905
29864 238230057
41656 215452285
8241 609325404
28748 656521823
39838 911949107
18951 313123028
43992 342126687
13879 274342033
47238 927962688
9064 268522618
29077 902948415
8367 690629616
31570 887861558
18947 943508299
36992 410190673
45769 117647262
1506 74291662
46671 622119454
20569 936260444
45756 532449700
28067 252011842
25071 835044480
35342 396498767
26969 679090866
452 745060969
27191 753474792
10962 582652983
19427 262019301
23547 956358101
1089 589426602
3000 166120456
21927 435764483
26571 781855322
4891 722966500
3813 203929469
11382 699400303
32444 148886561
11899 55763347
7990 131275902
5869 955632918
23874 287156531
34151 287550016
27451 310038752
38724 65651240
16044 594141846
25030 951347436
10726 756449718
35235 335069082
22346 494060194
6546 627876913
12822 800303813
19835 558273879
7908 397908008
12222 502713604
12076 412173037
18087 84321977
25114 801864297
4202 364204312
12552 495197258
11499 393462834
46771 542526964
44627 592748333
22528 332489846
9809 558265329
49426 83039316
32548 783489157
28898 800376861
46123 90382164
22572 566655025
39457 737419999
11247 751364060
2070 735752541
45477 598728933
24665 593534337
17715 590138131
35679 284879876
15769 542301032
40103 69078688
49937 238790491
35411 106329708
49759 50525580
9432 946244341
46318 772064499
41541 215937556
18368 648004468
27252 56080441
13549 607104365
24518 752881270
27356 886774470
7997 289896559
1922 675760366
47314 140893993
45255 837757686
19091 125241922
19214 883879932
15206 858766778
29497 793454622
28317 343064143
22913 599512010
3746 604205779
7242 461820579
47674 815813054
13413 509976118
6382 62678105
23430 580977622
10055 826306350
22003 431332580
28488 849221335
20277 555804745
19231 729414932
15961 919299349
11314 323357925
10322 163385505
35352 730700292
43777 269644733
36508 72265104
4871 417852826
24369 859084467
4271 872065622
18442 673099552
43976 605284984
3187 892107849
36201 336160675
38516 631581409
39618 617086641
17256 865388088
32643 931446383
43447 27864729
12709 863449792
36110 407025312
21475 865917997
21156 980467158
49708 961874674
16935 341602422
44515 397280137
25477 658598593
8647 622556385
21047 312786297
1214 309180234
4172 83444030
48802 635116768
19002 242361270
11792 305128641
47366 598886011
26709 183335673
20402 490670118
40629 624538061
11759 226104493
18477 702152374
25662 287848044
24076 746062926
11817 776899525
43562 655169105
44012 886080367
12969 697901830
9560 835166321
17161 264110363
3965 784786675
17026 564112137
38412 366087555
32059 312705972
14994 242390413
14101 233480133
10913 579373760
25475 923811483
28983 580500853
24163 24929664
36317 796322613
43501 293627397
7827 588692372
43715 602284341
11535 650914994
6975 105373641
49388 415300594
28598 566591855
3531 665198101
26093 601844237
16437 452490034
34899 998569425
14219 276800380
6234 912435847
29145 103970778
27916 62726810
46578 573728887
36039 549283335
10528 830506906
39873 723101016
10111 558478117
47655 602578819
7044 418811927
8753 707273567
23816 642172186
26901 460513134
10415 787660007
20315 112194692
14750 377973867
32169 595437209
17366 575827567
17137 221681888
22642 228384221
23340 630868456
23417 375281586
42845 763192800
28479 248077868
37591 110647234
4232 877744363
25825 638577293
42026 702612990
23892 129411732
37690 613782121
3113 904781392
12140 72369291
11410 402133340
16752 660928895
27691 864446660
47581 350123
19652 470530440
23790 680588819
15748 508443744
28569 792674126
20998 565144243
4056 305631695
3147 777677938
38802 114339565
37768 341593979
29911 258137326
47299 392833994
8951 90101371
17403 172835818
4308 498613267
47715 320036910
33179 468712842
665 901483502
28291 980269612
29682 596976751
22884 436079304
2647 990628729
12525 820124004
10293 155311714
45130 602702745
10321 128630596
32352 167651893
14561 225054087
33869 708536645
16977 367897326
2485 301469410
40869 481844878
7942 83793817
19899 902616205
44416 810497235
8409 645982490
14319 617182229
21634 399121254
43428 874063205
35292 72072587
8001 85337056
32245 910242847
18516 424755224
20059 575267156
13035 299502640
13219 120897231
46498 65982300
23976 70607233
37528 469676191
35240 687198877
9146 231531567
19675 868223651
46628 353005182
7082 13919340
24235 629126542
38399 864302780
48078 329009266
40766 147780653
13573 778508024
6680 828905742
31068 609298317
14081 733802261
33034 874567150
896 600230054
37732 818067916
28267 990453826
20927 308899190
28855 954432910
2198 193501811
49234 196332551
23984 274164979
36967 759853052
22522 150576491
23724 213294601
33175 126156281
32502 555385496
38285 732010217
21614 926068863
36168 365691995
35831 460826475
26026 819213410
10302 339054559
42314 236392238
41536 180032143
45405 522740418
21630 692555892
42635 710994543
8942 244141239
39943 623367107
7797 684350964
26588 750807355
43685 907752095
27801 865867495
16318 871985070
19250 75774623
4194 658648446
45883 795925780
42097 517969997
43718 438885219
48177 939686232
26749 205059820
42011 875141136
32295 210970347
34347 468845019
21416 982818812
29376 770916418
30150 922117941
30350 293355702
1078 81856530
32363 545499521
13253 7388719
41080 90891366
40471 765481683
10559 903825165
10233 528480006
24354 256518210
25226 417713566
2193 765259216
25286 310401933
9960 504615096
46900 136788715
37706 835704193
46846 884363936
6177 203526631
9647 751705513
818 960995548
13350 822896355
36237 452559996
27163 634167081
40658 909413885
13840 836540502
10811 86797543
48708 810087859
4324 112339377
8690 994885591
42663 612256557
30287 804157074
5524 360452737
4733 784165209
4792 732994354
39168 585419984
8975 993364105
28375 950313585
44741 446848483
16186 900090545
5739 327668349
12086 974392298
46826 864999174
12908 806110430
2094 147303574
17261 848761250
43641 710109415
13401 127081160
27057 385775770
25367 226565792
44794 392265134
40556 67572500
46109 109033285
21368 395805573
40979 830780044
33867 605852547
39636 275755564
4545 924289470
3375 465748369
48896 322331602
20708 624613289
36408 184859448
14016 671184086
32724 929285487
24102 784826154
36116 812096826
5168 479607741
12499 900794338
16066 168572417
1024 714758423
33451 209711587
40252 721787607
44194 209998552
13043 741256365
17783 258591430
21672 637023377
1415 124047595
45225 575799823
27895 836444856
43250 579546468
22327 828149106
18130 786280485
40741 585819133
39142 32615691
44569 236737060
11432 351476309
642 323033293
9205 695430228
47164 690078323
31039 310581915
33066 632838703
44526 635161792
23165 734718360
5435 311310902
32426 388399522
29178 351272423
29801 409286271
3093 334754836
9118 951804315
26640 390668479
12698 885936730
4412 953266470
1921 94864566
7636 392813938
31228 513068668
26193 734414941
3580 142392243
20366 123086264
48182 55496403
226 483478694
46936 574112171
1412 99773465
16215 302525821
28941 445214946
44907 165210729
23225 634216944
1271 786894848
7752 445944657
17825 983369717
34055 522419491
15475 272889800
18530 653164608
4970 844468448
26696 864975348
42591 546937311
23662 475695560
44511 187559647
42406 227962200
34224 548692572
39764 892395058
2280 613855502
47787 794981393
6045 378629975
47383 35006099
14465 474837320
6799 78483627
6550 451433400
28755 762787140
15580 447502098
38215 789596916
49764 316669439
2244 971178723
26922 361880086
26264 140424724
43869 555090887
13103 37811361
4039 118548331
8546 145385442
39290 326002129
14520 386928437
9620 191312397
11331 42224894
32491 403499155
19371 129861209
48727 315668130
1243 816133252
20260 743648798
12184 240382360
19407 123408400
66 558260944
3541 860567656
16375 717093989
37777 767879636
27384 595383089
18334 721875926
49339 353159406
47445 610190352
44834 198454234
29470 768400358
16313 643755231
45126 582682804
13999 567474679
4978 256829652
48755 942498240
32405 252793724
20219 298272942
42080 444131480
33346 27390549
18172 697195899
26228 700124335
45994 972913065
26430 24813856
41869 350528124
23199 423180773
38229 534636296
1546 217141667
9518 727797079
29380 77860429
49389 566580447
5796 872371470
1848 711929537
36318 80571046
35585 257252474
37799 153606959
40505 401031960
24492 604013453
10399 846971034
91 413507536
11204 248881650
4489 947981528
19265 22281767
28481 399530099
31545 775064082
27113 857246779
37761 805846958
7345 805687538
13195 507347009
4375 985406370
7762 833263015
27894 691809791
7853 790391512
20914 664999137
15073 14624456
15057 647307903
11814 672571214
43489 194082056
49303 27108070
6405 489485822
27825 856869042
4176 757144408
38910 980873004
3420 163755625
5338 74340814
9700 20418487
43877 77656929
33733 58733034
40449 60909867
45233 917323388
14759 13220186
46954 932549817
12820 623884306
28923 485138510
38035 899873775
31563 868328544
10444 409394182
12564 154794688
2321 713105663
23044 899290596
22874 868799987
40455 565850721
34845 741259582
26983 480086841
5859 100122517
37995 350416512
35083 145424218
36696 126940638
39121 226334135
918 628111238
23533 627354310
30454 728418666
4244 573901207
35609 962655427
39378 94843089
18264 684977675
3670 483629479
21255 765940680
21602 371615631
2604 719485922
3052 635486968
5444 908765715
28934 785694452
10554 662730834
35785 332888963
24941 160362013
11252 893613367
47999 295738524
33003 197011354
47644 870509102
18 998394995
49202 171703143
6356 819862617
31652 930996857
13557 289892524
10388 386525148
32345 764772663
28071 479882570
13199 969672689
16113 722209010
38891 808936344
8923 613375909
31189 754631551
14179 347270870
42383 838343691
34102 680706151
18935 962582457
49655 280123840
24670 103944532
43198 614488825
39 769429732
3929 61812775
24692 698030122
36443 480661842
1372 884501914
24278 987645580
8628 700923626
41038 193980129
25112 955266719
14295 375994989
29852 772495880
13470 137063356
7828 690831593
21397 134374469
6914 445000265
10208 837395998
47057 656230684
20939 942642547
47323 949794203
44378 673451488
41834 369599752
37570 321643259
17049 656665081
37588 2249825
10116 78710831
41126 385893289
3742 291543588
6370 553788354
4330 589763102
17561 176405279
16845 696773274
49412 743596358
3759 777636329
43199 366111487
12008 379311757
27742 577939099
34528 719872808
35876 740586674
23584 53479084
36698 657304795
30505 245590309
20628 26033594
3199 726213438
16376 842154379
8480 682343710
16988 283920559
14433 315152772
28249 983990649
46630 826668680
20759 940292087
33295 915157237
26276 322069105
12779 911728842
18787 453919376
25279 38302121
24223 683717461
28436 876852314
46165 946370208
15388 703605365
8322 561920259
35116 590777329
35356 911704685
3100 710968336
25090 638649867
30511 150784082
25756 870072498
16863 530810647
30202 468031583
46710 941233389
40965 139787882
27082 860747643
13698 446374303
24627 270511956
30733 314075649
6821 443473590
6971 574727891
37941 554492557
36861 845774017
16122 94877453
11189 152206151
45198 278779591
44779 477009306
40063 243265783
3913 375409104
45423 118845508
2368 375680997
13435 954008122
30779 51604927
42942 72398100
10694 158105495
33988 611672785
40882 873037140
10364 292748014
38894 571603430
15211 690905983
5691 973169931
10440 822229615
42946 51038895
31027 452287434
14933 17152357
15059 345134349
24179 632209917
49358 876165630
1501 914562868
13034 983349885
42500 637305255
18322 248740472
35313 740351222
16969 732073162
30564 749138980
32339 627138391
1950 350883880
17060 475780826
28721 577268328
10437 36588397
27176 2204729
3830 391708837
10380 326650533
21306 500934603
18043 171643070
17191 162240159
2246 912557135
3274 38226559
28690 308684566
39435 449730336
30459 716630764
1675 742507148
38411 667562183
12999 306658769
48436 242374274
44633 787672303
24549 454756416
41812 217198752
32451 20767427
40563 215663104
7263 327278501
16814 855288733
20085 219758027
17273 866918424
9753 823162276
31494 426364760
44818 304806512
42373 867055329
11573 172581424
4549 527685508
7098 599456593
32751 946977066
36226 537349093
13376 685583294
22777 754074777
19869 105504969
40482 831919690
19418 903294546
712 629349609
32438 121568304
44664 601165923
44374 375256036
41893 987724424
9607 816855131
47188 496436958
2749 836634709
32133 918970481
32692 407222768
29443 9185670
17441 449448318
26762 958337842
26334 626658349
45505 50998968
27954 197469503
11210 879705574
25639 606143926
34622 258515909
16445 625884008
7955 353681566
32763 8190861
22466 759628044
45992 778329838
32622 792303973
36271 624192918
39054 122040302
40102 290492169
471 222780639
22179 562420634
1865 404245929
7719 51873241
24700 586256586
25822 135812325
7484 680803278
26240 326064310
3912 865324516
8156 879371525
47981 930200282
9845 32045341
3376 319829921
18736 209218483
36431 902640726
2532 839752313
5795 652750616
42960 300254952
13761 701695857
43512 300307566
24581 661527973
35063 197995131
41922 143674993
17535 235840199
31786 95478984
19913 550126088
24192 202185590
4471 711018858
34472 912152845
42401 722330172
39209 507169171
33224 284553001
48940 983376503
40573 892225912
2148 41822943
11896 237417210
15581 569176548
14541 150935466
38011 869686412
21990 146703701
23142 100997549
46346 995817024
49055 59337532
846 518627579
46799 530924628
18869 622851019
39763 30320247
44439 432790997
23243 604218973
11168 264537459
29435 38907327
11361 452302328
40607 781149152
18212 145109927
2315 266617037
37830 755967892
48382 732590010
46285 165555443
6072 964119790
19285 72341265
23765 102202997
434 207599732
33642 912761544
28589 176913795
33811 196287959
6062 869974802
4055 177564487
42379 682834214
6727 215834835
31359 14238013
25568 488075621
32690 973012083
41963 292063388
48998 397207890
17588 325679908
32513 368487553
21361 652477228
13589 28773032
34608 409467930
21536 160862031
48513 22983766
45229 548759196
35072 91790576
13084 875866732
48111 493536906
34388 798067840
16454 978749079
25743 956969371
45464 450351884
17662 168496312
22253 499856152
44553 931815193
45551 187770458
47670 919391045
24016 646073533
26046 859415727
38273 749600763
4706 650532076
3820 74303256
37614 574037886
14273 203679558
17644 372192370
4490 831851802
25884 280070166
28888 922658104
14679 86592757
19946 333447893
37217 619330606
32223 289756234
14186 317831793
3739 403323064
32361 949363960
46139 270568574
16889 826406893
34797 221390541
2853 100245285
9589 790231328
1021 221192148
45170 810435020
4993 193207006
43897 229516943
46299 574447419
30969 91670931
5725 208823018
42073 220746888
13801 598759263
5793 785460568
15255 27532895
9944 258387170
47657 820270384
31422 263849170
14936 470186839
29488 184244378
7541 984510993
37153 93759183
46753 559646450
17439 475883187
25847 613287457
34100 14842881
5269 75428129
21324 617595383
24166 367272361
27435 457539904
48330 985179694
3836 106640925
29632 198577809
39324 428036128
5517 600271021
1594 973870346
48984 712459417
40803 164183019
42086 224398905
45354 204760082
25448 321948878
23778 488979366
47870 573640115
34499 780799792
48372 41918718
17404 192465330
27022 329217224
23072 344619015
44677 303070501
30388 11697619
2178 452869779
14803 424051212
9953 729023611
38548 607821812
12653 227872126
10363 830208765
41724 70336419
26690 493751253
38892 831125181
48183 418248194
46281 762243532
20694 52680581
49714 544421912
47440 199805175
26262 525316318
38265 872720499
14115 191921769
32183 24088875
6132 712454532
44447 420682800
2283 327154815
42789 403013035
38119 265538689
17809 581017584
29905 133948020
30212 948993150
40418 833180230
41574 274326549
43126 104886649
42316 556723731
46684 23992549
33369 415139035
35881 641419918
5166 561535582
46669 395064781
11288 253959639
1173 779165748
12648 694997906
43263 944685217
32051 671308164
12473 582110807
35161 71816131
28308 497552075
19469 710012521
27864 977765394
20132 841456834
5193 460422159
42345 25794660
49322 669970890
23423 922798343
15110 276933020
35101 229470979
2331 573525088
8067 992137442
17745 544763508
7267 981312444
33725 353675477
46118 708126609
10754 386605919
15171 517058831
31686 115292100
49906 152598635
26768 851060578
38154 845928527
40179 886041768
47372 691888397
28952 183674250
33205 489494510
14050 71800051
49456 336847609
19076 564953223
25920 202165612
41107 124253454
37793 312839324
21661 191486426
3774 241999699
40041 552697345
31703 19860883
37123 279297003
40097 482761921
3476 938566636
33386 621829280
33544 853807124
37368 828639058
26017 387424157
45430 199283452
47411 164770265
12362 260967449
41292 289769689
6190 766307214
42860 582136059
31977 179226673
49145 588452073
47711 158234780
15518 129539108
35432 335442218
12128 481923218
26865 743502784
37175 544757108
35648 929627702
4356 644879142
28641 459580991
1200 195785112
5395 981462532
7034 641783772
3015 920312027
36809 49471047
43807 527634139
19941 246964255
46550 815831608
49581 56928582
36005 876369193
3075 413800168
36494 15163591
1684 22209645
9523 448212108
36142 128759307
33992 28313167
10341 104998951
29787 451440430
29219 972919098
45371 5921090
26434 499905817
1766 790536937
18327 826589564
43791 513218355
18406 108443538
38993 46282976
37052 313509560
31825 162301457
21312 427457449
5038 224922883
49293 136687008
43265 285733698
14136 89758505
37649 24090947
9367 847568981
27586 1114128
9863 413477773
19814 514252492
20245 871231193
20700 455940978
49413 197394848
6527 112683096
1947 573890669
9972 900873353
17381 672162923
11819 807985890
41018 203679110
31957 373665570
42907 325274122
29314 77753578
27610 586915754
18520 23695516
36221 300316225
23914 698360934
2718 860620098
16338 122252220
48834 139493564
48882 856639560
48676 464048366
12798 658693732
25566 547006851
40598 460125396
24142 628730781
35697 705459423
34711 165930187
33383 544078637
5426 389893480
25375 900743945
26279 932776723
25781 217861334
1364 536112946
29391 817863163
38957 221577196
33971 542742201
3915 489288831
32715 798387097
19773 158001547
17211 755853635
5942 800393999
10449 264709834
20635 84230758
35763 257305244
2496 871502246
20019 16035606
39721 452819462
7949 261655950
46816 337551230
18206 219097529
1699 470320076
10358 911769704
30534 499586947
24741 681267501
24356 372730510
2344 749177198
19546 677048976
19716 300258989
43128 899037658
10250 489596665
9023 286607761
13109 936948140
43610 189509186
27219 185249205
25231 913718510
20376 283386633
2545 829817223
20175 843576418
23626 338066231
48816 464410658
24515 88901069
36350 264189273
27140 464225010
26478 821218403
17629 478810359
37785 85089303
18629 188924545
42806 612901135
17677 154577200
11224 297635398
21009 263105229
39843 886710519
16683 244230429
16020 852771803
27041 960761011
5007 566475193
24006 363671255
14446 468443780
24495 484152519
49433 524540714
36627 155692157
30252 282013285
19721 578685394
28118 40518105
5837 664523519
20439 55087814
23141 571667998
7135 444862136
9448 545352416
20119 337258898
37828 400314083
14376 872539458
7750 469187777
20398 406291150
49087 560258452
1844 992606258
16934 376676182
5481 868076775
22262 445934798
48981 407612901
34592 345962452
5647 190926888
13730 233628346
23053 657040932
45711 159592235
29396 251193277
17714 998513302
7834 640422777
46653 274252559
27280 144850175
42377 664444309
23800 975653318
4550 37607350
20258 924567442
40788 471536855
22263 917792089
31362 992105116
29885 548252742
47111 996707362
46195 482866184
8878 12951450
10571 256582678
26815 723590223
32802 362442513
41006 375190936
24384 431249537
28692 31455982
30876 746552439
42 151399994
8661 21800241
17968 349505074
47782 142109580
43135 220385270
38148 979503258
12917 727479652
44166 984034715
26905 162045205
40932 930724795
44903 128143879
25776 366566969
40636 273865501
29876 387165405
262 705744702
47613 775638866
39368 540395087
49830 179247158
31348 421998156
38919 954119095
10057 846127055
28765 498351857
41320 603453238
48373 598037921
38869 536524998
2384 447347078
8481 369465414
12085 314877684
34075 291609275
21905 73307930
18636 313463678
48002 12631587
39177 947035493
35833 230092932
34171 945852709
43956 431218607
39522 166272721
15298 409418140
41311 210889734
28113 293196631
28595 680378853
35036 207448980
36659 690970871
4539 547974700
7868 119517027
15430 85052612
33801 162121531
31861 939828688
47527 994424662
21463 881153279
931 360111447
3734 833490346
45739 174865268
5255 597802810
46366 825610118
35605 538176677
16395 766163981
21385 900513388
514 190203795
9999 855489753
11071 400605759
5819 740035742
40599 881762923
36334 651457497
10371 938098421
42655 790468734
20328 164065970
5756 202516558
30149 836063251
42121 593439158
10438 973150987
25711 300606224
35106 199571120
11144 503093218
39846 37775812
20043 90510357
15867 857002751
41031 91543564
48579 723234003
22429 217476578
20879 683833123
7505 8515355
31694 986922546
43035 415551355
39398 316144458
999 145273014
4306 289070641
13363 508774464
1205 858091388
15199 973054760
3797 605251331
11880 621852042
36919 707662273
26233 128240404
6826 474291703
28193 846774004
25974 147407936
35434 959940717
19333 787072962
31968 206416840
16141 968717449
15323 547576363
8435 48105230
6847 621207163
25186 540264231
31873 486066620
6732 216548531
17305 199284332
10050 350287266
35153 975867264
8142 359962144
43880 306970886
8822 364142127
47492 374982180
42594 974242695
33153 346963144
25671 887593093
15295 474730187
29456 892816815
23640 999419558
15761 79155632
3771 27200083
30709 290078353
32712 49014318
42755 450189415
6690 671063968
14145 697730094
32154 303047975
11200 163151462
37171 538338908
35264 773076062
38909 20252308
14180 200030616
46989 584729915
46078 820286114
49046 796990759
9794 835401291
33905 642137292
15692 696878519
34879 739896038
34375 617025611
34588 904532149
20184 875120587
34978 472664923
48694 475867866
43279 426814005
28609 15509902
2081 50673613
18751 769914575
1792 8766381
16841 622573884
40972 913625652
11338 218859780
5317 904561605
14835 463871038
16054 398670705
34862 968165774
26586 785341688
38102 266805180
33944 564525499
8780 548404042
34002 115604972
13937 897632887
14894 65518876
6742 194386955
12432 684952860
11726 747334833
22629 936375892
31397 48050959
19898 302207706
3131 684774080
29709 459667197
31175 346793189
1858 784754909
26033 308306073
49191 566262054
33752 26156402
44932 993789116
10978 73531038
35809 451240702
14608 465996596
49614 308764852
856 368233316
594 924556298
25548 965327227
41225 517306919
8204 253469295
7649 23761337
44870 307633945
7700 741109337
34206 581943958
43714 605612176
18027 838874977
28355 392540293
9770 489000755
41385 456213882
8148 196249270
40175 348865187
99 18035425
209 577947366
10507 529120332
41891 943626292
2448 297833078
14822 599549162
29345 953723518
49879 897656850
37512 397665312
45826 307428576
14605 966251418
20769 203991409
5751 50193113
44612 130094293
34560 399383596
24545 210152961
8226 960365553
25380 915080718
44974 87962906
39052 590471843
21895 518996073
45089 661915651
40406 748462539
17458 210592704
24949 658953282
35643 714710144
35449 525858534
49517 3193885
3440 737724653
26545 340878101
21031 594920737
40368 669451073
32867 451797967
38233 333084501
36166 781309461
8442 694096968
45965 806054870
27436 115527622
28503 799881256
11242 476159480
12901 207593615
29251 223545571
36198 100300283
35542 862209804
11866 818101488
24685 340063414
36279 171148381
20614 874630209
19458 287146281
45006 616996270
28838 326015473
35636 756903244
32941 358161580
27639 322768993
44781 304448061
14494 943201010
7657 898283800
31011 539517411
44673 725229009
27151 350542810
43271 476816931
1809 529053033
21427 516103662
7793 41268797
15841 769668526
45182 954443529
47212 105364373
42313 198350744
24663 17324706
5995 21795788
16303 398090792
37536 892099913
47589 389666465
36658 799740300
23736 13579548
9087 100917740
6671 779459971
48609 427381367
45001 690850197
12133 397146422
2006 518695949
41494 471416986
37776 872846155
12441 816649829
12302 856716626
19419 2165172
5053 212467929
22702 993040523
39246 175433341
18661 410683396
17179 803314017
3285 72237738
28883 758501696
43002 164597332
31057 996643304
16738 804974466
2726 994265637
43493 76791775
36940 807499399
31683 269260249
251 503252359
48866 72785992
9628 401054802
3939 111719186
8653 408243461
28679 194690605
18822 853327540
31314 531953239
21134 800356958
21331 12178192
41131 347127632
18351 753439069
45719 320703932
30670 148949140
21241 880094185
32603 816867593
12840 82357825
17548 259814644
41868 86311944
37328 420600347
43418 119840764
12934 688409380
36470 236631744
39135 514265310
46279 419420816
28331 629724019
267 574457839
8493 220120897
32012 397953460
6706 411116692
8567 317329393
29698 214074532
47630 390375551
3699 647384086
6641 243545319
10963 894995561
39820 618500763
41733 135815548
24494 691448845
31096 486840436
36316 356669539
15868 186852205
32412 152394922
25525 595904519
42771 869596281
20014 453741658
7753 651815279
46376 467000807
33810 583467633
32229 408780165
34593 804839519
5938 182094313
1886 958162062
33026 604028626
10034 663776769
37019 493598730
34284 363283281
21819 440984714
10495 571015942
47992 982758975
6010 845503326
34276 767976913
28357 500747619
12035 789751973
9810 919029020
44032 616078861
25880 269088671
17128 56524157
33826 746356904
44856 773183012
28367 621115083
39346 865041824
23617 165197238
28559 414868359
1948 829327798
38150 553325450
7896 645331626
38741 303663039
24242 644734086
6292 809274535
36205 385074145
14298 527589814
13711 443833602
10070 419275550
46110 811986985
16362 628542301
14192 229648255
48736 822648917
5640 256251879
26597 781690415
2346 721492828
38043 281901920
20088 803581840
43214 10717181
43390 846776458
27612 295296829
34938 781457032
28140 457516001
25102 165326853
11894 312626562
46714 47696233
49315 507992158
29188 501439761
29200 688609832
34838 27436960
37576 232877316
40094 515489867
48747 625732089
7921 205807152
24103 749027595
17722 288831844
1621 63360913
27428 685017700
39960 64370613
7281 371408773
4114 644641323
28608 830092201
1626 683134976
46146 214944082
6660 411809797
38917 942647845
22987 700055487
33470 668438381
49924 241310370
7509 559167777
16626 238429503
17774 449267512
48923 807310779
35248 536639573
21607 632306203
26753 855106456
29262 132158353
23192 140833653
41986 340331943
17287 119717705
23971 950291110
5213 4665682
47639 273817450
41749 814397887
27338 243383273
34793 692646041
12832 485808647
153 283205775
44188 793395490
753 302600704
9509 832604400
47943 994362332
31575 595400657
12191 130469550
46451 634321566
46179 885834706
46870 736896776
5543 332477471
2534 909878964
38386 114228989
42253 960687587
34493 287428415
15366 118511838
3446 864118264
41846 16584451
1116 384222900
29738 894027837
46088 307231542
42538 342576805
34450 220192522
14535 652458488
4345 499400753
23586 543153629
24084 317060090
8184 392406082
14241 269446275
11982 383392105
24870 301028674
24033 597731332
43693 237467100
18037 403079272
13954 710597228
26634 819194073
38247 257086247
9865 139151032
19007 583537363
11541 894957729
12207 947238887
21956 548512275
8500 265043138
26711 793597750
42729 538755295
39041 369204233
12091 379845695
37476 455561395
19294 784680724
29286 588133905
39255 975868441
17975 829695050
373 154858824
1593 340709506
8993 889379958
22662 949113473
160 352369044
22908 852250065
9376 161645803
5156 326653820
11344 948328646
28276 350706791
19462 704129975
46692 86733143
29817 410768793
24306 268059571
49684 707095468
34930 895233893
8987 551252390
40962 938344286
41573 161671950
8666 689007490
33219 129166685
20236 909165297
25907 599209595
39429 861546537
13734 181288148
12290 10814866
27828 172964823
16789 177831237
28537 428120322
22025 376209976
37402 973102645
48903 673654138
5413 800017053
7051 381984110
47562 890604052
30201 719607114
38567 824039345
2806 892417811
36171 148577952
5621 950374136
24118 495889965
14217 808234567
12785 195311789
10329 600579873
33223 298115261
24214 631944277
16038 687735341
8571 464771127
37141 845059201
48493 571528237
37159 695944988
41401 671017008
35060 962174494
23143 354901512
19390 783588278
42510 97393388
24653 274954791
12883 201950005
34273 383324051
41816 148732969
39575 584351882
47375 938348861
18788 887157181
1066 408389133
19984 930601819
9603 306018186
20486 182387478
22976 663093258
34931 835081751
12010 165769309
7637 484061853
30795 76991931
233 382500661
1454 230084926
36828 125966224
33187 172408931
5961 198431138
6344 528504069
38898 560177204
34322 587635077
18366 344787038
30836 74523088
8681 13300190
648 253961003
16898 124451411
9738 313645135
26108 629542312
48906 613780415
15741 88051070
47545 614251526
46899 603089022
11515 649783551
38743 584363094
1297 859644235
41942 109922430
10327 965660803
12003 900855184
31867 939801033
25997 502920182
25468 249125753
14680 246064190
14798 36718635
20992 780283150
8113 454763146
23855 804294796
10439 291630931
7767 831272426
41419 468188337
24729 932955761
31070 780599596
1646 593349959
4958 198328388
41838 539173374
4546 361117187
25499 438037159
40082 860114929
402 553129575
38545 819924462
25845 661831082
47007 932870646
20493 352155573
14205 360559886
2322 272280300
44311 952253734
41924 850493948
37066 254997688
28378 639475228
19415 446486595
23544 528877149
24583 148306014
39599 766360121
31446 119483882
31082 64083191
27791 820983848
17489 781713540
12015 215264650
475 125965889
37241 803098207
17475 569805320
41232 370089457
6808 157780517
24784 880693167
47018 996446482
9188 510286997
22501 249778370
37196 496468949
49836 713793116
28507 333074686
29079 303729115
2725 218314426
39984 893878313
14292 42737621
48848 900505808
19138 864935188
30112 107345819
1968 399073681
37521 447693776
39958 671095661
24780 638634444
10921 421841799
14703 16361805
18508 907632567
36044 226369719
29613 428986653
45389 870153519
5138 756295344
21621 532563485
32808 290147704
19299 64291989
3275 105767714
21077 64874125
31235 664621540
14732 340015156
12019 587075040
36933 631344992
38130 804650323
48254 906075174
21901 910250629
15662 164497497
22142 936827553
22475 777918733
43109 221317016
28361 546445194
22481 407130170
26771 839963838
7449 105911896
40215 119192490
14211 370120755
5377 319029316
38886 94662450
24517 627079541
37371 519495674
34897 894833653
20563 39155275
24458 938688741
38897 861985743
35381 727670908
39956 816174376
24844 121464993
28502 989556421
19532 198618881
34703 10567578
38214 399146399
26789 732048513
1491 945841429
27898 264075256
19498 584274242
43134 594755854
39841 313168394
15158 25685921
25874 205403689
43121 642728883
6574 672010558
43743 84095884
30503 379251337
44751 36265871
798 12371958
25035 328816481
22836 992363934
12529 31678380
7704 167246638
46297 941448034
24508 384404621
29831 504554399
9959 963618346
18856 926129429
21745 656779672
15066 561825118
45520 915249743
36335 614664802
16036 467814438
34777 948451893
5936 472066258
43430 471136641
49599 348935078
37039 728742221
45845 412791529
47963 395924280
12880 29217573
17505 841891456
32980 632914019
41208 699947575
34762 914283126
19431 453195798
5449 849236097
33008 421418693
826 708239556
36307 699187082
38680 184432587
44382 802489114
33742 826183400
3798 911942114
13147 177747739
39488 509677469
20706 232925925
37246 666381727
31345 899926209
36722 520832890
33356 39111198
24132 276099300
17226 454814466
48577 726365333
40722 250100644
44128 801452375
39912 605954095
9846 159016886
42698 732138853
21774 477507206
42640 296741630
9521 148375722
46763 311336622
36542 413316635
33435 753194501
48885 72867785
26515 979346006
45415 772791699
35840 664611218
15239 358301799
44571 970008815
38104 177081595
48637 562027332
25828 120389168
40752 750537456
49913 268719939
33922 829181001
769 237260976
42875 687560097
15325 363364681
2185 585083671
41159 825873090
45396 755042992
18181 883800784
49143 370270658
29564 550974745
11550 651667901
28158 957251952
42323 492037623
42512 511378279
9962 723774659
4933 370627253
7282 266650628
42290 714376323
390 271498823
2197 867198160
7819 519836159
16871 826931151
30291 486819844
21559 974588397
34512 528163655
45103 239639895
41576 595901940
48719 286699346
18663 602199602
16023 346498920
40375 776588626
6929 615181902
33028 732527806
37137 759067922
25445 265411551
49244 913862889
2480 487241272
42019 457021394
32838 855424981
42779 423890586
19128 408237519
29011 420096623
16346 507352581
44086 553174250
47386 552669002
31085 306401342
26332 102375190
43943 947257076
27537 264717744
36161 836500094
45607 927095409
38059 138821483
37023 611971713
38793 166161905
23478 909778480
19292 425972828
9783 116127177
37693 567873881
42629 930033344
32753 334891898
25315 969296769
26443 279119168
22009 976260063
24841 844051749
46999 758914201
3082 467231471
35041 587542507
44473 551964909
12041 335679476
17764 770661148
19497 348466372
11310 201163111
7650 663709812
2123 391596619
26457 217322160
19225 316217259
23788 512034523
613 755688441
36200 53647217
998 545950005
18316 460896702
13166 441431465
41750 986090253
2401 741680598
42602 565573091
44144 817832285
47119 588249828
9229 153237188
10599 44468411
48576 777256752
34995 13588230
29411 579812903
13542 882691089
36615 87298594
31180 754222210
44480 385881052
20327 274384504
56 204524001
30391 718652793
41954 673323842
13308 901577561
40129 353115823
35107 267857829
49217 227623985
46861 541043245
48137 957627151
2476 391277495
21038 427700613
48491 268162538
24298 472152258
20017 125588648
1360 148753960
18238 244382815
34914 401302540
31053 175164795
11125 573393412
21844 502878901
49013 171096862
44596 748514246
4806 732870050
31352 534662996
16978 79945328
43166 625052227
25300 181284966
19396 545881688
46935 761236022
39297 265503876
48152 47912053
38517 791869341
40448 564556569
18383 991033982
139 625676210
29385 825474429
30137 859204549
12572 702635561
11083 407283280
1952 427769343
7567 396448870
24808 570396706
3578 455866265
25632 492451027
29513 179042615
26600 2370378
39637 977825315
26084 919031289
29088 224637688
36218 986194762
14318 206173735
24970 177861178
20270 713956218
23069 624246513
41758 629068764
23316 71734164
6012 71472421
13797 392140417
37423 91943167
18060 977892888
45967 670573820
38675 5307825
6714 126103765
37478 90941661
15697 561011682
42347 961578617
46845 213333238
39690 751205920
47575 729747177
31414 70714270
937 291954167
37914 235662055
25031 171105195
41512 658907204
31006 345965114
20788 127252808
34027 636237625
37658 249117633
40626 482331254
24109 888200788
29815 309944387
13663 533122760
9317 712423544
47435 141805072
8349 296474445
45288 552188317
20407 113466638
30919 774466509
20199 767304993
31229 48060185
23588 756077635
25510 948673229
49653 161479450
12751 387232167
37026 511773359
1526 426651591
16003 211790369
9880 863257803
6325 120272664
10071 745984146
17321 697596236
37269 245138672
17272 608571946
790 433471720
43223 148241596
10056 434181173
46383 778515157
12544 481635668
22340 425228042
2211 413914070
38149 146857716
38631 133936009
29444 685469888
29183 106221113
4696 724704122
18586 49537456
25172 984911130
31193 706035177
27366 127294806
4537 73864389
42273 726417496
33926 229268891
2069 746578089
37745 712730704
15237 229935459
6666 958513026
31002 436864124
19153 661158287
37929 633193139
21458 461805256
31008 274804891
21685 575282542
13092 161547346
2949 803878258
23045 342103207
34464 264121041
35234 578553794
42100 914718449
42682 315280809
29834 439269214
30645 102696992
8432 842371574
36238 398982044
46565 312888011
5559 988099438
3317 300832129
1133 394204114
14564 493264251
15193 387486831
19113 469753289
19992 645316238
5875 624820492
6125 820264162
43995 131746176
8914 586623124
22085 903726173
43605 268539331
4019 112478870
8421 46326131
45585 612222780
33845 220164573
38889 467316517
34291 452124990
28735 128263476
11274 452578977
22686 807387288
33030 344899188
38942 850561201
20911 261364898
24651 13277642
26624 368376155
40946 816079651
22540 996913612
37177 851433389
18852 695770566
36566 33517870
3652 328201451
13256 654012324
15082 82705484
22283 274237137
25350 540395683
40302 53977125
18838 77634770
42903 211941257
28101 588112071
35195 333408955
12774 418616575
10183 565272470
35713 539580649
27517 48214536
27587 448118120
36860 882889658
29304 416723412
5970 304729506
28784 903155401
16328 273962182
44154 776902523
35722 831395107
16774 963027225
23379 126616084
27995 458415202
27564 432735941
32251 374133093
30335 253583260
16975 184579732
9180 241180504
44600 353531916
28422 923763941
6670 405691464
20912 422619013
4681 597808885
49317 905700907
205 82861335
27357 123954031
45968 382317378
5686 341358440
41191 50699181
13768 105264633
30844 876071660
1034 992787390
6869 659596910
33364 973029688
49275 591892267
13182 274129656
4253 233934679
35824 914446822
17932 99476472
39603 630832405
15305 194404263
11465 601233225
37988 963917845
6906 907411768
38031 180299993
5882 866693924
38720 752415451
34802 739376759
12833 829393071
26050 890652840
23259 70340170
40288 322654742
11732 2857786
11822 812335448
1883 781827984
8282 630786939
4677 592444690
36597 751342792
26823 727270453
38625 819395239
38723 39730129
27067 330657607
10672 859212819
37590 799352059
21522 121394413
18098 982792925
42978 992031248
27935 817590944
7899 274818119
29321 778712106
4973 730478026
38187 697157843
29104 815008734
34498 881377462
30152 566857055
11783 642191024
1607 307989017
41561 289670143
5120 784581058
310 863680356
24249 431973993
43830 642673856
22243 138874522
46059 237131321
43190 318995827
32942 880718017
42169 156897194
31859 845288813
45934 786685537
14312 137178234
77 823206527
49957 974776872
24287 106547641
35909 230107739
224 174545784
16582 198581318
45296 482486376
5169 603443055
34751 244645621
30134 606501811
4779 307259495
21460 447629006
485 827239858
46092 329081019
1406 480951397
23524 344031226
23060 500761261
30743 321427883
44301 254607961
40807 354227184
12665 796461283
30794 431656952
4034 510453965
37825 583926935
33342 455876413
35664 674500853
7041 443312335
42465 556754319
45606 783724225
39609 999232783
38173 796533867
35820 512221382
32720 611731073
45353 525632464
34127 102305293
27603 257761548
45404 247227357
32020 99292269
15324 156348451
39755 369448187
1612 969849622
27127 458708233
32476 223999534
38895 353196545
21987 802559055
31680 131189490
2619 465996317
14948 57169602
24280 235442801
6227 854570816
36968 699217583
6963 339604196
45613 718610558
18205 674074682
510 719597921
40340 106110424
37753 420462943
23099 701934134
5436 889821601
41373 618221780
21079 222965128
4618 462627028
9079 756029297
5301 625821530
27004 885685464
24066 324908133
24609 342783435
41495 377572587
6913 167225824
12038 717403470
4458 170042941
27527 845246390
10316 89891439
48420 791451450
31324 633529651
10100 711558349
45251 324187116
13867 865790276
25230 531618049
15433 893149142
47150 169393703
7871 716435294
1071 75549629
25299 370862975
11485 865848746
1549 209373773
7786 329792613
38849 67405538
41608 137709984
29048 606388380
36341 136405970
41983 518253778
5491 62073384
1907 227363155
47316 457552864
33998 16520328
43696 614995416
48308 245743448
15853 831463180
49436 108361145
15883 582890074
17758 984473283
3859 345669770
48963 652106987
34288 429677397
11558 739657331
46898 893711143
44887 781902065
23302 51584472
43863 655132595
12729 357464518
47887 798703020
48453 598940644
40802 300656352
38345 766461582
38820 450013749
31279 584849726
3197 840284054
13946 757947831
28104 851842999
9403 355991550
27953 615827838
1519 554680233
21335 941739859
46768 299072684
20952 915351832
45847 766510955
33116 271856626
5456 970991711
10749 108433936
26369 747138583
49028 301309574
20293 786405401
3512 192622036
34666 278256602
44503 166784923
29026 258181676
43258 687012898
45599 296580814
5018 597189804
5802 868098859
29070 907254128
30077 796238978
11059 90980574
7348 810222699
43597 110651010
8674 187088563
38010 545877702
28304 904510936
46178 145032362
1393 800394260
10432 745827544
35975 362338232
1503 438537444
5316 155345870
31151 149070838
39011 862380600
35244 370460840
32435 711833254
41457 34759229
11806 675957167
15234 165502991
17169 769518941
20042 361886509
49669 716295679
28425 261717067
4117 331666592
23908 170149083
44159 266507064
12208 565106071
46249 355418084
22578 537578346
7559 469986154
44367 391395416
6908 770222772
16174 996234812
20513 296846042
8392 911563704
20418 155406622
22992 769888602
36867 276651599
30164 917812300
6452 950082183
17514 905424894
20947 829288968
38656 694238996
42071 708035074
42719 564648532
40071 736885933
21936 442761484
49907 581882133
7133 930503299
6366 460152492
47092 601359447
21392 84730995
38491 426225434
15929 507174773
3724 610230440
2651 891131994
43058 615500567
38958 342016987
2144 483161118
22245 233503351
46647 796275489
4683 869193175
38737 46950530
48774 11824280
6853 761407587
27426 372737606
39459 11798252
20796 102020588
47287 240178914
36421 939571024
41631 922174869
24505 130248873
43179 576424970
24894 456735873
15437 391545734
32385 853080188
14806 147591825
13430 202807300
308 308423399
5846 931780143
29948 258273785
15596 17836890
14421 363371757
6491 997017034
42934 159167271
27507 47174059
21326 462284096
44820 700654226
39203 502599255
18575 504083243
18979 123347613
40761 82020405
2489 743223098
14737 902631380
3347 257637045
12632 803104873
954 287527793
35152 387077548
35921 371674083
18135 47884693
8811 905852878
17558 243964722
45563 919503960
11636 876077022
30088 796388690
36857 333910095
42095 608135628
46995 904067898
49870 458520031
49995 296194326
36076 818826457
41578 902549103
44279 152152494
11827 660202267
41389 566148831
15068 352665613
27056 171668933
4633 890591839
11425 704284904
12905 465291168
9150 236926961
36178 615810402
35463 423385648
36972 310205287
32357 940206915
34215 819082431
22210 345382036
37518 836747617
10975 505737013
10536 753235592
21858 230844648
27327 217163235
9553 284156610
28741 183567645
39331 75623689
24964 684081946
417 547654453
3543 642487862
37353 347283842
19398 327649969
34835 397875633
15721 802691705
22075 79513737
17901 180840080
41875 632174719
46440 933319710
37601 613658826
29381 177983573
38660 952998751
31646 272324248
49318 90377160
2222 336086186
32511 976904035
21330 697244455
34539 316061792
8122 94048433
4605 471640466
40901 193464257
17988 371702391
21804 910363137
21085 407189958
12391 479260165
20556 604341357
17815 828831748
10547 445146395
14282 896019677
4326 508209678
39434 625957583
925 142114108
19384 571970899
9253 53338222
32642 993881539
5211 685044435
27433 788631370
7680 460320759
44634 995488045
46068 620971471
10040 598810239
14453 155015721
1402 312658156
33796 629789430
48325 233420837
11973 355835680
30334 135713198
1756 926059551
43982 789604305
25897 324723409
3414 924544985
8105 242261847
38189 984028777
7612 864956578
41374 6181661
49296 282321842
48484 557789250
41818 417940291
32948 569120350
46585 454044773
2111 743581327
2756 441459888
18077 629093190
13524 5928992
29992 305658016
25451 757056881
28591 938623930
28796 563288438
30958 420381313
22183 720631211
47973 469113569
17868 235561162
21091 347779405
993 371577328
10897 93826290
37932 572259904
34416 977803272
31902 708632888
32216 254534432
33931 4295318
9711 58355971
49542 109753707
4946 259856587
22531 349892431
32298 121328917
45374 192437874
9053 311533992
4816 979818809
20356 645742724
7261 816233993
28810 217162469
32685 879898801
47898 760975056
35982 177295910
25017 579945851
17506 632883944
44981 115577444
13575 147510666
46156 740592969
25968 697168671
19511 122323153
4807 874323156
29585 55911830
771 425366786
15966 931856385
21327 777649490
23676 828396335
46260 467289241
43624 382662654
14638 615929708
6943 461359436
45217 481864970
19701 34899756
22463 832403329
18556 973153972
36703 649259310
49696 773536925
27158 424785437
31037 305690745
1251 87594922
24227 654927660
8638 830696580
22249 599306584
141 464577596
30173 928329108
14787 929524597
25595 94115015
26536 534827776
33981 632593116
43283 771071361
12526 603650592
8604 584415016
393 803664667
30039 831654086
8342 785466322
43535 957827517
19471 319781217
28518 757965859
30815 773170134
22958 189699150
41163 141919746
14454 440621303
42958 963008944
20726 120257439
34783 128784728
12859 44555503
40409 899296682
4694 267625825
23820 420348126
43277 1203112
30342 117577381
15485 414954225
4017 795260472
22080 359829439
12449 107923219
35193 789419396
39252 652478273
7872 950554343
38378 146378639
33031 671548169
21802 254094628
35970 516565285
19287 279419132
49948 860331438
44944 408178125
10907 953441272
6526 435883166
48134 73605946
49288 278328257
49972 754141806
2383 257548256
29243 922914642
8312 687241401
24010 180310519
35123 176511150
38081 263629322
22235 779356186
41577 288218681
31778 513863932
15177 998013610
41477 730591591
38309 20154657
3772 709308740
48518 257252790
5271 108924855
6167 219235382
10809 22691969
22255 171049497
8167 630804681
47260 412671466
3230 830231517
8458 755779286
11787 358854803
42562 507823736
40711 456605026
48985 596142645
15441 42299649
42610 888659818
27622 864013607
16369 888447025
11448 942517722
43560 118647287
31832 905762723
23696 716780113
26931 309538680
27023 932036576
8608 732945220
31430 193068183
39357 206962390
49939 117332214
1069 206438197
25802 601148980
14865 979720089
45152 893175358
4704 7094575
44873 409884785
12946 931249749
3029 15535179
19479 263060224
31987 954097732
45209 898428682
24157 231434861
43125 736472045
26 211963318
33876 842029780
32666 852869871
47958 916636061
9220 542749050
6371 691549168
10486 711186696
38600 306256665
17773 566649659
13590 7544711
7359 915632100
34480 887863086
1414 4121415
36730 696476274
32982 624021206
24321 605527362
25129 49151692
45260 696589390
38339 292377536
23355 537253621
1435 208836494
49031 144758716
7076 778986685
15133 514658420
10967 336082180
4323 787443662
9816 979764438
3266 20106947
31733 856996618
27694 561538235
2180 988835233
15141 757838329
11112 19731283
24809 688748634
1855 259167192
46905 546180166
37477 687668384
34941 884826234
49135 983925448
11617 712879923
15793 167536532
45725 40058148
16847 748245162
25000 207391109
32709 726911383
7372 358787778
5270 543568647
26784 272224300
41045 519466839
17673 661842086
39408 559570377
21825 229825324
12101 659958310
29715 986737942
186 793084347
6154 719222452
32168 42347290
33049 340261627
35547 107717858
37945 594557499
38023 677231786
30938 659722415
10682 69550212
35371 554924826
5339 386282207
42375 254024132
29719 985750574
3273 766893646
10347 339692433
19966 8459825
40927 256527978
30327 133748272
25072 841381532
27950 847243514
44332 819439786
16269 664045532
46656 390288679
41001 406014146
37994 713186564
12903 547567490
7709 714257715
30855 169713033
38948 865862589
21266 354323847
2456 531407754
43868 524416963
16484 224877219
48253 910032558
43056 397848247
6314 715314974
44917 370171942
36375 718969542
9315 102213896
25143 809591503
17746 41725134
34552 75747977
32928 635736743
40059 721140951
41384 204352570
33213 219337
10004 368169144
8866 988959590
24586 606020723
4001 146981880
8527 776632875
38340 836094651
42889 191029177
34551 766419396
40860 335769731
15981 458660325
12278 786747045
31128 962330941
26350 231342380
13172 825793880
44752 305883079
14152 473502914
22661 49985985
37955 558508718
20774 47879653
36511 117094653
12575 440990413
23007 377117089
15056 634812966
47356 212108002
48042 335387271
32969 836199633
24378 446385299
5974 96217451
9872 846198787
6194 463681991
1764 65948614
7391 502804991
34315 233129303
8970 789958854
21311 731644146
3508 188354272
39321 671422928
14471 344401053
21694 733341724
45450 426804731
38090 265229589
8302 944798383
15990 127855196
14724 852231700
45032 946377979
32399 867360075
24885 427375964
25508 504257388
35215 748050452
28820 333021289
36220 210953505
33134 761943085
47514 499000638
39640 14626256
1669 724891735
37014 416705884
40127 850061404
6014 901369759
49637 190452137
49799 39090063
39404 691873383
29509 341860514
10267 675330054
18547 267379201
27952 735979209
38244 285153501
4826 247530036
21806 788061477
36870 287628515
25453 437741886
33540 359607370
30716 806436656
30418 121548328
11429 122324502
40364 515502266
43384 131604362
9730 514690579
23597 895410998
4705 42627911
31121 740453028
34927 994990312
34357 761781323
42282 639069457
23304 929002185
10876 199225145
36790 330736431
31298 983341282
36131 408817858
6687 656288531
46427 646788655
36588 870810597
29642 153384915
33911 412240816
7863 203978345
40833 915310540
24696 495371025
32201 683878963
46839 861822370
7785 876146877
328 896941335
13267 973452480
40244 656124093
19845 507557077
39282 287030677
4528 291257102
37229 956995585
16258 253769526
23245 104375603
22077 241911807
44694 524903500
12492 944896968
10288 132434633
37818 572312650
580 644852268
30073 10776692
42916 921532870
1832 354589491
31979 462505328
45417 626380928
26312 912652008
22174 190864877
20544 351553178
161 522703537
31581 862133619
23055 440900496
7749 110186829
35157 824573514
1040 909899951
18597 492508683
20027 755384811
33157 850270628
34645 14256142
35348 57398274
39208 897465084
42366 116909175
7526 822485858
46727 690745798
9719 486431120
27928 885869865
22608 109855202
19647 225156713
24270 315173233
20089 960999059
38581 128448180
39760 394381532
36819 7614435
24952 120714644
37151 508007842
26484 772571976
30140 131449216
46117 247996165
7383 412536967
30762 191261396
41473 52278204
9325 848697708
46678 300114168
33189 948057522
22746 595556434
16085 987564945
42117 504021393
39486 468266346
36181 711887126
41696 323462386
33877 789892877
49993 12185936
45066 988071516
32032 985523056
25201 437876483
24230 964364995
26303 626779399
28672 987299850
43838 747501175
38377 368772731
24420 327358868
23492 209421161
35320 728704392
45775 41715126
24716 308676026
35354 713423573
9565 751806946
1802 872324062
42723 670961636
5454 428560079
11653 535208831
26994 56846710
34816 659732329
13380 354309741
29943 373936606
7502 102830124
4026 351311849
23003 504896144
3044 946484921
13724 923924726
34750 928923877
31201 54161846
25136 382092536
34649 413212774
395 655875547
8034 924913312
3291 387806839
16710 115921807
34994 759108952
47293 36105496
27907 815667169
3898 299179400
14001 881897749
41669 20936935
30598 3942426
9952 586497423
5940 582167929
23912 683547744
41283 762813761
29647 990905164
23776 720644484
11670 344977361
7234 714513224
13287 280001765
26539 927707855
33344 722739467
5024 957774900
32508 860948994
49336 798747011
7216 853436506
26659 696672514
27833 854579098
32146 966023679
13830 564861797
165 955658140
2629 212341543
1025 489873756
3793 316481776
39316 829703298
33957 64342931
12714 839556675
7962 943871403
16826 920708589
40437 229909808
31191 184024751
34621 580162023
4381 419010766
14903 208815829
6881 31617998
40723 478315735
4104 979403486
6417 17263608
15122 276849315
35773 148323767
39982 454623079
34959 713816587
39991 13691974
2699 165513266
33171 159615432
44451 65119876
30689 272597617
31248 123491168
29680 41871556
28775 671020924
13653 704886501
26353 522495476
12283 682047392
45046 67142879
20728 224611127
11181 803382107
41042 439346041
43264 495637598
10825 236644832
26563 962884034
27747 869324935
43595 423595553
21433 640906428
4554 263368241
26424 942430059
19208 841606263
16317 163126674
25166 307316142
35973 275386169
49107 680690503
45856 283769455
22610 776136849
27439 302184671
32887 678178364
29521 532553949
15478 299233428
4889 687955907
23211 593187674
14384 560188318
3005 499793770
397 902228902
11801 244555987
27053 569479275
23902 560627847
12535 975236824
44955 403150538
8497 208198283
27730 820208219
6697 961347890
37077 952355180
5893 602023658
46354 945989066
40905 269511521
3779 969010423
39555 698570969
44111 923553959
7442 567853946
9554 496199471
12956 91449337
38272 220306132
17418 474558033
45579 631669403
11350 385651465
3237 177765102
47058 282130027
36997 93025590
35832 551257409
900 200025112
7219 157579176
25494 874462027
8004 601879134
33705 108779709
16589 581153250
35666 935464691
11881 965901718
6970 228219920
1783 316533785
8089 274858963
14476 773922737
7717 925253478
33103 73819762
974 89219856
27736 769194178
12631 645606393
48250 976837555
6751 500916496
9105 340264304
49897 759467968
15817 56589952
32968 451012762
16082 664791938
16483 941280113
36458 169072507
22678 701544241
36030 442654479
39550 67132696
24404 219091758
23661 245321102
10092 932471988
38217 238923961
905 161856570
16694 279916921
24414 567558964
33353 93638083
2649 672702847
24090 251959293
19781 235659494
24266 447014511
46463 512930572
2878 193092978
5780 582166400
41404 829615105
4607 336638589
13279 500962166
26014 12433190
38453 531364098
19712 475831881
18536 954996798
16034 473367820
22290 915044843
9545 967324066
27347 756149333
8847 935622113
7163 49629669
42249 958457064
18558 742758069
15637 420326922
157 699083619
23303 867303773
3748 243069907
20024 776714243
38314 327540293
20451 720927982
23681 687379704
43024 124641774
33819 774170452
26473 551727425
5578 104313865
48660 208537146
36884 472607431
34101 434743444
38994 119764623
38752 518142759
16152 708397361
10706 535116284
2098 167494378
14501 456105765
25288 371321632
5195 202780937
4823 342890814
11072 750671313
24578 389511749
15500 632675506
36863 428647660
1486 166865223
3642 836861764
31089 724273656
41649 414905439
31429 731631081
124 968353320
15309 948066673
16078 506577745
24861 853172274
12046 801652863
39790 898461651
14953 865024729
17630 95504033
18373 18038750
3294 629285877
11028 52458025
17649 996283048
5822 149518311
48219 422646901
24423 826164260
15577 295350424
30271 72024660
42093 329956121
41294 579878261
37961 68080458
49978 267796506
435 811856727
35247 645265259
5790 13802909
44470 717869379
24213 799518060
2036 963143865
47137 790215241
32278 79231698
36009 300260838
43964 391527509
7669 344317411
27938 960657805
34589 479327334
15806 772468395
48701 404331942
30163 636283990
13876 935489800
3431 939766263
32449 173987890
33345 352755233
25839 385859312
43606 508294536
28602 293508829
17148 369049553
33414 831951432
13634 161169904
38382 701189487
40365 868872230
40536 307381384
22847 351782968
6652 511570438
19543 8970717
3206 914038974
22211 871871634
12786 483623339
42194 554695566
1001 6436204
43000 256815649
12588 439819221
628 880722667
4051 242641540
11972 560221437
25291 694011712
30277 35908973
30303 458914898
24743 330579197
41240 172852386
4660 107902948
9061 508388586
27123 513348154
40926 430326700
45010 446800775
3465 371317786
36037 106134850
17674 744279514
5188 743942630
18364 887185288
19314 705624885
20060 872282477
2265 30390643
25032 520343019
31799 302100161
37737 756723373
23111 115572668
5781 623568128
9723 85744229
32822 332612121
40467 717924851
35622 383926813
29147 361912163
7917 679789784
6845 906403577
48264 444284224
39154 548762548
7149 121984756
34913 288711742
15176 196431753
326 248138757
8207 6793148
15937 232338369
20995 221321777
14276 159347695
38969 545169931
45885 57271922
47781 835008017
19894 623671769
30403 297744708
24459 140619637
27513 179868677
29576 742398881
28236 320221180
48426 272937273
37454 192476682
21932 759581854
17713 924947389
27845 46205774
13217 785781167
21060 854417837
26657 988410117
3164 617456256
40417 261330077
32668 733374379
12013 148829209
23371 801245703
40958 456244321
26011 787251620
24349 83318363
49763 148900716
34895 767279849
19078 157900161
25750 928180213
28328 544497449
30130 877828451
31662 630838243
12348 352044202
46738 39857949
20819 267156676
4484 640162279
11403 53741267
24139 173299343
44657 555940727
49357 716161278
41680 888462304
21315 748494418
24747 910660771
8918 163808684
26009 536059972
23561 342474121
15608 881921810
31948 909333033
6165 393440274
41326 797751460
3518 710660549
36791 894476619
21410 631161490
46866 530369040
44260 660277678
30060 622354974
35295 240440610
48429 501633130
29375 714976219
18115 301832432
30956 385490444
20215 560037528
33132 504527662
6895 680774770
9250 798887786
36241 578449360
14688 138324275
14502 858385997
34019 111754270
47550 793802844
19650 53190125
18500 742109226
35731 281620962
47518 65051583
45138 739883136
20474 679160985
13596 175126008
13756 896000048
32831 930974075
3286 527501344
28647 19141999
28984 913471280
25651 126047547
8854 737824589
5785 252985563
17260 855010421
5141 235142032
6616 929935573
20697 58073639
28861 198514499
4320 345389325
17023 233048911
13065 667072907
2058 154093291
6381 781706553
49588 374770349
14510 632387929
46004 32963265
17943 352355743
16047 161824289
1682 306245951
1045 583762910
3399 352503937
1103 105184950
20364 818068415
21526 87570065
10673 166598097
24386 662945734
17435 219360615
7187 803941346
24126 656289267
39493 238977504
6602 624038965
20699 139852374
29476 548474778
41796 528403302
16298 844331596
21511 382424627
11387 719449776
11234 726066284
30059 978932983
38426 617927807
23207 957927455
12547 83129893
21938 34277713
30080 408478308
7011 30441402
1992 969047780
44290 235447778
10231 70756329
45704 449209465
24328 942785600
12610 986318728
8221 876188169
9653 593094836
7075 770906994
8507 11718023
29004 249217940
13848 739700553
46479 170547875
26608 515302860
7070 421506629
25083 572400270
28476 57509502
2909 413099981
11216 436961369
39377 168530554
10979 252658052
18807 849008965
20925 307882665
7435 59324734
47152 402775479
27085 350804835
46316 283830555
26944 530277177
14658 128711855
17591 306485699
10420 502548172
29101 580282123
29514 166222833
30052 793195318
33067 898213905
30756 102463661
42853 365652723
42792 379553800
3675 855980001
16673 377254630
40813 714344320
16959 71896923
7466 497160491
17648 642302639
12571 650584760
35766 973087675
7911 405920793
6332 672774433
46558 238743445
16051 435889990
43218 738423340
25386 953113804
26281 212822219
26874 551388825
23403 486094373
43533 91808042
46230 944741692
48870 101078665
102 635432439
16804 998012954
44558 353228965
37268 874275171
39144 131215586
7027 411212454
49308 174172972
26524 650107134
28876 173362913
13861 211788104
8834 657507350
10141 462678256
11830 385765772
47762 953234937
26842 616475935
46635 762640184
2362 644903652
42575 235963267
22704 652374502
14631 59318690
11110 929120302
25515 537425092
4209 512994134
26934 282506508
23481 401536980
19832 275729041
24933 154677017
12458 702061660
7035 556363330
18320 84007269
2526 49937564
5747 451653216
23306 983561218
49323 292553251
15519 414762089
17484 606614406
10362 391234815
38437 60148479
29362 384871934
9527 918901472
26538 667277053
1617 310411371
11386 375642414
12933 135365715
46750 655300085
19847 224872169
17252 173692393
25564 729697684
29838 522409786
31824 542419641
21023 458305535
11716 915072912
10533 609885909
15108 248642028
11639 125314452
12074 797751641
39775 797222954
28165 803564809
23805 761935870
23683 334694268
49502 337253535
33090 377708437
44777 101320554
46167 364231190
19802 526836781
41568 669739043
24225 548218720
25814 917603087
40552 364262061
22272 108246243
46347 188689669
45597 763566881
40625 123439304
35239 811484789
11781 136971668
16457 696762902
23 212152484
36048 343394104
1465 501767979
26381 119616200
704 535083999
11761 716319543
2481 820705209
49574 12485764
34697 222319674
22022 263402467
32366 4588615
18261 178396268
22252 459453092
49010 889453727
20289 19824430
45498 319762586
28370 301580429
16739 915709423
36908 175131383
21442 613597705
22763 593520644
30866 218337585
44395 181181137
5326 98422137
34658 59738987
45782 567476213
5074 332193185
24312 375270160
40099 119859098
46953 301911028
28886 693340588
33609 975887794
27606 761480489
851 594840920
10743 130279360
41165 484386083
16901 655693648
18346 82032141
9298 48649222
22157 812149191
48886 969479294
40186 678947601
23337 888860141
28415 183967209
40976 319196257
12322 240255239
44833 430423092
27998 623481640
27731 64440927
8027 237073563
44469 960028300
46422 522048283
11440 900251891
48560 326435149
19480 253649286
35992 969643445
3313 916793151
43064 223404005
9491 69781655
35056 923456844
11129 246901398
29323 416658429
44921 639269971
18515 255710719
5695 698633467
27753 730507552
18977 717663817
33835 931426440
31752 626198963
6051 300665006
44406 325969113
33343 29168594
5350 870231421
1442 656958897
33250 799699040
38376 521313794
46181 670937404
9218 725412443
18152 12350543
17577 980861426
5247 76658146
1828 163203629
20392 38393009
30781 199008548
34768 165809820
5659 896411855
4180 642270195
33844 772789554
17106 206797529
6806 858057262
39445 929969553
41162 946371678
36300 807161574
24020 878224514
45298 341083662
13482 858606255
14175 464801103
33073 74528679
7355 794854907
31962 508858873
33640 443672410
12769 641290425
26469 747015933
3036 859786235
14527 570598239
8830 882735855
10029 433840871
35959 811864320
10492 394148353
43466 44116770
46331 123909764
45070 802924904
31075 413157315
37044 269483160
10454 225449363
18506 611071528
14435 46042995
6335 941767399
28542 633828544
31695 947154093
6372 836543546
17232 728445239
6110 595226078
29075 414067961
22427 192176876
31673 44807112
3358 743777993
15027 991741489
35647 843392698
27999 335574735
19339 428699558
43563 286753119
1790 208717691
47369 317521816
43124 222636023
39990 297291225
447 806374563
20902 223210992
35148 963502483
15864 756260701
25149 184750468
38502 813173222
575 155987672
25073 91829560
27308 674913521
29917 773111948
29736 283736470
42214 422191438
13197 768928861
49991 898666117
32703 589119503
20802 130504126
45678 192011553
4281 723300631
7021 940040015
46289 218326599
41004 77683947
26164 111969259
44700 914168848
47289 913910828
23541 222749580
37586 419088823
33903 592364297
16927 71139932
2248 788553285
2795 871834430
32624 866963233
48663 658063683
37381 260821888
33576 640103577
22672 592939659
4028 142195398
38089 511546554
47258 486094743
17613 859199028
27334 677346841
6629 214522901
32344 956300642
49652 484319969
47729 283925261
12887 67380769
48704 147318031
28001 739755865
37335 379573103
38155 451845896
7574 720965862
46549 632406400
25873 904785516
29419 809438894
16281 688214666
27295 855506735
29638 433979170
17914 414645716
2153 892851341
1494 369864457
36018 188135304
18982 491452855
42371 856896347
27270 660597581
24111 516985747
47231 764936038
5917 844632474
24246 293374342
14187 112647643
18936 294192233
12611 254893932
39374 79586860
37050 216793987
42995 970323091
43737 428100677
35898 151297822
7001 923029394
23531 401541367
49658 774628485
46932 297765039
38295 335839350
12193 768972240
23966 426648456
46397 433247861
8667 117046074
33291 210432398
24957 79117840
39689 450554426
46844 430057406
21577 608254066
736 871214739
33545 551138474
5393 662619680
47160 292540159
25917 394647563
19859 271304158
14990 94328926
30710 94446952
49465 680441069
33902 662888572
46649 768827721
41741 663828226
21733 734723381
35049 664170673
37270 335730173
14449 929983398
26774 865390202
42684 164787602
24827 94673852
12813 567410043
18707 34608681
28252 987389189
8416 891386058
8528 268562896
509 552906979
5722 616881048
9131 922976126
43637 196520553
22917 307703136
43112 49059568
36075 547169220
36192 297126399
45806 382279983
40110 493374700
47664 655288420
4635 819861341
45500 224511571
6329 119391681
44747 316906405
38931 696535985
24294 802379525
43335 269260698
5835 20758025
31441 241009891
25944 635969561
47388 192723772
46596 78838574
4926 726645211
26602 194900728
44640 149249579
885 983280699
25011 571800613
36964 88879917
11611 33904666
27088 515381671
30486 861898518
22778 782380597
44492 714069695
37004 629965870
16749 156026498
16099 340303262
11383 630153442
42943 19513666
43104 7807909
23454 48733645
6922 668876830
34184 261326708
26302 60434660
36450 535223757
37306 532964258
39090 722738343
34949 215578757
20262 324539082
44629 477847006
22071 541858694
38542 836418571
28787 854657850
20899 583660290
5478 434653342
27037 419554300
2210 337045254
35045 894279180
38008 160259977
15372 552723042
8980 891533594
13907 691563374
495 75901361
45436 792398073
8235 832732692
10895 379663122
6387 21531766
48717 930863746
37191 213393498
21792 520008706
42468 881480097
41732 418537337
23063 5862437
16240 482213239
42689 46260829
37774 832765114
9669 565893932
19793 129637597
35607 177767757
10497 515122985
39412 358574888
18377 202066116
9644 799696851
22282 870852906
12267 763593593
9405 997622672
30768 936376898
2010 85213138
32933 977196799
17265 173780936
4989 173852644
37634 902294630
14983 85456171
8182 616378369
40177 508334618
6142 882178207
26085 984940706
8967 456314018
3882 197910814
38774 625087947
18553 865432442
25797 606555004
32376 528354614
3451 472426702
48519 490267994
19286 535337667
43885 241315032
33914 505517370
4165 531137454
13905 405856925
14640 633021877
17851 524641666
3930 217548511
49628 82518827
5998 48832894
14820 663004864
46338 682557008
21284 728880883
9718 941980970
28282 272786858
9203 732324593
5279 762785795
25316 573449400
1177 117792942
23539 76064407
42297 401353151
19575 609854563
39382 73175063
11366 883293410
7060 145582230
32474 863246070
29860 561272548
13448 263339893
24712 610398192
11157 990693320
24942 305452027
14428 970657848
2059 438416178
5458 475203947
4478 613525854
2991 933145593
41738 826302872
10646 690267916
40426 320192692
724 638883900
33673 458848777
11943 664025706
23359 79544991
47969 108774709
14901 55051361
49863 794839258
44487 612875697
41725 525448152
33581 957043426
40889 532301843
41467 242013205
45057 933031317
80 541244390
4780 380964929
39994 160225197
23746 238814339
23263 906561652
9701 722326178
3478 18696303
17818 553277281
1676 720723593
41363 617014633
35131 727223089
42455 708502292
41575 816894215
23448 861616758
40239 272840691
18148 126779977
48731 648363290
3300 688852127
47126 308362050
20478 101580016
36262 560680092
27585 514165602
33541 857129851
15137 597488585
33163 921806946
45693 466017301
42731 881460670
15852 339910446
13304 884189523
32693 201752552
17356 62488118
6997 941750431
8957 953861610
5171 308146995
1520 556538904
44572 200905281
37051 534010530
49417 625535228
31700 60246370
14423 270821631
24684 481624625
216 157149473
38071 403680683
28005 327730536
15036 787945328
30208 72721516
25486 64973988
28491 297193939
21441 736059674
33862 518697738
48405 637796264
39892 941764407
29078 647482174
3461 692516134
45702 858412912
4237 702079705
633 359980178
33831 601050488
39981 47724633
23205 788351376
14897 631537151
6650 846657927
32252 797841688
47471 897757731
18818 789864311
8936 548505619
6772 89554253
44966 142153004
40086 707179130
48536 749953914
3750 976692489
782 159677143
19340 436377577
49617 859331068
47915 37535185
19368 594134686
14334 993742611
9996 283483087
35782 59213558
7214 53528928
12539 527309889
35997 911393455
36537 956753166
8872 850113315
4358 298279906
17284 750137007
25238 937952096
30715 519234645
3923 777746090
11771 409772604
27960 175460623
16442 586731468
41498 226775505
26351 474743554
30788 850184616
16187 572670191
16618 195867334
5858 735248523
46924 937661914
21037 890871636
11329 905216106
22821 281813635
17172 633244989
44783 951850803
48661 333067231
19087 655365034
20335 481250318
6794 740183459
18022 209174547
26225 209356255
30950 318103960
21787 527756449
39816 612234600
24613 413622903
46478 266651462
10839 399308978
12985 426111319
28524 335090157
46601 393283619
4602 506076114
14172 814526627
45634 324001243
46129 511503997
44261 196878631
40360 474566668
17296 723676036
1474 810217543
6990 746031154
49923 471725452
30065 183694272
8272 755336145
32092 982688163
21076 976780018
16986 55230757
1448 850257131
5763 732691577
36918 525042456
13668 394432559
28882 451700436
47489 860954001
26805 700622527
4795 368387337
13671 756242429
24660 932570014
12149 621920256
10843 265127755
24041 117234411
37747 278534427
39498 341599103
41999 624055221
46033 685479826
45343 646299439
6153 774857477
15410 193339266
38976 441143658
16743 587743689
26863 759244347
35711 363834817
43294 814932833
20136 461643593
29450 185811589
7498 838466085
37055 124659621
16877 30397933
1327 774812854
1185 686304347
29276 115811465
34702 927078174
9055 923636932
7415 795038106
41059 557370467
13812 542411212
36759 148253563
21171 633563344
15935 824636029
17909 440698137
29347 982544524
37483 396344463
14481 673305533
16667 876210445
23686 615942140
39604 82639942
31079 187862631
48456 713391837
49760 194382641
17546 81914514
2190 78721509
13336 65681650
24868 940344412
1733 690125709
31426 784505341
443 141642205
41684 349464092
29676 542676255
17727 31492922
10919 55364509
43474 277702672
10551 648902935
12073 466012044
46206 606613852
25905 221626969
30649 976676104
10007 283943901
23351 896815618
49733 813572066
1535 488086941
16948 174458289
11469 887157441
4463 523191354
8719 912609007
12746 88147124
16 321051498
5580 51232296
15812 897225641
45420 942235460
42499 905206368
37109 809621032
2351 710811072
25705 46663680
9829 391782008
9401 626076211
24367 881713468
29065 962784433
2461 923576047
23475 562956412
22169 859362087
4168 354510092
39484 595613191
45379 247505780
30954 731474183
18393 769155476
30890 413675615
9062 654722795
8593 615196830
16542 291543391
15800 877069791
11327 17529634
32955 875857617
1820 127984766
44593 474888098
13979 267879682
35091 729616088
47028 999047987
29024 676505595
29798 31519844
38753 245277985
14252 137603978
49383 825608489
46027 991984270
42874 838774323
28791 950750366
8879 994956147
5389 443331719
29872 124343303
15842 186483066
48348 223527507
12784 43125000
17819 8164674
46664 997422455
20220 330973662
11411 963396335
45850 865228622
35888 885732494
34699 851966068
36571 62577882
38122 227834780
44959 289213099
6375 570942810
45889 72479728
19900 361657617
6523 24390130
25921 476194777
47484 985330040
42479 807588371
37903 195845412
27277 410469437
35483 319128111
23157 496949226
32761 811026020
27933 792560478
11360 279287259
14099 697381672
349 564167320
28200 474139156
9691 996954448
49524 316742642
25631 283568917
11463 784308536
7831 992437342
28710 370536381
31803 883059028
48832 714260099
44592 251894492
44256 42029510
39363 688719017
30433 643211134
7073 973378617
24064 198054453
28904 455264122
43300 724928227
10476 575118149
47651 129646841
42128 151719329
44218 941363017
20415 195232053
40859 578037983
25856 461987868
37771 895634313
34069 436361957
36472 66225678
24664 375749370
47067 870486494
18118 940840585
2227 768591776
43302 602359142
29900 363220373
13495 549335688
27328 7911851
26569 266045019
26989 881161095
25182 576693859
34336 544978532
493 743396556
24128 465445663
39423 327861551
10135 75669908
13925 485514269
11405 39190247
45359 563231025
7716 90012651
29653 197466946
16425 738904081
39826 457028285
33718 122659963
45465 244359384
39986 761504703
5914 99300339
5201 942710255
30079 741257479
29436 323474922
46153 285316843
16775 631628793
32324 781114923
41396 660371366
2372 493460527
40846 777022701
23321 154644387
6237 725763293
15090 1540339
20246 78772269
32765 402758913
47426 272237708
39884 759158767
40641 253811968
43705 678990977
32619 983573892
7570 977265518
27264 163824263
7934 860646412
38101 311185978
7772 459420476
11595 385453183
35205 665270395
37419 876826485
39733 794471745
963 585977416
14296 969143240
27481 723314606
22112 799552859
43274 352905169
45657 445515725
23589 599364971
37765 756455291
35740 864571123
9211 656170751
4900 679751464
30930 773379548
26578 427018339
39167 422078730
6965 486249890
34530 878631832
13008 2209293
9431 639880986
32002 814550624
10838 204071702
17623 61140491
31476 985112181
48902 328721706
36520 106697236
42840 450771593
30362 309708643
5325 781738075
10579 255314510
26207 859546318
43654 265812958
21835 259890355
34798 474908192
39808 910561289
4250 588213584
21210 115959401
8981 28597634
10546 652271422
39977 915354135
44170 866110216
38379 268770858
19163 720626312
14229 890523478
39630 410576282
6910 288665051
9734 391417541
42339 733287518
18804 652585335
26830 463114755
12412 341708496
15977 92030224
43566 138607469
8391 743882200
9154 992475256
19367 825719764
21104 890836151
44080 23312651
44706 63498787
23931 759303597
9358 776522019
43120 364785912
28719 395085320
46447 817835762
5744 222640843
35566 10006181
21578 327977264
18033 49513179
23216 404941054
6517 7170907
43784 53673040
16974 298221747
14864 804260242
46391 252116734
45895 594523456
23853 234530879
1277 287517490
41694 328687805
25373 126645450
4316 812409440
11337 756450690
28129 940572974
29814 355874575
21654 964139554
1236 314036994
22970 610195801
8147 93868038
24363 858831917
30530 751155627
20080 267731722
15299 873358196
24682 619469088
40267 344612429
12462 981190725
13326 621915054
32859 279921906
11994 800722829
41328 454621424
18588 683234434
34377 221426847
11584 773970877
45104 796464156
48212 366442639
21692 280456571
13774 299792297
42417 406174843
11027 165212798
29406 912881945
12481 667490392
45949 741291968
26920 801180738
35368 353816075
48927 338053870
47400 195574892
42167 511281805
42191 864416866
4082 941586639
17803 576490701
8 921333291
31110 106242511
30590 419810848
19745 87061649
39416 284878540
46220 930191104
18374 521954892
14982 12015074
29865 626462988
15180 652998134
25719 434087338
32846 502463706
20501 383755105
28139 178720443
35752 970800152
37255 621763783
35699 557061260
13175 253425667
41565 4996211
48478 852910923
31560 844845921
23903 403384864
26664 985435743
35343 694896537
33278 580183654
39854 132567800
4599 263498383
3395 717279534
20885 639531255
36297 616724034
26939 79762175
46928 454934636
48324 2112123
43959 801341383
24855 638562578
13949 411996625
48396 30996263
28372 887456578
11996 510394421
25694 267962174
18692 107888479
41842 650231447
21263 17896781
43092 49680229
35071 635051423
1413 813546364
8035 636391010
31178 88444728
12512 60974654
28782 329138295
45944 167288761
3104 468833457
43843 22357958
25060 104105209
24655 256519374
3919 811288429
44497 931991
13465 58350485
5721 273508988
34423 309961814
35937 498708495
16734 786965544
10905 58986799
42437 703600740
44150 255955203
13358 812558429
47101 899264247
19255 417526739
37455 691257072
38703 568542998
49962 480697770
19212 281976533
21198 550532841
6226 516452071
32813 225490887
8133 660738460
4472 741450293
43136 946177265
9712 647566907
31513 901413720
41945 402451708
43049 175163007
4115 698950598
17724 550253352
26589 145226097
3252 492886920
37728 337487102
46774 18594660
20052 525794667
26023 451506290
1511 296138688
22094 506932908
4331 392428297
20254 479118313
43789 888919805
17089 7289142
36579 731080355
6368 350972712
19674 68690731
17871 359436850
44281 525418151
36840 393270547
46874 980739750
31327 85058198
23680 4199368
31628 582668265
33052 999076567
27351 467525382
11879 834251045
20063 499609605
37024 886534625
34504 538513576
24572 910272316
48179 971921348
12566 530658069
24765 523209688
37425 866603485
46706 253023948
25878 923953674
12766 453425252
9489 980156002
37873 978522712
24210 797265757
1747 361019713
45395 525973112
45340 173836313
507 207750506
23308 974289226
1462 685844038
22579 531182334
13480 329888965
4126 97446259
4591 489516202
45317 225454366
4021 987780073
20482 554087874
30177 194309758
2302 812908595
16540 77329475
4159 943211671
22309 536968787
45227 210472173
364 177618060
28348 79055469
35905 546463734
8394 97422779
10354 29986881
17807 648689237
38 877518359
37459 457204808
13540 626257442
36938 489971
20473 300279145
29999 878583238
46972 692711737
47998 621586914
3811 719348350
34562 309889239
38844 621206563
44776 354601670
11575 602451511
13750 177447444
18544 154530378
21962 62244696
22408 930563969
25150 202381882
45788 620156310
32707 845027243
46044 268547658
33203 47198558
45950 635888239
21720 733437458
16998 661310774
14929 645268796
20981 514215723
42785 366058929
47706 553772498
21121 633652102
26855 517375497
44832 282278313
47072 592302626
312 555746517
33491 693668551
39241 653240089
44015 996723363
24673 621834686
10046 258436419
35530 19393081
35511 323783222
1284 178075447
28093 639669800
25973 869004213
34814 66336283
25723 543979564
49543 507166014
18479 871937872
21320 122512440
15009 720452821
5966 313130049
30097 805480926
1693 949989138
44538 435415218
40883 722091172
44967 236303819
14381 761620224
25130 230341662
14456 899137169
7147 83038553
18574 633158607
47396 177532865
32157 933500185
35848 426578578
4938 14180849
26836 474430568
8999 101962523
29745 214506415
33362 794138708
20087 839380373
3073 349644232
25688 334629358
3783 683716846
12142 864704355
9494 361867656
40991 560242374
10888 986342735
3546 10006870
30624 54245245
48629 638102443
38163 656458939
22969 373260887
2682 525330060
27662 851545460
16954 962623635
35538 271524597
18851 518266988
18285 168973756
10101 342939665
40814 302562341
22233 588675387
46127 118009474
24134 735297967
38460 44924282
25728 963818452
40795 892782812
45087 385185864
20214 259305476
36692 692791924
25529 223136573
22611 958465624
28311 160894998
26759 695283093
43373 809922670
14525 44305999
47051 772234823
2319 738356181
27851 236317302
12742 571011912
9124 221734641
2028 35594116
2626 801943956
13895 898093345
37948 665057891
30572 223224921
37630 921549757
46723 327493385
1390 345289584
24604 76493761
35236 752566297
36640 777137818
18790 623376592
18150 880130475
26975 164144512
17365 7873107
42260 569545333
26952 394259489
25432 636568089
16711 638279399
48206 878197719
29511 609572803
38711 983001709
41861 344746935
15337 634465256
16941 516403370
16244 418509958
14886 937126687
34165 175252575
15714 927278539
46456 53688067
18995 671140190
17429 872696906
34080 626582135
7283 449440878
18160 363824562
1112 585453671
9243 213068145
34767 700559373
3071 573877837
3636 936210664
1105 211700283
31656 889091519
7692 909132788
1101 599840324
20955 335770397
47099 595641673
11193 542030533
41549 787923157
5392 241754357
1431 163701597
28556 442803469
30481 621563678
22587 344826470
1225 591841312
22617 775095861
17098 429100031
28981 765751561
47070 182640688
4367 8645522
19503 275509226
10222 298953279
5967 587411835
40546 277015860
35492 831101462
2354 458877985
11904 319225161
20684 5778649
11525 180834417
41640 951500665
982 616819793
42585 746541465
31882 663373389
48309 485576821
10845 754483471
29959 199647051
37926 846864483
45727 448611663
32535 648403123
46911 913110363
7193 657667594
33340 904099249
11030 10288678
43646 340633050
45789 155899971
3340 541399566
37685 701672910
6005 154007044
41460 231594250
15986 10518024
1241 723050371
4881 450892671
14117 802330053
18069 213268327
38139 450682413
25722 769007096
25641 315608558
38288 95988033
29322 815973648
9917 87803879
30990 86498883
49329 177472714
31328 896168489
14023 471429039
49037 143526184
41092 399945234
30329 879352885
48083 722129975
48422 265256441
31899 490016704
24646 480494753
47557 91588157
30793 103525168
47685 250266107
27588 806674644
24480 158566352
20298 671546517
31744 778954258
46126 551165412
7270 164092200
30633 28006176
23946 123454089
46747 888608321
44770 94378670
44126 796121865
7577 779113856
35129 370552858
42690 212083380
18196 384407338
45912 517373758
29780 432581550
44475 214863722
34394 436471941
28715 211346887
34809 291679264
32410 952725439
38307 467644965
17844 715805082
36993 521800640
27408 581657669
17497 95762465
48035 901763579
4455 857351088
7307 646854305
37679 149340052
42652 816685206
25197 154874769
25628 786269023
8820 97006358
21431 179711881
26829 569338765
10855 985735762
30026 872683196
44008 501257554
47084 948097635
24689 142923722
38833 943474370
27962 477873257
40324 483768420
49152 887006346
24411 42847153
49102 49062199
44456 927992627
43640 965906047
27136 468416098
6217 471389506
32895 220695729
10664 394054632
22096 193359078
25335 233669210
38057 262087712
11863 853166247
24034 958394064
4565 788236277
41896 627232192
1767 566478015
16267 79013350
8244 160016112
49688 448897489
28517 487662081
11433 213423821
36299 876193909
19334 169810070
16351 754107349
14508 255132505
14626 114236959
24232 183242363
38776 526187824
40612 522707336
10370 492282980
20046 913764141
16869 770658065
35955 357958041
44137 65285674
35504 376989616
5172 406713454
24332 910826261
22239 574332291
36376 731894450
46873 259637462
1605 270300499
30387 393892011
10602 521024996
12491 228635558
22045 666976467
31890 249202310
36636 998131631
40884 678615855
19060 959362398
38321 919246862
8266 473680019
5495 474896780
22133 913432547
38599 146029756
10342 445866062
5493 203037208
29650 396697641
11638 510848398
46515 312758040
17671 362686134
25842 605744300
48840 549831931
18487 241602406
37909 806661626
18628 503620505
2823 577913201
44224 261200327
15333 580063170
37158 802615450
33940 142165846
10106 667241268
45531 361029765
3074 628127924
17707 232552833
7403 771764025
19103 873889222
27447 956051228
2349 768938555
21184 981671401
44092 38696751
45556 221025868
29770 382523229
32546 736320722
37224 442558159
20645 583597740
13478 471238621
15844 616250395
8127 321514964
11262 984282702
33708 404976865
20133 714404629
13547 582670915
12938 332055406
22470 14123747
48884 57537786
9122 296321684
11003 304430965
41076 541335873
14076 529937627
18020 554775816
23610 445684656
10537 637945502
3095 958821904
33450 134860523
3520 475204764
29241 794857342
1762 485903115
43760 443608102
4951 116206502
22417 648607266
2952 411398573
4441 593522589
17069 926370362
21711 714806925
23187 923067038
36305 201765562
20545 857525299
32365 828612664
34723 155745984
10028 629148922
46719 472721133
46482 429074520
34566 860731672
38033 673814499
30316 620157626
43513 404340407
27589 603033840
26234 104366176
28035 897568224
23434 366625333
13328 462819866
3233 872766419
43487 526118514
850 517706663
8084 693585599
49212 861808588
39656 38926748
37181 624737178
36991 339400968
9982 305636924
8949 853087774
35823 869964880
33427 605700149
32080 390175875
11571 383897776
30789 418511451
39035 614422325
41837 219146271
5408 446806327
36426 5275473
19102 201211192
46986 657236526
31929 805262309
31390 918329099
17413 427990635
16888 845034242
7887 967402230
40189 592811381
4178 37471422
34803 142480283
4414 391126361
31582 309050439
47448 783497760
19656 380520157
3729 115114384
31974 970629990
35790 229729105
27870 289815122
48498 976647742
26893 949512843
31015 977949025
11812 141930254
35384 700400493
34442 627121268
27382 196828119
26742 829878217
32616 591776529
35035 993521478
44703 225408934
5806 313808816
47602 746915148
14248 364811524
7447 577827923
48839 597613865
16541 360649486
49810 71315945
2402 305098724
18476 381622311
5407 354512743
32655 153184997
32645 227367955
42797 532854483
4745 65724482
46373 649647683
47227 887084246
18157 291496490
9075 552012669
44723 794809775
36955 911279840
28950 789397534
33874 230849067
41839 711616290
28761 696958686
41603 181306045
9032 173130209
8762 154237329
48973 995221639
39088 861246207
19315 301082186
29473 914039105
33210 876090887
11272 778398385
33761 697695048
10276 11639506
16168 71390534
40311 921301079
4768 165764654
16402 484194375
19435 423412501
46037 641665547
38626 911818114
31167 676501583
29752 5523958
25799 205852915
1586 40068981
40527 859596119
11735 946692330
32615 476702305
21147 772213153
41607 235799332
36282 858920933
44793 232884525
34796 428976438
31935 802346391
27769 59800865
13541 423213754
39283 43694827
47496 713255508
41308 558429927
49486 345551394
40331 299539729
39617 542416287
17269 551129743
45880 239966802
30384 801442833
43565 513923057
48844 322983186
27937 732625107
33798 850016967
10550 33927383
42045 247540559
35294 46156531
36070 438494595
24951 26318151
22323 115254356
47168 598716818
713 224942283
17527 46515584
41545 125112322
30447 251103840
3080 760788545
10313 712362212
48977 977282773
7796 244848208
23504 995393317
4004 610794584
23645 336680067
44548 341350090
7839 944331984
27597 78994783
10739 818398668
17743 375547096
25971 979059764
15011 248432153
29439 64266965
2355 690883602
1145 337168723
27038 847826857
17065 203844094
28297 494195703
15418 709205659
1043 348469905
39506 526602349
36721 969363556
5758 479996902
16162 315568597
29592 647001899
23246 950662702
15927 202469136
44124 577611038
38347 127956512
45761 322806335
3870 687328792
30238 94438984
5307 68057612
26765 119610280
42446 101292306
43761 625033993
30448 592617364
19807 470337022
40026 92852511
14683 343612924
3346 709806333
21360 245247920
12137 710970198
49335 425695693
22158 665507124
34582 213372951
2864 264788299
37516 595339565
33037 440022876
18738 138685271
30853 670672319
36083 743490808
47821 43782189
14079 683176722
1999 823387751
3663 729224378
39959 620247380
5783 487284525
5726 730167952
40462 514359480
12057 384983640
31135 798826591
32289 640592237
49355 829430365
47096 489893491
16412 292189726
45870 382122106
23807 704129342
24229 190397894
29379 541157886
34923 14543679
8473 847830152
47145 515371262
45983 720711567
39989 836081646
19490 677805773
25511 480668972
25734 196732703
47093 627317900
18012 899741827
2181 707402607
36236 700535614
28271 377060840
47125 431234631
6103 961954769
48265 779587996
11177 641920911
42495 111331155
31815 723563742
32856 609931934
8050 273664643
36854 466346599
26540 327390082
44841 509916434
37060 910842931
39349 804229391
24165 677551657
16583 814491157
41499 18491090
49445 500883867
36973 604607753
29785 507684211
12687 75931147
32234 707261216
30784 350438519
41646 243924837
17956 261495160
6187 151574847
14613 700324872
42166 114673965
17542 660375873
14236 25838063
45434 582443746
23616 102685334
30216 618552767
25417 262844003
31220 317519787
22011 482758462
42841 66245019
9747 448124167
11049 629862059
28567 28756817
39779 365381833
31340 121054759
48995 207001417
36550 512813421
27028 55800052
25838 720173875
45665 902047054
43681 198631441
16527 382725330
19434 357290413
43529 353412414
22284 758397971
23190 838688234
14404 282059205
11000 613707813
28396 715509037
26527 444733316
8587 498106441
10075 808690004
29898 206874971
36634 858176797
18041 830924754
32035 572766507
3818 513429875
17434 205224830
17878 834662917
3370 984399317
8344 386764561
6166 221664190
24928 537319038
48578 505577715
39388 980797922
24208 313244145
3485 454692263
22573 216532038
33 957860452
36593 467122512
32208 336225496
5022 455080296
42296 204954817
25146 568779341
36869 4230666
237 960114150
9149 259585236
734 817163746
19645 153097119
49151 304054053
3824 708202995
12794 466685478
16526 659603923
42334 804702374
20841 880844155
32792 896857269
38588 919701883
10031 215187058
38529 572537423
32702 781928020
3767 93503379
1039 857706789
40347 420438850
30834 860146222
7539 237593634
48287 888841892
48427 65150722
12891 721726636
21342 703075236
6855 450277465
29007 385944295
7671 259493914
49396 526621184
35749 996411746
11472 129179040
17708 255262047
20467 537281551
2149 552790297
1731 223401033
26790 440279148
22997 800209795
13855 456308499
24813 440867425
22516 783229297
49408 249788371
38336 421710383
30552 449363350
5385 910266897
29324 992480471
9965 449152231
45402 448425851
19155 218296026
227 929158293
19323 270214557
14314 213986014
3441 639235524
6427 199263976
30076 488108508
46213 86545509
46423 918205406
17741 247851702
27905 72803858
30868 907570292
48854 838864256
11396 678101126
32309 477630580
17486 436691648
11420 848805719
28307 666019553
15251 695552910
12783 881755155
520 407275045
3050 346098124
14439 505759054
35111 405234352
2119 531281419
25135 220816960
4425 949628739
17589 38066572
9107 104172413
5189 551781041
1404 24553852
17338 520237007
9859 365027359
28336 456434010
4475 984045740
43756 347683162
8687 360424011
34042 436425204
32923 454037386
43380 77815190
38679 902077388
33621 957011565
26752 156258028
47768 514404418
43217 686113021
5610 108486041
2423 474390060
42387 188152874
43291 978867949
38496 603905085
35563 509805080
32016 743706374
41490 673012407
42430 758450144
23706 633981047
12226 535128996
38021 837115845
3782 285805710
37412 295250599
21262 516755219
6127 641152729
7795 203697715
41084 835575963
14395 324111806
5807 85904271
26942 700404665
19506 733383381
31311 315248032
8317 83037917
27121 275404739
39567 537346537
45589 46066320
48627 144199332
23819 261687154
17003 578620054
23443 54778563
42055 913735322
9609 38641642
46025 548431672
2431 919264823
26715 830019588
41100 975547215
25303 74309294
38216 417087865
43471 78871575
22816 361475760
22389 555761303
37715 448429394
34366 272743027
13755 686057861
7514 756060134
5918 836209031
34278 179647564
203 58811144
26902 921642631
9789 751760049
20869 213166605
14042 703824604
41007 799556039
21163 258614071
33675 260119608
2728 268033803
12293 373890848
20723 382680625
24958 788972359
46594 965654543
32632 464501445
6955 646645318
33109 122878297
15192 73817028
23695 460568926
22278 179121639
40806 105017752
42210 751448365
27637 531755314
30359 202283094
14840 361287526
25061 155901678
34811 359738614
42458 617073162
155 876770752
38513 535445974
28745 138449706
1252 781390924
20533 193282971
24934 40614913
44115 277086692
12457 839923817
43038 395549014
45268 646065657
32598 875928902
37924 524722448
1061 911885956
7053 612084501
1455 151278239
5369 5927953
23672 203005334
18250 581735121
290 635337532
26953 567157622
4818 775053904
39539 217878090
30828 40150871
9991 282370786
38887 479814134
17416 808023470
34615 670822240
15546 289899974
42524 300630638
10729 441286957
19919 187927376
34029 739716509
45397 978581767
39034 841590883
47794 271719147
34908 828183470
39746 927977049
22545 147346846
36874 233419426
9155 608356250
28052 347816780
28214 753483818
35512 380190515
20653 106495965
46563 151937163
11749 831762577
6385 872114421
18724 526893737
5030 665835088
43874 676128663
31822 209172486
3026 208089982
27593 452093625
6348 379037431
14021 572109800
28703 638210163
17189 811448278
15204 733002897
18859 303979663
24878 141867087
11741 832078564
18047 416968858
8446 505086446
37610 133132391
49009 326804358
6230 356324715
42699 770298221
11554 729854501
46413 757607066
9993 436795858
2024 840864599
32106 505304043
36966 767491403
17866 465203144
43826 935923284
33978 130076152
16693 155448889
42516 173282538
3263 252118582
30269 878744010
27778 607825148
39717 367402732
33984 652657469
20469 535834921
16347 800684547
20523 579235146
42469 760304134
34598 179566856
45875 389075560
48225 533645162
11208 220016208
43010 910202864
5391 553246612
9390 683515154
25916 120207098
35543 278861253
9014 527550778
34511 658000505
29002 451226134
44121 80733428
274 266082261
5004 336629402
23934 977942840
44 183013553
12997 444986108
46871 307622891
19050 876045187
19125 620501927
49719 535214185
23409 373184863
46657 151919361
7578 659135311
39932 972941953
9812 203510579
39173 482572152
44603 13922227
2772 563397666
13447 602273042
3538 476786690
17769 583572207
39307 556129395
38375 386305892
30575 377940097
39165 328638093
3785 581430729
47240 788789408
43200 346103135
38556 885457473
9108 661814745
18730 843203204
4280 609189591
25912 632840065
38613 480271243
42258 130900425
9971 7336324
9117 640761397
34586 985039056
40068 165309342
33168 464571665
13570 207845368
2731 7784073
26962 203153649
6858 344298329
2789 338002901
21615 671490671
18557 305701401
3564 973511826
30761 125046283
27344 425267867
698 824159891
21472 611543023
18699 238062394
5573 928432915
36676 496912997
2498 309828173
47461 421432450
35680 302946071
42803 934866688
30358 64396265
12540 546366290
37959 762205682
30546 823032151
35318 393149337
45878 168653105
16788 819699526
8808 713702285
37190 174262517
27343 29695745
38465 563217201
20453 580100912
10314 862911738
11108 558074764
24257 667400095
42646 686549972
9386 550350936
25266 168746144
19328 668369307
2363 89497103
33496 415725122
38423 765990869
26521 996433279
37125 188151175
27737 509568661
935 760238701
44585 351147459
38041 645126803
24680 585116759
36338 524391001
48766 171723717
35568 16471129
11082 481677143
34852 256719756
7842 565586211
7302 225832085
166 394770812
4623 5519869
43313 408897789
13825 393476747
49115 92544642
3158 672378773
8436 492839989
4925 332677183
20030 112597099
42894 185316187
28636 97960952
24499 57389791
42270 171193827
12910 308596351
12867 968682655
6287 311304293
21045 100126298
16439 375033823
2837 158238711
10189 513553231
43954 386256099
22024 786503584
16296 769869921
4945 431529255
5848 287933076
8810 682815719
6558 585207107
2323 390583252
16348 793117051
3682 969997626
3552 369249825
19973 253368259
34826 177481244
42673 215610684
23845 284069394
29445 638325459
4307 889937926
34219 712705415
17039 13785916
40433 374162835
27683 963587800
40668 230583388
38799 697189797
22706 968811123
9745 691496469
11292 796773621
35979 435719711
23200 251687584
7892 948823790
26466 47764329
42084 895546101
10660 972928250
27373 362770771
44163 878646019
10366 922875322
30703 243957386
38934 832216053
19762 51655044
38979 169883361
9581 585096527
43457 8123262
19043 696316786
46732 12949222
16921 656646673
8518 425420034
13332 774312571
10012 936421336
35138 118239474
5499 95937546
15069 151693538
27547 558863762
49940 459794663
35818 143981066
31306 924164328
48358 317289497
10760 679350987
18243 322536970
35739 291180362
33995 480861717
37625 885562849
13771 155937389
44849 878019057
4274 450816234
12070 568340755
38294 160886761
47008 770067756
23659 987454602
1692 520583548
47605 64620785
39633 855927154
40170 478600110
35926 945215509
5714 516788473
43496 276645223
20591 602327861
41183 256538019
40541 947971677
3031 417791650
29064 216920577
42898 516016648
12346 904424930
16121 348205392
24394 284515806
46685 109013334
35906 893464582
26679 438557625
12542 599266397
7670 112407576
31490 83991593
47807 12916991
26667 802404530
10375 416785279
20649 332889579
26404 781623135
12657 765928273
16170 721393292
9384 473864723
9537 203308924
1010 943690599
28856 117292617
17456 311010095
48448 734098576
42601 96667747
16449 550358891
19542 588143369
44748 827612837
42847 238425941
26426 854676984
38902 486882491
42134 713153210
28384 259226807
4087 250719314
24486 591661062
6857 713141773
3482 481838255
12056 520393742
10708 500432245
560 859644940
9067 669251253
27052 731373443
20424 107555058
37920 722055532
41358 576376376
24176 136965751
11582 241788047
29226 860650441
29980 253386557
22110 840155785
45276 90702884
28442 422223069
48207 428514054
20859 249846973
2692 192300074
41931 353168012
4849 632245322
30667 645606958
40440 834526130
16665 528762279
13551 726510186
17286 801408019
18343 841679091
14290 291126057
22379 542811430
20583 860719244
34301 595068779
25720 838246101
16032 184939306
22749 793613529
18720 949215096
26775 592577500
9324 468908986
34565 602065434
23705 783273184
35915 289290499
8175 179759981
31450 279618922
26596 690450473
40065 663373886
1990 308052549
14360 48838522
14232 909578883
4867 390864629
2733 460675276
46642 879016269
47534 547058970
39628 699622915
47345 800515329
2656 519968964
1163 255887723
9875 599764249
26380 29934046
42068 76405314
7846 262334319
44591 923428282
38593 632986521
48960 932420378
15451 651607611
16537 265480243
10278 30864963
15512 614851936
6796 121744304
44090 874569665
35298 987091421
12701 400538775
49004 477546436
383 514305819
39264 822096280
38393 53313017
4439 948021849
43793 201856709
37562 109787028
34434 353700083
24906 675431326
49068 613169686
4894 716397830
29609 132684989
39631 669179868
21845 594244911
19917 144204129
5943 210181868
24078 864508820
43001 837314167
39055 569747805
7914 278094708
24269 169852293
3964 877574299
46015 462088598
7157 159930581
37334 20387121
1884 405272857
25503 54138526
22945 736782177
44185 710210058
1060 554616625
37401 427492663
48198 156535012
15395 276755879
42926 202278041
37311 147293653
15594 375205617
27900 236061354
15651 929084471
38270 393076461
39872 7617126
28424 343266394
21048 644368179
22533 713729563
49190 554103040
42343 509793649
49224 994448372
7903 266724163
16854 900255756
35883 712436687
38044 188565285
6744 753933755
42408 744514920
37847 122293650
30409 73909510
1304 824917656
45292 350114595
4081 597237407
8985 685488032
42677 817015026
9082 68458265
43967 629011466
5268 442301597
46997 154688533
7164 196003911
48255 441287743
16018 316149486
6972 146362907
45403 190944461
9226 311609538
39855 255437433
10243 749948075
15835 559581037
49196 625764870
47230 507552649
24524 643955224
6576 696009764
28572 759361819
48159 587101075
957 106314808
5331 766241157
4106 682770675
10997 978107062
37794 507029516
6993 952765365
46207 314462598
21687 947934658
9601 5823956
40100 874168801
32015 160152800
32628 831690021
28490 842986335
21702 795186709
47357 925520259
34229 479043257
1109 98368510
37186 604263351
13296 540708060
5051 638866479
23757 992360695
3922 295946801
7107 879647533
39218 499349782
44533 923038856
5752 496937870
44883 724506021
24982 557145287
22345 118588783
28551 756358445
18049 9340698
43266 807894931
45499 731312582
5228 947414512
41801 156085023
35222 620575315
292 399819200
10172 504720397
39687 185019291
48231 870920608
14013 975991035
48126 492200760
35617 184270754
12313 196157856
2635 804614922
32554 510646151
27887 336314714
14926 284908533
15709 190961144
41538 93368907
39380 181229058
37717 236196412
13891 248109408
8920 523347828
36446 461398507
11352 359260494
45750 495707836
35612 503958714
29107 231667604
26985 298723854
34677 993136832
44512 630660651
49551 96185702
40116 515986162
15272 203250968
14838 332971783
28386 704279550
43908 559956552
29560 682621123
16700 335387752
33123 682807444
25703 889336503
9101 328345803
32601 66937912
2563 610956306
22731 215990645
19005 536874262
17041 433534605
49442 243691063
37661 882899156
39713 263584629
27352 895257185
33503 292616005
24415 40618124
6252 132286558
20247 70789333
20940 196538228
25323 259763549
21878 101075072
597 548388616
26122 323392349
35448 436958161
7042 961214271
34311 591095648
32705 585054704
7632 554159741
48304 354830333
32049 435618162
34716 968310237
26663 318020215
20196 999260622
12389 381654968
10165 434793542
15820 924497511
12947 626726934
29548 26229023
2264 736549507
43318 94124649
23388 299944790
1823 810133704
49425 353960401
31354 934293307
2213 29036974
11120 83901837
35564 620146602
8825 178357124
13826 950213949
32322 394260255
30500 738641482
15335 359513821
28157 768822858
47011 405694916
12430 601940775
5652 181822591
34471 157131870
47995 574787920
35229 259982976
15513 844491903
36095 472412288
14976 752612037
23823 461598940
43297 513196396
42123 630226262
27659 306860877
6223 283015997
12689 591614534
19001 355881086
22187 48041569
14347 918970841
19689 151851276
40526 774214399
11348 569382398
33275 514906140
49022 148053654
24319 735659562
18134 561406707
9696 785380853
11826 303221611
49377 515827613
38492 485012108
40236 115016074
29050 986699597
1086 541052728
42072 857857932
21116 139375013
27819 15632755
11271 498903052
55 428169437
33567 805428560
7174 441981304
35565 509565281
43754 253845591
29202 774554394
4516 70208725
318 456072978
46518 36880675
1311 616416150
39722 928187229
9048 493766760
43307 54312088
26520 102976030
35688 226172814
11480 457942237
35804 236878315
24346 297384166
10053 253457655
12406 626838658
26788 215198464
14401 405768658
3405 697288417
27625 729530147
45560 451459170
25456 4163199
4997 941580147
47560 408706343
44479 8550591
16965 617940303
14752 494089882
42703 915931093
45810 759179271
2268 142688104
12331 622732266
831 312327918
21765 226373821
43076 344784715
4018 148354253
19578 354743686
23146 140756887
26297 931985981
39778 402842628
47577 588012346
11458 794979999
35274 584682855
49229 393421318
9498 303374106
45471 989624249
28055 25365017
2632 175785701
2929 441633417
20739 478025297
22707 367785014
40366 27874488
48989 109248280
42896 7664573
22099 511533487
22337 119325159
27573 529688398
16550 860068591
49526 520150417
25531 584126357
33670 175006819
9714 54616330
38587 581231996
40572 967943322
12181 692099314
8848 308312346
7233 977306332
49321 275050735
38356 328878948
20590 953263506
39387 914908935
42027 66604970
28680 296994468
48900 430206933
4902 702276338
6003 379701909
15266 480564487
47004 558020678
22844 523343348
35445 213481925
5469 308639327
49601 726458999
31676 456352121
26514 149380066
44590 730620437
6297 231316078
2595 415939387
24036 210004741
16129 604591298
10598 298616805
2898 873710884
18517 617364576
5982 15612206
30378 846446230
34614 341860876
22994 71331493
39244 657294647
10686 121472475
20428 899789122
740 756823637
3586 892439694
9533 845492175
22634 25822544
34681 844379863
46372 816380927
6052 745866676
45998 249879295
48428 680994214
34635 734435691
40465 917899539
39308 923251760
45275 156324294
26827 792647202
8447 762732728
10902 839124488
30806 2733991
26683 74402381
14035 180810300
33395 569499237
31438 23761727
43236 406008851
24867 41479659
37742 711956053
10436 236357373
45608 18878431
43293 853852330
1800 335392998
9076 378701252
16083 63951313
15885 342176600
16559 59250695
31533 172058319
4594 981755558
16197 671883274
13398 561992585
36211 914546705
37662 655291477
42315 204010619
22850 125658709
44299 49392190
41822 665473669
3914 852308516
13976 481033170
12594 735361245
11492 987061961
24305 138494091
13692 981330282
29891 814438354
3118 113159425
36986 954363672
43075 363034001
26365 62567977
32786 113749266
664 705307381
31224 262244503
20804 757538234
19685 752276146
47508 968652357
41932 854164620
47026 662458129
25329 275679254
25580 17547830
20878 154863180
9703 881264690
33206 905867166
46485 45107437
6824 803079483
38063 105922177
19866 913811745
10397 927381114
30477 996515318
14284 385598024
39949 371159318
16065 498664724
46903 546544029
29532 330606371
8242 102000827
26266 312979917
32101 566368082
42583 291856554
22900 128784506
24374 961287757
16005 411726439
17135 896760477
20108 337352389
23412 680107350
13053 975472828
43051 48630202
12192 632395031
29990 951247046
38335 259192788
37086 111192803
42744 163943091
24838 22199541
41615 44968039
13762 698845899
30865 784396360
32349 570607716
7861 636319420
6163 595589409
8619 894771888
38278 616152333
8614 896464899
35245 468293372
38297 485943749
36264 600826745
10629 951981697
30286 635451056
36244 525913178
33128 102270867
22447 929608855
6354 999951759
12123 610384990
45272 867241730
3902 737721527
35173 464295382
9592 787103841
31197 763436908
34304 814761872
43532 534897821
30254 955408166
13792 441389002
16323 746799423
16147 837291872
35096 522768009
44799 285091719
45280 820930119
26132 545677599
42307 444320576
11368 495737070
40534 176913250
16949 463954138
35631 905610574
31684 922360780
21488 876672774
24279 173688915
34971 57706175
48592 309350196
44830 8820477
29881 301411359
38582 342088991
8787 145260470
36638 905571008
34389 975109472
20229 23043554
15682 79322496
43381 808648346
13036 750393918
26160 124206334
10062 82406069
13980 951281112
6011 618227098
22805 350417070
19576 758263465
39837 80902606
2999 178194882
12223 680385198
10700 441633667
24924 851155045
28461 378172517
31242 141117219
763 580445662
2887 632617230
20667 932184942
7635 603208401
22109 173525284
2786 661903243
36608 32978992
2077 416156837
41257 297532043
7224 5206913
3524 333493352
37664 369865971
48775 82019418
12672 196349999
40769 998376306
35238 110815580
14022 151405894
5963 523013804
26176 519551885
7992 667795544
22439 974102779
46525 613086584
40466 118136227
13467 865915934
27044 371741683
46313 689890
16604 911573146
20681 648706325
36389 838935563
30596 884859184
2305 222401647
35452 706291587
44180 706852229
19413 671617370
46916 531670632
10534 909856343
35402 92735440
33736 202714658
13468 110042220
44315 357581423
17739 840456990
3773 98847637
19605 425441343
38822 146235264
47450 28616131
32413 631663536
13526 313122792
5208 973317124
30695 1393368
26884 206595470
38308 268533796
17335 846728840
30778 508599416
28489 885840333
9889 235642423
14662 20549692
24530 751306110
27679 837267567
39425 743968645
2019 437797289
41883 301468694
22453 869585490
15088 786391480
26878 851704662
304 695824127
48872 106494704
29848 290775949
20020 969269537
2472 417754686
9546 335485371
22623 615770290
29762 212603539
6800 350707871
18737 66327092
38276 684846369
20675 576792072
18590 950215509
48779 280570036
36711 31693215
32036 170954887
42000 883369263
32872 587130695
8154 319975085
17632 375631163
18507 27468993
39361 476150402
7198 398279002
31934 566760503
37279 489163476
28051 369314177
48046 921633166
43116 692780890
33860 901409650
10481 990062675
20908 615763384
48504 443803368
4934 146163371
10940 660210830
5715 551090553
42162 557315496
25405 389694128
48739 957548213
5077 710957329
9094 920018739
752 591117106
11251 684760748
40101 62787260
34447 766801939
36946 484564841
47626 59285584
27605 344316537
49181 384059150
18814 86237493
44059 866633060
13039 669265281
13767 638014054
1259 466602070
14951 384758130
1984 780839609
11461 87632868
2282 292390997
33657 947636234
440 424008118
22073 850750371
22658 636171671
6050 93890444
8915 208873183
42570 268199127
43906 790847367
45185 731923138
1246 348587415
15238 618457502
48090 788002235
29212 590970091
28864 799830103
4247 174350726
32138 905593409
18981 313166841
32058 108196442
10011 592221483
19293 818326118
4155 931916846
31795 467098063
9512 597647886
49813 892286182
43350 233461436
7533 836890195
20045 54888518
8104 663825271
22266 114461557
42826 696976665
6196 943405384
887 846313477
47046 819805552
28953 853026449
26684 790905536
15100 660316016
19862 380633559
14881 635355696
29283 535910822
30019 221445827
11818 680616863
20539 320864496
45335 424555309
31644 86854415
34990 233813537
28771 515362418
34172 395885566
25086 459091812
44804 648272545
27660 17491013
18645 649752396
11140 740467168
24124 283810739
32472 683389970
19879 904878851
14942 170638903
28943 550805104
16750 391370029
45481 322192506
2966 561703019
34197 892714787
26550 614332425
15758 240448412
3633 813723535
1856 237514525
14612 658481679
18897 686354563
16799 240828861
7865 544063598
27184 477906776
13431 5536790
16418 776059795
20962 809880965
43230 131472309
26348 29486915
23535 20178783
28538 36971754
18760 951225150
13322 808706035
23483 863114504
22972 486679679
37907 976715653
38091 351502486
17757 323224504
49682 458305459
40262 23636440
2928 172062073
28841 735329060
38727 914736737
10636 231142153
11182 52226581
33260 356597748
38803 263161959
33492 91536336
41256 729099705
31554 776232800
4272 328908464
13558 937462828
30800 418017242
33616 834661381
20609 681754175
39583 621132045
47274 401221991
5560 92559873
14214 446501924
49126 559301131
47362 278109821
7963 828981460
26756 304258969
21628 612766606
26074 989840727
36887 784036789
39219 307676958
10733 223598536
46014 57758978
20578 646684898
10565 151251964
48785 339285149
36770 299760369
48074 69311423
43015 597401456
26997 683057118
46029 360543602
45506 803975509
41269 964289211
48769 945678317
48234 368889181
14095 762541775
31838 368862532
18674 660332614
47580 874001724
8488 801296376
1552 751685254
47844 521762507
32900 63550470
26135 686197981
14526 157103602
7812 715982031
19121 982047350
8568 425949189
33412 789828638
34524 74271274
5111 685038680
1799 237460787
2918 256487427
10609 584428077
8451 218744126
33520 725807920
25615 819038206
47282 776718552
19640 968218264
12694 7876255
44616 352646855
21343 378890030
46865 307907359
9544 957450907
47501 437708263
40516 56702924
7679 720825216
7354 782238335
36109 782695049
3217 996520629
16364 758809623
46294 899941345
7998 917915391
32 805618804
28258 836982455
36990 363231830
17158 837648041
43580 238543186
34679 687598413
17855 267838147
28590 383800968
26616 605113751
21757 257140120
19090 891414200
8797 606826795
37733 193978765
23407 997347018
46748 371141935
36404 976664938
15392 227320194
31558 916172202
12138 863556436
21369 943374833
1980 872401656
8429 176468706
43859 183579551
41980 567753409
26631 66255923
2571 336041280
37879 824415060
29151 794898599
11597 696037221
23191 477975811
39675 251096568
37695 909260887
24277 504430677
23573 560648925
23796 541649333
18456 1139386
12114 830922961
45716 24124870
49774 452181195
7924 346007270
48038 243570940
9961 797214113
49156 131238925
19216 698705921
13735 758031372
44840 954003068
24764 30402022
747 606167969
3003 537554228
20102 232718042
39660 671881086
23688 381359943
3948 201734649
22082 448116938
12741 298069549
25059 476142524
10373 268092789
7439 782906206
41621 129418043
36622 48929164
22248 188830726
45237 304199513
42893 434640032
40920 514295637
9496 45357465
28070 96517553
26980 113682572
33236 292685149
2380 222752691
28315 315346350
6635 405565541
28175 534996908
47102 468669229
33010 512738940
44329 435881840
42925 133802117
12043 320451411
8953 3554699
3099 483837535
6743 487730465
8368 327741372
23354 342260515
36988 568724157
21822 6051771
23233 847670303
40083 267578165
45684 602413430
6830 578561480
23170 19893831
43469 452729777
24652 876724228
14686 926416042
28910 65455488
9209 375961634
31876 566152392
21476 57329725
4529 118717034
27055 46229120
38145 704127386
1933 568792084
9295 787063233
952 421233239
49402 623203192
10396 29261814
36167 986735135
24428 987832810
3192 844574743
2996 956088130
35155 253388341
33259 826814666
46034 431372178
39467 802860633
29014 611314735
25535 391251354
18444 928257925
26038 696723995
889 752926553
4254 291078815
34629 399737808
4485 264337595
48061 50357310
46590 72042471
23546 769197394
32648 555167683
5824 222361529
25095 396658215
24994 949034586
21667 664391186
37779 478253104
43194 224229640
3831 892580049
26006 70170948
19642 992138622
10306 492048828
11122 276387696
21113 815418855
16135 918595206
36886 644218460
27969 679503736
22521 475259121
36366 738543632
48465 804965225
9466 274150812
32475 148808724
7328 465012272
11029 28255416
32752 368210760
6472 832579097
47427 613004851
27650 976501770
42674 295625851
38827 582297897
1639 451824954
7909 725749332
33374 491215425
31094 186260122
37951 207795978
32381 976242038
37274 907440424
26725 974013426
38520 756661857
21865 267053655
38061 282326407
8200 850990141
36647 296039055
19261 976092057
30053 863507330
2164 844829846
8123 472956052
44120 839206661
6945 572347794
10727 797939331
19997 669465040
39049 537089869
1374 956486940
15670 193124192
4225 173212847
43046 897061812
14058 491777362
1663 389831266
8607 223393660
3475 349847365
40122 231329631
49049 563496164
11980 116406485
15382 784257963
47271 477048742
30840 600583217
19470 847954948
10693 243716100
47225 600352966
15391 228204760
16444 812929003
15924 412344731
9410 316931773
10900 453653584
7106 392427004
36725 847746024
26492 944248731
29474 432471288
44980 930178290
16884 829034127
20404 876111889
27062 882428751
20659 450089052
15106 886403358
36663 293621391
14996 404112625
35784 725995286
17564 871729967
27721 467426319
49741 810909756
16236 905526771
42546 235126131
39596 770403111
2307 332717474
37251 429654336
38866 38082181
34120 291385580
15034 190629990
17688 851331380
6598 434062228
15173 554466955
15146 838947586
11919 735129911
47327 310565253
23169 207474992
26864 311331588
47803 802929535
48784 499115740
17554 703795963
37136 384837011
30398 320505523
29422 617740012
49450 19930327
19936 881466110
21599 397068360
48208 720648043
25462 711977345
23214 980580915
8756 864959954
8589 218717839
3363 440829851
6948 691310768
7850 441519949
13129 998942339
12708 582578931
21095 176461558
24777 563389508
8494 26981223
47005 590372408
35645 818469759
38351 961519478
25049 520331685
1261 647399125
27495 793595829
11336 57806455
31518 288609863
3097 635820655
5596 152086075
32823 357088571
49082 760290717
5735 950176647
9212 65009576
11100 860311711
49670 27334928
34996 256493652
40484 975743634
40781 761530309
12062 47042562
5598 924270438
28789 503801744
31098 549351243
23906 387968295
31339 937957458
46097 188228093
10619 696671401
23189 775201680
2412 554589657
4100 277129105
30190 130193401
4691 510042915
48062 725732616
45069 330520545
10186 884421150
45757 683174392
32771 907838929
35070 765671935
1740 594695713
11671 807632699
19426 274528877
33980 537201261
2293 37986159
46287 681681704
49075 544505186
8694 62759865
36628 303446595
12336 212473483
18940 246033529
40531 686420733
13500 881607808
13235 436809440
26039 61967378
13073 361779504
40114 555714754
10704 252687580
43027 507803341
44982 540539123
35329 269670366
6630 434260524
3393 307637823
22155 133215994
4996 483980058
15502 892665772
47098 848801574
28084 85032993
21781 334419740
44942 187232567
1668 985129808
44607 543980562
33390 778743994
42838 715715540
36756 627021495
40778 508876668
12516 761375987
45897 90963217
28821 256547124
5786 5672456
4299 893455952
35771 482256036
23809 879185843
43427 417288963
17565 592734490
1394 342734048
7140 882794926
32657 246753194
38925 542808790
44411 906261226
39322 687468090
17755 900238834
9909 462052252
43207 986872795
21635 230591992
41475 662952900
3017 216364306
45664 628248936
15543 627632007
26170 327490146
36423 808119653
22209 2517367
2617 9362531
26919 122394569
8293 563033196
11805 423887647
38115 225862112
32912 554530029
25584 195969060
12429 56847540
47194 451870443
46546 87060429
7748 542775787
5994 259687011
16818 306781743
44808 31056969
25983 21309453
16837 240711563
16367 530206186
9564 599107200
25283 603294438
33763 826164567
35510 322704772
8696 92354166
15524 354835896
14226 299013350
33048 637831905
5511 687983566
46607 939499652
10751 559986639
23760 328669954
41866 913984659
2358 107581058
49245 127278089
20394 441642803
11971 591896885
23740 305849463
9443 43620024
44699 286617362
40984 558639479
43832 921178983
49109 971494124
12282 345775173
34572 635547750
18371 112211250
19491 321644601
45039 371460646
5558 876752598
48632 566086370
48302 443559713
16873 906008381
37133 191090621
38330 480566363
30404 88547470
41128 824552353
15941 166380118
6553 511681219
2776 114216039
46452 924090319
26059 892094128
28342 18931713
38782 569105427
36521 619137775
25969 14034526
24382 289417515
16178 746414761
18991 508296089
28086 799327513
2247 715548550
22156 281302938
38831 700107537
23346 630668152
38073 426443683
24292 173475841
32008 525344842
43459 190972936
33975 611485295
6430 147727915
45438 553317509
48783 775899646
30159 133613479
7123 31419416
41296 191624552
3900 260274753
20868 999965831
18695 97923834
14098 684867362
43516 686159128
1397 622007390
32331 107448702
6899 885376902
28997 302443213
47676 899319072
47409 57556761
33529 290670304
17306 704377483
8986 970295968
29429 517089063
32760 524949
32205 613608588
21772 206494236
33100 21845967
1860 271754463
936 809024417
31548 652656759
28061 554678468
14866 327577198
27283 351727035
48688 68639466
11964 183827696
187 819400949
33379 42440429
8343 72681673
37650 519639591
3828 429482408
12135 391786336
13514 998999856
13203 722217644
1591 296382073
46246 642824235
24463 77308179
1357 759017586
19013 618120229
10965 160997256
31270 62030561
38381 389382349
34740 200132274
38905 355190262
43552 557809935
11 541951223
12534 69262334
17850 249266052
20986 385346503
38882 771479245
15611 880730199
20380 531421062
5855 260290093
10149 62609896
35745 219517353
8332 35951913
4048 444446197
22962 169279191
34784 500031623
21944 420926355
22485 998436587
27681 441395236
39905 816145603
20121 727008941
11924 597230728
6280 423095233
18215 220008393
45470 982680670
7740 425721465
44458 529408864
49040 760779983
48053 479109552
2376 752088322
39119 775824862
7857 286175435
18296 419135904
30341 101224888
33108 512029798
28800 300684610
49839 514062676
20991 30736867
9764 909458760
19704 284438255
7971 838998514
12591 279576082
12117 466347844
8767 388750978
42231 176864242
3354 127790543
6039 143650635
19923 684144976
40975 323269138
12341 631859384
8782 750924348
8991 139456856
44989 905437007
17308 621889498
32099 501516196
29537 883674441
41713 208237237
17806 927619558
2506 679233882
31945 21577562
10958 502619342
18111 581813987
22407 177861984
47176 936376456
8765 986382127
3006 996128855
21820 788967815
35821 6363359
14490 257353167
36303 203310077
12816 129460819
25645 431074194
8065 944194603
36999 337101822
14358 929893449
4765 189172881
27000 197792651
35165 725267829
2767 294668681
31448 565586407
24574 253968379
20585 11185596
21440 670366758
25029 539793523
42021 702917135
3596 13123718
7958 399882312
48656 424383096
9849 108733880
14458 332573968
12955 623771142
45060 63371570
16760 566252670
47062 65131669
39903 937604774
40184 672285826
32814 969952985
7382 547951317
30483 431999636
39512 644756401
8439 392923047
42244 348305279
18622 385334638
10457 927231125
18297 470874917
48983 83490310
23309 441591484
11016 521870557
9182 389415344
8285 838744592
31607 247156866
32994 126427610
10433 815814330
42107 474421694
38282 33832667
46755 579214693
40639 185256174
24819 674754919
48585 962378520
1122 565240748
7584 314125922
2490 369443397
38342 346113816
30400 102704349
21591 248282927
12497 39025912
36813 750329604
4654 851211073
22755 77487037
41779 226302127
21179 191076762
12935 187904086
46542 81738716
21571 964575694
10429 657946180
34655 691785373
12574 536466235
29143 208731543
32935 697617134
33731 308292507
14056 487834959
10687 894242361
1709 281700978
13419 937910627
4092 126860234
9133 287654523
5198 633027032
28628 58872162
40917 792773443
16107 427966109
7271 602053900
21378 122181369
20213 399097868
7452 234830292
11635 870550984
33198 7319348
25111 403235889
43069 872732430
3201 630241385
35531 890280510
28637 267700348
29059 310487252
23833 705351903
3424 265234105
14266 404928765
15655 256537243
12413 288962581
48967 50231020
23830 306978039
41909 670997694
13661 796109438
49994 439992363
49795 63346889
43068 311341260
35022 449302238
9437 921293359
28310 982078723
8823 944300576
29179 464878989
19925 340143630
15286 993247363
21710 249048197
3558 133137978
41218 59572430
265 120953835
23559 887242389
40940 141532523
3791 891269593
46931 897794749
3992 624220397
36702 764569121
14228 73429785
31587 428287690
40624 399833591
36429 491331229
41655 925118432
46369 986595599
25709 788610490
41675 463203561
46113 14221937
29724 640626709
3128 294116084
14064 456337544
2555 179833661
37633 682181940
14637 35182203
20875 962282051
21103 710889708
31893 621644199
7112 346293378
37020 27756392
21980 990917788
19174 752234656
16516 976014890
28616 99744
31813 65320008
26607 366583697
1644 118231612
26119 558204945
16009 677749756
6115 232971482
22607 272636798
46295 228984598
39727 726939640
31713 637909337
49958 925553595
24498 826907108
24437 458670560
3610 334883383
32064 682679491
44306 237708792
27701 25221991
4502 673184542
1182 461592660
31773 740220821
12081 581394962
2524 272600010
573 642274762
37244 357727212
24207 719789116
35641 809164096
32560 103015897
34054 278040992
35118 900302007
10570 935158188
46958 420135086
23599 832070277
7711 114585272
22332 218766569
32213 294385345
17120 413046329
14546 381032786
43983 598563513
45175 46602041
36560 203079395
30178 106704803
5490 412575177
31157 157259971
45058 144924193
26034 434582748
11601 224102214
33472 155250557
38407 808922547
13497 117146673
6775 35278744
9919 162000091
40676 59702250
36340 159621775
5381 642772203
15479 472247502
9140 243780972
42918 149450210
35478 810389790
17827 904127745
9144 471654083
40656 255097667
42074 809819805
11702 783986909
9143 508735333
9464 895882927
43282 85734990
10934 783877298
9772 966698403
4241 87935641
25516 172583382
39065 769013119
44744 935376127
13159 172988272
46869 705869921
1678 968658207
17234 697987639
13186 843678768
21515 325693671
26840 345769063
40633 412077956
40092 538267159
26015 494836504
26744 197329115
33587 262011470
8992 136056757
44608 109993755
23102 1263635
30718 755343892
26505 298865874
38537 676819982
5570 86703100
3780 521009465
9291 675813765
4459 735955116
38870 829694432
49236 374963431
28285 316920445
38191 914674400
35337 530555276
34154 538689993
37460 363375006
38980 842432378
22454 805654042
18555 994032810
8501 416353234
45190 882044008
20789 294140247
3957 64322026
3573 855753273
46411 936086264
15888 69949804
38494 699253683
40891 6855277
15104 598336438
12378 467817511
3188 740841465
1118 204563172
47643 506752318
40451 113714360
16985 998811329
42076 806267045
12836 26761169
3141 977581026
46643 843422240
44257 124520068
14656 589442672
43363 432261967
14085 142792559
16330 468828177
28259 292088487
20497 187765266
32076 870808141
44715 755215467
31638 968085164
9363 407119080
6734 792395014
28529 970504782
10441 878317024
33566 492476559
21185 973982863
25393 684205861
30218 816453705
42487 552694761
22130 389817464
33055 449499815
43481 747320225
34583 265209392
9520 420682858
32501 375499064
12262 564285040
25729 294279741
21349 660488115
5473 714056400
22837 713567997
11393 417059377
19662 317326586
20494 11703030
46807 400705625
36979 295687293
28543 969647048
21652 845879861
26559 90167303
40956 791513733
41935 790063518
24452 45837909
9652 214150385
679 809575409
42951 983907397
4781 125028884
35064 432937184
44835 246272392
28079 116952503
2810 845910540
32086 430161566
32129 675588174
16751 149633293
38099 135437545
42082 685181657
27473 467793976
25978 843365071
6952 359218206
17472 198111122
34282 661908436
5789 652453549
47353 556644646
25236 564179423
39250 732127384
36182 248605232
47332 757931341
46407 357622296
17163 277848311
9612 338774046
47645 479231280
45763 360215890
39191 471263680
48028 833360728
22116 52829307
46175 72884208
41194 668793852
17318 652691744
45794 169427815
25064 57831113
49761 892477332
8912 670177648
7639 740418831
42482 646681578
26395 651970305
21919 64347328
5186 532227649
40605 835736988
7528 267083486
39751 608216822
34290 698955264
23743 391826031
15486 88540325
22774 530765089
26964 748552136
15993 875920612
4135 983479944
29803 952238753
39737 94740150
18074 582376726
26155 791094889
18325 97624712
31522 280690368
2359 976240379
26736 387680071
41547 617419255
15033 357830065
19622 89795433
1679 281965000
16423 470664606
8046 427825969
25351 360983940
27248 92116340
9060 529105653
4742 82036037
4243 423216018
45605 706700935
21495 629765338
40886 529868915
25928 390493173
30525 768687287
12892 980989503
15443 161052870
20422 912026326
26441 165792849
47155 421455497
5044 469373706
22881 507594572
15563 18223197
44626 919859638
38960 312602426
13851 228595
9424 209783874
24096 264074818
22894 954069166
31958 709722261
19764 991186247
36903 400733076
27858 667647666
15087 644829464
38348 990603187
1466 723183169
2175 127689278
17586 928398969
31219 778561953
21505 860198830
35364 397809606
8017 556723622
34212 400196595
40422 290926491
15624 976705193
3111 611551860
41599 884708149
7618 645879941
38409 368510015
20323 510640006
28007 740317839
41470 779637184
43762 221989571
22791 106019832
17597 759805465
13807 535170778
20337 33105292
33350 480869499
21336 332135086
44330 609252468
41911 246598017
27239 148567993
25636 966636881
49914 114209673
19459 259277581
31997 252990724
49590 113066747
3602 609937862
6930 845713301
5980 97387799
23519 823395600
995 773171482
43440 580352635
36910 388700033
18170 311583144
2357 822071796
1165 532774243
27658 808291696
46425 671021571
7426 431116541
14324 788503414
39186 238595697
20013 367801049
48999 918749939
25949 882291863
32634 651980076
45313 836515725
46639 180154024
21373 913827664
16443 801551125
37663 134579431
46978 165385723
37266 626394367
45090 810156599
36554 606119438
19693 894943245
42393 78050799
15481 804980672
23993 73372793
13257 13844452
1631 364742107
37762 893469432
13539 281264174
44325 940255868
969 857903609
7285 63972473
40148 722546034
14096 879112165
5423 716184493
41061 360012967
34581 897901853
13177 930608600
41421 229508767
18292 665530982
36206 529883399
42662 484280002
38075 613240121
18789 689064755
43039 324433702
6443 731681947
48595 483355967
3109 738159170
15384 770149648
20715 36865832
48315 830522649
23162 296075067
18911 939449588
19977 772748390
29282 117573159
38579 833766241
28541 81259294
12402 637468574
10291 248109414
22739 265800362
48275 749178231
39564 941839679
10713 916649466
12906 723401785
9184 532145049
44527 445793772
39729 803913760
15887 338460272
46022 587218448
49017 215960007
28696 63249664
18957 899014642
47994 576498562
47154 275101082
40885 605016731
9192 548530578
17119 725697291
26498 404763312
47880 198626654
15240 355781565
36396 762132166
43382 963471962
847 268822137
17005 584783763
13917 695673788
1524 264655625
45611 371868433
27485 616222412
39004 283006735
46142 933218915
14239 563967824
12244 936960692
19309 736868447
38012 95830989
35254 101816592
19149 863983194
48425 585113109
35160 401485752
21074 955140851
2445 394948361
38549 545590491
18061 131510634
30720 845187357
42843 388787026
49488 582676651
48935 973714779
24187 495328622
6655 439712015
14914 58995134
16458 242787479
11694 362145539
37087 886963924
2798 752558067
40200 321615420
23312 602033671
1031 718017717
25811 28975587
32178 245768822
21899 980968024
45122 390905142
49095 73337170
41505 620990618
3778 361985488
15053 357713212
18626 309544168
37723 180999723
25745 485459646
28231 936771429
10587 656883237
11807 308051196
3619 634499812
20731 897109754
15035 173273867
8817 652611170
23509 531264886
39271 488967925
22230 644737290
41996 976488645
41586 91213940
19637 118429228
17017 878387832
24383 891922624
16675 418187716
47547 49787362
12993 560365404
11870 617089392
25379 771708779
32284 357022634
27320 106957348
37294 333385303
1232 400128335
23842 202221877
49952 731259880
48143 558883541
25888 794006929
25872 22100476
4284 860055196
34244 747351548
43768 55756506
41168 545069828
22767 968024514
46699 261575937
25518 103460280
39187 140883361
35758 989106630
13170 760613409
42701 773617130
13864 79630706
12921 917605377
38456 437893498
48725 570495931
49646 429555720
5089 978770945
11740 701920063
46228 31220288
8492 985456123
38996 592006109
13058 708960162
34729 77199471
5080 8579032
34519 363978691
21935 598659287
42311 198956062
40093 767631444
18685 503343034
38912 763570288
2573 212029880
37572 729255051
943 606184840
49802 230547811
26316 458848940
42812 665479019
43771 914501875
35674 26348864
29261 964274473
18083 361120962
19247 622411060
11816 531766043
21981 869811081
22490 505031940
30293 437858996
18551 335010288
40903 573748139
22965 805527680
37849 262666146
13715 564221464
33908 638102850
2715 846100050
23266 893388859
45408 95016937
49532 73164077
521 328410166
5012 230799684
12776 702038657
333 548871945
39658 162132481
26094 985747696
19481 698342387
37046 818392595
8362 764699818
27341 728541930
46214 931739974
8496 902898074
22723 758439560
43359 92480835
32998 777007949
45216 866591749
30034 712163443
35186 264985833
29350 950429184
49564 151375655
41580 92980824
12100 341162455
28269 10273058
45971 299342080
23627 347672570
38218 809298763
46243 438481756
32261 675206411
33617 93102755
21809 624993389
43209 617351051
41479 78356140
35462 907913741
15905 299225826
27599 23416081
27924 689763806
44454 639405511
3569 128016590
29974 244789356
19934 14145680
2681 995875316
39845 834897616
15357 924121443
29655 191776799
29757 983509050
22090 514729861
30849 81749788
43523 371121799
27678 962129727
46363 194786473
24686 5805668
5666 347756843
29129 475464802
11533 425009891
30746 456438725
7581 259567363
26767 957512551
18605 604737387
306 723975920
767 14577462
10684 978455976
11929 316467433
41005 944556769
8522 516857732
28871 907822006
16434 944476847
25413 143989766
34888 332600591
34228 986753084
8386 963542282
1936 374128174
958 416152884
29032 193377498
32718 213670237
11949 390114600
31925 770565309
46611 783823263
25708 271307049
49405 759620061
33069 577946473
29705 505186103
9045 103814473
25430 284263748
40130 313128504
29892 338858988
49338 431559919
39180 707281535
26043 401196624
7368 614845346
48117 549811847
40969 13142674
30891 249963029
33087 278889169
48552 819588323
49050 733941052
33458 895300286
49149 137106031
8786 116232899
13400 544910946
1778 972271753
19359 342586804
39881 383062065
45062 139511762
2015 959592255
30872 824301667
29173 628493275
758 944535226
46358 807306957
29862 246440887
10401 861518512
29447 732928952
4303 936283058
16185 149173281
7446 627290719
39347 665824478
28891 443098021
42541 928504781
38538 131523439
12939 126343205
15121 233740483
32719 681092749
46910 504303563
3529 422972308
35080 109794611
39006 485526209
16349 870958893
10545 676511233
27214 902051278
24117 819982221
2020 149979167
18599 500103448
4892 191942539
1355 914056851
14815 385507229
17814 394086893
28962 467892417
44998 567757378
27065 391208392
41032 372733071
6584 792842493
48147 104952446
29584 424004696
30506 848697061
36843 473877073
23786 657229500
45262 54828921
1670 579904253
34602 371489689
4370 380404913
30468 482696860
28096 6006605
14363 521901655
35861 409052624
37062 912685589
32512 331392337
4981 224523650
175 726482349
4481 559549459
11300 559316922
5174 670325403
9170 274722453
45092 364307038
30199 847222045
16861 552681513
15482 541459605
24340 637020746
24962 395401474
2642 918462251
12582 547654033
18773 588913556
25629 777968564
13815 791438923
17000 205292163
7176 946913407
17476 442405361
9449 37750679
24541 515151919
34664 786179876
3981 236104110
42452 396931445
699 757849978
26278 415190508
22271 957299120
23566 851116446
10367 282880630
29131 84012483
49762 852007095
24315 473587752
38436 485028993
26713 143034478
22685 35116380
32360 547876367
48154 812428898
47218 219684838
9445 755974835
18423 524868368
37160 781989467
18314 5103331
30951 30880180
32769 804989592
4395 249181469
48634 450086314
10346 505343023
29969 804558956
32784 906840240
24711 214202119
13481 415017301
9234 389690278
29524 911203702
17389 322014600
10841 986131902
27411 950160809
23112 850854507
23458 748798807
33464 261884119
47914 575321123
8450 245772599
4827 64751176
6852 659484297
26847 520612258
31166 692382917
2780 728854522
9412 665864942
25033 741884153
27491 498511079
10936 126613134
38392 167639975
33438 779913665
36097 910599908
31148 735781453
5668 533673581
36587 824656052
14889 268361225
4143 45358008
14580 111742972
13857 161165779
48146 93642746
6279 955462253
32330 825463326
19989 451132465
47039 32522254
21493 384063232
890 275415978
40587 72723913
12556 496651541
16816 733020191
35969 862087142
42275 437640457
25327 831851612
47842 873486444
18357 110619513
41905 926186769
3096 695356229
29825 697326187
41054 651831544
26866 226376657
20153 168010698
34869 153482428
28929 704331319
13408 984607626
42966 991142798
1265 38040090
15553 341346013
35920 697984249
12898 182817791
49011 57620822
25310 129233170
13352 828979225
8654 550549818
44457 712592789
31936 664902565
1199 498826614
30717 866431360
29754 122586149
12625 602609034
42620 917107604
15490 109521341
31379 906023211
23470 582528959
2374 704961386
34050 915846572
34238 117488100
9507 519631357
16080 922924568
26389 64567439
36613 301563105
26139 86389371
19628 866324893
261 574915003
192 650063927
8452 83562722
18739 292501767
47741 565828276
44510 178533407
29699 176652815
47595 393977763
25328 982164297
24890 903992665
38065 988186926
49376 154973369
19042 497032205
2262 573998647
20508 643074178
38153 42606087
46767 920522669
14666 516713203
23086 843902629
8073 416915087
9814 444003475
5282 711706960
24667 870178784
25590 354123256
5660 931208817
35871 615881351
1036 344139560
34692 485463628
38103 869549409
48972 808471871
19924 396941355
7807 662451766
47255 806620044
38140 507126039
34556 343738227
42868 506936808
34851 56141620
3322 82584921
15207 191347029
48970 471237433
30766 153140506
22188 888515468
22384 297285659
24983 425168188
34259 817612410
3789 906932098
3766 958321108
12797 18279551
35259 774961472
27806 513071692
15010 901513554
18930 843114828
8090 314502251
7784 592594358
9138 446466085
35256 145514011
24412 353905131
3684 305837722
46360 248223525
47770 257848949
34577 709485415
8545 69161811
504 425718158
49512 101202845
39680 711943291
34386 83236061
9113 675778269
20299 395632235
26277 522150206
22362 653991897
37250 879306921
31423 543549507
28716 494214982
20987 78679779
562 12861514
3910 212660714
9422 665553319
31342 550064483
12066 406776861
822 475204138
44771 710627686
21612 71575466
44044 4929153
6983 532692634
31081 860079962
47283 286221153
3279 783109874
34415 45904089
10352 770147342
9528 611532963
24704 730682402
11372 773692040
3879 675862908
27005 882371567
34760 988802656
45801 611598621
31721 914921416
46858 440343451
24510 728554943
47989 18521350
3886 15213602
40431 158651732
37826 903322841
19856 924019972
36766 213469556
18689 346106666
31544 275449550
1721 894101807
6785 282398096
2672 155953637
7183 350402139
14326 166332751
20823 908177023
34033 366017062
41686 156634056
5335 972872899
7332 693453621
30863 905263454
8610 387921894
1871 934080629
34756 960940419
49607 940869029
11479 342333543
31302 578311649
41366 359452268
732 285445882
30557 432766694
44914 984209270
37326 546127639
43553 449990282
21697 288844789
36323 440259040
15667 902255259
7586 578405585
5484 413987928
35141 962247971
29930 501872603
40064 206841207
37801 741771260
24193 206346035
38227 214553683
15393 180021779
1138 735251805
38079 965260959
29354 905203671
22368 864648879
22673 916919400
4291 504450138
35170 942297954
942 309675766
8657 966906931
49257 856511517
31711 138417261
29090 424338247
13483 761896769
19519 685503582
26239 339231953
7507 635331041
26010 865417150
48235 713262553
40842 320340857
22768 383585599
48272 106327705
39477 388424895
3019 117121610
15776 573967473
2744 636412189
28897 66226390
2236 495148430
34345 392503589
2994 468050261
686 262466620
47839 860192760
2030 853173342
49887 303188156
29710 475257594
38373 96623659
30361 110832384
19213 160566974
3055 952128102
2150 206696319
9624 926464008
36321 274986855
609 953995659
20028 967404893
21744 487414978
26113 506130141
26961 270533555
44597 995570594
35656 294186187
39639 729946437
8069 480391433
983 99033089
39407 929816652
49482 397564269
16499 976619675
11040 443002821
13743 289131551
20850 23166382
15442 558310177
42704 49672297
33706 459677214
31547 488538297
31690 678561297
104 441624733
33765 730125653
3945 505131417
21937 88084828
44973 86717025
16118 952294790
9907 657375906
32458 52627148
12158 994569470
18023 760059429
14694 294677143
2720 623109092
46459 737222188
11356 290600625
35025 505468378
1859 517092323
39391 284231590
47491 409852425
26195 815308126
49851 955592420
30364 259860896
19646 187186805
11646 276055096
36042 53803210
33184 81087776
17893 447321610
17936 553916361
28913 832263071
39087 533803793
1099 973659010
44485 592685022
37354 881553572
49285 409069735
15882 698480047
10236 543193201
42599 45133707
49539 418706561
19606 704318435
14794 115069936
1425 137835292
5509 284115745
10060 287902909
20846 485400794
2523 266981405
19304 683140446
6939 831152899
11616 896259740
44620 896728029
39800 311642811
1453 542144592
46511 323777828
42106 972731027
38528 501561190
38124 682283053
47635 253407077
47909 882504035
40411 286562906
49214 257177660
17498 613962585
9257 958785325
12730 7369546
7444 380148370
37890 494934628
33624 188997167
49015 121071572
10309 743827176
45797 213845667
31620 800066859
49785 976992608
17428 141731393
16843 258998862
10499 170265092
27556 439686891
22043 836832362
39744 991390727
49875 196032491
36976 993767452
42693 171259676
15907 982062347
28209 422403553
33732 865861686
26129 899401478
29547 186451237
10394 311187439
42164 191192717
32308 125901607
42035 200018
4954 669907040
33070 724914589
42807 832748621
22694 68870621
26439 623793071
35976 703401364
16581 944776709
39615 509801835
28635 902373556
37161 208425223
23437 767489574
19124 978003069
31269 643277881
48176 205456458
23799 500941408
25281 770532812
13764 284673208
42882 314582386
38206 448031743
49949 960009848
17115 205510941
38230 979358424
2925 37731410
38391 706181928
6369 601712667
26157 241090979
8926 646049655
37347 940715467
21584 558571333
38415 944218512
14788 913437718
13969 389410585
47328 144595006
9788 533775869
9482 861186228
15067 352655096
1260 328819519
11159 589180607
31671 306596192
12390 82629130
17271 247282990
27050 943257943
34536 382234513
13791 764634378
9177 78930618
48300 308227912
9271 661921127
25439 667381319
38604 561633174
29003 476487912
39405 74205186
14998 488210368
15555 91890995
1642 748613074
16697 133524883
44438 43117333
47660 590807163
47354 911696553
46595 703966966
11918 59757826
9161 126423971
37824 195977739
12329 837935082
44691 726041605
12105 94172807
30961 671996743
34325 608969938
24482 515396035
47291 136705606
2120 608144303
46209 688422979
43147 571239280
3577 258552787
14885 428512884
45546 271124009
41771 487624052
38046 908121439
12750 754288908
2080 650743005
26199 852718375
42062 228541081
12486 626847877
35786 491748141
8840 697573293
37672 630232987
15235 646387173
3219 174963673
15737 795574480
46231 707836008
16810 897017226
2465 955018489
22883 789894696
123 746225880
27910 878821614
332 539999962
6155 500227211
12977 889805050
40504 532656389
8613 375352755
40089 929493627
36368 347336981
30537 759491101
45673 772124232
45851 318218949
45370 932580535
7126 528279780
28393 503183913
3941 241751416
4931 749703083
14405 758383473
34673 309143695
43399 492385642
24348 717385828
33990 772865498
32697 102596898
47024 239260173
11223 834678915
24409 421847926
22458 436416827
6755 770809232
24234 987332766
13409 587182413
31161 692804586
29343 639623447
35272 853571474
11054 868240354
34313 25154906
21848 226368006
26375 594412177
6932 372630941
11128 220817344
7119 33270672
18277 46153218
793 547419577
20996 110109776
11837 487845097
17383 170642881
19584 341033396
40902 39632403
35667 812518418
8375 366675339
45865 45543025
20866 720572665
338 218971040
49147 260454634
15111 990753202
43773 304059114
24330 793514407
41268 314373268
41535 483778190
35409 60465692
14917 922410398
25939 795013034
22297 529014907
37698 530232307
32495 447455636
41919 378338525
4805 649925558
37176 506412120
27732 377146310
3651 353727585
29654 133231175
38628 164116938
49088 195586043
48650 257118232
49242 806297467
32921 596310255
44363 652895789
23172 324408733
26673 104859329
44220 466858415
10821 425933294
29620 428824311
34088 317073307
33165 944313455
22875 74254436
12460 261098162
7007 349709812
15005 441944181
47816 348471890
3463 97179280
26731 633854224
24144 489416255
39001 829160971
40591 514269756
9283 377816670
47454 323638610
5146 717500788
45516 614104253
4739 996294724
45978 491897610
30841 31073036
44745 876484222
2325 308260934
48233 724665232
14281 970891941
21528 541144439
46779 626058588
36581 381928874
13346 189032725
563 563711373
29148 115528505
11831 745446924
12878 614197924
12546 926916204
22492 722723287
9260 152243624
44168 429595940
46782 495481209
27951 414527715
49334 755723566
27267 434920412
20083 949678090
35828 49645670
31573 542577032
17538 180617236
7532 219779389
30986 747937778
48355 866802326
6480 110789969
10824 726740510
903 152458603
44669 409208624
20355 396413448
45722 465062562
15689 124108022
4988 902036217
32135 350657291
30531 279918759
35614 684284261
21881 528502361
29857 742504095
10032 360433433
11978 500630864
8540 853007442
48257 937226039
40845 225361627
39362 20618002
23983 335697792
24233 241742666
16992 575711788
37447 279482330
24548 13181400
34779 745236563
1671 774461352
18071 524578260
22891 760672664
32731 814074493
29543 611798436
41972 918142359
14328 909065992
49577 83154716
36835 393349123
4448 302008109
36093 622662007
11229 505003797
8224 542191583
23896 796852179
33825 25204601
3890 990002164
1002 427960099
11940 620201485
19047 733765886
25926 903755799
18872 947372976
30916 688171233
5129 594939144
20887 469595625
42937 896991630
46744 295925898
7100 226102218
18394 884767970
4206 996785823
14938 927106748
5766 585386335
22932 550250167
10201 363855746
43268 126746017
31461 853679935
39152 247225896
38464 18080815
38845 130639598
9393 410815088
3114 961157684
3464 337244873
4673 615362180
33764 984859304
8041 158052240
14552 601746672
30935 98876194
9148 972740692
24146 454185031
46973 277459781
41198 751754647
30932 207664832
10580 954100760
12238 215928040
11444 470656171
41228 626020921
26090 861265982
25437 95204730
48237 13500415
9395 390479585
19940 944683255
45304 126697888
14895 87758285
49540 104428858
47965 467391669
14071 935801739
15574 686921089
25524 767092570
6758 225861154
10957 357673097
15145 720713994
44397 563256490
48801 445579702
8748 417332311
6473 295469472
37193 786737004
5988 725569759
12448 658955271
4162 301727846
41455 274856831
24967 746183737
21286 336784711
47737 846837981
36553 637192679
36199 504793781
31467 438178962
44733 584356904
8203 839237732
45491 574218757
4066 580865012
23811 700276081
49260 854390404
24804 568240263
36359 913251807
21886 200228277
1399 897567204
19559 100185596
26531 442291095
29629 674149308
49772 450587693
5105 824756630
27145 948995234
20676 893972498
33727 380548030
24097 588149061
45116 725927967
34733 412915363
15957 744842393
40155 948277197
21509 724680539
27749 805199720
11965 108631090
1012 284386114
9966 804114717
17663 617002250
47978 232026486
45820 540804465
49475 63007044
14067 304597146
24612 200657129
18698 307377704
12075 842367123
25975 680456765
30970 80703445
14094 242058062
18606 225999195
2945 669243456
11675 229473975
12380 798119254
532 613579790
31303 532470501
26086 374823766
18067 524797210
27379 771224386
26801 901305349
35917 173526892
23798 630532198
6255 189059040
3846 460934181
44173 198661358
43419 66891353
33370 500709852
27102 9989302
8186 61082725
33631 121724102
6148 683768181
6235 278040296
44336 233781232
2586 909575968
27559 648352467
24881 21083393
6461 350187199
37 253383728
15649 315956693
4390 681344004
40372 957279834
21849 375482609
4260 82279515
119 14803086
14355 557705523
16958 863722164
10386 824232791
5900 722806809
2721 902432314
16737 89197976
41301 611434819
40444 856161659
28484 339344892
2940 192727547
39062 820523648
10350 900172084
4544 237699207
34631 764582222
48217 830988398
43323 614034116
28604 423299577
41272 247267061
36252 568545163
3669 573024183
17340 490234916
48838 149381563
42819 883451291
31736 61877806
41851 920460902
33511 605583413
22421 165931869
26963 122972552
21145 642323588
12896 843683364
45347 826275827
25365 129908852
19797 109352043
38479 444560680
15673 276543253
8284 437811662
34912 272554961
12666 492289077
34429 77176819
7121 626728334
21256 513673830
1312 31623490
5244 134905940
34478 46775248
34521 841152637
47422 187337651
45537 483090717
35618 298219493
42238 102421251
17022 617133959
1982 757996992
19148 198120061
3698 268766267
36505 791042657
32256 709036568
42676 883616194
22254 607933138
29363 21346214
7545 909596477
18305 13988863
11212 708998820
8415 642582310
44209 299078567
13241 724720323
5440 728689425
37571 564546386
45212 937390938
41548 691791633
18625 977278402
31852 81633150
48805 939563943
48320 797839623
11339 886654686
34166 945267826
49188 266137943
8178 974916328
14059 410908083
10443 61374417
16492 795767369
34235 311371244
3673 665830998
35034 811482095
25330 197656736
1660 672397964
46813 744198483
38474 912192524
7236 593550316
46221 266576416
38116 127137305
45107 318754971
13056 642365583
32028 226361243
44977 147083645
4611 464359172
22904 970316766
13171 619832041
4897 444417891
10966 839396479
45699 731619397
44987 109113951
24215 144254026
10842 615422251
44970 45589409
27159 886117293
29471 446188442
12009 321295809
35693 99753619
31667 29985230
22434 834379039
29228 717962497
14882 939477596
22319 766802485
6678 6592996
44646 886576402
46752 750222562
24525 9895585
25701 44856033
28921 251392372
18405 478804743
7916 975340704
49773 498946065
47466 853387646
11379 810006922
46884 516111621
4801 645524173
3462 969462067
971 711102871
33058 860247997
22500 455344089
12171 825321332
37823 714881816
32396 741226772
47281 750714511
4452 752883262
10873 910481651
5921 84277254
25989 754890958
12919 960119384
27019 420691885
40611 547748126
3202 4707474
33263 403237248
27777 668533394
31483 697054659
19409 479318423
36132 457450614
45662 455134044
48072 384755884
40589 9265114
28935 976831158
29458 313682039
33921 491424671
21244 658688354
13368 798586383
20858 727828547
32000 438728336
585 246613560
33906 699940188
31784 740635121
7191 904313987
46145 905232858
43970 469533824
30273 449254702
29449 864419588
8265 657554263
43752 448424409
275 74425068
40162 534378721
5504 815698381
27764 475009423
9708 608580814
17742 725647052
36629 8528290
41814 730466314
27667 77033151
37684 790942635
42758 738717343
26649 826394402
9886 1575060
5420 249126890
25501 950800050
33773 762897052
5281 454522258
44812 279589244
24645 344547560
18631 631394275
27443 78426755
22542 801714344
27475 997340298
24758 839138685
22101 572166255
30233 242534517
11746 719819506
1889 400891810
37944 700108920
47553 991102111
39450 351323328
47493 553135401
17772 995086177
19099 45791881
40363 427188669
39066 730908439
19944 142152377
5221 544903245
11238 348531609
34827 348282848
44442 545814091
32981 804453048
11606 736708959
18794 970621754
15181 700539497
28711 546621602
33559 838553704
4474 579116450
46094 929061812
46901 295407800
34217 353361369
8826 308269070
14690 321238846
22294 78698868
43626 332674791
14321 198676554
21754 578230141
35293 934315490
26534 802135599
4287 911971233
34785 251493489
46063 655989441
1557 337280863
15095 619919254
7952 763778488
13370 750794964
25026 695498439
49625 42141217
5130 54533057
49984 948741255
40669 56483329
28354 749511006
33787 63771583
13870 892255632
38418 82323577
15248 135987429
34396 66907280
33195 476395013
17917 582529301
11850 706710925
9041 165429289
7987 777014506
37862 464836163
38532 221471921
37857 779866192
17237 80294221
49640 312072794
21756 107595995
7588 143815066
7869 441252476
26261 816547435
40830 811661353
29693 4982348
38413 954797103
36276 860804291
27728 52408919
30576 523920190
39315 95530787
1108 817379270
16695 716608143
3366 722026337
37719 857876180
42696 983379630
37236 482545486
47338 61313606
38843 226036889
27417 339565515
1356 32821632
41361 374908126
40476 335478181
8741 406665997
43740 982435980
47480 993593334
7275 939166692
9475 934980008
36691 914621547
3804 365392514
35768 396544881
17483 450503527
1988 161965070
21212 866924791
21090 257955026
31507 212801146
38688 664277909
35507 123243542
3372 574143187
4347 245489166
43873 367057232
3696 137783238
17270 527993561
23342 527147664
23663 358477874
39166 495157028
43616 60329856
18882 239789352
49431 600122310
29327 7491577
45171 8473622
36761 486228471
42936 573945657
15934 586331146
20373 178350324
1941 104384188
2888 507523890
6339 387708996
45293 450740578
25536 224875794
3311 964809669
5398 314877269
48441 823339411
21484 513790573
40855 991981030
6218 607784786
45539 956461775
6537 923761436
7833 792393859
23700 692740269
32409 656453389
32378 662696937
24140 776927424
7728 834426866
27403 164048315
16950 209668959
49065 39870444
16881 26641815
49659 100501823
29481 933722084
5916 363310864
38195 730695351
12424 300204302
14459 165503189
9821 61304136
17993 37421923
28693 358223004
21508 418027034
20942 31087078
29844 481185655
25256 281764798
25021 516999658
14195 653974198
49026 139125656
38681 340999008
41955 579824648
43934 895193066
19311 802059508
18378 772145833
41626 103866916
10168 837134858
38662 672353280
1821 225936712
17767 197783425
4729 759950624
3807 718803333
44929 430883528
22455 901430631
13986 819568999
3956 765575043
10305 702407134
15446 740970546
23410 22271568
39257 195343766
39993 8227187
49027 667257623
20409 70572928
45333 741023253
13537 535275716
3011 879883622
12680 937125452
45154 669704177
39032 751837158
43811 414790403
39588 699245381
42048 283708536
37022 195760259
7280 934599523
600 222664898
34371 875402659
34176 677442413
13652 756672766
33053 93724759
7365 692118194
34943 867541425
1255 807581425
25113 533289191
34887 379648120
11779 291549664
5803 971878298
2800 567612247
21028 516037634
24432 22029493
22567 675059450
23019 873807446
35376 532002250
36219 318792089
8532 299802515
23691 527930921
34028 695690126
42052 690895030
39793 794556774
5989 294484312
40115 854807806
1564 626157624
49438 334324572
37172 412937553
14582 779663448
14887 376686621
2572 75255989
1807 530451363
14310 358449760
49947 391515039
31415 770703481
32282 787200365
178 552589623
45315 921273921
17369 483371544
23250 416399587
34951 267675701
30928 343761269
23952 896848811
44215 687486539
16334 700060536
28734 47645434
42498 140485096
5774 136210250
22182 57067424
17519 410223748
8393 9577404
26650 422043226
31024 594758430
1084 952468050
8428 430478247
3293 793017451
36232 675797696
22140 660026221
6475 198568966
3649 31743819
42184 764534377
28126 891539029
37361 574009399
12379 17620317
19538 494410786
24650 462531132
14306 109749982
43287 354202934
13757 416802121
9640 326002979
3527 176728552
32161 530492704
17181 659831464
25526 120879059
26929 467525248
8523 656255212
20066 565791939
44333 370173690
46616 268000755
12643 16112683
5249 967377193
5723 803122472
13394 715204555
2454 204497594
4427 925782632
5512 749033483
44196 520117340
24 361581519
15909 270705608
21261 42138603
16239 875571935
8644 645590509
7996 223096147
12811 245340317
29989 486671789
38080 937227843
36798 381055480
6458 523193290
27684 155209092
31851 365857401
26040 639922455
17055 161295077
49644 575163074
41556 870561120
7634 672614739
12014 450297756
8686 314005472
15678 952014582
40804 453292854
35858 621950587
16698 555351430
24615 517729979
49194 267562055
11731 227346561
412 200604668
41928 397143138
6600 897691108
19634 30076659
17750 570146050
12249 611472256
17799 242319334
15413 105865710
20103 822530316
4431 370055783
16590 695475728
8183 482326502
10268 875722920
2561 574870591
27395 865557747
6580 39392841
43045 937079924
9486 164021348
28767 730670300
12166 727991665
11137 509189272
39580 251388044
2770 636385550
24183 275442052
15900 381365257
17164 257460781
9683 989043765
46923 769123951
18445 445098507
3481 241716823
28510 485504812
34430 585134917
75 438582643
48005 452096343
24625 730236478
720 962852609
31281 562264416
5549 929726980
10372 533825253
33854 428066802
5688 865935420
24956 38111763
48209 325562838
32487 628447233
16690 718347307
34933 589127175
4532 557488340
10543 969921238
3993 573233610
4298 504293300
16432 649439327
13142 307136533
46314 672904336
30521 710344044
46352 158850201
43751 868633071
3983 238446966
19353 25162870
14032 493452520
20340 697474046
16661 6391313
39003 171076308
20661 258895629
14539 783948696
3418 654250917
30262 15309940
23486 184386326
32800 592401202
3947 941654987
37082 620483992
24228 417690330
2989 188582483
16304 529060017
38668 512564801
3047 44980633
25265 121286884
38725 116412681
13977 930668869
18749 191477819
11065 234655927
28412 514532320
36684 625829024
1614 849864564
39348 787163216
24690 849512511
47679 666998790
31738 43964725
13309 976331698
24641 670007908
13493 66052588
42412 22351462
17411 807313603
15517 810122152
31866 973091315
45902 137539140
15061 32424480
14497 47827523
40600 587604837
38385 200761721
7925 129803511
34575 469621894
32260 848122205
30544 656746890
43593 517967306
7611 591023282
40777 655028232
30051 366778902
9254 27650436
14394 160277752
484 194826525
28480 88767118
16942 545298651
2592 522761271
29124 640069591
30686 812213491
8928 278565783
47837 987653358
20164 639247358
6942 90229800
28506 164504803
26941 618773693
35796 734735997
36679 854746845
39145 66433505
12835 121988614
49148 375969484
21907 364331279
22381 458688637
37296 179181820
29205 564328896
45996 820483350
17200 660007344
18677 182315918
19053 138640753
9801 285523046
8892 198448762
48982 715937958
43016 150740614
20033 846924972
39060 548195414
8845 701412049
48142 763171608
17303 422115151
10185 435403592
36528 643178072
556 958678612
2392 333536228
49835 621297913
29963 905520022
23396 591610730
37012 742040403
44583 7963247
47124 610202284
24973 752152857
46488 791115841
20070 170555330
8800 865012462
8381 682564870
8491 892083760
49790 489135637
33753 150602610
16169 220948562
2741 972940768
23932 376819015
36623 914067718
38745 633736312
2168 224617906
343 389510468
23390 870747325
34725 40652416
3966 840037384
8482 945124197
13243 266503043
23151 763438697
12931 87374849
21951 890466693
21686 227478423
25092 701899925
18337 176675624
4893 686797150
39317 74599573
36273 887123570
27196 825971885
2205 713559233
20122 147866163
49497 134221003
861 425743542
45025 684924667
43961 374053973
15301 638630604
2809 181267462
45117 12235465
12596 189799009
6312 76950068
783 239735453
22387 594780967
41781 594485766
5915 277614910
28251 919091881
7600 695360038
14377 361393794
35744 19356686
33641 865100328
31032 37108197
35100 676786556
46486 511958154
5367 656281745
29922 15171707
47678 360455152
41853 243000840
5107 59739207
48589 38118906
682 46474202
8152 251133577
12099 311100717
22136 258119869
7886 668843405
23444 464998537
4351 595889935
30085 336924805
36872 302956410
38442 881950107
433 433919701
43636 296095411
9828 447714350
35159 28946509
3079 785803549
3989 312635641
31041 889320663
12172 878562394
28728 296966669
35555 23506417
8795 298997957
19132 484148225
34061 592018319
38880 349123386
38026 23733579
43579 341953674
39068 254250684
5842 381492843
5856 897364241
23270 882749009
44705 821019305
34663 872800951
40981 535774395
41746 337992269
12809 80692974
6212 30686577
19567 683286290
4547 439675777
7948 674614297
41046 469510186
23262 511808532
10058 660079079
28831 358690462
46353 827011971
12519 837780646
49569 593064901
34272 961191748
4491 100076503
10123 634712668
9950 529108656
17789 787223052
11950 610588127
3241 553233145
8411 537879442
6009 31256932
6886 722405993
12366 676832462
45828 79184768
48730 247126847
445 68997497
22727 288994123
14570 53537538
30540 510718032
9074 805384365
32351 767510722
38263 952981193
49461 535987578
29540 459921149
22624 199981481
48947 966328805
44846 123627849
17402 546819614
25215 83918474
12299 937162406
6818 602591852
32023 777792303
341 962465771
15498 403539157
35084 261804814
27312 1832354
41110 558351363
34135 20202666
8664 213122384
1068 52246818
31061 301397466
11218 2947345
22818 672846672
5689 739499525
26242 961743043
23048 608758655
5613 251361061
40780 138240741
4029 619895860
14509 951575778
39196 527731436
41049 615238909
8153 499694051
41563 749210189
22487 389925351
23572 260783709
20574 396580382
14862 189523519
43123 330263972
1975 499650056
44242 938179452
5224 816176632
18008 125802550
26990 279859983
3493 64509562
431 316122446
220 449703358
1183 55102543
49981 109719893
5028 431774630
3837 772953332
18688 391759693
37456 867426378
39801 123515810
13121 87366959
17924 382313001
49547 680902150
34174 616863117
13286 926782332
19219 555285577
3794 955836336
29549 910496393
26352 209861004
20322 836496822
42484 521926589
45616 178472726
19207 618238029
14943 829076336
43766 687205901
22798 509774460
2762 14583676
20387 507640446
49106 323307768
13615 880144496
14413 788827331
48443 717343894
36473 651066899
15630 946151109
15246 443788959
6099 555695595
35347 533871986
2008 768604477
39047 526526946
41747 549883450
13799 20033037
13025 601330686
8055 968007674
13285 790871079
23490 666975440
7972 152265166
29410 457879774
25357 940084550
38344 426093821
4875 999403628
12527 701564070
43555 256387686
40263 454830018
18896 652417738
15288 48595083
1380 863916967
47219 752242806
17805 368979656
4932 198398820
7237 468487351
35252 517897530
42920 580634600
17025 402965177
14723 272832894
38434 1125999
9636 96522116
40783 127802791
43591 297310036
34047 851140779
49806 130076313
16309 868305482
35469 328440910
18050 594854269
14300 13922496
36068 953313437
29121 945667794
7718 967842836
24352 220085917
1308 950682036
23011 657058053
1742 73919476
25843 590684533
1843 235588023
19921 165564658
5157 845348531
37243 261906680
1969 154227399
19446 157468132
47954 633830323
37966 257900064
48893 182895370
14710 969623618
44697 161244112
17618 614931357
3911 391701119
18866 296903932
15823 375330908
9147 926703409
731 691501624
12162 981221255
17182 455447028
29665 622493242
6361 429722829
1864 794925324
47642 655008991
44504 363357772
11669 684592560
46448 275473621
7780 988709178
46043 910880354
11811 719844303
20924 150798272
20640 628633645
110 325176915
40580 523263054
10884 189447976
17703 177027312
44005 148264019
48794 597668028
6174 575285327
30854 263081301
18828 809293514
1479 720804965
15405 982114115
21364 606945773
39773 404966593
12152 888536108
37096 457677955
15980 832005587
23818 468151067
6350 690089038
38159 777775673
29915 276934438
14906 261712838
43044 966519979
6079 718259762
17848 92499070
23422 565265157
25574 198616276
29246 335542727
37548 285264979
26414 109305265
16283 608324152
8588 738757340
44768 230201876
38918 420200276
7277 603180224
13871 181149864
21036 968636063
49846 898066389
37121 483275640
9657 444334951
42564 832123201
21455 711610384
48561 336177264
36661 734763677
40533 716630101
30606 705465088
25932 368997901
4553 863207824
43284 555366804
47908 213470821
32111 677222422
34754 495341409
39464 667779609
10830 873124086
16713 904339262
36898 564709164
35453 910400388
33233 299085155
45178 712711339
34441 752811778
16994 92100359
10094 622047870
29091 417462741
41901 75564945
39936 579007917
3280 55967840
45128 152793746
38595 800538541
670 101433069
11907 957632651
37838 958410842
30613 336788937
27289 2126126
28605 676037147
45031 704977122
3179 77224411
20349 339220009
48236 941363385
20604 630441275
42569 730097099
29420 643923921
30661 856101110
41503 344313382
10810 442796343
6489 980262493
4699 300271395
42414 701726868
16521 94999608
1005 350088282
37894 883379683
36320 486796511
7097 666895300
40042 559604806
35928 908169096
43713 366389871
38834 716382054
21039 541487182
36021 199808268
43339 184302223
33534 940392613
46058 697649164
19588 260199516
27941 300487210
14701 407782041
42622 998187689
42834 200153494
1050 294772753
28993 406288231
49125 928435732
24787 59301838
2869 81188453
48565 715468539
39822 979407625
29761 690057865
18988 603137893
46553 150684378
48169 705839856
43572 484170580
8870 974208548
44152 341384883
27592 476609684
26041 374243469
42041 572877338
47533 452982471
40608 672278975
45179 133849217
32319 653679461
11718 110980482
26394 563739281
46726 973722193
30182 216776447
15525 844523236
38422 591056598
898 91745185
45377 501429777
14068 797008858
14957 293180110
13827 787895499
45184 212077417
28136 786656042
30160 837881917
49892 937245781
49184 621928523
45123 226648307
29102 774888806
15621 234031539
49530 871223754
37813 642552461
32743 249016918
14523 365332375
32087 86347774
11487 134539038
27111 47680511
3181 766560999
32477 194450729
48523 805321778
21551 592674315
14867 571322614
3973 323295680
5547 997834985
46039 141847522
35808 776508949
21828 542379419
39489 768831850
3218 329895845
5477 523145032
22507 387961984
5997 614373505
29157 263687574
26345 117125281
14751 631993885
48864 409079132
25659 267572116
13381 94389042
7371 483798644
39528 891021586
38832 461288742
41510 273192156
42747 541980274
7560 27149388
21005 758345384
16199 80556398
18664 591093273
43410 724824704
27812 290545938
28655 559397164
33188 554787084
47201 370578812
27042 111628373
41462 74146336
43933 566604899
20021 195592637
26859 947848114
46072 561446638
47853 99441233
36453 385421390
8425 924244280
44031 448735977
13872 110739693
47202 401296231
2727 55606584
36747 21245175
5678 432838896
23729 817047411
43195 378823067
25528 136648597
20932 755951050
36430 376302624
36752 204602742
48881 37689630
8453 317005193
33619 334501268
32722 729025966
25927 123753440
2763 23722168
30622 998882131
37659 815702431
10128 623755147
40454 258200367
6327 812224641
31065 794592072
33197 100886096
1923 614342887
36584 752978694
32443 557527532
17645 588658998
42560 352504036
10343 241392908
40590 186573883
984 155653102
31274 883084614
23812 515455265
14403 370443027
27009 224969933
19602 95736899
11530 564227753
5525 512128738
28613 470350241
34775 601005585
37374 130119739
37497 864053978
34443 49161077
42832 319183044
8369 536148541
9693 359205622
16179 300823729
40853 625857806
45305 772684897
18960 285336878
14824 385699617
429 511050431
32882 133495831
36169 962347804
23249 320700323
49997 887738614
33099 277378547
5467 68511156
39697 880183725
7751 546768405
36194 620090946
15645 449333785
28046 515021319
42835 581875819
3121 602187326
6949 808769949
30184 779643365
4046 359139556
4319 722901962
5946 470133391
34099 660525533
17678 747617140
25217 819269216
39247 637107915
39103 525870851
31590 204415772
34247 124546449
9245 525098812
27469 327044132
5534 548689409
5291 876638700
5908 348930061
10613 696708297
48030 874325251
16013 533720847
20543 337282825
9461 154630551
32711 645281369
20155 80113529
45787 889298773
46929 201732598
26301 427153204
27552 455784642
2233 745904276
22232 430112250
40317 165460143
31284 507240663
45199 89020748
33394 166442251
3533 696091341
12456 742954071
16371 230665685
49089 847080721
45235 608916350
37041 596910721
14445 51139895
24513 195995973
20814 39207207
25382 120515601
49414 500770291
33041 541314549
47278 313373009
41705 467325963
31511 39137667
30027 943801237
25581 260390040
38746 989899318
7105 225616400
25813 883921921
32902 883327652
41286 208906703
9280 429550111
28547 447036889
5437 192898493
48716 250861408
40113 684429323
30299 321391912
36183 288040392
47699 92936434
37094 90401518
38205 626701687
31811 625027255
24422 296709988
12731 402340113
8191 127553443
32325 944838074
16143 11954821
28042 26412906
37277 954763411
15311 143258450
12316 91357629
17609 376653850
25408 435775098
7647 140763818
19432 590984335
45641 151986398
14091 593610153
32810 375390313
12795 220881725
30611 143582204
7249 97387374
13509 812802339
7024 36467765
29106 869119599
42272 804385282
18084 64412742
15947 399427967
39500 48778369
8941 962805198
42702 517889576
39204 640812284
38657 809302580
35323 490981588
34262 491519990
5771 409290762
38719 98627537
18271 6109351
17902 195516521
39672 829954375
1899 660183655
11916 519549101
1702 462393045
37734 428857758
3701 995885853
3368 193863971
41710 153068211
22128 254943261
43923 458539514
4966 988294901
34379 708038565
45575 947103929
44192 404893276
31367 864380626
7674 946829318
14661 540804626
13616 739876279
10234 630399072
2881 222653144
4386 96377067
23223 595144846
10294 818618426
17236 552120744
38539 546554960
15445 555283284
43245 2310384
5016 998358353
15348 71839285
6275 294745928
46050 919644493
40491 313844226
6330 766617189
36488 976192607
47006 439294600
16335 771732182
10991 419990797
44639 960646989
41213 711459505
27223 364612907
44708 638133721
6224 201710364
2076 633184080
29162 575027069
19342 753741572
6840 982222540
41265 867361323
17334 719857960
6552 583991921
7228 419341980
4604 366188562
21896 572578118
39198 788439928
7407 798817685
346 728993397
45833 540269345
108 888191924
30012 75866360
13391 205980638
21768 604869099
18994 693331284
40428 900062609
14762 755014681
18671 482541335
43862 348414761
37827 422376933
12604 726922614
8158 384119983
14892 804430345
20084 982477661
9731 129789444
49645 439387282
18755 160579821
9514 549051623
35169 39477212
16703 758217065
9402 681439930
38540 278417587
28078 845500157
28621 376716787
42124 827253682
45774 808296830
7247 912024358
34672 968952796
45954 842042653
21964 842449179
4948 504007599
41571 776326296
10662 270643795
4037 764277512
23114 452125968
32190 6369416
42595 654217737
39882 130251091
18593 925185005
33599 933292430
30217 343629426
48466 169942543
15254 843315624
20670 757978122
32374 582898377
4643 304644013
30629 464426816
31391 59424784
18173 183280497
28626 1442212
1147 890064300
7556 449536482
34613 352442201
37579 284511189
45559 683584075
28441 822572960
42749 553087146
43400 43425672
23286 538983129
8159 259279838
42175 520479683
39708 320386697
13383 802920381
26069 668926865
21429 748434112
27035 804369674
29845 534075366
44507 526551913
7483 219475301
29284 591459224
36373 433059420
48492 750351522
23089 178710124
19018 386793840
4338 106602457
35913 183916452
33411 472431263
40402 83056812
39732 232906925
9820 386315926
4524 414837712
25539 571474071
32569 605979515
7120 771105458
3678 728743631
20865 696731745
25618 298427358
36864 176847416
49954 936064069
20721 836834461
19583 418972074
32471 689522062
22060 603686965
25348 328265922
38245 507543837
23358 83669052
9661 484705293
33918 890030266
49690 38605957
7381 7774010
46889 88975898
42020 452242368
14178 66629911
144 285505140
3999 909932492
26311 722398460
14208 689080136
20760 834506137
33894 4481374
21108 877380836
17641 364837326
20827 120185725
41702 445022113
10153 155346406
17566 701098781
42416 235920285
32073 259250722
35694 36793640
1624 427338334
17749 508907570
47460 647982025
26427 704932827
606 741116352
32350 318187095
21464 92200205
9207 112082393
5638 109727951
49829 223875332
6549 850517798
14515 563743233
29055 515337447
43618 749385617
28290 411030417
26120 868791157
11102 288757169
27292 119816807
4183 503729670
17874 633038935
1481 395512556
12257 577056472
22127 76957474
27655 497684207
13007 45297640
29491 37420747
43154 643246891
38695 870619948
25471 815833517
40995 668298429
41643 2366469
23268 336271865
45816 295389214
4473 706751825
8202 749230041
30952 601557378
10781 569653202
4457 649973154
40805 31562671
24175 905222190
37106 83474848
16456 79611415
37533 959565742
4724 896632275
10086 981974104
21115 89338667
31791 955118905
4210 567487908
9881 284909225
30220 699733954
25244 283821145
48682 125908180
5085 160971534
439 676318426
20003 61418780
49884 816410204
28839 796410549
19776 419429787
46812 744131808
30325 206427028
271 166625310
31746 141950335
6123 417344679
1371 991275947
22288 716991184
1228 240537819
30770 928977028
20829 488262414
7118 881697860
28905 838480160
42609 16973158
39075 227328157
28558 830682612
45269 976420715
48333 731395016
4336 375686
48168 242837496
6291 233143040
15138 287311764
5251 783490265
8535 373291498
47878 632191324
26639 166886489
11503 852503096
2662 629567654
20956 997330800
27529 53534524
7564 404269049
11747 936468123
28043 573094947
48594 779387469
23995 396813028
34689 745746786
2941 507895663
22687 728393603
20931 622138831
24937 584030881
44467 644453032
7790 515316108
36256 17172437
49209 930787791
43931 720595858
33678 787428158
1570 919390043
7516 388653294
39877 447711808
9191 974361173
33091 823813416
45690 14906196
1873 17762518
11303 360953176
6890 276056275
38198 465525795
40680 829020772
28966 511273773
42568 269072285
9263 64824921
36930 885343348
41051 899146956
21920 485805532
30874 355941991
32861 931059537
49788 7514424
32957 345544258
7387 939075938
4648 729546822
32698 610293120
3507 881266107
25070 23567203
2986 333447522
43587 24380
14644 202886350
17652 398687150
49074 809161479
45738 454988344
39676 430900247
27109 527044069
48529 862180069
14244 834641974
49804 717322938
37901 249177654
5266 861179944
38092 789740174
31800 579156318
47085 197182301
28228 107106853
34848 931110420
22924 902132495
49755 680632730
15065 928763994
48390 22040895
35163 885830911
11715 9038352
26451 25668998
48668 215556446
1960 704302339
43080 855484567
34773 698774098
44956 347660655
35716 886506937
49579 568049258
8634 792663219
48620 106675332
9906 67627435
21527 410286400
44775 578049104
8580 109869736
35171 468783185
10701 535772295
4488 91466315
43846 872486945
12251 435203137
30957 328933129
36512 911717899
22244 158462074
47019 995402147
9740 167873941
47889 980027973
46198 182338607
26885 631335420
8521 621472654
29828 116128740
25509 536508233
3762 521504524
296 292010279
29858 621682705
38202 26643002
34475 507478190
28189 848595179
35334 809408991
47901 241364779
36140 273785207
29189 701581886
11700 299640935
33009 945097319
13377 909072250
44831 913165919
32547 46161274
44409 457287168
49818 678174164
28971 904350869
49024 447368665
25759 818206477
23231 472391975
22584 239809672
49300 757328507
32629 746653768
13746 141877267
25855 979255477
9223 47623093
26328 844231354
5888 579974413
5441 220019054
8904 979129854
13127 334117434
1262 408411772
9676 222445528
17717 161233372
9058 720405186
20188 530138395
20194 268719630
32147 892891271
45215 745593095
46993 956701905
23071 312383376
12780 983723340
38573 645659822
36309 140883586
9381 788258189
42740 789149055
10412 13841282
11256 746986888
29697 854786852
18607 711069174
20713 664760470
20410 293708308
40594 274412114
27441 297666989
1295 541939376
32710 835244064
49250 712947645
3624 579505362
13251 611113241
8722 588681589
48510 329511151
421 681842369
31998 845311568
20678 932081534
10471 442727636
46694 164226153
23329 211032514
40258 960122900
27313 709260954
35587 496109605
35841 328482239
14342 664640178
48424 276383041
17810 181782448
1814 573663225
46629 437459331
950 212095405
49874 824274003
16632 471483094
18034 267516132
2504 134234155
9018 440525436
28822 813117966
35227 975029984
35527 613087237
25325 879132362
10393 659993074
8078 208154076
47805 549600087
48540 523446748
27061 307464102
25164 252119171
40577 844914036
23118 682742023
19618 279611878
18955 789058075
21608 377797770
17339 931654571
5406 197508966
38459 807636881
5046 188444531
47804 483493157
27122 841292137
12700 302379960
23126 294264320
47406 323907304
21502 186118974
49987 325252943
30153 811689184
48619 188301368
34642 792707997
45548 993704563
25425 10546772
23525 405420542
24598 6280162
26249 963440435
32516 35033526
46600 940331859
46761 670746810
21301 86749824
30397 231415596
16641 507020619
24046 841418619
10207 660704786
38493 116762080
48461 330712607
10206 627701217
23383 316353852
44753 927982651
41858 692213266
32979 499235574
22999 836026046
20471 588190609
42149 876523006
2564 302803924
35897 135685379
49585 216748894
45804 765338334
19956 107796568
29545 547151817
11111 524596656
32089 992124739
48681 903213117
20674 113044452
35104 87504800
13151 363040258
21128 400663922
13312 952712435
44847 593970798
13055 487112781
11060 63660632
30968 768239039
49850 682996644
9337 204009410
18386 959494543
11557 284354777
23657 910270549
48587 271183206
5258 661434599
42929 370814906
32671 985247308
16272 358482201
13966 209302529
36974 425471221
24273 279264927
39683 605491588
46223 112706827
15223 832592762
27512 780278001
40278 753403890
19595 462401193
45545 983983794
10648 266989852
1805 481999899
24334 832699428
36002 360666268
10593 928108809
12250 370817001
44530 336648726
23113 197956148
24798 165106868
7995 693369706
38812 953864451
40169 496742995
38995 641830939
33114 129670246
15422 995418713
41957 371454654
46998 589001505
22826 11745927
19061 49793717
47473 33007394
37594 593123294
18028 469944060
10340 146813834
24431 541654447
707 312579258
15918 474339841
30705 853849420
6403 772642905
11296 603161988
41123 552014028
3292 430643501
30295 741925365
27449 193056859
7111 690298144
32566 307687137
3991 648694096
47991 751009814
43334 951828217
845 252411434
22785 603551251
28496 860502729
33879 10679344
40346 524146878
14468 814029404
21195 298252227
4496 940149443
46980 946644774
40106 49964479
12576 363209206
37563 417602893
29908 166245006
461 726582861
3404 452589415
40937 925789563
33803 185103657
31104 957156221
37867 452490238
38324 74505032
27407 240313215
45299 384273839
3695 38475629
26869 278500852
20966 434841657
21170 903557014
18168 133929921
48606 276643324
27963 151275870
25556 656344576
36028 428709807
29753 450809931
6130 168246523
28786 69653155
29433 398375745
48700 659236399
5716 130418906
40567 160596365
16325 187703033
14634 389942616
52 470924440
44071 636564236
38289 317022715
32953 624946849
27209 633631020
44905 711452089
4839 586796619
2792 130386264
27231 539060628
27261 573422768
6623 939917908
6909 743493992
31212 284766075
30133 685775102
47819 655654035
21707 550273808
23774 362787605
22708 807786164
24814 838723213
30652 724558449
14092 363604916
11305 800390168
30124 327064074
35093 229286040
3152 932240355
5421 421511079
9987 906790123
33606 169014337
31088 873473236
4630 39803870
33694 626218090
6809 961471101
49562 806940990
38818 354172000
22164 849022923
47892 414178836
7096 908159065
28344 24059964
21709 380770010
45927 781190859
23317 673607519
31322 643105669
46386 475734202
36000 952758285
42715 835305985
6912 804351248
33883 691992138
33588 265140606
6525 966256074
17510 414731832
18246 765724436
49865 660747774
49985 728264733
5502 505809378
23590 816679894
593 762691814
43337 905959371
47209 986676957
20332 237819288
33604 197293018
48261 330750070
33419 845885642
17650 31144147
22989 341492218
38901 481854820
35777 911716685
38926 372792901
8299 72141795
37272 538288131
19224 210258623
19403 347447095
20638 656804766
34036 760417457
45916 482336541
42678 188939944
18916 932003000
34200 819676681
35934 556296158
43544 173428134
11630 753674414
34081 190624178
34698 286193152
43706 975083566
37789 784959576
42876 637619075
28513 360832868
20479 86535021
17858 523782073
17401 490527316
27692 262186280
43617 242954247
46464 837015266
7859 802068583
32626 652696956
49000 150319857
18232 690281493
10582 714904930
16719 851746932
36808 678494851
30204 18192554
25088 272924939
14959 416071375
16940 332419229
40578 275446955
37919 274449805
3833 111858586
10223 47783734
12559 209512825
2436 277559593
39114 659167185
25597 570652431
12291 440344579
1836 756489131
33022 2649040
11119 399148417
4205 450474425
20466 69946742
13001 745836169
32746 993843693
12442 316860958
39644 783547065
46293 616125043
36380 353222060
33299 883246467
23595 733343017
25429 213262638
38152 877620416
36286 585410744
9251 963906229
41121 468688205
36846 540139187
48188 661951205
47942 73638231
1504 60645079
4193 872774384
45849 468614944
31835 234709171
6535 831856156
22745 524450348
30 647158673
26103 54911791
45236 697325404
20930 873124425
23523 806245555
35271 251276050
22819 551243641
37962 248828885
4294 654021443
37384 217281809
27966 912652254
13348 315080866
15259 563368465
27793 941771476
31599 257493713
8997 165776736
18596 897531186
40420 96147394
24842 104285757
29367 929515181
37112 758009334
47384 26684890
9031 396183428
13798 720656423
44595 325263417
15583 787660911
22547 310377890
37868 301040426
5347 217347024
34343 531292705
44978 108423065
48085 933812958
36496 197487561
17124 553248389
35270 780844124
18058 849712957
30292 694686776
5811 642668579
3710 386409486
39765 454776697
46076 63495510
40496 15153126
24160 128954836
28702 285974063
33225 895292540
33710 772332312
3629 657595178
40020 117244320
19726 883226007
9744 72948807
12005 169067224
8873 30020740
10903 78708678
19619 322648195
22975 698446515
12950 14137063
3488 686803084
47431 187203293
42271 171473800
17408 556744745
18410 995126357
7698 895969147
6077 632819753
48499 211740758
41567 372593649
30972 338466500
25117 425433971
31798 474312217
1981 364152915
22488 170376844
33483 601064667
26671 82692693
30213 374964904
48284 506244217
34232 832930155
20795 32553567
5805 789198433
41583 261513071
10768 492436326
35986 209275574
20067 902393817
3967 582636523
12450 191631454
671 253581299
27666 86133758
38182 673529739
38471 123966017
2547 743077947
28739 150290783
32119 736425813
14932 366057072
21 464029335
39967 379960326
49664 131328987
3018 724634896
21467 400350930
49816 365337982
34338 496756967
1220 289943449
37596 296868015
893 643239439
2686 229796985
41950 260907103
45119 742380573
1927 820504653
4846 539434502
45488 858717754
19590 782185811
15163 788235875
347 903816444
32422 308062386
25015 342306974
164 809110237
43688 212090940
31038 791166950
2224 194172769
25770 57698304
46367 800025442
27194 239295585
3869 667982584
6353 122747678
2824 977255218
39286 806634856
44943 494751623
39638 272860372
47334 184492978
17934 332819661
17463 338578922
40616 71406775
27762 353028486
18064 412458288
14600 363997447
8002 337291051
10008 933029708
2574 556475137
39265 399457088
48445 996703242
49366 449667640
38943 577221412
36372 760999280
31779 67415287
48814 840527342
41504 63381828
32001 40770814
31299 482462652
27867 611633500
27100 600713182
272 698212813
38258 468733919
49552 211572073
1641 837629387
44730 250290154
4329 625520792
12682 192099175
7499 865200919
13806 325606958
7186 407357860
12185 144702494
42104 857411052
38034 168372992
15894 456842873
10829 795357041
16225 432379218
20820 955777237
25 379594620
16809 951084449
1745 857253503
12300 209020716
27696 307029153
23235 245709178
32432 736672014
34727 720860295
21535 552801589
18457 373730977
33294 979861054
13873 364466326
40708 373909556
357 859137326
41564 19615913
25773 490684198
377 677575963
35184 232979620
16278 558696614
8874 770617098
7843 275290594
3434 737421816
1719 280129955
20488 412770087
49848 33477176
44133 470247687
7347 649095700
21310 337888365
32066 257644985
26530 10285066
40235 724052168
28673 375110864
26211 251863626
26738 898008708
34092 459495391
45960 958210702
36983 346372395
40300 601323235
29244 5271421
45932 691386452
18419 630721543
10021 463176383
46307 150176151
11188 131691242
31315 33473797
30092 798718733
21187 38700661
5544 216152916
25710 169309816
106 257220788
214 544745819
14777 457447757
11320 533161432
7092 432962543
21051 174121301
12818 954910777
1151 619518464
12063 242203530
4671 875629329
38848 413583391
14937 364937251
26717 984652932
16937 338856302
34638 997347892
42361 62029272
31685 249436798
2921 473475889
23461 447232346
12170 58555106
48335 694578725
22329 202715927
37466 452819861
23555 511762321
11656 777199275
38077 468797009
24203 701936406
1943 907388261
27415 368959128
5139 24638175
15642 975911497
14128 964432607
33385 836439183
42494 731722370
38652 952446979
2195 337078771
2290 625426032
15785 177584177
14846 976946731
644 885275254
1826 449007020
8197 524665274
28216 589004673
9026 488087607
19290 960141443
39601 988317289
6998 24477025
23670 203515862
26219 563342715
49447 145686109
31054 803370476
25934 632468857
6463 346265774
17862 513327300
31133 204121127
45980 443621301
4364 589387349
25638 441945182
29887 851354847
43243 250292854
47177 462286652
41034 495770025
46717 469780296
3231 372634582
10339 851081517
17171 386965407
49674 29683130
8783 811410673
7471 784196256
39164 522798293
34124 496979100
25134 438064607
35092 753982447
8048 451178508
12338 823738057
19277 882264899
30937 883929021
18424 793013040
23527 487494219
45802 787228398
30719 953356749
13051 53761892
28008 264342886
17183 257114075
34542 90668885
5147 445852935
45984 436532697
38664 583044964
19702 82663994
5602 978418008
39891 536489149
21975 369916091
5183 920528055
40622 53574620
18340 640705036
23237 612684101
22902 744429000
26558 686642840
10462 637490627
14170 240055945
26252 688505037
45202 219415984
36152 995495762
23954 344210710
21520 53096483
6466 535010758
10924 331227742
24837 311231495
22154 714192152
36519 445673193
44327 272108766
12658 599708875
31095 339108057
21249 551070936
16519 332159543
37869 883702959
46013 419489582
8373 279263486
24713 869892191
15012 891739630
35635 774885366
47624 228068033
13254 859668505
38170 318345490
20353 458338843
45709 99363243
2932 277108919
31120 926728263
13248 771303404
488 321720145
43180 532302803
1000 782857676
33999 331582212
30043 695686315
44400 434002592
20049 596083565
16277 405291691
37187 368503130
2537 52912984
2895 962625832
43298 140237940
3350 896777466
14618 427573232
30597 191449531
20073 68954500
47222 987867850
13189 944806488
23289 87271464
25786 366271731
25461 446141398
20617 916882285
46709 361993905
30250 525286210
9843 224644601
41917 254698716
32559 367150985
42431 15179248
28632 991917708
5390 514780794
38758 86648965
29409 227803617
7555 246289913
17113 777333675
14603 314747527
31892 4864035
12408 963248235
20443 170452800
22643 536562455
2369 787665151
7124 511884736
30290 44937043
34285 185286976
86 220480600
18972 711968839
28474 605677461
40652 630604776
30487 927133225
24003 758157624
25165 494914428
23408 1509520
25679 528516594
36071 20205185
26128 901033753
46788 756029376
28500 755988697
21420 553845861
31464 714632112
20114 601523403
26413 77401708
41160 556668347
41318 310746017
14193 60598567
28137 28214804
10427 323104661
48391 550968082
15609 371067975
47404 83872674
41516 475108310
4007 515102285
1771 518213656
16876 770161828
27847 673290239
34185 684241355
19262 887488673
24936 470348596
27149 611621707
32299 835258722
35058 204237117
49506 73852829
23910 149173554
33199 363742609
15159 582262422
32732 835434161
4216 968174106
7510 752342302
21894 447661834
8440 401127618
26826 785053160
34105 404064967
38466 259804754
43660 527039009
35209 464840285
43578 341017437
32804 892048698
25752 710188926
1322 626859508
26570 501835235
49311 623915010
3195 213219453
35031 967642729
49328 137891451
46426 59661472
11311 245351706
30496 70212193
44341 611466856
39293 468998121
44550 849851878
23854 264542178
2274 784647308
40456 525724642
10788 887025886
21362 823359757
7290 8683518
34186 976913606
17353 888948531
917 39484655
27982 988552845
24590 329593027
20978 242687097
11640 111784543
3034 780097089
48323 850468999
42485 174964997
13773 164456392
6954 292130347
1489 530532113
997 756631207
34218 657817517
39117 536087816
22474 992273873
47620 545861052
1387 897312581
6042 929426719
5276 339600355
7707 790383679
36865 723159400
14077 732489853
24381 983181740
38824 271093562
40469 752725894
43962 261591333
39895 27703724
29792 97897316
36674 111714694
15606 483394673
17358 248181685
48430 351208893
31196 23820288
27994 455194314
48582 541403994
5422 993401327
12392 78138111
44746 176129199
20896 940717490
44305 15145993
10391 283955884
14294 912958010
37979 167523859
5813 191735917
11743 352581722
32013 51374561
26003 895319468
38020 301516877
34510 800617371
10628 331540399
30796 889539957
2605 854729034
11021 158109414
36818 205112375
20516 74540094
3936 891258493
45136 441995493
36695 224811665
34535 713511834
6559 665426167
30405 760534319
46907 647973310
47325 313866649
29518 39283146
21547 342790095
35396 773584176
36851 382540748
32805 111268960
15471 690231085
37164 948469692
40072 446865807
17865 181086376
33592 587437210
877 100546268
15463 268603075
21380 970177883
32898 403149009
9171 841503766
3835 98706319
6724 845862416
9741 923671067
43534 628497242
13271 876304225
43072 277394314
49901 221927569
2701 737337545
4709 450884318
23052 311550944
27906 558092895
18369 441486841
13747 935492641
2405 526370790
34048 220902577
19439 447815407
42294 708399380
41416 900371010
31981 465791298
23981 946677892
38259 100009742
42333 651207700
25422 43680946
28955 262738410
12659 727865583
9566 884358394
26265 223508914
47733 544740709
45048 386576161
30449 27073366
10862 954782843
33148 73099031
34648 16161091
11328 629676241
31405 620717984
18646 147610556
25239 806619500
34627 593963647
42005 811994948
42986 308525743
49567 401787612
16114 107732582
40077 168207501
1382 567945111
6259 282503920
37755 773896418
46892 632155547
572 616097836
21869 748767983
12351 137125786
41554 59909681
33389 67441007
49163 598802935
45373 859180284
8730 216230171
14578 271124408
46239 744440536
12365 136424808
9588 17484429
20647 271754535
33136 579220746
10197 889585467
36667 980331503
8856 581410498
42415 891218875
9864 585348374
40289 52297249
17695 26804515
33265 117040666
17501 886239240
49777 73155410
37644 110734639
30423 73987658
35872 692575686
46203 186782103
34660 526647656
30389 852189884
13125 723853359
42420 169738822
27070 528586303
44687 813951968
38475 835475563
47997 802380283
36038 318325587
42303 856185954
34704 738895165
1665 701960747
37350 573163126
32143 574734112
32403 765299890
29684 371304041
4085 782354087
2897 723026541
38568 676639364
9335 609994685
2819 533934435
44559 652635953
41718 275306327
3525 723538420
29569 536923956
17086 111174204
27536 253322210
786 128007979
19914 395682934
13100 343244526
9590 115692612
16701 571119514
19592 960038381
34413 980527836
5482 634045162
30869 182509554
7515 594528687
28215 379442501
36138 306401250
35764 741821702
12295 89060695
5745 103465593
26159 109398751
45772 959490249
49711 46305969
42115 376281223
36149 943200022
38078 223156830
13228 169442228
24709 852356916
9008 578985380
16211 143846434
23144 456994501
8503 272443494
9365 457312991
19541 865089020
27986 421011815
15489 813352906
15536 543142402
20799 835736592
34770 156382079
44909 315926984
20536 677889617
17691 956516730
22637 355668964
38661 551459992
10147 542119172
48201 937564754
30626 541144540
46158 696941498
34637 437863315
6056 681375672
16835 765969484
32240 221597874
24098 625969476
45084 169692657
37053 395682101
28912 289963862
48979 51560760
19955 19916465
39081 220832203
26868 567329280
49341 278937441
21656 918074742
35121 36653464
48675 941951179
27298 516486132
25607 940236236
40390 277963660
24634 838595863
40245 683305657
46304 810807954
48901 842055247
40865 777015274
16511 280627882
32870 596222572
23867 577941660
23212 557280005
49390 273371846
4507 905443132
35403 204347493
19896 801943553
24155 931805687
8295 195273678
18210 865268107
46112 936612323
16464 734412170
43246 766619115
4415 88112538
47463 363396509
285 519240586
36177 430339386
42357 958128814
44354 467846215
37797 584802610
37544 275666007
2508 191793772
27174 628181146
37417 454544358
25911 533511307
28530 895141166
34597 545248403
36108 993720637
20864 217269970
31900 873759446
49459 958059782
31508 572469717
5078 674846590
34052 999088999
7416 186901933
43285 372979748
38212 82775034
26735 341265341
23131 669234607
26814 278295654
46984 837942263
27274 550256842
38877 126590919
49380 336480980
40217 658559761
25534 686720006
11519 775612167
49500 87847378
38927 893683172
15070 292465719
6674 563223238
5536 254020506
19732 453230216
4598 747595864
41137 7974149
45108 808825530
45228 372520836
8956 51676585
5958 329986681
32141 329950410
5000 732223298
32428 437426045
45207 979889947
46856 572821389
40134 611870536
33704 852660271
10368 813330651
14411 231972312
10705 349891889
27438 81363160
40924 275604418
32424 270659582
12438 23223097
2155 436151147
2187 769106435
15859 545436791
18561 470999494
24591 844353411
15494 26260278
20223 533400220
18485 204830549
24039 285738439
35517 31170048
19483 186426394
30129 471927384
5632 422683371
8177 97194570
24264 863670501
11526 716690000
1353 735779276
6842 347665604
20411 218748763
5219 388715069
49826 849915344
40839 171879406
10999 183624951
8804 782312405
26741 635995277
10255 282727317
35479 280134944
11340 516200057
13723 79342160
13149 702966477
42319 512822630
17777 877676474
37287 606135588
41310 161403430
31419 941561329
40620 109186251
1193 866850107
41235 935932077
15572 359677496
49603 49970966
19803 297938235
39577 773897500
28816 927216692
11501 468289909
46894 726764373
44806 248162591
11045 253397353
43698 126554160
15343 96595957
7231 631537289
38615 834526114
44656 764514182
7213 892346629
16514 863178124
11494 813015243
5696 927745702
5749 137783907
18176 605177194
12772 526703500
49548 815927209
27746 172673142
40384 809738655
42641 66131298
16268 260162007
17131 229322129
30867 376983743
40250 577936566
38893 883235931
41400 138203339
25741 348250949
30456 761736286
9321 275144632
7360 189660432
14628 333681596
38672 980828155
28107 509428029
11620 983403884
10562 58741129
8487 754473510
21445 243982737
26096 534538954
47061 117252948
5272 408339010
28471 806369135
849 368418272
39923 384330520
23256 297100989
3953 445879973
1964 582985465
2068 763073903
24044 440971377
2240 250845631
36607 834338385
46434 64884628
31478 990784078
6068 734984245
48820 690251476
21601 645238192
47852 481867034
18855 365083378
28560 6640301
44146 322632522
14083 757553337
36418 675512242
4755 698078763
1824 305412495
35191 593869917
38594 367009426
4899 360082202
39109 183279579
7677 655152341
9259 952697588
44986 962290586
45620 551446195
4353 479634433
40724 881547053
6456 557411383
16746 59655665
44393 377380467
10623 714598124
42474 530515735
3415 21716055
13126 232470490
40935 221055828
20662 975921787
48263 410380102
32040 479014145
22270 989285810
25411 19074556
49881 245388042
1011 431748706
28998 614262211
48488 711671687
43548 509140448
5206 468685117
6168 884848545
43133 124644061
15156 706409617
38728 924990555
31840 783757854
10098 70558516
37583 179770451
5809 106130844
26783 546717663
46918 64789853
22669 7045874
8689 878937348
7928 486505939
6057 756136790
12420 247763300
47866 697795929
3089 847588214
42977 128746189
27097 89895324
4531 403993138
4979 633900562
14593 473445039
35028 623532615
49192 616860973
8114 735340297
24925 828138712
6987 660678899
27358 202751745
44927 688736738
29213 947502448
32627 972047912
34721 913416839
15315 573692654
10529 78778607
7665 435585493
28798 251047023
15869 595644411
33150 185827346
48464 6006185
11871 840338545
12664 948040360
25085 491377745
37214 555503285
38622 967061147
33974 725770296
31398 620671075
41348 363811508
24793 17345785
32268 467386179
9604 615163029
37721 703694692
18938 531504391
28873 598561881
18973 731539194
36084 361913578
31841 345211742
2538 633922574
2340 177469374
19891 887118929
33164 218278436
1075 284529441
42833 991382369
24168 55744135
23868 770793338
48530 463429414
3942 510737180
1715 663759937
305 871103587
28403 478221082
7378 512202492
7453 498151339
45337 750084944
37036 170454397
9763 170627068
29025 257341748
14949 601845649
8742 733455470
21159 601328659
40655 100284197
24946 965384053
25862 879330442
2982 286993123
37773 157398959
18666 523983926
20023 220715271
2981 525081796
36602 26424148
44890 286010612
12125 793285362
26429 963341483
49182 988908598
37967 591051703
17034 360137617
12459 755357689
48454 26691198
26817 188716005
27852 203550524
38432 315461762
27861 779505350
17572 586422473
17220 904527704
8876 76406537
13327 310770990
30480 18628892
36483 369645840
31355 112830218
2073 147336629
46906 835363329
12500 718721917
9282 504581401
14884 233796452
17759 78512471
38518 426976814
7605 991971438
19552 709212887
29533 433994324
44920 71960704
28494 186848767
33771 485443870
11856 261941092
4527 49782477
5187 961864867
20217 535654601
10155 99079725
14414 741637182
22632 690049523
43344 906868399
22168 15538793
4315 752519134
7137 854653066
2079 797612274
30138 775143460
17955 591723781
43289 183278863
2049 662786911
12224 149782295
17035 980027215
21118 680533953
17601 477267641
8864 487899038
42858 164755278
28833 10765267
4567 880184498
41766 213378090
24303 403655474
31165 462681128
39655 934732632
13785 934499851
18653 950949053
14974 593045485
26382 7922631
40581 17633824
34342 261202222
18221 973290736
4147 344667202
20331 611235334
38256 847283059
5248 594928035
40362 478930126
45604 650199605
8729 105734140
49457 66743979
27604 155230394
14072 209442122
37491 671191772
7726 203528790
35822 871200148
23831 911811814
41196 391168684
40938 700954938
30226 43980793
5026 986869653
31435 860534679
22342 82203165
40396 726920983
18809 298194713
2125 922066577
17562 647780538
41697 328158815
46754 476532327
1055 225972705
11882 332720539
6082 980756514
18933 376489489
41150 511111508
23128 871666931
4385 23839923
1750 300723191
16060 36411827
24757 494970301
38439 719407600
40121 316293070
43728 102833450
37002 248950135
19501 291195662
46061 268813018
10193 132630309
32781 22956290
36660 760966794
47707 376685403
27576 795664934
20693 623074264
4556 396985185
16792 892634939
12589 265836781
49961 664922879
171 585969019
37248 209308951
23899 323716289
13944 73633484
15988 880007742
41287 57860878
30207 197371177
1386 690947748
31418 674419192
19473 735262547
39083 150429083
10840 41382918
38304 533347782
29562 978488963
12160 50335621
33650 455602706
48439 342945146
38973 62910564
8328 380757003
20006 761696683
29861 704893180
44990 543848474
17405 547124484
42767 263362604
48419 272158
21106 337358866
12277 525034151
25859 223169173
5103 535682981
20180 536180492
34937 969053886
48538 415801553
17826 339921576
22733 495957904
22493 651264021
15026 714839828
49683 932618572
44563 777737400
22898 844430624
44584 758012484
21111 556195324
45137 672530040
29092 661455645
36120 567209875
1978 200679588
10224 409385700
30772 969968710
44352 797900832
38742 448457855
48133 25037358
24610 576557629
36606 396796785
3903 805062430
27117 252824935
31309 836283384
47010 548247969
30457 727908529
31179 603120849
45659 33980778
46449 439295828
17775 91355705
6814 133991527
34051 81821673
8930 146046685
6950 310527370
39777 635348227
40023 652658040
48449 592313119
1447 688422245
5792 222930938
7548 576515250
27243 532513402
43375 492593484
39179 186760405
7400 928552628
13793 346987886
7814 139959171
38228 896433513
13471 168748070
4628 470729803
10766 80470032
31524 946380508
1543 478916066
93 58574431
970 909186540
23198 896642166
33707 11573513
17142 944728863
25255 948737078
5501 52538844
41224 693706745
35762 121993096
23866 228210775
41158 484179728
27045 306105997
17676 977811852
24247 715603111
41860 150353128
7095 915697551
11665 485129409
17436 813909356
35553 376595148
48097 629801298
2938 167377068
34812 205789058
49253 331881364
24205 117690388
1065 186991919
43691 492344367
22228 966357873
27112 355499427
42906 889344343
33005 699848246
28570 556529071
42276 699627396
11867 565760657
1931 906663575
36981 220365451
49460 56067099
22935 206973350
38867 428013192
23880 272984612
48757 198488773
1249 874249231
11810 8273778
9748 198042185
8374 782960252
10010 222976271
42762 863933497
17018 431953741
6104 731991058
36565 58859620
47295 230213252
7862 972920727
30829 787295694
1963 365261293
35008 496782348
3788 996270754
7161 97669701
16155 598327740
36004 850845243
4534 540905058
30734 422542399
20058 189153498
36889 93750968
1986 456210030
10383 99125608
44464 426844324
41606 639711200
45615 710092809
48023 784285992
17495 521965559
38923 236961460
10651 902513728
34392 760972288
1841 174359363
39769 48453939
14086 26391278
21598 685890918
25892 191247396
37486 925001922
2507 505514923
24564 899893169
18942 283816330
624 267906366
44566 306782268
32215 11489186
2752 741995520
15768 884000280
7824 132273990
11890 510644581
10799 644096192
29008 636743137
30640 257431444
26370 401328058
17020 131297344
1657 78634107
48988 442355041
39439 503711689
17557 729961614
18580 386848092
35355 103218537
10719 437644092
31396 543598722
29463 662538812
40410 269159295
42636 970765314
14308 764306386
33864 899335706
34936 249300094
40320 115953767
23692 771672467
41369 30134076
3319 703535482
40876 661617436
11371 448916655
22483 542704687
31831 265400220
21334 852908126
18633 463448455
14880 978029439
13118 802334775
2872 556804762
44210 99644404
36191 428523097
48088 263462630
5386 994290557
8779 119001561
32212 866509080
15293 309939105
12802 42776527
5497 716948757
29985 846585083
37025 393686797
40306 356627073
34986 713132844
49048 811662202
29793 784461452
41658 634916028
21885 425912520
17962 938290747
45316 350065241
20743 511348560
36852 162732984
44225 489520809
48000 27174424
18124 725244874
42203 218305346
46541 33684231
37195 956642073
12693 486849525
725 546512922
21831 917125325
1530 9738590
4947 99159294
23124 97769468
23684 175526100
1180 923671798
32865 734468731
46545 102984992
24839 46650583
22299 745869142
14767 890616151
17642 895858890
34387 731053072
33531 667074936
32745 336492679
43161 590936942
43101 906576720
4150 898218715
38990 345828342
20329 388338748
8071 503945455
41857 136342550
24865 516111000
10981 241884645
25663 93915863
8095 531021942
20818 710817850
1618 254632897
30573 705206257
11134 841572752
28803 556072674
36970 890827789
27797 164589186
49362 356100875
28879 9456306
23295 725285709
40796 744615897
30589 133579888
38598 474263126
13011 976485634
45113 644035985
28473 535006588
11572 809587549
7601 223841545
44995 593437245
12228 469725204
41847 158972464
5356 562714212
3430 711736628
43783 412672484
12881 258773113
39673 992317609
20964 841635316
48423 276149350
25410 925880658
46840 736098972
18910 409804603
44649 418345260
18662 852766121
25034 474290527
20763 567862444
32962 488309154
37498 646505921
7873 217071128
2817 467617918
39358 229987399
41707 919272695
36222 922018229
39326 64031375
49885 68228508
25409 209139124
40221 695945727
19742 1164253
30852 442883243
27583 519014205
38740 522234125
49942 79363916
9000 490623533
8791 594102684
9776 821959211
8231 271243347
36568 856203202
22256 402767852
23077 375102187
9905 649858684
979 43832117
10744 180873211
43530 325626156
335 464747128
24587 913879657
39428 732123629
31820 50644914
553 158513313
16637 417030568
30949 132648755
29602 192019053
33834 700012123
33039 231035499
14609 286819463
483 548808090
27752 207028750
47365 390108267
44922 202655784
14365 988091699
5190 282334217
20263 214493362
48543 605010637
42642 407007331
21260 667331165
30542 148327497
36781 339638298
16911 616472081
279 998207097
20465 41338791
27306 392346496
33404 169947034
14950 947080038
23173 422087493
37015 967186845
7525 918579632
17684 663345423
29044 162537014
21486 811614046
25954 557813768
49679 851512086
21193 810786146
41734 386665259
38243 123221041
3078 257501616
42087 55823914
28544 436172298
11084 115711500
38671 536047995
10789 78912743
1840 413256135
42264 359361421
30896 237517549
7482 357042336
12118 373701918
21609 361509355
16532 977208487
35770 59940807
33085 501181151
17619 161162533
32415 259169571
12357 350468056
46101 417079980
23026 12681046
37523 69074978
44019 106441979
45473 217176013
31819 897061263
16686 647909032
16088 536967397
45868 700134929
44266 35373612
31535 707758297
31553 285822116
16740 84882961
16256 192494113
42155 543184464
33840 74912944
16571 581450959
36901 684701096
39106 909873272
17144 114498876
14699 134517127
1540 511992540
8470 454380198
6937 897489058
10345 685986848
34543 172023049
31510 172977528
27720 742324839
21993 378994501
2750 71361633
45149 595100717
38269 524530529
12960 524544721
13518 153575357
40442 448215485
10469 171235186
27146 38314448
20845 35407492
42917 841767043
15280 717482245
47888 297101696
29238 586254573
7983 455686895
813 626988935
19195 761317513
5645 285663376
6902 590164646
42775 115823128
47785 634609906
1094 779476276
28677 398567766
34483 429245551
44975 531763441
46240 656967766
35557 172402700
31475 549130182
36229 902905093
30258 767523373
28814 106214915
37886 758716482
4220 651822000
21394 232250173
2121 920862961
39443 268168761
42047 61597236
20171 3678930
24930 398175672
42657 309630620
10114 119570440
12240 210843420
11297 243244933
43141 769044248
38404 757589880
15773 350831182
28862 164293915
6089 337740723
44797 135737723
23836 491993771
34045 550591674
8591 847624445
28184 488889157
3693 850045949
6565 355247757
22515 958148752
27144 21917640
11005 32657597
204 931947915
11211 690090299
490 876381259
33952 773091287
37665 92145899
16171 334695119
11162 796902381
32271 377232298
36325 186956527
8350 599091021
23139 247450266
21658 607564849
12593 625739944
1620 637842887
47673 390401536
42705 788214022
21576 478881813
16894 493641896
44422 771693624
34141 156130291
13440 286061588
23315 640575803
22872 969857117
28453 429417068
36926 602396233
10984 485925537
36670 607729520
42631 595505397
14654 281439985
14896 615291192
39190 877318554
19611 969116087
45908 130746192
36693 223601270
26811 465487457
4597 76990004
24960 151559867
4788 61647903
10378 475597218
16669 430198340
49198 616916855
8427 287563155
19887 20517355
11788 107466779
7142 44244562
31571 16298791
6739 627855791
36046 44828719
34580 513104077
47743 20232452
48460 802494367
13943 461836667
30760 797534
9650 902450293
34906 700955085
28465 531198255
32364 618655197
28649 756594010
737 400455832
43635 380307101
10089 747382966
41468 120982795
10244 814489112
40764 727204448
19380 149607519
26391 447799308
20445 938560158
5923 630051557
26777 953856421
46140 8378503
24996 327475828
22069 398631949
41601 746811215
36204 636061214
8796 970513673
48763 790709941
42970 830187522
44472 468033344
4542 631923074
6108 858942719
266 378683300
3756 55521118
18746 648441784
32824 779033739
22698 787470310
20524 116135102
42223 7839312
17579 517325282
35440 336027619
44754 387551603
30984 779205909
30369 575553978
28779 381842817
8356 268890859
6725 974562447
8287 382274776
39431 393624260
22938 777710923
37746 639401885
5191 812189238
4935 308977601
14130 965302752
7460 364751072
15845 517462705
22391 21720233
36051 500672135
46886 365040169
45467 379184785
42328 862624959
15222 588929824
8399 977834237
5380 7364267
29937 513268831
33463 158014482
49725 726513028
16718 386683468
37834 796696865
11070 466540879
42825 367975957
25924 956797766
35065 341868848
44918 532768000
39711 67557581
8396 246807000
41242 707609419
13496 589487913
48793 168255542
37965 220436398
7375 973401943
22691 929292435
14829 946139974
15523 500506868
17319 556011529
34640 948426777
6423 762857704
14566 586396130
6682 341241899
33899 426960367
21162 823772507
21356 102507488
35003 198864750
6193 391956619
41248 836798494
12452 430155457
8526 447564577
17229 776986004
30888 129927273
41497 654623682
39112 284414934
23017 380872602
10459 546509735
43750 755689240
4525 898270321
3069 469500292
5933 244503093
31546 392170919
1995 654439824
792 394662546
49441 289693634
2588 660781659
20440 933886582
22405 713487965
47701 526422739
35311 169008350
2719 302071894
5712 724130257
10816 93464351
34960 504262108
18571 553808376
15319 839913301
22086 906037078
30383 774362620
8047 137403562
366 518679501
16157 810906168
31597 278114219
18363 780971508
34223 755695872
49582 53392514
13479 37247540
16872 396142571
23451 790428477
37029 739034446
12715 912509510
26646 299923617
42066 597363248
46760 192494290
46403 661515859
40915 651787034
36457 602431425
11321 477512947
26205 759839428
34116 136933064
25579 856363081
13194 659263706
44731 118695013
21166 688408442
26655 651138725
7335 36610661
11767 299724438
17108 341684510
24630 959172031
27922 897014196
15893 411414673
38175 20918045
17940 890968374
12668 674281637
7557 296361872
35020 583714200
39704 160040036
21487 685144224
46646 998572052
41480 782646686
27213 494221203
46119 104451560
42286 582069898
4218 92996849
32844 522244779
32610 735126767
4196 285446970
10904 642832338
29918 570697858
29946 55080041
32497 822121864
6610 618107869
15695 981367383
34456 240936128
18293 990520382
36727 980402881
26595 473292994
6413 127163051
17551 857263155
43658 744233434
32227 987871484
48229 597577583
40028 979448653
36475 675583564
41540 757841819
3151 446371571
44963 995131010
5304 680666658
42614 76438679
17973 17952407
3016 400220438
47579 600350516
1365 622013658
40351 796885600
17031 106271450
1253 472855506
48818 25446231
45874 202733701
45076 206221843
36035 80738315
6106 109072387
28806 243821572
23333 512972416
5450 930039977
47788 427224604
36675 569559956
13637 144010008
14748 994423679
2873 906506369
19718 373600381
15278 369759427
4543 159878526
47763 348463303
33155 166462041
22793 295459416
31702 663025015
25304 534836865
12317 348762415
41794 788687839
23780 840742484
18019 142788660
23795 848148537
24626 319813528
9400 694886370
44874 547874592
49793 21078611
9964 216673671
24464 995960862
49651 753838264
21254 114905776
24588 29070894
23372 838496381
11643 105570634
39585 600418794
15603 431929783
36163 720403416
16307 938461582
25958 279500259
43047 382848951
38326 98338167
7329 975782421
12722 258172769
21228 453328217
10683 2316620
40124 332538117
32936 601710804
27988 667791813
17658 532992668
12844 369001304
36716 139506247
43978 432011139
24571 470729558
44434 885677671
23887 539738222
37905 674779000
46983 840157703
12651 130278519
853 587623684
33963 172327522
21466 49198647
1813 810420110
6723 222673244
5175 455464490
35221 981259890
36363 864705713
44023 616191361
21968 630936120
34049 361677790
23550 472470373
21908 570270082
18450 247050536
41306 861992194
8157 887893783
1727 29085636
22914 93643786
26027 427505883
47641 803962078
13927 409653618
47669 795456907
24327 238477218
43630 6865878
43365 171172647
46401 175474147
331 827637665
15891 736618445
14110 2069179
38286 122607542
34737 196251343
6849 681440201
45762 447232382
47317 307750955
4108 124445013
16112 457802275
9484 896790088
36848 835912934
198 447297095
37882 993644128
35799 383122702
46551 506783886
5808 994040407
29494 921397619
23301 354248677
20915 977241601
44815 681574631
2541 110615055
49796 374031921
4144 708693703
5065 943678086
19453 499989875
45222 370308382
40201 810958473
35775 860148133
13953 816753646
22848 894142445
24584 44647749
39127 161911918
23782 966918181
32897 562452619
27018 654647960
19454 791389058
14997 780768107
41914 891167490
27058 585086625
37389 691323082
6589 823460153
28733 968849632
6651 318802209
37265 720984803
14598 880420015
22670 683697602
45838 245238085
36361 413194820
41101 607446146
21868 984493863
27125 698049553
11062 696021300
9578 943097612
5850 353171342
28640 707432962
48879 89166026
2127 12776284
1106 174616109
44252 353082961
9487 506824166
43203 691288289
23521 27660285
14049 449727388
16936 397486774
37363 745379881
22259 268833856
39188 177271837
24817 659614260
19118 297563035
12374 532712664
9239 660571088
47192 630306272
43458 530948556
9873 237142043
4151 704604984
17166 976614231
13266 442983509
20111 662402223
13174 699365402
33723 665391830
17985 713372674
44384 5154004
18752 794138385
17699 884947873
45886 309974960
34198 384952786
38687 411286918
22649 290094701
18840 718114307
41387 987698600
30504 966210570
43621 762778520
2252 770737786
2659 72428727
39571 148945129
32150 704648714
48868 935390123
25829 148132011
47772 315610551
26978 398557125
27977 649356596
45189 109189511
49077 628383598
15147 446755318
7169 4180786
20794 630145177
14625 867449890
22930 306049846
27927 93923523
6043 726788857
31595 879108885
1842 418825462
26179 824445325
14020 934766483
4937 70591844
15629 885972049
31334 753763838
32420 348979094
14074 223905571
44379 634053130
34015 200286993
39730 468559780
25749 199352301
16636 450214614
4453 989283095
42356 685793221
28896 207468750
13321 33799346
9910 257309333
40988 1239997
29218 541996532
20934 213117227
4762 89120276
2086 958298391
12926 613499830
7251 936166938
35584 263982087
37891 88476516
42113 154382111
25058 299899800
37578 363426243
47565 498698679
13770 347365263
6207 467038138
24580 493633397
46676 36786800
20185 862882436
2021 423805631
8684 479527376
31495 394128609
1131 659443762
25683 576746861
9615 249553134
7522 939297226
19755 724350758
9610 353447597
36936 773906804
43824 990789221
3800 956420671
28858 551733505
49294 960587116
1368 688208602
803 584823313
21142 578997612
23380 312453316
33535 186539313
36611 990048527
19569 969450758
21242 121666797
15252 449886720
47441 418923023
33830 240976955
18262 308375383
12538 764163562
38840 519239599
38623 411812841
24009 229645314
20326 8870808
24978 515602095
6477 555753510
13265 384055089
28102 314332127
39023 894293374
36796 416899979
1493 287933641
39279 669955998
33933 879491668
44200 937194068
22367 675325922
17530 645122507
19580 379200567
38823 608262755
42991 199627347
33555 527603266
29605 672770452
24267 845055170
30256 624545145
97 129671241
29495 89271676
20179 96218109
25294 243522712
47088 465201894
34874 859639639
30631 576469580
19441 288679224
13883 387127199
5072 231024551
30628 332384900
23557 496048504
16849 240976183
21636 350647255
7204 227680727
4407 591226558
24496 670916985
3908 127859931
25967 352182823
21679 851092819
46222 156185837
37933 160659871
3337 355044414
29932 19196481
17771 610126604
49128 731637043
23515 187095736
45098 202315423
34676 681083364
35545 299671424
2674 963236300
30412 270163921
18275 148114311
25318 909952428
7898 470160753
16729 158279853
5905 365807094
27919 982151921
29486 33316054
33784 537218770
46095 907970873
37638 498032884
23611 558990082
24812 715068433
41417 258809257
19970 642176031
46147 376411160
14038 955476806
14173 524900026
24850 972833185
5903 198158207
18186 883433511
40651 999591388
30020 146148474
29168 864089706
26357 948153683
16411 538014509
44366 387310491
13436 613400739
44630 962194618
13775 430333346
7227 553474680
41300 726084273
17186 164082595
40553 938923368
436 886315806
25337 872083788
43925 188565755
10079 62893746
11055 36377963
39611 460538773
39027 537454308
6271 247583170
21830 312326417
3497 597864184
31792 985477509
17735 688838239
32932 239925729
35750 972040580
2473 55884226
24030 341196543
6258 120508287
20775 550786137
21033 293297775
38785 840954602
35549 583370794
2202 674878480
8239 781987100
13069 754580195
11742 208632261
19451 576390773
20159 4109234
47656 381283588
43372 925107544
24173 586368466
48856 99695952
24774 36906026
22334 82528882
46187 657154063
16735 832620819
31891 472056947
25042 132254780
38543 830187853
32313 304936040
34455 522281557
33744 38572779
380 727091793
34778 381571929
18114 922276326
22854 864737196
40897 122438218
42561 87477930
29539 592043640
21906 820359977
25665 266272776
11207 712370306
32913 330643577
35626 406162421
18451 183457755
18877 887145534
39934 780073193
21706 642213145
34281 555162735
47284 257158092
2136 325096650
6269 697304265
3186 342073846
12036 711537511
23164 908646788
926 72185756
27288 197814210
23578 73868066
43913 364040324
3519 76909962
29230 764541474
9823 646764737
4123 444514615
34954 857379255
23632 441612950
3848 777510387
12584 837511506
30816 465085465
33324 497072983
23881 260868536
49399 353844577
14199 521363099
27768 647706969
38085 415727268
36287 471417455
30571 743698685
48746 548591362
20571 527677598
15099 477594335
27387 74969433
49112 493495326
48211 218367065
1408 761713242
38383 363317290
25777 254614000
19864 447820663
35190 316915353
49559 246280695
8679 209833710
9679 321261478
23612 780138333
33288 968924601
35418 199779519
41305 952899787
20481 294327193
12717 295997166
25322 943361947
7206 443528786
11933 913981357
23294 95823918
36294 388844922
13387 708958572
16529 678739973
10720 64998038
24520 83543301
43987 57586436
21471 241583172
35490 694890468
41327 186746268
20311 264343930
13301 473469971
33682 325151192
1288 404708305
35370 743993260
2544 695898434
28509 208195713
47169 613826034
392 551672217
12190 254742856
38248 514424695
2848 881605771
7508 431245293
3962 857561783
31501 72828268
30861 130124284
47249 424866897
2018 752560717
17388 240423265
36834 384121614
41522 465064037
11626 204938044
24761 953924679
34694 583087490
22600 903601101
24297 951486337
38797 487485320
3615 137967792
39587 376185576
15933 716696146
12957 941453130
34477 393357858
40358 680809835
33907 413790929
43443 785127112
46492 621425583
5394 86698889
689 321695504
18816 348758544
41307 697746621
6488 628135034
16646 858161341
38541 679531487
28380 115766820
22939 322299812
15729 398541807
42227 993015152
45086 808134241
29681 645388081
42241 630315680
4675 872571713
17730 814905372
7745 353423516
30263 4780640
33630 82686465
2381 253256408
24882 373865087
46730 231831045
1901 29324340
45246 600695951
34557 610537132
24289 706642245
11004 634225017
49401 507478975
46857 871762357
16651 364538993
17371 536603748
31344 442802608
13037 231831055
9874 157851147
4987 580863817
37534 967906802
4711 874706341
36188 340553753
13185 300227298
41108 566024406
12837 909871064
32311 260887618
79 33585648
18290 654289456
12375 495422811
28212 395394357
48356 601437611
25646 639494802
12760 994317498
49886 281630218
3177 332580764
48652 363077238
36778 812211170
24403 976154744
41029 40742748
21008 437599660
10260 914578542
13846 409361155
10336 945805506
45186 124574257
23828 14415771
14419 477001947
1755 891245982
30580 869566601
11284 899757613
22495 890928637
9766 638906078
22822 744715058
23497 487738175
22627 245721422
20923 17287341
30261 282598338
40841 115665943
11206 71541190
21246 114841415
2745 612982478
11093 20989468
43985 347444025
18560 208935167
1661 959284525
33683 321245540
45023 585875064
36500 616254070
18712 646985345
34340 474911831
26950 727973077
6047 78708789
23850 91378834
38633 555187433
3720 911273627
35265 696659562
48440 663035973
27370 855875569
24828 70239289
5679 471308585
30875 307331531
19636 969225425
41337 7557257
33341 421183493
29929 338565540
26912 241233421
18713 966611704
26407 915543824
28495 430288018
27040 581820268
23960 970757875
49634 25465152
8377 34722803
40887 779166452
29279 468196451
15216 191568335
7845 248307551
40483 219960330
6719 947217150
3142 857315173
43834 709138717
15556 909730487
35480 542557194
24406 373310003
29577 226096144
18053 889112611
37686 175383823
15408 912705028
43531 429450207
26215 850205073
35846 134238922
28103 510846113
44433 141115633
2706 51294067
20905 768299129
40763 820609612
48596 202525805
15444 314120257
29117 159965249
28478 581881966
29426 915650317
8946 129885623
7860 530483904
44742 967713380
31643 412089323
9667 451712234
23251 738175970
49999 998224949
22023 397187223
19874 967405833
15241 318360207
31288 832932450
25087 894291190
40673 52282912
1093 86623340
13264 398054682
24161 485947690
2713 59504892
26284 292117999
36440 17761286
24417 304398019
49371 417329313
36174 614578286
2442 952835921
20509 839148252
11495 702394722
16635 892043202
27553 824339290
44068 277585971
3112 968324998
46996 322205547
701 231275914
33373 45508715
10548 173675536
15618 237236774
1781 918442066
31782 170532572
43153 773781001
41200 535815574
42600 509130153
31830 144055782
48013 211827733
34014 395752896
12925 906398725
34955 390062011
41341 195828770
25931 93604892
48273 929698465
42802 928566871
27099 131905422
16741 673203621
28669 983668773
28535 27555243
42418 958368408
27461 908880156
5762 609071042
18470 67308356
46275 694059270
29416 30971213
11666 975110311
9439 615370150
19038 410138155
14742 459127740
6470 964172749
22983 950412165
19166 213168258
18245 829120623
49964 157565962
9353 646044774
22593 423007660
48811 282490354
22151 920458155
4707 766841690
34448 119723961
32623 308858622
4859 2274528
34147 74326209
37415 418391854
47582 565006194
29043 324770770
26703 394735691
3955 375848346
6506 854102001
47966 746359056
25240 542607974
15449 152689671
18704 148940253
30066 174342691
25901 939886135
22525 625439564
8836 958958183
31370 672789456
34824 725020367
41261 290370518
7947 391262248
42332 541906966
49726 193396644
38069 677558574
41055 446839417
35885 509651901
15231 344915105
13655 143902775
48817 713329540
6762 775968532
43979 95344806
39490 373975790
40968 727171412
19036 822002364
40953 956034008
10928 362846753
6141 533996712
9352 878264363
6873 340163169
4815 844519158
39417 277961166
15128 99591387
4466 516639039
18863 786223008
15469 29279596
23148 756046543
5684 519796602
7341 823729938
35069 7895394
16380 170437680
17950 228969638
3646 111377488
34868 184015908
12113 920888983
17687 286767972
968 78457964
27653 923222622
47902 581807203
7298 274713298
28989 172714352
28527 705248400
21851 603452985
6112 450887507
22843 951695960
32940 950085487
32580 537459929
48569 866987532
11722 852301117
26701 276743278
13904 584407356
29777 639442332
21287 770842872
13081 150231107
44988 498012097
47929 463095613
34407 742811858
14183 467922804
49080 896071836
6449 308338860
44642 902155772
49153 423526827
31401 530087618
46981 612486771
37398 162030248
12409 29299670
28041 581808018
28460 709129253
19282 676495070
48276 204147208
22860 232407209
32631 78379433
37005 20050679
5480 52559544
27254 497994869
19211 550322335
36234 972595162
12493 564230988
15263 253932804
19238 359532861
34844 560134241
11789 213482096
914 205095019
26419 398477333
16815 603400916
35388 849818570
21188 342623949
7621 896897974
3365 340234168
30497 544046234
12948 364827309
16420 996729198
9722 686290431
14164 492603137
30288 759800384
41322 790390672
42799 224541128
7961 830092222
5787 258697593
23115 604168851
15120 284093885
22509 21807491
18133 174303659
12116 92191588
36072 47519620
2311 443547506
5252 792324512
45011 245632808
4038 938617005
37316 334766862
44392 50848145
8169 663446833
3262 78376478
40391 806716603
17596 790679036
49429 928834013
19430 254722158
17643 471138939
36326 671350842
9933 960277841
14275 797419760
6044 546252450
46250 554048144
2826 306800078
46190 859402295
78 653824436
43744 614914005
11231 798526287
37427 22466109
29941 881892931
9444 388834808
33416 349440791
4863 774339024
28058 716430822
23196 32642977
13736 410016349
40890 242829428
1765 201630711
47756 869985227
25848 564843191
13337 230190483
41399 209425260
46530 202361626
36103 3209935
39302 173511250
48678 58350983
26580 719530195
28828 403229122
43893 463718702
42952 807006089
5259 670954610
14940 636614785
37184 809656337
9059 970971817
16198 809977635
842 672775256
39456 695496397
26220 285767468
19158 562001270
48067 204089405
15562 817959454
45442 350378273
20663 895427442
1299 814360733
8403 599991629
48455 256828364
4588 141029867
11042 219546705
22961 318832511
28170 897560005
44102 33541301
14213 720861989
31137 850731708
1940 601406685
14642 413703728
12636 658782765
25746 146200170
35232 418413570
39340 444732920
36078 222051163
23762 215679934
4080 505005784
46696 463359919
2997 672775418
38257 857557157
47042 301695551
47578 277237257
21664 507874215
45151 404661048
20809 313853350
46720 395792185
43130 568299402
28740 935102109
1928 784266106
4880 670331183
46424 627207270
14144 14297318
42717 283047931
27107 279232780
10649 458455304
27699 695462732
41743 307761027
27218 72339029
39323 737548870
11276 39074426
29904 131203425
1746 999895307
47714 651698827
12817 418942181
18759 470012348
3987 742941477
32429 239929242
36249 724806550
28686 252408953
36610 605198637
3490 636393401
18683 760587663
31557 683886647
2612 918005128
34470 423245515
12478 758745913
33002 735446827
17214 511752035
14333 709722675
5851 28944888
47304 982243176
20341 301122105
22268 304798135
36029 715446263
3067 242201426
3700 305965480
9319 741046075
9926 387046075
16192 327219650
8286 963851390
46431 556936892
32742 688888295
14650 204501374
6823 23717562
29229 603149064
1906 873799237
109 464953723
38074 142029819
6905 453817916
9847 222456347
49167 947058574
37683 427249594
27369 999554261
30306 802863864
18721 770567399
44721 945296358
24681 473505628
31213 941659444
16899 139852915
20882 266039088
44267 297501124
32463 145112339
48256 565940722
9125 995645821
44773 810237291
22138 348442842
2519 518811588
43684 8626246
29884 130446283
32255 875743634
46572 943667485
24649 883873620
47633 247788807
20032 869976193
3658 38310715
23217 206653174
13331 291373407
6636 620441472
34374 693969557
21453 557227400
6451 931732352
26088 175713096
39997 249189450
1126 475551914
28439 317431679
31649 130208099
36370 657148144
29022 103635577
742 986597510
37514 90148767
25982 150559577
33377 425205632
39525 494770489
17222 755834804
12443 717348972
4068 331792454
14137 632698026
46259 229512875
27698 752865278
16098 415252503
31833 425450761
12397 905295585
20652 246240589
44717 201898901
45369 417741114
4045 463127478
2687 47787848
8206 185596823
43798 114377778
22870 275305380
41377 552755413
19252 164600367
5750 606480540
13527 867986243
20312 298427333
21552 284675799
23826 449501854
20251 3427015
25345 905463021
28295 916934592
33200 626078522
39430 463567657
37764 158972684
1349 49269541
23399 509733262
21268 363995945
18889 540941332
24380 916317300
47864 480666883
4140 514025668
23254 297007254
28601 944976448
37380 106038656
13548 489211547
42284 11359097
21738 777207162
10482 142990920
29254 387607322
177 5674175
48343 679730607
4504 830676673
44081 988737098
49919 227117366
16671 409891204
8612 305789024
30786 43877351
38922 981973614
28314 631093621
32854 170001214
29046 85633793
48286 146376776
33997 464675053
18228 679298116
16755 13311243
31479 267150211
5351 471276767
15458 427543982
10323 744653613
17139 983360999
27190 20940682
18922 461758185
9927 770359305
42514 109350300
17043 368186443
21533 527573605
45829 596846864
47771 137317220
12156 440511874
9547 638883469
24544 975247144
23421 282907945
47549 655452914
46248 58197350
9096 745635747
15371 384164283
13250 929963062
19033 829639339
46673 58925791
13559 856673611
15338 810774210
16720 713453326
26480 901738926
43717 813137326
7287 226072687
11008 333674699
14447 509833823
13902 268631152
7469 827065926
26087 925874871
13899 821207839
828 726499417
8905 198896853
10483 487397028
49363 193559474
33934 351002294
22985 809765227
35493 994809859
9389 836646175
17937 468541486
42057 422892625
25642 55662351
49734 189499414
48095 846140143
11306 413157687
44957 863701735
37064 906115926
42427 889260223
24631 843602369
14019 97490800
10038 848878693
14027 523030449
19907 942475239
48575 43161642
31640 273273790
21222 998586518
19059 434893684
7259 139702268
32740 37289077
26621 906133107
37317 337784288
38702 113794582
44370 246471037
18904 42665093
6843 209790859
30749 139076913
33582 44946900
19667 303493130
28447 262035502
16276 57368904
48332 915948122
29287 182203195
20076 231266916
18893 867812381
45858 826020243
13474 492331201
9695 338208156
48807 508847473
44291 678570416
15039 203536257
11373 836988352
46481 595127781
32817 584890436
47198 122748569
15886 346436115
25945 929872303
40970 252434115
45294 486758153
46795 277457540
48991 712390308
18179 670455236
48413 228290740
23558 861455277
14243 421581738
4027 593000304
15847 732854168
48242 824808362
30151 179154246
28694 807944892
26819 815395496
2309 705369985
12032 747396531
31860 867578526
34084 268252560
40547 606420926
10681 152109309
24888 108363902
16501 724676313
2230 802953244
39791 588944337
4982 895868766
27932 622695023
5841 656764683
18159 614255207
30886 526462661
17006 703913155
25904 832617526
11105 955626417
16223 803573918
1187 988195742
4885 712668296
40255 206551522
7910 483101354
40894 343187632
30582 26661448
39806 398937631
21097 975770943
10374 865685977
23452 88381645
26618 620977408
31693 967888918
46280 283715207
21275 781372416
11682 361535525
15330 400622918
19243 164237501
40540 719889219
14249 62326871
25153 256576852
14797 205843216
34114 273691477
43664 76809359
49845 727032642
11684 853550740
37035 697655329
31022 519010669
29294 25983555
13737 975709372
16204 839973272
659 75472521
19152 901409563
6228 29460624
34594 763959756
16680 935693846
31318 252318029
20758 5195855
13395 217891510
3328 244094478
6696 313865690
12929 850155081
4443 194408076
44971 667582121
12242 504232043
34384 113101406
9311 872863747
8994 986689652
18057 173423677
27862 691655520
43719 476758443
15771 561790873
2690 880217633
36489 923892874
3606 847059982
43210 109505601
12304 295467107
2338 185915303
4297 475718517
8660 723457414
10639 713364745
40985 930680821
42390 125712033
20057 147051632
30099 282544743
15587 724248394
43875 974228368
765 919642899
10090 921914482
27355 737976600
37378 186131736
42990 722927648
49359 963973720
48508 722536234
11681 166664286
4802 940517309
11161 330395937
33929 603572844
201 583851942
48125 707858918
46263 399726565
33089 842804882
43632 532012185
44153 541639964
17126 904070829
40834 606547262
28656 734755877
13941 307283636
43437 370286589
25870 195882460
38760 958588009
47013 409459252
38060 744022661
2414 1346940
10813 682959748
17798 380583478
4887 349598067
31810 550504601
4006 292926256
36025 123761037
38641 623035340
23990 277682642
3238 648118282
23327 414633224
16094 216506297
33850 978127574
2914 204170925
5894 388360172
18589 546297683
14111 37576387
19993 746866127
39453 469315599
3442 489074013
16811 722720884
26109 943604401
7284 357519393
25482 800038421
45584 310851120
46419 527257255
44076 448128549
28843 291321191
25005 884339120
47623 544980500
15874 32071478
25188 502329376
28261 697427863
15360 220565727
8304 100838878
28196 879299213
17093 810331727
20876 438856994
7891 157239116
16354 910781052
36531 319709805
17762 391574587
10461 751701828
28292 213784081
24085 482150862
1143 761180921
4758 178948808
22773 222128316
32193 807816856
23537 80555507
289 531194499
45530 459754715
13913 594943939
45342 927346925
25224 402272312
14222 324368343
37220 957595102
30000 100404273
43795 200216952
1020 150716176
27510 616141423
22910 487465227
13087 441257711
21122 822375624
29042 396678857
9877 668592908
29334 537152594
12306 839408246
45661 550575460
26881 828011594
32949 233341960
41381 909529812
47543 233700581
14486 901840594
13800 685796022
24532 300047129
14664 141026359
39735 453367097
5376 766548411
42368 347334495
8259 132005815
11246 242762091
5928 707984108
34383 8345216
28197 898090577
14479 190453060
33381 710744733
12239 858980763
20313 957831531
33982 581598010
10961 969314525
37675 642341114
39273 937810998
3926 524364779
43576 797276065
23238 49011121
42180 851820060
4905 566020075
17987 994930938
43018 881851629
39050 346154653
32302 6424056
28902 210704723
15902 632046828
44255 694643499
40977 256110982
24556 837105082
31253 552542131
16668 280195069
26172 609175513
19527 583892418
7146 781784532
15439 446244620
26305 805175113
20837 608472932
4145 542184532
24453 62722777
21075 982644880
30821 628093114
44351 430474485
16682 389380212
6634 943895595
13561 887858174
14488 801204031
2746 327150497
28961 227074090
20363 999512434
9240 769678628
12 110443843
41592 835887026
41682 538700728
22083 661543518
47469 249361474
46441 148810677
12923 362952535
13908 897764555
6536 901843472
32402 13535607
25355 769291668
25635 189622272
3719 81350366
36312 524967046
46006 585322734
42088 711262216
40238 972524139
25533 271249569
34149 61681079
9525 740174879
26822 144651909
44011 198167991
26118 595330864
13397 24551203
19976 210721750
13530 787500508
16184 579683547
37468 641042379
26967 560971184
21690 321740996
12174 908049812
14482 661798105
25287 738955697
22644 303786239
47808 72037354
16429 123900224
33337 285184329
21094 623451107
49409 71755508
46120 580522076
6803 759907270
32142 54885548
6007 797586609
45685 138153018
8162 193631314
13108 944122020
3120 536584771
36463 225515137
17062 78043907
25043 30238540
33760 727316065
31755 587947677
18919 74029996
24282 226979945
35426 640088059
26412 656059605
12856 999213934
43551 59816
5067 653786235
2739 303660604
23450 647651787
3570 31542793
9780 164547269
41056 609325777
22799 547514650
1957 525790564
45708 370154051
1599 584237030
38401 977495628
7018 257757621
14845 256574765
40334 74826917
39569 295438251
36935 597016501
19071 79337772
34780 323263000
27474 64968757
8070 789056570
36653 873136545
5465 239700453
46359 886477976
2419 670741969
38977 137971439
4074 372269097
46735 778605461
3083 586383450
40748 287277407
13089 830676264
48020 840385843
35651 766294106
18279 651610250
32674 558015099
45278 757526007
45110 380924662
41 314795147
10861 818038305
37885 82194702
1383 740943024
7194 536935519
9785 685744218
35019 719264018
15042 581977460
44157 515235900
10853 742954673
43831 682878084
33775 248748171
49071 262774279
48471 925837155
20172 15816898
30560 78465404
19983 931340167
36673 109187379
30842 492334145
22986 384105996
9985 517781686
32646 342790540
17487 665255297
16859 87036052
48756 812775849
723 114636581
23785 501708099
49165 331399920
49862 737028927
3994 918173503
33751 914441696
43310 420754415
18454 659770796
1204 222796599
843 275727583
26981 590400702
30792 677413500
30691 365557426
17982 736603881
22311 890039194
40264 728305548
23028 453129588
12131 846119467
17068 456287680
36414 329980246
25459 515123392
23357 135130540
47329 56904420
17414 548711866
28330 782487797
1426 345401598
5305 547860477
7356 769036359
5979 712270419
1257 578084342
36764 410106511
23916 304869914
4559 17236635
3893 79854659
45072 568161963
4732 607194577
32152 444446287
1789 822276492
38650 127874214
21770 663344198
40272 150152946
21750 380737766
29035 101776402
113 226404369
29275 625326679
25473 74212905
46882 39806482
22078 533380208
12167 738798442
34139 54520940
41740 679538650
33915 389515908
41821 749486971
23341 540229394
49451 575550898
37560 512412367
33481 733784623
34287 74437442
21276 558184766
38207 673320242
23693 356217182
14713 982413003
44606 700933591
45132 395194409
42053 522741104
4468 878495547
31726 436059117
23698 616201399
18132 707799491
529 273784045
22013 485214404
36215 282402861
43028 517321053
2828 393697281
13588 349111445
49020 50804637
42523 364074088
18678 237611949
43673 138642714
48409 845417064
1560 43910699
9010 894261033
37441 927217621
20206 624313335
13677 390763184
29074 175201151
47495 544820234
9666 366492529
16447 557163841
38813 103679421
44658 91439396
38985 250824581
44854 773247567
13164 429839049
22205 707459948
24506 807696445
27130 883711778
15554 661552846
4573 818309357
49814 828735471
20807 276497889
11957 293226039
18756 560014675
28639 622150864
36612 394216390
4344 159623011
25013 457534617
15020 772764583
36410 693265908
26250 937059856
6515 956313000
5981 575720963
9625 237106637
20475 513088218
44428 601403050
40301 514210543
27486 392396129
26557 43445250
15510 244093033
18637 424586601
14047 531683325
34531 108893861
3888 884814442
26318 734605794
22035 834738692
622 57452341
19338 26992739
8969 802530045
36604 355159752
36772 716416746
3665 541542342
28 372491294
34316 402434790
36330 218884708
28423 846942592
3731 581268567
35661 675004660
26438 984529833
31325 335998817
17317 645187081
28400 581213095
30614 173629802
8058 804869762
20460 729212377
3639 551298865
9954 861923653
39080 899225557
1381 46394894
11430 17196463
11497 448579323
39556 4198628
25545 447527834
20039 859308440
29172 664138608
28023 333391007
19904 749627166
7221 481996506
23803 986382966
44481 587316927
36956 482031527
19196 378707401
10083 627226914
1651 263607917
38363 108878049
5764 359565826
23766 269245372
40198 334572862
42043 24807254
41501 831370988
5862 564069878
49197 776910929
25311 74551962
46608 783561194
37833 693704889
44857 745713211
38037 274367189
36015 427968955
32316 574672212
1953 170404208
47614 228911303
32534 728727749
13392 178075789
31388 451841709
515 159953682
22467 405040556
39992 563292676
37671 92202269
45372 669119935
46680 509305348
14567 142705750
604 400889518
13676 478239577
14754 667540521
9132 824888198
28146 442446596
41057 318993208
34479 715092171
20412 285474329
40838 220953469
47559 566547624
4158 362879966
30736 596645841
13361 336759218
36217 210591784
10384 466820279
422 121523329
18964 11892929
15676 594131242
28164 348526901
6367 983343116
40490 407318500
43251 319050367
11354 661721072
21201 616755857
33747 341643757
43296 853041936
26141 258485444
7039 209119984
33004 979901874
41048 581026070
44212 690494508
28519 701871677
820 666596310
32454 236774431
33729 163541144
32300 417840774
28177 893992630
33062 815621820
35164 998240426
24563 48368451
746 187274904
38241 173277871
13552 623436139
31150 340286818
28939 458686465
17145 347391045
24217 770527615
6679 549039293
25346 87982612
4449 704659225
14769 74416226
18679 453741283
1736 825531019
6337 675145560
18937 740433783
10211 584677551
41689 809849052
46164 666640422
41737 81748913
9608 864049996
32574 265224913
25995 490281327
32971 795232775
30964 273314214
9535 932352535
8775 357073196
41281 193662926
29607 347450690
7736 355310892
35710 941519367
47315 332185059
9128 763801438
15613 184008896
20302 790941543
37057 429350760
15680 538053570
5971 916004292
32834 223249798
22084 924432704
37360 155921936
45094 617725494
12428 558601133
9406 616238093
25145 837363818
39670 110148179
40659 987133312
14871 225766444
37970 337486441
27321 673796431
46580 986179429
42738 5603741
19245 408310299
47091 869655188
13472 100826851
1475 984366543
22601 302642456
36329 952972398
13083 105310022
14103 187330189
35765 504710368
36771 716642908
12800 341157849
43353 721724366
43652 565335063
16643 667716871
4760 948360343
13836 323255771
48651 281053361
33382 998419862
20857 102603840
34004 532906524
19728 507484242
14615 679272005
23240 842847033
39543 542662850
48792 926020731
25787 330938352
9648 425236681
12161 931676040
48080 978381785
10132 642248762
39335 186559671
45622 436601251
4845 816239174
44838 211274156
8038 172460264
15674 383474892
37102 99154437
17374 658526970
48032 434272315
25637 972234729
39883 776326287
6080 214886434
48104 11268783
12211 911130391
6373 166954937
43267 162439997
47938 621659205
29424 646795354
24947 569409532
36831 280906011
15112 12373646
31932 18075466
45428 712227903
7743 471082155
46725 628151692
5438 453413330
29622 807431561
45636 136538670
12318 337074578
31675 470048772
11143 335027482
26877 90970832
15763 385669540
48481 741723634
16865 912230172
19843 877473204
40847 535337594
29729 474751931
4600 555188707
7334 203941664
42114 10038102
9309 558411489
46192 805388915
41071 167244343
6653 597877487
30791 440295983
37421 208548056
8117 303667756
35769 778131006
10785 252079518
5275 16524548
43301 893763475
44893 633845391
6936 628014370
2444 674518609
8544 307683017
5708 762217554
14765 461346381
27787 714279961
36806 559966822
41981 677107883
46698 13160378
37531 23061882
21580 612313753
27614 253796229
38767 916626455
39694 254453455
47241 342713821
45257 856138215
46377 294209558
29056 986575533
21807 679317658
36480 815868625
24697 581731202
22693 252033121
6722 304671393
48691 875434917
38472 649710080
32125 958780312
33671 651113960
48181 970997473
48615 461866798
10730 738667634
42818 172601010
24410 964075725
40543 759322775
40470 298569609
2172 207893978
23474 535824225
42322 658472648
45318 6744108
3454 268570060
25074 756676522
43904 999550955
18545 885435335
40204 39209265
14544 438092777
17782 126099215
44427 396577980
26238 214898046
37095 851143375
25957 538542869
25823 200979565
5877 373290663
27929 762184220
11194 560835474
10202 647290720
16676 713576819
16361 305954060
38941 748503528
4557 700982599
7661 88045851
10434 888496670
39696 101559211
31888 613864518
10879 528283630
22302 725631284
38940 929518403
11146 120739017
519 782973258
42421 440578585
8243 583708795
15561 203757641
535 476319511
30857 212255301
33306 946916320
30817 182098002
7168 819140035
14807 664678161
25551 769667370
26900 609227598
13141 711699963
49770 878558420
22856 283872941
7113 362996572
42098 109052407
22640 338353779
17549 896506534
15710 290886800
15760 196890838
35994 307337848
15331 991029369
2657 145556028
1932 584788256
24001 8584474
20792 921786530
49798 292947951
7031 949787448
10209 286454218
28596 133496562
36384 371988007
42811 268189137
29018 512454888
21518 197184108
35290 760483867
22901 922319129
42464 808198067
20291 484655856
48007 356350632
3086 214832027
22105 766244727
6545 204944015
9732 718519720
43633 659442433
1798 67884698
1971 800311934
44644 437026953
32043 266651736
41314 76130413
405 46852183
27620 309864052
3853 627248394
9341 176925741
8519 731402480
23728 783705738
8616 465298578
22192 989632651
37540 69500599
554 483289257
44421 475454737
27199 412571171
207 146003867
19960 342095368
4187 572193415
27237 751804085
37377 10061882
4770 640752366
5953 719582329
3336 374573546
20619 87776945
42623 114796335
15616 577920605
33230 159050420
13111 995994573
35273 599439311
35158 238224878
3232 237456709
23413 772082360
36342 672350126
40243 391212078
48489 62905068
47961 977163093
33143 983324859
13733 319770138
10088 238747209
11780 498992539
24178 242161578
19890 251169661
18962 26475548
38772 232433032
7017 117783676
40949 621397399
16059 475850217
2832 768952142
35886 38649949
39743 188539634
16605 13905871
15477 24205853
35099 597212851
44383 111017749
14588 774617640
41295 506275973
47592 978981691
2220 714271742
14087 491700130
43357 413292732
26177 719498744
37260 850881348
34748 466538711
43704 794448105
48240 312781239
16130 113848890
21499 60297941
8477 485496094
13858 827639790
47308 789124634
18888 803173209
17919 117938871
21496 437628174
15938 59170975
21945 892092882
24538 77252658
3960 792972111
20053 571272671
29156 263446593
500 362654497
18291 545020792
28722 481049031
12503 236128361
47980 783150580
32589 611131842
40602 131936044
20105 620635285
10413 396673806
26748 100865182
46237 733778200
47546 631874404
7521 576742442
12205 620148511
11808 148357208
38575 333920232
26197 322289884
23056 66044287
25502 413112884
12325 224515267
31725 609340216
17196 312712565
3751 895774922
940 240395555
22152 841436061
22053 820773076
40943 719465915
44344 552606326
35300 96116158
16924 235324936
1955 345738809
21724 556820655
21519 651459316
19951 366332816
19768 386972802
5972 768800811
18458 466444924
35395 442095977
34248 687836117
15150 316852322
23018 678792830
12758 140442500
31227 912483208
33102 662115344
14053 164259927
16662 500082710
8402 874881092
10066 190835931
4843 852836271
35950 692188089
9305 477552719
28834 65333532
7651 258557111
28804 850319827
40336 817525593
28390 932699315
9343 356579975
20126 249075711
31436 228754598
14537 255455746
5033 479787512
27104 910759051
28938 119078803
18018 801783708
18258 375616315
6149 677785637
39284 216283515
21196 42690213
4969 548221574
754 70598524
11725 7079489
38984 288061976
30305 429403691
11836 625545845
17030 303933711
1505 822658420
41282 517038086
16151 13466935
17997 620416205
35640 544795422
48859 713389503
48438 819408204
32644 223443311
40513 761266216
20589 9744874
31168 561782755
44755 213465025
5142 304906521
33665 313205693
35391 366917618
48128 89526648
13947 244335695
43181 122488519
15612 681418306
17407 966885401
5532 382621563
23154 825561606
44784 20033485
31579 565962596
41614 35261103
49672 612949684
21671 81042892
47780 555204488
46811 175622491
5788 680939950
3899 751207071
47436 820413778
42266 309646061
45205 312209117
37850 7842792
35497 868762982
34309 721077525
45717 496262245
22312 910291325
30677 328732959
12209 630493081
47986 250514546
4119 956864789
14584 856759385
42233 697231241
9558 607945652
28995 142366369
35502 927696819
15185 588396853
35830 976834640
6657 411898263
19883 315095469
28054 502619449
1808 658402317
28134 423526447
44110 797298804
38871 534590218
13456 680919455
38266 390169528
39554 537751226
14793 730105504
9736 315738005
29126 836729930
19249 629592530
20548 471018401
26075 735484509
24676 974819889
22551 393813804
639 126476569
17778 557112469
20779 386815932
48031 424936759
47453 121020768
46659 877585934
41605 431983593
9256 939189012
16562 712977727
21366 500647374
46534 56366064
30336 466922981
19908 679274073
8333 728008985
12332 661412606
3381 310862310
26153 838688922
37471 129375024
18324 501974917
22568 548994210
48631 390840924
21348 62747995
48363 313674871
34662 72244264
34974 812314723
49123 757896048
39860 892190427
7252 784915015
8649 357350803
33440 723050569
15289 518807257
2420 784578080
42324 361957395
32160 79578230
9830 809799731
43225 531609820
47784 866060056
32756 425826756
21180 539923926
21560 442987382
39199 898563449
19806 516201908
49264 833924596
49467 980822353
40744 556510712
48459 710849855
12214 634977378
29833 898480532
7303 88676780
23487 726445814
39064 700366116
43813 689654032
34227 298214220
42218 768780511
22560 248363029
30424 117479347
10987 306693477
11475 35591250
28924 168206783
38868 922133194
30243 889156716
13156 93150946
13406 24367507
34563 304163715
49332 435086076
23860 833734575
46645 61618830
22688 65049952
1082 997471477
26314 574433677
41650 122060373
5959 105841075
16357 282082618
24959 963181718
35562 215480704
46341 932151686
26795 672250331
14237 425315562
28664 980887828
27169 874192749
41247 326032378
3457 549982588
24365 350118612
31374 150064643
25278 161991158
44680 756697293
48605 451676350
28872 289642193
45642 17991115
30999 13074333
13572 196706659
19754 182658473
5671 152998698
49033 826058486
6638 883512940
25313 860453090
6555 748350608
23314 277619726
25247 324401358
5589 205790453
22335 993879230
29880 322218603
40698 566616709
20990 77805722
6958 873055993
27761 372834747
40850 347700836
5364 61601665
4700 77143424
32500 867512929
43922 803836408
5947 280973150
19837 635067351
21852 529586788
36164 613813200
10800 833606200
25570 894174804
3709 768909966
16723 992493108
32175 865878898
32613 549780249
31808 712087728
22409 787533425
24535 29680528
27902 352168476
15619 619267318
2313 383817715
38810 477872321
28663 5572245
36118 546897093
44729 876402426
47859 529868691
36735 891853103
7402 143321115
28237 493952898
11968 708961766
47732 474235338
909 923015162
33388 704655589
44720 61417042
651 513868961
29432 508126960
48863 837416841
1815 870932782
48734 117697011
33666 694514852
8717 981049238
9948 690378352
26848 446193319
28892 522076626
32489 269871577
14008 998481780
38962 415819042
35162 495871758
11015 382068503
25497 325104867
8924 998210383
47873 173363865
7046 933960976
35051 872906330
33032 769937541
20744 318190550
3924 478086108
46522 353881018
3013 867071137
17184 958400090
36596 356395665
28987 36894814
34639 590807259
13952 585616401
20147 472811402
49173 604938865
13030 166644276
5343 260481056
21273 270835910
12396 366880317
46967 844384387
20123 18365536
27912 21149524
24323 833233976
37362 689571250
15321 825623460
3063 237032532
27757 557266014
13981 298942762
15848 603772622
17227 280149916
23545 794196238
381 295853000
30247 143694316
9126 988874689
6542 92742854
8031 909854529
32131 739687906
48819 750551947
11878 344183512
6686 540724713
11660 70304969
29997 549668799
31572 450032950
1822 269077437
26700 480098999
20075 712258830
16392 691401877
33804 888342292
7597 112537993
219 753561812
49900 934209245
25532 403815245
43324 194606642
28894 499490545
3528 364131069
35010 986894790
43671 902908459
44789 942700997
12732 571559351
19221 656820350
11443 925090552
2700 609774997
15303 521388026
27911 277834036
35859 387849116
1502 460912016
48534 428002581
42949 14531402
29806 581522068
21010 101196325
41209 274505252
25775 149492240
586 414812012
30680 215315256
25674 854192859
49117 512758290
42830 989227059
28417 287023664
22150 357083064
29225 384907173
5778 493572513
28112 974571614
47141 782631949
37874 677298204
5314 200233930
871 538309360
16796 115379069
45252 72411098
8884 322489232
35812 129182796
18798 248298446
45715 306946610
37902 214226511
8136 790432807
14778 774977038
43971 621950310
10691 369401325
41476 402373075
45510 18703866
28245 419127315
48346 927645872
35875 397086819
19313 493535260
30493 486758844
14633 46696178
30588 529936825
5115 1714659
28976 658630753
3299 495318156
47003 43841773
4204 751078711
48945 509278110
44161 74209289
7374 28341016
33964 86113914
35650 14917326
5294 511394683
17152 863176568
20435 126362426
46634 144586838
46018 588489828
17099 448905960
8277 742318452
16498 774890747
33498 887662378
750 417049165
7320 823388059
30313 779860582
2373 548211690
38158 159521453
44803 691365570
13290 973114005
30301 791842815
17970 847872697
25290 760717961
31466 211404863
42374 361507647
34549 145798831
7682 497785660
30224 140415690
34942 580288210
43356 439365379
13928 777633813
25650 371436119
23367 924412430
44935 794069842
46627 589362855
14368 341079040
36022 887907558
39815 731347232
12164 660162235
25262 358966689
3160 159058465
43596 478980425
25727 44067928
35429 526240849
41161 396459292
19544 325962940
9855 337099497
6113 264596924
49248 440905594
13644 808932528
45549 510960492
5239 223046151
39597 892765946
12179 759629441
49974 211011145
8424 793226193
28111 447396433
15641 686631667
17823 983922816
16647 51127736
17213 675042391
2278 916827318
47879 508464876
36447 972990379
45314 335377839
6669 472510058
44647 335403338
22445 580862229
43651 739533638
41887 794299117
15722 919528999
41742 518106433
12506 784168378
18591 947182678
9733 637164285
39371 1405471
43450 690534694
16068 454807636
46010 580611286
32358 362337162
41870 696323922
45580 838508411
24917 406830214
13385 44251671
31447 615098002
37963 375058096
30324 197498009
47544 852545246
17087 755314413
636 998823265
16505 978724897
10944 241618525
24628 751401366
23224 232410306
48804 462728374
19811 921075116
23188 935021681
19938 842090123
14808 465600373
2831 412758263
21158 26353598
47818 173740315
834 215246757
8700 891862766
18528 814456842
44302 143495274
8842 646934386
9189 123267092
45088 651555151
18784 429774566
41648 502491605
48777 966234292
9706 950971485
43805 569960812
45663 400569639
39983 833435290
27212 458179939
35724 82121440
13489 665720245
6703 669881076
24474 472065443
41338 566176009
9577 243880044
23228 760325678
38530 362791642
2570 775147456
28909 392743987
18519 767714158
26718 604370835
6432 621722459
7985 147577631
23183 833064519
17682 311215455
7953 213969158
5194 98980095
49988 437270016
34730 291329607
41178 573801749
35853 26019049
9199 200264449
13508 997702296
7040 547233715
16220 189165577
28398 674433442
2320 583030515
2978 756553760
20397 524618981
4157 993897109
3318 962158714
33068 847676987
3741 517465880
7217 369916442
3857 398267662
38355 16177575
14105 77480128
8594 27962606
46444 328654566
29159 347532488
44298 540085184
35767 488752792
33201 283272874
1434 133004359
30071 660250974
15060 763763986
8449 135522933
29454 261765388
45892 576865762
9374 77767481
13367 76788921
28073 533042730
658 257802032
6485 327431349
760 60620128
40246 161440043
7414 339332397
15825 473362470
47586 324376206
6665 409958995
16249 315479399
34157 609488136
39048 561172465
37509 782409930
11169 378176870
6442 607302846
45864 216186475
45326 395653405
19232 405163155
3326 254666644
47840 116597900
32809 460060235
8675 50906193
23387 965942336
30365 387105353
8463 647765289
6254 104786819
13450 356816487
35336 432918059
23239 996315817
26529 422452717
23457 537713498
31481 301400052
29465 675673235
4980 265180348
16773 144194451
29921 750598371
12058 175719405
32343 192981242
6243 65552140
49989 541571142
48573 222746487
39270 858295028
14504 722497986
41546 49757754
21473 33283944
20870 701693322
5934 462779348
26194 785891424
20669 498152776
28350 449890901
37895 285087994
28449 175039697
19244 422084123
24603 924734325
37130 423268992
6069 932907040
33502 954486511
3214 6596562
34013 998583872
35310 551795676
10898 15615668
40335 528274417
29859 253404084
21186 9522851
48036 130541522
22929 31682119
36942 664685138
45449 324616139
3867 429351308
17908 964237113
42864 861346492
15530 705379866
24511 59923397
44130 99121842
43650 236413068
2226 603716115
33413 245565978
16850 466070798
37100 904965557
18013 392586914
48064 307098879
448 105491155
23398 917892762
35000 481069876
43085 46523348
19494 198650430
21379 696915433
12383 574166159
5164 228673393
17941 998158404
3572 433067244
24325 300058941
44247 649471026
45398 579178662
47599 452517708
41551 629320480
38368 677413046
36074 397454744
25055 570799286
11126 848394833
4771 411142225
2189 628429790
34646 23801574
41862 942368217
45600 730694966
27702 946448042
17341 599325681
46337 334100438
44364 746322477
46806 62437587
2667 884696636
990 913739248
30601 723111235
5507 663019796
37681 809475467
4959 214774043
4726 651337291
42908 78012295
46477 719204677
30528 878673305
33768 767117744
25081 218220205
18696 418952911
3584 875142234
22457 936070481
38683 19887640
21821 446616243
4650 308223014
35633 243947498
37198 518145835
33273 540046301
41192 72164223
32342 105729557
35742 778502275
27228 248644199
11079 220918361
2488 114022368
14364 970860343
26282 839880810
13659 307153867
7 256323411
458 113255189
20166 751940822
18398 188218015
23411 441844238
11886 206912021
36063 88149065
36708 704484316
13455 18831260
24456 776427011
32452 368653202
40380 704163209
6027 117036311
42220 313494144
14478 993939170
38162 868826098
40872 281917990
15183 627687099
41487 108086498
35322 459226597
42145 174457989
11634 30210034
4265 701758192
36145 600329576
36921 412723209
5498 251917228
17370 246022561
14851 41002786
1092 191108099
16161 494231128
8469 832906797
14221 42026244
20330 768010241
30898 51358055
9129 481186713
31130 687451402
14341 693653066
45835 727653457
34076 305649205
9116 135823101
7770 210439341
16602 7620678
7613 277926060
37934 209416819
13208 400509844
40800 206369694
7380 864484442
3566 50265933
47452 317694334
42862 177915909
38315 565661892
28232 83932487
49105 983912319
37812 559685863
13898 301104987
25761 367952966
37666 642658491
38780 268220730
27391 337894170
35228 805552636
41789 643502662
48098 557136384
18975 995998669
1966 603169586
2673 276546282
34905 900652664
13261 172529875
30314 474607083
18709 522003745
16907 331413174
28142 768046372
11355 295736744
13856 960178534
34438 277320860
16393 15304019
33816 637529831
11766 210437691
5323 754002985
41618 254466205
36379 180609168
21870 248823377
38435 255977880
6448 494868539
44000 194140473
47766 653020712
13134 903922498
7664 142895578
37758 380426037
49849 80422918
3705 292810849
32604 479143743
35733 427707445
28457 993114978
36208 791841959
14250 51928836
27767 405103864
16012 445554967
29270 888313746
22508 580290494
34875 923356390
7763 907065367
30562 776969459
43969 707794799
18321 775896878
39367 564288569
10702 720796075
31063 603150030
45770 188078997
18652 283159026
19985 85291336
5098 564913517
10808 269611001
38815 594284363
8029 315948730
43247 539316296
16096 630479580
27744 282859692
5761 608170556
11625 557519615
42630 469356829
32978 453397231
28421 992128074
4383 602683472
42065 846009815
28536 242846712
7322 396890050
4720 416748180
15706 166296878
30558 849884803
3754 802096110
35980 221960713
43221 192161341
26727 300243299
20695 797621089
1221 112682871
22049 811375797
27729 886535715
9516 636938201
14216 301400320
20714 261684871
25984 522493948
25891 984863261
10000 404084781
42643 554754983
6907 799549471
42007 146138440
36127 672511595
34706 589827666
4949 389957954
9549 697464268
27393 264849243
40373 865588610
10676 618928723
42502 371657789
44757 985099953
37285 198495381
24167 871197940
20642 231859874
30726 42354403
6507 446105417
32581 122645749
36173 277987112
34659 897576122
8964 517274568
22153 153387807
3761 446543367
22059 998867706
33054 101489164
25994 865826255
23708 209618124
43322 154959584
15212 209232046
30512 17037462
8270 370002494
12718 133125802
10823 566919386
6222 966117699
23076 660757204
10815 329959502
28192 81781093
22206 251809134
43656 179471471
16964 647377344
9163 22622079
47214 117487983
2087 168528969
5816 532818010
38433 31056085
13868 339740170
47979 346837379
33976 484644652
7386 373969177
34209 155075105
37860 496086626
36689 351795116
44335 491725102
2310 965613248
28383 507569635
10634 385886835
23282 997808008
34860 837519122
2653 129821670
26590 839821440
31143 650363048
9946 222383242
22510 328099690
8829 859783531
2596 198967290
24040 336339661
1209 979693041
46355 756394939
40216 587485244
24004 312569948
12104 233907471
49615 475039230
8489 213463887
9911 596242824
5874 629050437
47523 974459030
42809 426363486
21857 18607808
26196 661973302
25804 494930085
5125 538158858
14986 415033492
20828 238602837
16795 935398910
22257 672977221
10296 326064730
42259 934659035
1760 125123350
43074 694838068
41149 364572875
2879 889076036
6688 642956870
16896 400226300
41644 771707109
28709 959354150
3510 579993972
9869 666474748
31622 770517265
28877 572490679
44613 253232786
19801 342097942
42647 591540999
19926 545026939
23564 423108406
571 865095906
10477 578487701
961 101267064
12907 575307848
9943 512000175
18283 430547351
26887 501735984
34333 869277311
22227 838159954
35349 271740047
22868 45549220
31601 1518862
49765 494073321
30587 216806354
31278 657278826
13237 91534870
13215 274036156
17347 472856489
6677 685691653
48608 20317516
44047 123094622
40618 941500290
18609 911693007
20276 353591187
44938 217443243
40078 630869492
833 403818321
23320 843998430
3155 296343952
35375 731959920
21206 141907090
8087 284060014
24569 624377111
19957 285182621
48729 319293458
26417 92075519
19495 68018636
44399 361489126
23936 859934903
43138 707455746
38777 112540128
45507 208627004
45795 189880964
24768 507450470
11591 962004976
24601 447126035
42049 160010721
47456 218098609
47748 391336326
38935 643314994
26623 125927448
36077 895484285
13674 724885767
10180 499204781
4049 899936959
17736 307506656
33267 865877918
16778 126371667
35836 549076696
42675 103559176
31463 482715931
31444 962042372
15617 992597235
47894 108149116
49936 209651732
49466 307766656
22106 107913676
3672 543918794
11241 837583390
13117 936898315
14280 566295691
23220 810169196
32367 240602906
45056 468921835
36069 165227876
28727 566974203
36944 307362413
7038 662618610
10819 557257663
46758 583215947
23529 696724077
5132 538962016
31586 402838989
46082 496918917
6812 109972685
23138 573452710
3608 779750250
41790 301913494
44404 998238000
42004 381093073
34094 777823635
32678 694797230
23009 886554002
20979 250515842
40206 316073790
47257 607891250
4505 895554799
21114 592111557
49477 866029693
22588 644137775
8238 755315988
17971 945806137
38959 947765824
19641 822981518
5642 312594135
15866 746835470
9130 501979134
24358 863570699
17015 255366015
29204 609731260
10870 214094754
2947 732721608
1073 278329052
4520 386686627
15261 859116674
46080 156970293
29478 443523282
39038 638940409
27649 82339410
22352 740708131
15573 673001299
13703 881312779
28119 580571368
32669 602369817
5425 7849223
22641 553354282
25718 260085430
12971 791880909
46891 865506110
37300 378184716
8996 701903841
27457 299262031
15464 515131488
42404 486547868
37058 955463282
42919 469973684
36196 661348306
2228 89135366
41513 859757372
41118 56073236
16932 202173248
7457 505961744
17053 341266670
5815 215724390
45918 280561993
17426 730682976
37842 107859084
23725 851437195
24058 468027178
40492 366449428
3053 728552177
20319 81265602
31648 727995429
34558 836929244
25110 230829289
33196 725076588
4363 393820326
18143 937772752
21298 762436445
45625 244589043
43281 829320231
42475 259693203
25036 56706362
23021 334820490
9631 154999160
47086 914394821
21984 486064153
10043 969798707
3225 10085751
22296 38988348
8896 620442309
2281 733344498
28756 704683155
44707 480277521
39720 330136524
34675 100449276
31889 472714107
4335 690732977
10016 579736198
24708 530670612
41532 121817557
49602 627323029
4101 19477735
24754 642313955
7945 435491935
26248 676921725
9930 291702394
43951 571567092
40954 651900007
5526 765645171
4084 499242195
34240 650539108
1441 321745947
44403 5814708
38557 351029963
15013 335269424
45399 450534929
36989 607154500
10475 305745025
11758 553792006
43346 154249274
45224 836538089
29867 561692581
28746 235375192
27405 926725076
48597 590568934
46976 301649161
28660 266562790
36603 290792380
27970 792588940
5965 780512125
8014 920856977
27716 962792072
18281 514779100
3033 648000204
26562 444423439
45900 130243227
11215 973722502
24600 103244487
10511 641144995
32654 768612812
42976 734198089
11614 281074519
35363 746959255
36928 606715775
1881 184012500
31991 849539433
9746 544304606
7628 892324382
19534 175820512
38420 630797174
47790 276637942
2214 594222751
4197 493249575
9868 635951782
22973 834597023
31753 171021420
34435 305685217
30083 337522243
5896 292829221
6176 497780235
4716 975764998
38016 653702201
48990 637181747
12884 70576619
9290 374144540
27897 172410775
31496 849706824
33060 842993845
23472 194621816
32460 128270779
13168 662889746
2992 816714299
37028 448404415
47923 273979712
18987 827999798
13044 31724398
44056 563038590
40858 571808958
41553 852392533
46131 282447350
24561 804589423
26497 898968342
18409 200297711
20717 958949417
33455 638377859
38561 603307360
33500 648253279
44198 963124943
49908 370246544
37529 510119918
45141 758542483
43167 88341656
23871 86359132
44985 246648465
28219 424437373
24760 798683746
40098 924884694
27631 321638812
32456 933796467
38821 811738054
38084 822462754
43608 222212714
20048 488162813
47186 87040900
13120 988097490
21651 464464668
9630 136408189
48718 832248566
11821 388070926
11809 224135844
32728 572477287
43675 702404311
7687 976815367
14859 612367104
37474 337179582
18641 22415706
22732 733115771
22963 713584347
8774 416392723
10836 786679648
7936 634913968
11574 1232122
24101 943826294
13578 205857981
8640 94680605
14877 422953781
34859 211940684
8407 886351174
1282 594660383
15341 651904709
35895 260880462
10200 856961284
21226 485491145
35646 647061300
22204 282799643
28980 839904689
2548 229919187
34537 276790993
15322 364506556
29951 659888977
2093 352716886
28829 853775968
27165 92072323
21462 471841653
27329 801826349
14988 730467960
11097 422729096
17916 539205173
44546 91631825
29740 911324859
30941 234225291
44346 731690935
2779 707486412
27342 854037658
5571 82279441
14836 877769204
1085 230927581
48613 755013128
8739 72363851
43095 961470222
35098 516584426
5880 883242693
47243 614537843
47288 261918952
7854 96860196
48765 127473928
39591 394882213
10325 621909279
10949 735463011
12419 469241504
39403 712418282
34189 596044581
41151 252074625
47232 624492472
2689 826165835
36816 272038535
48277 73558805
43105 29802089
27774 278998921
37098 377515164
24860 171499161
12870 862871223
14987 590429906
6266 38279515
39759 628936015
539 671045957
9357 228755827
34569 701656655
24441 875560279
19676 176434178
49306 158484294
22765 121379547
11266 489765977
42913 979791559
44499 331744412
34368 941605434
45921 826747619
40342 973405198
44894 61578312
35588 492348490
23400 861966852
21189 62510765
4430 854733406
42061 391316926
30494 488527315
37256 197887498
6827 750596690
39242 95104895
38709 498833124
13442 67022316
15267 269375793
9459 142225148
23287 939976647
42526 355255625
31665 669270749
8465 358175739
1162 183343235
23953 873389233
8190 645593382
15038 862154382
31616 259138249
23331 882280336
39350 694348291
15268 22472515
16855 260943562
25012 504628741
38123 771336345
14907 984925268
5031 68446318
2048 986710993
46814 109071499
31915 323527032
38223 923594046
1313 22635999
4767 249444533
42342 432245315
4766 754690312
9387 149123887
45904 931668407
6778 459024421
38000 112913402
8208 542498702
2245 808677000
26187 975668991
7941 436441382
19382 859180155
23660 24404467
4834 742205167
32591 870317964
5879 227761000
27672 27204307
24434 78853626
33183 271307151
21811 626883658
14619 35704176
43994 418672120
407 488362076
18976 661113356
14928 306497883
8124 671363524
22195 454271868
13462 180703958
33312 108108998
15633 340890798
25479 627792709
2742 225405313
637 84025253
4234 17769039
3396 533052716
23374 416423794
46881 928343115
18573 75997679
18839 864765257
15421 417755307
24536 169227865
39468 866536126
46001 185078776
10159 145328390
46637 55495984
43369 620413341
46254 197043247
28808 491450799
28381 908244412
12054 482869047
8562 314422176
43351 646300137
14970 663787606
25378 47628369
36134 379283334
23895 62185219
7858 448789975
32584 246971095
22505 60491458
48570 143529379
32750 719598562
11901 463069622
26930 921150080
44022 878259678
12912 467381643
1107 219921096
22831 768172867
42016 892829283
29483 517247604
27068 554743627
43184 547435093
31349 544266808
32004 655319007
3345 135066023
41754 596535481
41413 351783492
25806 580723765
41829 245813399
17009 577363916
49638 314395443
4423 967988780
5623 357058309
45324 86022701
7754 188537703
47132 210505742
42679 771970621
30464 38130382
48178 627630659
36916 481561249
29297 376383963
20541 96016201
32762 93215223
34035 374066580
41426 688735828
25738 153739439
10216 964357337
39810 203237181
11602 834249051
13601 688062739
19508 628159302
44017 75386396
38748 281087670
39508 927334956
9281 981861931
38663 110730196
9773 476920481
42336 267882633
36387 348626488
24370 797626516
9213 39713515
22752 282597475
20429 796191895
41022 550372676
46471 711338067
28865 103696574
20963 684571623
10968 812423290
4506 848618534
21934 794435211
12579 997422963
8761 329285779
45781 903511792
43066 58764194
23901 585908472
10641 156804783
26208 500607036
16603 824408674
34628 125732510
15455 489870798
44376 66841867
45416 356262456
3579 908279086
24786 514513004
28262 175187369
8237 291493712
7326 765071752
3648 994569302
21277 260535052
25724 118455144
15052 141036327
26344 851612655
31589 220768587
48091 899338656
22636 177247233
9779 251319543
1538 501439531
13639 942770990
18745 80453680
30774 226458127
32552 629999683
13341 646814886
31402 308066349
48897 309010043
25685 25996858
41652 839111597
44310 353826226
41970 657703734
19660 5465158
17262 713499219
31125 404420899
39176 107605203
29066 567942588
44169 43731748
8400 174437521
15279 377997392
39966 469544055
36428 679073410
2609 34270105
4240 747442847
19352 944914590
43057 939588676
21939 797970695
49996 566167463
28161 466615177
18579 630478353
31541 483562379
20336 675417666
41589 674692457
30811 728414533
15658 490631354
32333 637358144
31704 435238066
14844 225669615
29651 425228107
6548 298277817
37561 67922368
34909 130104394
3702 800835703
15666 610139537
5791 417169659
32112 257077676
35052 899743569
19248 258553629
26642 426140462
12350 293964351
31666 473645783
13610 43778746
46493 902638998
33527 756054382
35801 97046325
24473 739431866
32336 680000464
29633 943560221
17329 142808226
7631 993380635
25869 272913628
10597 906035547
1047 529115605
22224 238691444
23607 791135891
42714 304030405
4005 545275795
22388 720077261
18015 212502780
20051 567045645
39752 562200781
20929 940714604
2920 433591827
43183 455078383
16424 883705937
46742 329872876
804 85772304
47758 695367335
13809 438828148
40326 534878105
30870 820580619
41334 261284534
38194 706810925
1989 499136071
17333 165925511
7816 237876851
29496 60951737
24799 38818378
26518 62065916
28472 677944463
20782 206131177
35672 846198927
44551 605157259
16315 395178807
28388 753636191
2979 285919713
1424 13578561
9292 506810242
41967 504233416
7373 888720389
45627 166084692
39454 810083810
33017 761335583
49452 508418999
42208 620655403
35366 817247914
49676 222568448
13334 547686295
96 935155947
25158 579147633
34319 652769367
37450 755284873
36600 734820753
25349 247045823
29790 751475099
10131 734030819
38292 335063424
41593 284435178
10303 958944985
2295 209902527
22867 692815223
31745 294713422
28947 635668763
21069 887779789
25609 49080852
6054 93195649
46582 602794068
34011 609657786
36801 756520614
35324 921495971
44021 723375637
14040 23765961
35304 812655320
31238 61584005
20406 67069051
24418 571262507
47944 871615242
45766 551222944
6982 845836090
24593 972444888
39491 121883910
18743 49856624
46381 489778304
12053 668418871
24637 549067715
42607 548147793
33131 948893719
39538 782245661
24790 675519707
24106 387080781
16251 491786146
9668 750550049
48412 906907735
6468 17683145
49374 387070652
26638 406822502
29995 60131406
48554 289395999
48630 218037236
26241 168366158
29199 708540316
14636 956728085
17474 232567210
28163 58539984
32837 325718494
26001 526749335
2064 246407031
497 560863765
38646 213918419
6022 720396504
15000 496192141
11124 644611666
9441 561084938
23378 942269452
31567 236195118
7825 439804291
8929 180526144
15944 922515110
33855 595245060
49138 34013748
9884 681207920
43825 442773503
31400 506620779
3523 674997275
36885 756107061
5986 580383712
8325 56844002
4438 609778550
44659 681607215
22067 125351263
18418 521280282
19986 369723197
7957 340394374
45490 999585878
26408 41939590
40367 662364418
41297 50416162
7494 524592516
36187 359644006
17511 89137964
42536 700277166
7732 438750075
39158 928084959
46775 533830379
10468 869622337
33856 76382437
5278 156342236
32091 763346121
21478 985131246
5165 115679161
41899 785585281
34670 820574277
43237 78813474
34159 887191381
37162 948328171
19969 583899266
22681 941280489
43905 729725204
6991 758141082
791 493068889
49313 450759655
44762 995369407
14591 46866096
41434 998722421
13971 1824624
38483 395218084
12206 221403176
37209 865757367
43005 517152337
36288 762279846
46599 766798177
21566 241147903
3597 77081068
31122 316223079
8938 811616304
5522 930963213
5059 482995012
17437 700311808
30462 206259506
30237 90398297
7436 84805216
35417 168104195
37156 675578832
15632 381581422
36882 103106576
45723 416217945
24344 449427467
23608 4677778
17529 158113209
24679 640503500
43231 584615788
47133 740560657
19133 614496143
21796 124921308
28766 280279496
6002 557011140
40717 295293755
7488 958917343
16076 95065035
20265 609723562
10667 221930562
33302 11157292
8651 211731244
41663 442596763
6146 993649281
39521 246735659
45427 634976769
12865 148644852
23335 84221924
3250 766574924
39433 249591357
15970 511658939
49854 691327297
29973 300481115
26461 861351359
9805 88792184
19830 457977427
30393 685206508
5100 712748450
10718 883717952
28299 582664659
49782 797772995
33007 735465196
810 913384061
41216 435536766
46144 661954473
37228 658201784
47930 47927106
34467 141965543
5799 968107651
35237 86354923
37078 555859841
33075 771909047
34323 848919684
25530 332316734
9490 389588404
38446 787262334
18725 989692421
34160 868892111
13246 770298411
19229 602570280
30592 739696530
40395 850741268
23949 373359653
21793 774496211
1216 432555170
6276 328210363
2458 187826703
27445 348147881
22175 97320533
10365 376890329
7808 673690789
6763 891024752
41222 268256071
15638 580204786
45007 552441698
14343 735302151
45544 829603178
41885 998877816
4015 538988368
25467 469558520
28483 269273396
30635 62165846
20352 103925686
21891 599093165
37678 669886715
32335 563495619
36762 260592883
13866 191123238
28230 395628063
49844 717587707
23300 496408145
44342 2723908
47516 862101207
36195 332410285
13955 399847714
39963 390926772
28203 664146230
15772 745324718
13667 929637680
22286 312211626
27244 564702074
41253 98292577
32483 646343727
13832 56291539
38511 329157098
24439 157422510
29933 573789169
36369 533354302
45249 287718439
28729 817161095
281 373708625
41067 670192369
38196 324554513
20668 211772003
48639 181119014
29712 831759367
25305 586968396
32987 691376182
36723 541108081
16050 525947544
11647 606176384
8290 358300002
21252 356217290
20430 290485085
44934 766174217
27859 933233660
36045 717497132
21020 578841866
47352 89149739
12405 774319579
7678 495844341
43647 442358701
25598 506702451
3796 165314628
3708 767518411
13828 146832170
28994 512644338
4784 336688209
31407 149238813
7585 209759567
29571 863229264
31777 439840680
37496 275765350
6036 378063478
17999 562019677
27623 675548111
15294 216102945
13204 249832187
1164 787430562
41359 675188143
46099 747521292
17057 69894828
43172 453622593
11551 287547656
31549 494052160
45378 79253540
49692 133234362
19119 288692389
7211 335159652
23360 389571091
7406 780647262
49279 151921123
6267 106732334
4986 967375333
15491 136344494
14313 337835982
46526 849229971
48828 347537832
20485 848766257
11738 357143902
7645 811908891
39478 795941677
21295 239784344
20345 119106576
45670 331830526
49177 203333814
15506 516152414
41013 620212206
14489 460720372
2611 759364868
3208 212161411
9674 414331339
34179 886004408
22592 518370053
1369 796040413
17280 970611162
6646 580152668
7714 764311342
37621 508199971
26446 860640305
39057 606626088
4774 930157472
38627 697332358
37654 303418334
37330 503922598
43192 789992722
36709 425345226
35297 892803342
14639 955787030
49853 831375271
7890 543744526
35586 330569764
25428 270296217
5488 88437079
5854 822286077
15483 920852104
44821 170965937
17922 607889737
1110 203220125
8537 340340346
44134 200210156
14833 316476010
11414 346788076
17610 401384739
18657 403489805
11322 513937134
31743 889078873
17111 930114825
25782 459589148
38597 323690547
30671 573835155
14024 5746623
18188 234528612
49911 864163139
15943 187191073
30737 489576709
48175 151634652
39509 807042548
40559 817018652
13935 449436987
30681 524711529
33866 845029146
4865 733535569
40912 686875865
41350 187770890
37063 758302681
28413 268613059
37708 200283568
23027 366214352
9955 791535861
21510 505636462
34321 736971762
42914 131828358
36975 67353956
2857 185627641
6083 641432730
29370 457360664
46772 903118711
20243 311649291
47538 773999006
25898 260373593
6205 173566069
25267 644044469
16767 489052057
22494 646599776
21339 764768649
36160 932986258
8134 260572531
42463 320126902
32524 81955155
44199 674948765
41894 413222985
49713 174187519
14426 440656077
42101 776264707
18048 106088243
23415 565429938
32281 511042082
12989 877014776
45565 379973252
48313 819902551
31134 49838811
19882 706088093
18171 717769908
29696 285152131
49241 183614386
43196 751464026
3815 354572870
15045 839520411
30145 286164833
39706 651462978
12363 936065312
18829 298380465
35604 587154892
146 900570804
46138 568714304
10450 41918901
38930 465167456
5594 464936684
45961 935894922
34980 516490046
30498 929733176
11707 696076818
42648 482805337
18113 468289497
7625 899221284
26259 132100837
20395 34987140
49226 648891779
30989 799316420
44217 374230602
3059 913704147
49647 250427213
42206 905589486
40481 26196761
27105 351187652
5311 51216888
12143 116618340
32727 891016825
13978 929451601
9072 447468880
44426 630398492
9595 770878980
9476 502291505
48474 276768319
33478 382091132
38064 588064762
27836 995186592
11833 976190506
18032 332306679
33453 424962608
1917 442102913
39294 301259435
45569 115242105
45080 847516454
7968 171210065
29727 347395925
3744 466974646
35835 997621954
17178 582942044
22498 132288251
43648 852959655
49701 199501292
4304 997129181
17258 575509692
25789 516447977
15963 436949465
8977 181263854
28121 406208319
14043 720250856
44437 504409815
26525 387392010
595 820486397
24923 582131352
41627 731499080
1513 700409682
11629 783893017
43695 508725103
33190 885955641
43892 164192241
511 347353802
25142 829328593
29403 151434384
6839 586500236
32209 715264819
7927 299865056
7427 154352279
33101 779523549
27799 680666856
6540 247444102
38113 486239603
38369 714923556
8155 709384175
33465 34659161
12426 51660819
9665 496022058
1548 821187739
18686 799601303
29773 185976454
42694 358087839
116 782429580
28583 894144755
48215 380160381
21084 124460005
13641 884147473
6394 167234383
42639 532134290
45254 578080349
13260 341822108
45877 473498790
8706 600209904
45503 412609934
49439 754930973
6035 192993424
20872 500682506
24616 799391233
45840 802871136
49915 529293312
43884 832967342
24331 626414344
28374 379923833
28444 322962934
9819 980634994
40025 353258196
33262 185430688
6844 341911955
16712 61690911
9359 496180216
1909 887413456
5233 208066710
16210 527912249
2778 605900209
15718 541900958
31748 780745109
41809 362685161
38120 671104847
23152 165770020
35534 232500393
29595 951055623
44289 132767454
15830 83297345
5083 20026212
13112 97747943
44902 17824615
26547 71227720
26890 653815205
30987 668793383
4965 399098450
37440 59799719
49860 588223646
18265 746660335
43316 735722712
22981 38809006
844 451633076
32806 541845030
22864 452291604
38763 86888541
49218 527182495
835 618659453
20835 817008177
10604 242747828
41090 623597718
26850 21524734
7344 557707110
34529 520300879
915 128206509
11989 96938587
34341 426666432
6609 274099099
39461 788849509
20303 915613037
30561 723942005
32315 721443793
38570 920745317
11609 519719231
35638 934420994
5419 949461906
46065 360692219
48248 795825176
23445 380662867
29508 671326244
34461 283617263
3456 527610257
36377 93099652
19833 582973013
42572 581846946
43818 253804341
1768 85122068
10891 335016117
1358 888322234
32505 2833353
45134 864249173
42513 670290127
23305 909679509
40489 58687536
37146 983270771
14383 991267677
34967 990996628
11511 623706366
42956 478123884
47127 849391473
590 375346921
44165 939248442
40817 409212048
19616 258246473
28326 629357744
29515 917420130
35600 161868360
33094 479045712
23569 333231206
31363 673177351
49171 809941251
29733 976325112
36259 522674622
18199 382388671
42815 266928406
18706 486443856
45730 857562088
1456 634151988
1604 124661456
10264 657769920
10136 285108681
43117 906698152
49928 612188098
46252 551270620
6735 987842151
13754 315637448
8059 752030440
6215 246672158
39494 393183261
47045 871565006
33322 481139689
36949 358149970
20197 352887171
39432 407723478
26654 832383160
43564 215216448
16297 30141398
42933 515618022
9925 341481745
35423 646326309
8471 944221566
6032 984817747
45176 679698544
25923 871535804
18857 796327737
49003 816363230
41277 369947486
32564 403687599
9373 418331811
47939 592873303
10496 583327479
9380 29515232
7579 939091643
39976 810365984
27452 854918827
2511 62316954
7673 759186173
49820 922572330
14691 865482717
23197 35088576
19826 663278707
21015 608617515
1490 892153679
9420 203311961
19093 347262552
298 347844867
30881 866626868
43083 909094458
38816 866751261
1352 845986709
22830 615123097
19116 616319225
22683 41626223
35175 253014499
7535 228519916
7266 749642610
16707 505978477
19892 703064709
40751 69843898
49718 151652735
4179 276857627
47434 403504109
45696 983515356
45632 893591057
19445 351348859
47140 593938708
22361 55087552
43767 193156654
307 433999200
6316 320851479
19016 471485430
7981 276326227
2922 976905385
8475 895106939
16917 1486669
46833 678422062
20417 979186490
24877 932253069
18783 705759735
26688 762094904
39169 133664966
45071 653486137
20275 552793990
20036 261957440
44555 940386498
35877 200227660
4627 450185502
11875 552923807
32664 955693593
29252 825937602
10863 524321702
5901 680619021
25105 128028012
22469 242860582
18380 883044858
13938 725149331
25732 401246398
20041 899398102
8345 436720911
31764 946234090
12678 931619355
17467 277966588
34199 722831436
31837 479620702
46470 220177331
49175 587585754
25830 517158012
2045 701990502
48633 559281838
30223 639464224
37848 117825611
5345 373236596
38596 160275866
10125 7323727
21637 109995763
47079 960187484
2215 738241709
46309 691581105
23117 814527938
30095 61219760
45682 848112957
26099 406109711
3154 823921812
27091 227675499
28967 863077814
34690 212155414
26218 654266228
38710 195383228
35855 430428807
36958 385250297
35015 833772461
19107 661491260
16353 83873494
11017 955223681
1247 165113008
31102 357846097
27388 849178203
35489 812902464
19063 884844965
1983 561412482
14267 873078454
44866 991892071
12888 65438894
46041 591026310
18881 834581814
32725 409065102
6606 431105546
11757 518544281
17283 611774729
36354 478902353
14119 379281123
1008 438987180
35374 464460138
19526 592600256
33923 85636593
45977 39928307
38350 51653249
26793 557672433
38039 311162275
27598 659290407
26808 719441111
49568 75393255
42668 723436656
16048 180920879
29253 489926044
15661 92536170
48850 597539194
41662 793033894
43721 111942206
36665 823418006
25344 418469616
9574 911071355
6643 960788434
30304 346994600
545 267198177
42235 260251977
37104 502292388
30862 353664907
39095 932187085
43573 294576023
10320 80777273
34934 364034905
25253 455758536
32221 386502575
31849 170528261
22076 963449283
44652 21657182
22044 152510059
11069 706370553
35280 163845375
33261 757969711
6272 50424306
41424 893857674
46324 952910981
37703 651974295
35957 298376554
24829 134679873
36876 614385643
20900 340942624
27406 675605915
14909 892161226
39532 109217638
15897 684258945
42243 288451270
2388 976056549
44142 721745855
25485 672207211
21151 941904066
17344 629733421
4702 706259031
14420 187877
988 648981361
38884 274941911
12710 7483516
40511 551170202
35053 137169731
38736 50374544
23100 926220678
16475 383316971
34604 736203502
34299 893338326
25254 555593838
37709 642002522
1044 761020814
24322 747084669
32408 345497160
2559 499022357
7821 243139950
10494 187352597
26791 874198300
27468 60099738
37200 843509369
31520 10144497
44660 860673860
20898 835714300
14218 853085403
3085 916154794
24108 392994010
8885 884275563
45153 869088980
40666 500840943
23940 632674115
10456 968963395
19283 397849714
17378 685629154
20983 498047675
28805 356432849
25506 725831635
1141 362835442
14834 442910678
7849 142246417
7951 17918354
42354 120066532
20301 491755197
18604 857738463
48544 428942207
16857 250936704
39952 801424387
8023 770520884
13317 637756546
24156 334441495
24751 4033198
14303 280793046
9573 381111085
25658 545017042
46847 857488904
30251 760757827
19386 775977688
23652 340478311
33300 545519232
22027 790932510
39206 440296047
16509 614792160
6733 809545143
38431 976660771
2092 576959699
36506 752914574
8011 70523834
44089 727742098
956 864031662
9073 547153958
10698 70544481
28452 198101419
20135 65429538
7104 382526847
11073 954053686
13501 11528055
14993 783628274
16862 133968753
47757 612521015
36947 544821213
5056 681407167
13453 972925633
31399 309410062
14623 889014306
19228 392961827
28352 235407423
955 298305740
13105 761471654
2218 718865792
31042 865184406
29239 634723944
37636 880465773
5520 992321686
24174 368781224
19648 582109742
11823 451076421
24971 290585081
25066 665738527
49268 785825478
10783 980951707
49828 997182648
9038 83290843
43796 669158622
5585 909202809
780 806425383
411 903383413
2199 382297816
37179 177756887
48226 539303221
7970 589046878
39161 428312435
10013 564083156
45263 308546533
18006 273276843
20852 531823641
28273 569352039
3325 472690073
19901 776287256
14386 922455717
8530 53717287
14516 395867666
6453 385168488
21357 954217736
22132 563218622
40171 503669491
14177 930816953
47337 295204625
17821 125499927
29135 269897476
22316 512955484
23594 309039642
28752 536165603
40593 415256584
2930 333138835
44710 81715142
44822 756791497
37221 37359577
46987 487815132
12595 482859455
40728 790316173
21947 223775234
18209 808345111
35398 14984478
32521 872698610
17045 984043772
3276 611098735
6159 502661487
36129 916088039
5612 955980245
44872 864553336
47583 245989776
39366 143376057
38327 698170874
17811 301674920
29713 896698146
4461 472669425
1310 1414469
23350 244404349
15397 859391737
17072 638262740
9159 609533726
8932 900113495
44915 462908980
18705 470316421
29161 191665390
39922 745175972
19355 495460481
27294 252158785
46399 53314272
19271 120746331
25527 243472105
12866 44748811
4164 723409121
37127 769061214
15569 658388578
29701 891907011
36043 428227122
18648 278094647
19795 719569852
20198 365885550
15716 225808813
43584 177636368
42649 205886103
41898 737907102
11095 865794284
6116 982889819
13779 456309583
158 663115105
12723 601513374
28270 93513794
24180 662235067
29086 278216513
39574 5587254
31163 973693171
756 287911762
20310 217654371
19734 637290236
30679 586013100
28972 802987116
7888 83032726
44682 765914140
10258 410550557
18853 826635061
12713 540685392
26448 269853865
33268 155408200
38846 778004500
34757 192189546
49632 198143923
9142 744819749
3127 242336669
34085 109610190
115 227213924
24864 594152185
17904 337915836
45822 805066575
15723 872875954
41889 372516932
34534 327498730
49776 788552744
25758 149741778
13106 402444672
47825 381390524
6192 527662978
15269 574524046
45223 248434730
1797 666925219
5128 759967979
47301 213121863
29132 150426967
36274 772847925
27783 295683165
30373 520983960
4562 335383369
9725 780571822
174 36689880
13010 622019284
34523 340842326
11006 419670641
36064 532872613
46830 309058874
37942 345786127
27132 694027953
47621 502205543
4712 49527122
48044 611391434
7652 538947532
4928 939652158
44900 11620067
5983 322182740
25466 719840750
30374 426303946
38998 163993565
14452 10219954
47390 720921063
29652 335060731
2062 202536304
13665 123276489
35741 313316818
19375 327133845
26694 642461607
6081 727327848
11397 539555663
11540 552314869
38094 314940509
26906 393140072
15356 394425196
43581 15927395
33693 594098272
36862 33111725
22635 189814644
44030 887948738
9682 628701539
26243 991490309
2065 791610936
24398 797534302
46432 736481687
38036 747355378
27627 741504624
8213 831808212
42850 617768709
48914 352973180
9782 988853079
25591 480262293
23030 388724382
30556 760916821
23690 160068597
31924 288409027
48920 127131751
22724 498647621
32276 562630718
5950 705343612
18282 571388230
8181 173653319
3714 624976908
17075 483877203
45133 527394517
33658 718195046
36868 587664651
14457 786293040
41077 300475768
14533 571041271
34103 550868358
30367 637090985
21401 440308640
9418 237836887
38042 721655356
44272 28150851
3733 700886669
27560 588947938
44961 794566724
40942 532107956
44628 519196365
25046 723639422
43628 940810872
22524 529780871
35964 527361747
25558 112035890
6962 890791488
21638 70354649
22098 504093876
8268 201407732
10240 489942307
37139 254450566
40640 390862848
11076 196861638
10758 498823233
34458 254846437
39871 730085048
20894 272584468
11423 380404436
35026 882961073
35988 325676446
5027 325818986
32182 764217699
3894 642805662
27920 708843996
39941 20751511
43349 327667801
12567 780875808
1227 966832148
39200 757804283
42619 517595417
30948 628069913
2711 520686185
49347 390808133
26036 120029095
1643 813010086
23633 659601339
39411 179163930
34346 113799212
20753 990727296
23158 375676782
13136 705250241
5382 597182486
27724 109386618
35546 34034307
10239 727114994
10737 512815310
6547 16845798
21469 201909947
37234 300447960
13888 105694466
27881 74423499
42582 336649495
4811 375526016
19905 170420435
7179 256044941
35854 489837934
15123 503773126
34885 37211536
46182 727537365
4480 924338888
39148 856546318
26481 374930672
30585 482617164
31378 890148497
19085 948041046
39019 734577759
20797 70120575
15078 560975010
1333 1415398
11326 193786830
6457 260486481
45598 648207666
29849 361356808
31907 63968705
43963 808409796
40877 151620153
19046 118117350
44491 497715274
39469 837412460
22300 891908176
46848 124357175
37564 12364436
25620 910366881
25640 111683739
30802 780627786
37928 787518658
16370 89727955
25956 725423622
47597 914868275
20170 194523464
23133 56638262
6309 62463238
40672 290127696
27025 476644259
46855 670171659
28319 938504915
18478 562414073
48721 815558363
49045 820005555
2876 906571975
24539 809875099
42148 375794979
15942 553564985
41156 321380540
19876 763902745
23047 232673962
27367 315890347
42557 46897007
18125 927008145
20793 805270705
14253 916040586
15148 538843965
7337 872629801
15919 100342580
34403 152007542
38830 4405903
40714 806695036
13874 963195864
48644 620214675
3070 673758026
11873 6822871
8168 653953017
17795 60209881
37616 395573955
26472 972608441
47110 297821130
4684 387519473
23501 45989587
24677 593021547
35676 598072592
1608 293481616
14256 642537426
16696 432910875
31090 966928535
16226 396389145
3257 858928742
37092 863655678
37008 451109893
21240 218758950
49721 207815027
22385 380525522
30499 180441363
30623 208019311
8886 419984330
46802 68262385
21818 76482675
16470 776911783
35816 679620049
30713 35786230
5529 683249154
15799 507199465
602 434598301
11370 915314090
2533 481436206
38275 190799361
7838 464750281
35783 192659659
268 443162389
19828 805161563
28091 74848503
19691 228889922
2648 577477657
16654 240964766
22549 26730916
31155 126645031
34194 960465825
24573 955440919
16928 818822623
18886 414788449
12308 594743278
15696 888525286
14681 868003985
32006 782337974
47349 753468260
44321 199672060
2186 125807412
9470 786854239
49061 494438743
44523 531367589
33266 655873978
24288 617667413
3343 385137615
576 246017092
13024 761709513
12968 60042026
17147 952084784
35287 60857907
5035 666736920
12339 679542590
16453 293743927
14391 152361916
27046 65940116
15466 486933618
19822 610095079
43305 477232436
2143 416466384
9285 187449916
5656 975302847
36605 558869444
16209 394082532
10022 713753708
32662 870072869
37971 922421523
16253 647614113
33445 22641849
1083 519281110
24746 188385591
30620 990127884
38105 953617676
41233 345922975
39947 589295389
11118 816939327
42989 729722086
2364 974890808
18155 659633117
48319 121927144
2566 133404867
44151 912288172
23699 294713540
25235 844393990
27300 652572805
34008 559073999
45817 941381678
10283 177198646
25491 600811842
1870 523322523
9268 139087876
36785 645885968
42385 713260381
28029 649306561
17096 373304038
40153 816741945
12522 711137911
10515 582687211
23168 777537037
24785 30577180
30428 9573448
5320 819895097
359 564650495
22923 271766322
30255 925075725
40472 143647179
24748 40379176
12995 335939007
11970 459962714
45139 752960233
27363 806636715
8247 993082849
11938 242033378
11192 969182679
18563 870622815
3035 225921804
12237 146447556
3534 748622885
4000 336090815
6421 724088717
41106 257578088
3641 447065156
48930 84176277
6186 926642014
3491 30143674
15570 522738254
13584 380194007
20077 713250130
7475 438368822
36688 875963418
9687 675142287
17938 661616259
29975 852622178
4207 371661050
1154 817241148
42295 40565715
2145 795310712
32238 648759431
25760 171870225
24057 230516321
12261 115268368
20427 501620673
23405 792819538
9081 726760804
23363 385941293
35021 731057971
10467 775653154
43205 807129815
37408 705577862
27776 655341742
19935 59219449
21817 895120803
22280 554440968
13451 343328975
43800 634869340
17199 275671777
25538 64220612
19348 663389724
37622 478077187
24776 162012865
46868 530908106
2089 698071611
47742 605273322
17452 574785109
1954 312118431
7015 198251528
29566 606492179
41636 798580011
43108 651268345
16923 928161618
10103 190527280
32292 33600078
41550 984083654
30940 978962079
759 395139038
9304 986671430
9394 241945728
19849 752855759
31903 305179685
24283 285818574
41525 716177939
14780 439662225
28369 998330333
47832 572936950
860 995175056
33375 833478359
21363 689188011
11464 528345079
3611 480754772
26044 45175105
16546 765282193
22292 71468715
42137 492569144
42796 952185891
12227 978537499
17279 791953486
4830 67917646
42574 255403899
4393 673639238
176 68296897
30264 803593265
4744 811664069
30118 356726568
31880 59666148
5648 542833765
36680 81796753
43589 539463308
16279 507249167
46950 132001019
9279 34895105
1203 437518988
41488 661400518
22729 881827376
25690 727472071
43787 498298451
35743 995103900
46677 488882293
15161 51491041
34451 196173444
5265 791370078
44269 459503357
16757 120268277
37346 310031036
36136 298726466
12384 843282476
12178 579289791
13638 102749341
22953 184552439
38469 721713818
44248 487602062
35360 839218604
1124 860623897
28255 66703402
15417 303376217
20883 871025223
45514 787164159
21367 365009835
48026 916940976
35353 305929863
22145 616878850
17876 589065895
38343 804613029
45336 432501288
20830 292273126
44759 287403368
14198 39739496
31766 915494984
9897 649859209
29013 505921342
46948 664720905
14209 763081819
5001 947226335
25271 600021393
24848 86911193
28464 996336570
18220 183126987
39671 690186444
33363 570200537
49199 251615756
21231 669340025
45309 145818292
10145 915935404
43895 875313239
31602 770057474
38632 49950066
1290 273019609
22998 174158727
374 654754009
16821 648503130
6831 836725169
3289 9867007
11080 702466193
19623 26877069
5126 55048329
11269 496952852
26016 553476252
34188 459394911
10093 496869091
47276 751648227
19344 341967473
9815 495817888
30285 424786758
28553 745442228
2179 668987860
10308 858286173
2931 861595489
31329 445063713
41635 970034687
9111 393294649
18198 960288061
32046 741126688
23824 19407662
31062 585177029
44195 38905970
42814 156103615
14891 892058579
9102 555043859
48258 612388410
31854 209050621
31335 315984009
31972 965880641
25979 75402901
30470 540173664
35436 911196526
9605 662612955
15221 184929842
47059 330561219
11406 144205165
29938 323688581
29401 980947235
10549 947958638
1389 383768039
48547 338095102
894 820585889
22797 751168832
32943 250250444
9913 966837637
13410 789210639
40502 692748406
47833 626270632
1536 850743828
10326 451353783
6145 759105542
41966 86896355
30006 339414847
8143 724098811
33943 959719870
44251 204550999
17440 360511204
40225 420559967
10355 504088776
32179 311428788
43757 484795512
88 896145144
29359 297267476
41974 596354127
48368 726765996
33661 245896933
19187 769886261
17945 783657632
24202 325752548
29266 178185235
46494 516216284
22287 62969069
28198 924229525
19554 955595979
18484 462145847
8895 965906972
18927 998401228
16477 763293038
2025 824234489
6594 455893647
48726 430900028
24656 828630160
42480 444520682
46320 362907280
6450 399216713
20547 748682089
43248 259616911
37585 220357321
24857 871328038
16145 619514920
35340 653957902
24502 991423607
37108 637033160
41266 68182434
6015 709933428
15459 741447150
34373 638098498
15781 448523128
34399 237302491
33928 558445204
7864 620043236
22751 463198498
44791 101517223
28847 178553888
14009 467968820
49797 910482362
36468 362850413
4403 808052773
28699 684091314
32520 799582039
582 884163821
48463 887612831
27263 554948895
18718 216973406
43820 996596891
28958 124388958
19596 858285258
13445 691426718
49535 681043843
31222 563280759
6590 470777214
18858 181075366
34515 931697675
5929 354757602
41324 842559726
49694 966574328
11915 914639304
11931 554631795
27203 292670738
25925 320630528
47720 620319771
39097 502966152
3806 802300255
12669 261660701
20192 896402259
32014 691033070
453 587998563
11315 75112675
31855 321830245
13975 441732782
12518 654732113
13650 463016438
21866 159067981
25068 691561060
30873 37453265
27011 565564742
11642 919445878
39007 849433103
1610 747516983
13181 279810421
6509 575975711
23513 27150378
8083 116092516
416 645838
13029 630984637
27856 870701796
28002 139887646
33510 14084664
38452 893016803
16327 11635929
23758 910696506
31964 470366511
46751 514087836
42085 875659764
17155 545849852
2550 573485853
15474 934474587
23179 200327393
4585 247654918
6455 609963219
27375 19085029
42471 881570254
49140 194693477
7072 972167290
17468 554881452
32128 467971881
44380 953493703
37628 1104716
131 496941002
29661 285945608
47511 809652623
34576 993447869
6211 256552666
16706 29040047
3609 909022041
15786 419020271
18527 205423424
40387 58559037
28516 549765994
2494 138180149
45351 964449474
48654 351020747
17058 273496538
36013 647378104
46429 595064862
49811 872266908
19725 356205867
6673 51568415
49920 694106363
35416 23161335
35987 208699963
22360 372399874
38056 513207063
13531 24120518
13656 9122745
4580 338673929
10077 114000839
7003 657224379
10151 631734014
32327 104482227
27268 174212026
2923 670176701
11367 374823128
37772 710727682
14782 300666183
6253 988021509
49695 985064904
33173 15263715
43835 567663849
46785 267548814
33241 270721127
30814 961346815
4215 296268316
40473 14799927
49639 819116163
21563 481290804
797 960207071
42130 808193866
35683 885437241
13675 712643500
24647 904297783
49990 713015481
18808 778993800
9662 718123398
36544 886034436
2118 386078702
14106 278546938
385 673878468
31136 999404211
48986 994199465
34433 640328406
15080 762384003
44725 392652325
21574 138526890
9541 652332106
8578 665682685
6597 826174405
15578 906134538
2396 327682515
28438 935214518
258 973546992
1716 795980076
21087 323544568
929 756561856
15274 394091942
3745 552137510
6333 101779749
301 477128785
5941 175123216
45028 896268263
47392 675668066
13313 579378214
34260 712579453
24851 18723561
3760 807363516
25798 756928278
39193 134827206
21977 737239406
19720 441962988
40818 759237311
27484 567219108
41716 802077467
8280 707268843
24527 899917266
18990 956672332
16480 277304308
28222 562447076
34945 763675658
43504 357589723
13697 842766584
42555 282392363
18358 37358197
19499 42794366
31663 225911417
24636 250536025
42786 788091297
29940 397632486
23562 885697413
43828 763490379
33061 371196773
38667 284759738
28015 876363163
11324 222144744
15878 615523273
2621 940161172
35619 307206669
32636 322965590
5685 456073913
4976 905352008
10721 922842738
2546 860355464
42899 8539840
4099 779250093
14785 466938566
27661 211457607
38505 888102525
26338 163671295
22888 956844170
1076 320418470
46019 712934513
49817 233302018
26670 168164235
37194 38694946
44093 292003524
30583 693983696
3362 247092146
2956 627658953
30750 122712326
33692 410336629
9068 300378690
47050 53196486
28048 866876032
38329 851766355
34143 237672186
19123 884491169
12265 969516942
16819 213838930
27570 283182740
46049 325721624
36783 933102774
23972 26330316
48877 482857399
2972 121279545
4634 709977687
18518 272511061
35154 741287384
3650 847000294
27414 111812988
27766 632381077
3996 120998516
31112 563602834
2935 315467094
6169 113969644
44043 415128373
11543 365522587
44211 934167647
28505 760526557
6016 669435875
16914 77186570
3437 208629672
13063 930341530
31681 528374412
38242 114911139
18774 797425489
12050 779698938
29964 773068057
43037 71287889
14857 865940871
25082 781572237
1326 256613056
36502 427368019
16221 788072926
12321 666033798
24300 36325298
20001 531327894
36094 444545347
4786 345336953
25132 675192620
28435 158919490
33709 115176891
22238 695131646
39503 24182137
42742 179943785
12585 179942278
12393 453225894
26677 408090912
12045 928535052
19378 625261286
28234 655368959
47693 159072585
11813 935611278
13000 570309810
11172 454711531
9342 303512463
31282 816804897
26254 981997171
10127 247150104
35437 428786559
13138 560890304
25203 775780120
36415 805661922
5114 967870740
18348 512567190
10763 262331913
33480 840918723
7930 472585079
36793 866335100
21395 667527211
27182 17466704
42930 835648011
35139 41369648
20600 492372
26022 940279288
33977 809913505
26203 592281446
44216 831057699
48648 880205637
27800 713282508
32441 936290544
7278 568682364
28235 907877333
26082 416129164
33680 107631648
3692 331182257
33863 892285412
40010 942378570
48197 570961127
38352 752722667
11422 137270394
17188 511905044
46876 157758914
36391 896674629
40341 925060399
30825 239823931
24998 850423378
39674 455761318
49207 234400142
9562 507384312
2308 320585032
9225 946134404
24390 37915553
49597 586771272
21531 711681853
3060 390653671
37410 989411855
29249 695159020
10287 218514222
34314 887629765
11917 821597232
39329 986828100
1459 105812017
9775 853082386
22760 807353549
5333 679517648
35892 384872896
24825 766560973
36260 295736094
34001 518000699
22846 103377237
43634 674476247
7566 61532863
11804 560226161
24727 817877348
41559 314369566
16408 88946503
49965 80810725
41099 640277786
23195 378455129
4226 622637598
23098 955227673
20786 728822445
9025 840960055
11258 597917361
11270 15340996
24618 261365327
14189 350603873
18929 978793385
49146 824209036
35014 625794764
36020 581101878
13568 781696905
48082 959394048
31211 72069406
25162 742213118
45985 249423235
39864 412094628
47955 451686150
17563 299158063
29899 466204445
1283 611092342
43770 321721638
32606 332493787
5149 873390652
42389 720052641
40035 973315411
38770 900954394
10552 166750025
41783 894816219
5371 315444654
46875 688552848
27396 478649883
45061 715982356
14171 139193089
33141 160942185
48096 641533963
39194 213903792
35802 676295131
32459 696755935
46208 854484923
45778 912299596
3165 494451555
46927 262323164
40816 575362210
45612 357315488
22876 907253428
43273 310523093
31592 18982849
18414 890653952
1458 237161107
46067 594956558
42708 251050133
6612 945615788
32499 917799565
33431 119945802
24150 3626733
49992 528490892
13742 384740346
10960 601226157
29277 174336361
9198 387308889
33626 471987762
26594 138974406
30228 855795458
6278 575106362
10279 745080389
26201 359987278
23755 462828579
33560 76815979
13788 838836938
23514 796565836
6841 170737892
40348 937145293
29357 791695918
32914 890237022
49613 173125605
19474 464570388
16759 916324049
37396 98894494
4864 744457960
7333 679500494
47590 242826233
35345 218347584
28013 579161626
46255 223423907
25067 716865649
44541 174027343
5919 931298276
33154 773492892
18090 515220417
14150 463458334
13432 727667841
17235 957833448
43916 96593970
23502 551728740
48546 592212006
26613 96528367
10402 992173725
42558 947206082
3677 505474304
26832 716018855
13931 760700066
2529 805996573
12434 614084312
28650 998630643
4838 949276378
19574 756713931
23031 527668055
12869 599064647
44063 941054595
48384 757361237
4199 703466892
14157 456625437
4533 943675511
36985 843403924
2787 218203178
12759 287187157
2001 643345695
46038 64443853
3001 173107902
24805 208675255
22231 223441545
45824 785076491
43678 652882931
19101 897991274
26236 425545216
42885 680203259
20190 334119515
15585 248843360
47974 375956304
24454 989580657
27837 129208153
6029 38025804
7900 978964021
24582 720492844
4497 679050613
5348 911379030
3167 455591491
21959 686846772
33808 14491530
5464 789131803
7389 422587417
20218 23104353
33633 846187169
5677 737570855
5535 676687418
43772 387542647
38358 744399478
34445 626327700
12513 797274520
45793 796650778
41433 170391052
21649 120845987
21917 468085725
6307 80331815
39667 28958820
6645 395581419
25003 581061300
5615 317271994
801 825823173
26960 272235990
29879 191237043
22305 827289485
9495 186821015
3934 425073355
38963 609982228
32884 326129660
26377 17237336
35233 362955671
31331 241194164
19752 167988311
9799 219907463
2610 43597672
37432 643234465
27425 747703702
4874 456624003
45461 370301646
40971 773631139
32329 383215944
21329 557501073
14707 438228626
3604 253006809
16294 703113748
5439 534070584
28564 335003311
29505 803118473
4840 864550600
2829 513122475
38305 179476391
49654 965496182
43348 930443876
27645 621773930
42497 992327428
45676 247446119
22364 524541244
34452 446694745
16213 910839928
7979 106886771
29231 988548050
21631 433110319
38083 531856517
6745 339209723
44088 597989151
41362 263990944
17453 159675958
15675 670287998
4943 528778949
73 573444115
46974 325069407
11183 59991012
6495 405134019
42189 645825306
20634 344921107
1556 320180096
12373 363908579
38555 360089026
6334 693272226
36855 325696202
199 443220366
39857 755593180
17410 761810081
43981 475191404
49932 803812385
2539 506605746
40960 488700954
30188 581914949
1328 111848425
20863 10943869
32094 575861482
5297 32603576
40446 351559312
12894 209258960
34925 855995102
11091 64013003
29677 587428525
8543 413672553
32686 396536023
26127 19021608
42195 782570029
20874 10605474
18714 990915688
4111 646166343
22241 381757938
17083 556417991
29596 28381145
3211 804701572
16248 22256005
25038 315152248
33843 144136653
22563 686792435
38051 580890844
33858 93391021
27717 100793208
46286 513579036
43171 384247777
35851 194247942
15712 791552789
3557 788313639
1347 623307659
42029 690070822
33371 817212805
17781 885828748
29556 88080659
10985 44155793
28376 211937649
17337 915983171
41189 934655705
14831 55611874
2071 152240865
25910 656356462
33402 137649751
35522 404607699
29894 136804544
21127 250590224
7935 865745117
19556 813498814
29742 456847820
36016 465725959
32095 92227779
29110 854502247
28832 942774189
23016 496164863
49203 843907507
10564 625306655
938 979238229
24138 753277974
27781 563016530
13224 912227417
39902 106633052
2640 978101408
32993 573233787
18197 103813367
728 272606986
27613 374534603
12089 701436668
29099 279725364
5759 124447430
23947 826988833
34111 47369103
5029 284731240
14344 786174562
20208 98090016
29068 124017954
28379 233539764
33466 682677785
11663 613946285
34743 948602073
27504 238047735
27078 524093226
20061 980231697
48705 181015584
16801 522278365
19493 261103529
35903 487773916
10893 666114311
28199 434367497
42422 256836395
49504 714849859
512 755064119
45562 104268902
27976 778491480
8672 940920220
11559 4413856
18257 686660159
18660 328029807
9029 822547012
8009 624139808
16208 585854318
21432 698456939
41414 385422241
47854 632120478
20587 455704601
48328 525420503
48641 943493263
23945 394542842
48400 583268935
27979 860479629
17346 696499083
8132 398690570
47984 414287264
48450 24599293
11123 93715252
23592 362872613
43332 968812033
45743 64206496
48479 165700745
45929 948124446
42362 382348259
41109 563762306
45827 144154343
40907 173929126
42477 489985258
26061 78485244
15635 55443276
8216 122369942
40232 258898071
42304 26552306
30570 139518149
48375 934779650
47156 110097296
48926 557125610
20682 176823737
8646 499135464
34902 121957062
16133 6254703
46604 367061147
18615 355065301
10198 583792713
24091 321375225
42924 454992449
32045 523284559
5583 519888186
48625 420086637
27619 494402575
29330 719521231
24537 276670315
29250 182506120
9258 828780291
18129 737613446
2675 357216956
12387 994392382
9471 645052719
26047 719511785
33222 226483495
1332 698304473
39862 256940506
19633 907148661
49310 216295126
40036 950101154
20677 743034003
16322 948182209
8692 407415436
22419 884805334
46322 898481395
43240 515355146
7377 212413514
29215 293535757
33285 143037176
5094 972371495
20832 797001729
43040 407161161
44233 207349507
6501 829426554
13320 128592719
34482 206261589
37259 854404092
33827 747372375
17299 532948826
29437 901740866
20010 353394758
25489 731055642
10745 990763288
11293 143296267
34424 572249685
21916 258491962
41904 714695162
25470 778703645
31805 518257698
38125 277205319
32085 732041323
1541 109756268
39824 565089665
21061 72346675
13613 99885549
38872 277819832
26105 605947883
35703 380441675
45834 50235930
31897 456416804
19204 911953468
13729 129591475
33696 838707075
9637 172401491
40150 4045050
34883 558657014
27236 996927462
1391 646896443
21280 920555702
10894 927193299
15589 760493280
41112 265635553
19008 241190073
8577 120378275
41514 67039692
31591 303823752
14744 986430790
29182 38692570
49398 13854589
4024 292473376
20886 136287956
47868 283471050
25668 22930157
36540 975250192
22461 865113410
23522 452276509
44417 264005910
15355 690791583
24642 326558844
49807 351470603
13893 92692590
36117 937739424
6740 622023037
22532 420581185
22991 227745213
48910 790092555
5910 313740463
15962 86863429
29854 199786900
34644 839010876
23284 759299815
17351 147357200
29746 103067814
8455 403840669
46114 714068834
8677 765711160
26356 559061489
15127 785171258
47949 898920531
37097 183238028
46644 449715874
27521 782354025
20861 750677589
17702 228792753
4212 916815187
18974 668311424
13535 843639038
35319 165847048
20454 238496322
18330 911467111
18480 478144641
19649 83672640
40386 738889436
40494 36239179
21390 164154969
15453 354609932
31451 723350578
10753 535407857
22971 21043187
7620 795279553
9597 857579908
24037 697935928
348 478175065
45282 213629698
45695 541346351
32173 926613146
24788 853710026
36239 576657170
25588 834500539
3654 827473985
2708 758119229
4418 623635215
953 802471817
39230 409297524
6514 150532362
36681 761476432
34854 530508128
32262 635124545
26123 239280318
43687 911137788
3295 584505557
3690 553945286
26710 48410761
12465 684456185
6304 820406473
38232 142508065
24521 588925539
5273 125352827
4919 514496964
44641 567131228
11713 698287687
14409 717333765
29957 485816252
22967 82231078
26174 596767766
26097 746496036
43396 733672318
20650 738593347
43029 878568810
27878 621172875
31770 981334727
16897 537175504
365 183301237
19791 18778685
25169 40947615
15777 809633345
49515 3979857
31273 111997210
22207 409081992
28620 721601746
45015 833023137
21393 37785428
44459 427043554
12201 977723267
2352 617660596
25457 762753878
22602 582187316
695 312453955
33615 852093070
9216 775786502
41820 583800125
25861 94372811
5336 282724091
40266 320113260
21205 356978741
16388 401922139
35748 352189991
24725 331094481
35718 963812427
18183 932346183
45284 918961670
21762 947807398
41916 275238477
45111 810414688
43439 296064453
39327 409985838
6100 568776909
41260 238261209
1370 544949529
4829 716695456
36888 358547669
20851 369818655
17984 272526118
9503 871052090
12735 661042024
42197 399705494
30432 590272165
28260 839460224
32484 54106728
49580 60424488
39565 504237749
19518 460059540
36270 27153011
28555 101514372
39330 737793625
13884 938800632
10851 200624068
22015 418022831
44702 347886635
43242 100517583
31828 997230014
11209 908196236
13694 494052883
20646 778169678
37000 136284930
14345 844528167
45455 112940172
36027 505799341
36050 931064216
11720 622765820
4040 189141513
35442 822466424
39170 430830358
30406 775884190
49930 154750363
37413 260948080
20586 845729289
1477 791923103
18109 706207013
4921 856672936
11945 969952929
44222 601395440
29113 611177540
11865 155718424
7603 856750173
27638 775924495
16594 444371734
24182 171327281
42250 810873898
5673 209704199
2736 42972457
47277 345295565
32117 688832859
45452 427990869
31933 699199445
21897 716017614
43098 816201341
5283 941495341
16382 823555253
15075 702763466
976 39582808
21425 199507560
12603 843632606
20520 462046717
46914 795741514
46374 889982305
30275 588188359
44786 487832652
46236 18148385
21304 798630560
46820 491406610
26004 503315493
13324 321870249
35610 498839310
37148 539884717
48800 878338296
3726 850404562
37010 961253157
46576 647397284
7115 577639802
31642 446401848
25127 466661871
371 512928631
36900 882956880
15921 997462289
22561 106991039
26191 553993996
9375 479545564
26447 911316863
21719 80524779
45621 84685994
15939 104904966
3287 106514784
10882 229445821
46379 498627029
10779 841737425
34626 616938811
49423 831885968
38106 897318450
44284 771350438
27888 423530275
45800 14234668
38654 474759544
16274 448100796
9109 510067051
7229 914589323
3985 350104756
22017 886159439
6397 824584732
47717 719470047
8171 18735458
37394 909501272
14254 855898959
48202 643179838
36549 656328098
38009 927397585
31083 976794753
35927 161744297
34538 835867865
5442 773876765
47996 115649298
25601 989009500
19048 152488663
30548 969306578
37936 22087454
49572 111620572
4404 280827274
28974 896830694
2050 128902264
30904 885413623
3862 296126976
41466 281896334
48883 347419081
9639 857532638
14125 591530155
40922 601028562
45265 774803081
3647 71834700
19004 798567810
48776 816405621
14075 426415501
40223 820063113
22358 974846006
38885 274679031
34465 998700991
45150 969984214
36548 681505472
14143 468895351
6582 510881557
46736 797392823
18529 483913338
3974 587582761
4233 850010049
37143 752546754
4279 540312366
15967 618601459
16355 69494419
40421 518736393
15531 278296557
47610 651268744
13513 780700678
47263 851257723
11056 314147239
25404 284395368
4741 769602111
16660 107246617
18581 982296089
48470 456341559
8283 857753160
4638 664295961
18207 529073106
13366 825061137
27596 415789746
3213 567822555
27497 137162266
39471 548893576
4577 26301510
19072 372768595
19274 701653477
3334 281060138
7465 880218642
40434 365873185
19082 861689859
7813 546176920
5611 435213220
47677 632538564
8212 363613392
39898 982371264
13916 248022625
27489 96876028
24990 721717063
15201 343795073
44449 188996235
45628 581017635
43528 902219083
6996 956460857
23473 142938132
10307 37336393
27874 273721202
17342 407904893
36734 959397743
10959 217024324
6554 679366343
17693 971668358
45595 375302035
25478 992436051
49100 42994975
37090 595962937
48773 643781298
30646 904435670
41206 830993505
22817 524273443
21588 192992135
672 672910970
49609 319086646
33474 82156449
35726 725612971
23639 367736992
49766 964910968
4501 267534175
2717 157036209
19688 284666348
37386 634978773
31034 29437989
47713 519707296
8801 130407425
16231 86039391
31471 255674276
18618 705953549
29924 482675103
33637 309853049
34807 587209048
20860 79245229
4751 120319675
16891 230398222
95 879429781
40070 914077410
49986 635575157
9543 375554753
18934 170487119
6613 403579849
34334 700758070
14048 926848329
2904 450347013
11585 468988853
9808 52237387
37651 610214605
34213 920586050
3847 508300525
26418 901350195
25427 647776756
29590 687975797
1401 135850972
41943 298635885
25571 858876964
6053 157897390
36090 605199137
34204 755419367
12628 603931179
43483 946585096
42551 272840876
34344 245419938
34250 391748125
10994 565807292
41785 159229910
43461 214654470
7729 920694206
25124 890674034
22324 668202114
48537 572355930
46266 466829458
11187 218205599
7889 871364918
41971 370919741
4402 791699849
25213 870590186
28629 557499778
47055 339617384
16345 449057353
23704 246448331
41230 320758845
41537 172561018
44313 317793411
18742 34815264
37293 649545804
47135 391674199
48956 414617439
28574 86875412
21786 262616386
34426 56875401
13546 416263684
23068 69612699
1278 259555105
46476 539839082
7654 844281564
45791 107313952
28643 612732594
25621 901844755
20116 358781437
9442 2885737
16844 455679980
31716 179385148
18189 753517934
49225 446767802
41520 463387303
26080 861176083
15427 293341245
16972 863560733
41856 48457640
17225 732572805
22093 151740452
34463 605036823
11580 628974218
29487 832364828
14574 14032720
9049 651391653
9555 330588098
41270 591272747
46011 877288678
19950 466517315
40168 882299208
11679 913834115
20532 670477089
16366 657000600
8702 360284655
47574 29388304
13486 407426900
10121 524499358
18401 529607451
41036 90853961
18426 371590364
48345 47555955
3473 332890376
40734 631196419
1087 544692811
1 793750869
46841 193414320
49180 578477840
19428 784320269
5176 938364908
28097 515212696
33514 281484433
20279 419626930
1863 404854571
13050 421455520
37448 543068515
19029 865228066
42987 691635840
8016 156768601
7847 727394279
13670 386304121
22279 99564719
12188 839998618
8709 161544910
22007 744367581
2503 561985039
8693 279671276
1710 688747508
1554 240246937
13104 847259523
24695 177238535
20457 398628004
33452 523476119
29914 231500999
14151 796062330
22677 121120936
22780 122265834
41486 702179350
32162 237327622
42219 899029102
13688 408974949
47264 645295646
34804 430299413
27155 911973298
24981 741786721
3706 291509962
15400 547855354
38842 453740763
4105 117101352
30741 625852186
949 299728449
34900 696707468
17046 568448085
5412 995458749
16140 964074717
25937 16422880
200 824143978
37976 66255587
31850 453095286
28606 492655796
3020 201096502
49667 198286466
27528 27784923
11708 80492595
19440 832841027
34833 370970071
14704 574578016
9440 680353195
18475 841067480
18669 28743898
21715 178196708
36845 314872176
28286 404744811
1440 583245628
32999 353924022
8140 528930404
16919 496485909
194 861282777
47318 910458054
11858 195552531
30183 697487639
32021 511641915
38388 115139808
13371 440369448
22373 940601420
43234 877509983
30420 49234261
19327 342522465
16243 858948120
30641 474501216
45946 214321326
42031 363888150
40369 362255040
1317 517290543
6393 707097038
11661 197318295
44113 502154128
4810 436851218
9579 45639628
24575 716310017
20487 995334589
14675 991838457
9261 868869159
30843 482139758
12215 513195798
6988 29290398
46622 75434844
19988 812172271
2790 422655785
14286 632641144
18819 546210206
9570 25646275
4622 54292526
8974 282958941
9995 511475453
23925 344266191
11920 19881042
26147 236784648
38564 514566893
32070 817614909
35540 533520833
3234 719303573
542 696595171
1993 604564242
14741 161369057
23194 785762964
44176 376776075
19447 680316560
48054 451357577
38635 712360148
35095 283105873
23921 310829369
27147 616159584
17813 619891664
892 620527414
10410 591165568
33110 203482573
8420 942719687
21847 424255806
42308 557787516
43785 468386308
23928 458946811
40619 779200918
22372 471030721
41390 430020027
3278 840349694
10120 423413506
21006 240460726
5653 596178408
28186 181072202
23641 718001602
168 18430392
27487 58760261
34693 258819351
31019 308445781
2894 108811218
8650 367708224
2624 322162448
22903 580730823
48810 963162789
41075 246177886
5020 707110210
47360 22568485
3896 234058294
24750 650816179
15119 889426112
18681 645041015
29615 204034472
25016 63731443
21843 783774869
39756 110073544
35670 280069698
46235 406582003
25200 453021280
47239 764638379
11164 56343883
18075 86873183
46667 502038723
38200 238901830
8939 989204469
23768 676017511
15745 230335892
9210 942472259
35068 373167238
10761 906174107
26077 718696133
10134 169996053
19903 745550181
5446 963876090
18104 365086761
28132 707646454
40414 281506765
29331 859356005
34191 839508717
37946 436358593
8490 756256964
24129 412142922
28077 717940550
930 918083414
41195 322455196
46670 262837661
19482 264362529
3891 424434191
23980 528720465
30214 879621681
43220 416812884
19052 147911178
11976 23563040
45882 609801750
39653 289330436
18758 22870763
4595 548961011
8862 603437096
33663 481009761
23122 832692520
32706 177179661
6124 894862354
29822 545265510
9139 101847252
14337 105905812
47936 928419967
2141 285220654
31177 915369073
26923 651013532
40634 148245995
22072 643914448
40202 968624745
20082 299874039
24905 833446962
44270 308435115
12853 6426719
11790 690221316
1527 478140398
27719 888082047
46054 43752227
14868 170298976
35707 185227357
22575 929427818
29441 570564117
39028 466738430
48158 820968700
19145 370365078
12427 582049650
27066 227878019
46172 44824265
12728 502573052
24611 910188752
24622 883321424
38190 390962355
38400 568783695
42201 109632649
13444 69050676
48610 900547220
43081 11439528
19504 747084510
42008 848103808
12536 534408842
22802 882628146
2051 766952133
14443 620366297
9248 644376481
38731 192007357
2348 500646018
43812 168288322
20683 316049083
44858 87935871
22966 179623048
35471 273993984
15622 786030753
40663 822617654
9098 260618070
40350 571983374
48672 782578145
33523 278962586
12217 551552700
37546 551294375
43965 35787356
11567 735647433
9426 791446159
17977 632349730
38708 200509875
1342 25193864
47001 12548373
3014 43523656
18430 668286257
46570 583066555
16104 971453045
17420 577450913
8306 628812764
41804 547816108
36543 16373850
33812 197755091
6603 773322272
26895 617527141
10626 732054972
30248 520600723
21234 182327963
31729 948984084
47886 394912425
48772 864206170
21430 573102032
3840 912427772
6521 915284985
33240 360893342
32200 544617500
3348 858355964
25613 689063056
19235 203356545
23735 467961432
40024 246015295
30730 917572338
27600 533424839
41676 805584250
11413 898672503
45493 318534499
18610 773100345
43547 519766542
48895 540848048
43139 381217904
21332 467729871
26005 806384751
12213 771933110
7304 589724735
1274 856128447
15107 441262884
21143 303943495
30089 793182313
42221 813745024
17289 682242605
48571 475667566
17352 466086611
21953 122989884
7323 818737359
27523 485206897
37283 951453150
8433 273227094
20029 21210465
11175 843741313
15999 116722999
47616 461170198
14461 931676091
3223 315030323
26806 38587611
1769 868992396
32057 691979128
22269 953713867
24005 950458115
39223 470482389
29679 317017262
3153 574920488
21381 625786610
26734 931345046
21876 67923526
10603 261435488
31108 368742085
18864 988769854
7755 273709626
151 5427907
5052 394992842
34009 11651072
18062 317400010
5955 988996256
41493 574442085
26574 283990363
47280 314397785
22371 496376663
22730 769611825
22565 742426386
24931 594253192
14923 312563825
47884 226628279
42481 25039439
10780 853545953
4727 668533497
19958 65151802
19505 859581965
34758 368523977
47612 389468932
30773 292777265
13152 524338930
33955 307028466
28482 727990921
15132 786888192
15774 427067189
4942 113065217
39688 285020001
16469 692143056
42559 201513281
18548 214367471
3323 231593004
179 510285049
44440 281625121
6197 835695124
35359 162186543
18110 496405112
3436 288325735
46652 202515524
41461 310191689
45982 591863934
10453 708369870
44764 977186081
47326 312981237
20517 116593527
9735 570760019
10901 292417011
32314 202666791
18992 824521616
12288 369270695
7823 279515500
33664 280064912
44314 655521054
43394 846467994
7279 534782214
23447 926399057
1053 892403467
39562 861793158
31865 716355901
17122 405490438
13422 414403505
3605 412396905
34187 816700897
15071 522641513
19687 88473989
42211 369673652
27247 652565268
17512 838761561
24732 506701418
46990 8459092
33096 226002621
2328 62131897
4397 92611328
6848 887260419
40081 338947710
39703 119222037
18956 684211093
41000 731024143
24806 930342798
18684 608498158
9709 260120451
36827 909031594
20204 767351851
19842 989177987
31603 757674028
8359 111859885
46261 22874956
30605 759492688
28305 195975837
27073 340587622
13114 506877192
2046 352640338
47937 730712188
44554 561557068
5541 392075449
49201 156615943
28044 691319614
36594 209792059
4263 956529679
37780 371684591
46850 809376262
27262 463068641
21910 595228457
12411 430466624
9941 162629542
329 853520320
29597 867604150
28960 564021834
7454 972197674
16374 534044961
20104 175281849
3450 650376865
15264 732527424
34208 971698400
9349 610159198
15877 632424553
3563 800632549
48094 905408330
18286 444364217
4535 821483394
334 404296845
36558 929344249
10931 690353151
45045 416153360
27365 164225423
20338 749121050
1979 959960104
82 86497374
41231 413207992
34335 387191452
32100 621975938
39718 346896876
48351 797331765
3595 122885207
35243 749282934
45068 750549009
43008 183420471
4435 584570691
7771 387026927
17165 784641227
46245 611375129
41792 826338710
4116 761280153
49387 678018261
12548 493629668
6551 970653104
16745 882781049
39677 200778366
34078 89216053
18341 362526495
9787 963869998
27001 114510921
41332 897329763
6109 854755835
22886 456617818
41463 971704346
37093 303278615
22695 155785260
12445 163514788
29071 215604067
9005 447556592
24948 526368205
870 145429114
17602 455778513
48238 513078602
1233 818721497
6070 215134072
29152 448257961
27818 40956879
48500 349647693
48980 738476396
21253 418172766
32130 658567805
29580 692663089
44356 959159106
22679 856249328
48473 342839826
39659 219568718
11688 384972403
35817 751494545
37947 129684215
807 27644893
14352 962735410
30376 636340726
10877 980170891
19096 529053033
19767 473533120
20910 35993640
33253 510469559
30038 335332927
991 549412497
9164 157041461
5552 423901474
3943 951670501
13782 79047944
31283 22800278
44149 308689924
48917 578154463
46256 983383245
29741 810559454
18095 873145550
48647 836191342
9983 362035205
3077 887490238
3314 497636756
26030 659942154
25463 879168482
17621 309374604
24702 699155772
4374 197865873
770 227714508
13886 2797400
134 69014743
16547 361936007
42178 54994016
4872 478462383
34252 191860329
33305 495628925
45836 203331155
36438 892545591
21119 422444785
7986 226728937
22940 837207370
42213 28197840
183 410462856
22365 425694889
47972 120981968
15217 767897015
21035 627888071
47262 724652841
42660 148267893
8869 718373998
46729 798912010
9361 820708078
36965 840168163
25677 475899611
7495 55726828
31206 794492783
315 655346019
33901 730234592
17737 785319038
45765 233134125
39258 238827843
7633 970701320
25372 842669413
26844 423551917
22871 398235342
17081 963415405
25336 409793332
26726 838371063
12018 388800316
16282 553443743
34808 242817539
18639 329903775
47928 376060805
27181 900234828
8370 438804143
45532 144661267
35250 252326776
31207 465566279
21775 855083195
25930 796588365
43849 106787105
30994 144961443
45509 561062331
10069 79832240
32682 241401433
12221 633551886
22139 495377790
39105 554924866
11476 184876129
28324 355031041
16144 857888718
35751 646693466
8697 258955364
4434 874336512
3612 686703395
20625 449491825
29704 123485162
27930 540489296
5081 333270067
36534 796064447
40601 961939309
13234 292047844
46879 409840109
31529 354717041
29764 868916401
36557 298820793
8682 418296864
33580 881249563
47021 630720088
36598 467911083
36153 826676230
21375 544434430
4257 779398200
13490 153212417
12641 765311617
37073 91928251
37043 206657727
33799 295734520
23369 527031090
38644 417484922
12182 682660927
36061 30911098
15704 58464877
23348 511347669
11106 521948147
18270 560846023
33849 16080664
41596 630249919
32434 538165070
10784 417254215
41937 831357764
31012 505204013
3135 800941547
30527 742459544
37749 593870719
16731 884250324
17738 441254280
17670 503045884
26585 359026086
21824 863992378
49471 8778312
24027 717103871
46205 359537586
39781 450910715
43689 10253747
20672 358041568
24566 596875275
33509 752534665
13209 78843414
13214 495757275
13165 667913365
48173 887103724
42750 762817359
46660 745096236
43977 904656738
42776 603015102
42616 432892222
44035 88722700
20069 246466055
11841 444645603
9501 635005251
47481 254604369
36486 83464985
38874 794946583
2510 61762376
35365 197425958
45906 291354164
21989 836005837
18465 641350243
36257 912718981
1123 286567030
25317 764237798
8189 656754807
17311 887014326
11058 779993239
49178 13037441
8361 140700579
36825 35724676
11974 248400025
2641 437374161
1521 22903252
30010 615528706
6667 278854965
9002 997486527
36909 187799862
29264 405652267
34717 175557833
37598 594935576
29177 526109927
34665 241670576
21693 39719448
17760 214358223
16139 180477758
30593 659136077
33194 160726575
36522 597671043
15375 952822510
20202 26197076
27503 357938809
34087 854811619
23834 745833759
34979 306399240
46016 272353796
14093 992117001
27477 600386037
12255 718993761
34709 618720933
35794 401615269
27626 551731785
19817 890652659
2814 732170778
31003 818720815
30144 549665775
18584 654359424
4509 611772678
5055 744133858
29034 811323847
45740 42869122
39975 568007443
11243 264796658
25319 283031260
21855 998514077
18757 634093485
28486 24723881
8460 489209408
6731 281162959
39643 487795473
5629 979781935
18711 463422036
2122 460060350
10115 504379080
2009 672435280
48227 294694195
12528 87394096
47682 107750341
36564 882100997
2948 835322833
49375 26657511
16235 463672962
29087 924810324
26773 207376522
40642 208452562
34630 254407008
37704 718188133
34487 749188297
36235 869029513
17185 451770643
30675 241527971
3737 681925972
49898 839785184
9467 446466300
33333 416978846
38757 577014382
24353 440067913
26528 233164039
16638 191786378
36839 414488598
49537 136009718
26230 602655084
36573 364928380
20272 668219873
8559 905344027
4043 838011854
1184 261518559
17600 472796416
4359 677260972
24350 567731482
36049 661981465
40831 642010413
39499 436713879
44114 12674451
42092 547657298
20278 869781188
20974 834573003
30360 886884040
8933 185912593
25664 170744235
38166 508547623
47424 316381517
47905 910058101
12600 463501077
46437 463897430
47792 320256824
4327 612550113
10271 861053165
39999 852010987
28351 764210919
42528 270252846
21034 493313858
33040 659961122
10605 132762665
3986 420014875
45933 916745681
36941 494819348
8008 167206797
24929 716094281
12773 708530497
40936 542254436
11531 280542550
14587 890302301
22722 909659160
48964 883727676
10448 431108837
27981 337956440
6419 16090333
14473 55678449
10595 272186588
23241 191542542
49169 998573499
48352 931027474
16262 403685150
38881 810458381
34997 638712844
16704 396344473
11538 114312861
316 748102814
27908 949566782
30108 655368544
31624 706563926
24596 704456857
32389 376048461
37841 610445802
39092 354021328
5373 804369470
43998 633826762
28213 412260328
11398 195976145
19695 446033198
1718 642409070
43050 376909533
18226 1041216
39924 711728536
8509 817234461
25625 601472795
39415 258006558
10227 596218666
1301 67325316
25820 103463110
31257 934583200
35570 526648931
31920 144371840
4494 942925728
49678 594867786
38551 403951680
34425 783359801
22795 422006663
41254 515729781
4500 836520451
7008 735276373
27975 270480034
5924 956682508
16565 604157359
40974 932959834
22277 892289003
36230 980639279
3298 228484927
46822 392578158
7788 769395425
18180 862801910
31074 682289445
47809 954397083
13064 619016952
36625 189029311
18046 263602454
34865 379444351
9040 559680651
24121 137024956
25871 641849579
33686 478222664
38093 518032122
35556 210120259
15327 804246863
2769 20338287
48295 737180891
49925 985417091
48957 849632952
45367 255233953
17829 631809735
17779 952871658
49254 325612284
40046 509419063
8252 422220779
5202 727982418
41617 490066221
15135 550180095
31836 249633591
48186 872022805
18524 549535905
11594 215522285
14673 116552785
2014 133639049
23127 884875984
7602 351847043
34372 386455011
25726 902589165
25406 857945475
3235 599722112
8579 751815505
278 356177095
49931 692510655
34509 66244944
12874 621978015
34016 113958846
7999 523212813
34310 748996698
28992 204984204
24803 966440782
17584 539631690
35137 103208457
27857 960767010
38444 636656277
30515 512457504
4917 687354331
9645 771888605
36883 416799959
33421 580482491
34619 499984768
15063 167894211
48280 698121366
10247 39596673
4612 393928960
37442 272376864
11131 605607835
8944 868266533
19902 23701941
20854 103069228
39849 360090179
36336 698234281
48228 137028735
41784 360898525
30799 717901030
13072 163642480
27472 639383626
10935 779938103
41375 359134037
28546 600845813
1159 838665178
27160 32484714
34119 837060910
36327 745016198
10618 851089134
17933 850036233
21040 991684458
13506 600803568
48 334545029
34965 985898250
13607 513719938
6295 494880976
33396 546717921
28072 952928078
47631 552651640
38619 606641060
8585 27470366
31493 304187958
22800 174605392
26582 376139635
14709 34231023
18862 392383050
2463 239231229
49256 235536453
24368 825203954
46691 836617709
1690 841950897
41252 197449008
26149 682046150
12136 776857242
8954 399514614
6959 23849619
36897 839060651
17656 34236033
14078 140085368
11349 166384083
16071 720187858
47551 323494540
19790 272724067
41570 143609877
17496 727353822
38508 427046716
2893 869374494
37227 632893073
40789 784667462
47234 566962769
49076 832469779
46469 869941712
43526 960781479
14080 352426316
3844 166119029
44852 691880340
40657 609075932
16086 786663467
8236 745537226
13090 536738331
589 968992431
32218 822001227
35094 465500550
37262 596434367
16623 770387770
4740 278719907
16293 485605576
47044 840977368
48710 758193837
15936 882625815
25210 273243409
35062 145175678
42939 943927597
34683 537114613
40749 107056445
39894 187503875
17585 448339539
23382 683190660
8708 335588500
8305 186013424
27734 135655482
25269 576753979
19657 705717946
36895 769455140
8234 157187670
41506 784692316
20506 233910509
16564 893264201
42467 246591869
43140 443525884
45348 226306526
39093 271434685
10611 351702968
11275 801678918
25293 735512419
49164 859390620
36100 888564222
7844 582109366
14790 764597190
30820 907360197
32989 103998117
28432 427952924
18996 461120892
30050 251540819
8042 593989012
36784 856085055
4211 581676683
6219 169603832
46605 68584703
14979 867821991
34873 513092654
49265 799781583
6529 324243083
26073 32933009
22038 988337324
22121 711575015
19515 543508987
1460 657649933
6096 871252405
1619 119332497
8426 494706451
2329 202841276
23775 549706459
3048 560902132
13017 189423265
39141 353222541
23587 378212499
5627 690868265
41144 119500692
31525 385111840
1712 75281294
3851 267753654
11664 704415674
23964 486164976
1294 319600936
27675 599017297
23988 950235206
46045 26878509
3812 289400020
40957 733162691
49319 619265294
13666 289115043
30897 868137272
11333 386558574
1573 281113464
40045 291235373
1600 632385943
13396 992832136
14107 316717042
34671 130819932
6728 483252839
45466 210165285
39111 930933977
29717 438815191
35404 661635269
4296 94265172
39561 482827689
29348 973538037
27496 550318712
44424 52288136
29053 792994111
37918 83358635
40230 937773142
34501 287222950
26917 636141340
9114 988573271
40793 449255253
3394 541578107
37866 592230978
5340 688229632
33423 725154253
8431 453793250
43615 909451018
41805 712055071
1938 306721692
32735 378292043
13555 643533041
25834 456120155
49053 189510471
28582 727833809
36397 182878764
25006 706852646
4640 693262422
320 62161932
5622 613360625
4608 778078233
33283 488796728
6097 431730797
25716 900206157
9594 38719755
38172 601013630
9050 756910423
6729 255872160
31099 424017893
19841 467039834
44693 434539213
24969 14700313
16608 489133339
2272 176035700
4962 439796944
36112 993657882
8839 942416579
13562 184656791
21766 623601662
25517 655017918
26876 68529094
36393 185524566
5897 653106523
705 222356812
18845 743820366
20211 674581269
49510 884099546
4601 333319477
14934 516426462
3265 159631517
6759 93080767
43191 973883338
11577 811608566
7384 154851450
17264 238675837
6698 732493574
38239 154390979
16295 613934156
11914 591698034
9238 664772375
49116 321257035
31953 186583731
13705 453095808
17611 641974523
49888 248540485
41402 653419909
6877 393298454
49042 874648086
42289 621293879
21530 911551495
10912 161443821
4568 574466731
41665 874526754
2027 867893322
17753 492448858
23821 231257581
29829 424178303
41021 686770860
13284 694073678
43508 719914415
11861 635811544
18266 523550838
37744 986551181
6390 29319151
45683 874049326
22046 777655784
39738 630423136
15959 17151990
17231 250776611
19465 672697085
28878 963846907
1713 291478143
41393 595963038
7055 475505526
41405 901019960
2066 753211689
49121 364972733
42103 31713002
36817 747613735
33622 996347655
15863 406113312
20880 423058848
27171 170833815
15436 858513295
17603 637182678
49418 396432227
3736 792706687
1206 549945341
47795 784497523
41976 965947584
3162 656170855
49710 583177222
1919 263142390
39156 260037361
1293 452191627
33081 667907457
24211 92206556
32820 907374400
43204 474542401
47407 878101259
15677 148013810
28644 56187559
18503 396271505
48531 333983614
35420 678833883
41114 815207605
11778 545342477
18602 183446446
45492 201664391
49237 515978544
49122 263863603
12601 577770550
3550 170640342
40249 608612831
41633 781457664
29842 441103497
35842 355379743
49227 908226544
43087 872008632
6074 285091085
1167 123998835
43806 853231376
20470 712749930
33836 27318816
196 56614070
39394 686814243
18177 434454580
22264 481911446
36517 671643805
9088 10726148
28377 115172412
13633 477010538
23054 691070986
22633 376359156
29936 915397011
33460 583063829
31960 931643999
24351 325603058
49731 347801207
47786 360949418
18136 834509875
4750 516643290
48853 22846653
35960 362366358
2099 661751035
1616 954917966
432 754371387
14981 197825814
29417 881212281
49747 363866636
35798 607105841
36451 139116087
38771 471139574
19194 500633553
4944 821988777
1550 640332386
15423 250925201
47663 386915842
39240 447088293
13054 224540087
12230 57289311
45881 9552849
11051 642310468
30210 807316008
36065 285279097
15982 796986722
43988 895729167
6231 389583980
35506 763534079
21861 12510924
38410 279508954
16967 70026544
12168 197013875
32579 889501205
21265 903884683
44061 435996228
26310 419246609
20897 621022315
31304 344837252
33051 158179354
10514 255385221
37409 149307210
31989 288613851
4192 327998280
34647 742447460
26622 103548497
19564 292371595
28053 905953881
24053 172581698
2330 976680946
16666 379733726
10889 316390206
20549 424176081
154 657485426
25808 988494699
14129 854453298
34026 53793363
14643 316361224
26816 590645995
41302 318791648
35120 800241198
41767 349176065
15739 233775763
907 117568022
37660 940236445
15671 579669230
48200 837519872
3872 210710711
25487 363819455
4413 132011230
49513 517440708
33716 188884541
25356 268759606
6642 585289973
39850 182308169
43321 496478715
32977 67226362
2950 84559078
39796 862939485
34786 180060009
29988 546282295
11751 153588272
4974 241743372
44954 609168960
17872 148276250
34921 680760237
11230 935870933
27722 101887364
5699 710497564
23581 496389728
39020 569437859
41653 358913572
20165 720601468
47662 37598994
27582 567314037
15903 159534996
18535 954830128
5185 722346531
11057 321481794
36754 939416073
10627 988519069
31020 756617181
45714 981808566
27945 316016289
7519 313644405
30438 856259560
26323 230032915
47211 611935884
11910 541526324
42791 836524470
36923 424190042
33941 223220377
20078 133035533
1195 482285039
3045 695793131
48066 124813336
12154 260607414
30185 44448736
49351 424362690
5346 511109738
24719 816207090
38817 473218449
114 762698321
15779 446453275
12656 102941027
32852 727010698
7506 166079372
499 236699511
42003 349314949
5359 455931698
1707 985419908
20317 685703069
25686 851629133
49720 625274906
27957 633055274
48750 353509661
24772 799887200
7090 485532043
43710 310924661
25852 6571297
41803 350385529
17141 378964545
1379 761232545
41939 209061363
34952 760338514
12882 125807896
39716 150752721
32084 514677733
39664 928463664
13280 342933647
21167 301401757
44307 154221788
46734 6406527
24913 334665937
24529 506242536
18928 163912530
9506 385216779
24497 59999934
25332 817767441
28581 128907934
22574 589732129
27383 500639364
16621 122328919
42999 879697855
11610 877436173
28576 422457105
17239 44004696
4188 408081664
42736 738125879
33319 167419682
19376 885715550
14746 407001008
6819 30748280
17354 848524601
40220 479543298
18826 521542964
37735 31276692
10048 579908333
30154 25009799
37950 743587123
37049 261975787
30553 786765584
12886 141983866
34395 424897735
8516 237976387
30021 684167124
11202 745238153
12937 802190140
45571 815837087
49094 720744059
39082 619559925
10242 272308958
1803 808290195
43950 287997506
25909 892499607
17890 812846217
36041 964208987
25700 865509646
46274 616049269
44184 239489846
6564 194363342
45238 908251656
20810 231376293
21181 968931177
22684 628827139
33439 313396333
23753 717005381
36358 519256916
43374 447441324
1281 248709984
33160 868585598
6760 396729697
30909 245304989
23119 799988456
6426 186130240
23556 192516770
33652 165103390
46258 579791187
7477 287364070
2759 882621600
18482 740671649
367 540419925
16886 260226586
47002 713721848
4346 343899265
10943 186856223
1345 305537265
48068 496570543
25121 18677533
27827 450933131
29351 394750491
25302 484300990
25297 351612740
31245 539829421
14436 358040597
42265 645049653
36067 281310923
26824 625450114
40685 136866434
18392 926486707
1213 622777445
18541 495591878
10503 289228291
17447 402022574
32683 520076882
47068 837674246
24198 955256296
43342 500433148
778 385822121
20529 385870075
16970 286658496
16678 133719132
40980 361814250
42024 635902651
38157 322909995
7710 787687054
15349 132107564
10249 912801208
36250 148831160
327 530018826
33793 816308208
41481 246258894
27241 754467175
16908 916030408
14674 672027259
15434 761175893
9542 384807056
23838 423257141
7000 959141038
6270 567101326
48557 221282445
128 220086008
46508 954690877
46069 698715940
47806 330703545
8043 25975656
9726 726312169
37568 444769810
44692 308445351
28162 301257336
12028 122811926
3324 900459897
10369 40406003
9247 444604693
17580 86366250
2387 708731094
14429 415432572
17094 705911215
4361 8663674
49693 425450928
35207 627938292
13890 649270957
973 442779534
3921 314577311
9456 217847558
31569 440000578
48693 918682248
9551 665144813
33893 828853571
17817 321014344
6999 50867009
21437 945933834
32334 56365578
42793 487706206
37913 11112346
481 49785097
814 553029576
7351 974144110
30692 927275643
13374 462454248
37323 556714499
12613 845386184
39955 235697727
18673 821488430
11689 367577284
6620 613440075
13484 943704498
22594 457514929
12826 205234660
33741 252793469
7165 554273880
44625 398908506
23950 724648291
39758 564122905
6581 44159779
45577 935279337
13517 923388654
44028 746111272
46394 99974250
32375 191619872
24159 454414732
36411 164239139
30991 520499231
32738 444356734
3858 245847241
228 460613737
16403 275148453
17786 538403866
26750 494558361
33797 490718039
34131 240689012
14046 922708226
3562 667109802
1186 813749809
8479 956099709
23580 461772111
2128 114630763
50 558871773
33192 115574770
7074 572031323
30074 768455303
49511 822801679
10695 753998771
22947 613200633
32984 571208974
48321 898346408
48767 455700090
26519 220394622
31938 929688659
17911 624183365
14406 575153334
14722 493958804
994 63832942
35901 868410502
46066 93608117
43488 745499799
18025 104276277
33013 150178759
29372 962414238
11793 46414194
17567 850373140
43094 367290197
41201 146443114
40242 195847799
16138 444992855
30997 185071481
42350 281193828
22430 508821254
49872 950627257
44912 272064004
28781 382642584
6346 96070061
11121 279977361
29236 776004902
33677 362230330
35732 106197537
10423 285376066
47773 511369853
48955 899631171
47509 333629749
15930 555875779
45338 249397379
3332 95661663
44991 861594367
37314 278259662
14801 153270162
13844 591042980
48815 195216343
7662 553226524
20447 877193805
39710 471826869
42050 535430674
18267 799542796
18795 561461607
28812 406486220
38394 495831635
19010 442582162
1533 337067343
17974 618524831
34769 708309038
38108 785075157
18668 442985189
43700 367826524
7799 662580993
37280 912455279
27095 292909907
15664 342824013
41211 90063104
37775 882312233
6063 943513644
39058 609651375
30634 580974371
31776 489339684
33645 633746336
39890 647229588
9534 536199119
28458 823727453
716 425118458
28217 323635705
40875 116451725
40073 207488335
47566 587416174
48377 142929274
33447 173506917
19706 680963202
49531 401713154
29570 904730097
21721 839091326
653 442647074
27131 702870738
9197 924472461
13115 786041056
44484 916996750
21176 653755809
49113 166725663
43491 598638173
37225 437661751
5960 84299957
20621 920431704
23081 484673845
49716 916708529
10630 536060228
43932 242425291
28468 201428210
1400 501822597
2951 111849300
26722 642620899
3288 115453123
33301 409484553
43178 981758773
29594 139825790
4888 986687159
3124 941556837
2716 784307774
24887 55352319
28450 31710530
9638 278178637
44695 508914363
19030 947164854
18218 411325037
45647 384371209
33778 608392763
20599 694920090
31654 693698953
18273 657010657
10857 95860590
11098 483148758
32777 741484990
45898 810976217
19120 907469377
39096 866099540
49503 761872586
1717 567078042
36829 110523936
47346 252474060
40305 808086694
46689 61700277
12252 482515275
36080 752931975
41708 711038870
8441 425954125
32878 231737832
32380 856977441
39915 694096055
40087 270287252
17444 162548715
29081 282127508
31966 582023786
1754 712094874
36694 207330904
16108 778393275
44353 746751912
17845 718310373
3146 562392783
48768 78331680
41496 117960677
13989 717850481
14963 795542730
41335 118502113
7492 702636976
13362 908673278
1683 707313681
37611 669314756
19581 793367995
6384 864203370
36254 472508839
16115 506334635
44494 226478303
39749 599816692
37985 796747257
41799 243886158
20773 911743407
23664 204527659
47244 567149492
2684 803031358
43989 650503293
46196 543299395
17073 835131255
9015 446996715
12615 417871299
44396 757144054
18902 551658807
31470 711672664
18182 801984866
38603 769845505
13720 409175302
3412 713738438
40681 728514030
12403 816295122
14380 778505204
16916 395650516
22712 483495937
46559 383376764
5462 134646563
34950 611181176
29618 597171480
12533 949838909
47736 39597671
19381 732499135
29082 683624563
38749 737213032
1862 33054155
24807 705661583
8669 837691250
22984 724787542
13645 990761272
43585 194973643
3025 915813406
31730 972986155
37754 819185081
37606 522510363
9356 747389421
9145 431084362
49286 53239467
22040 95083284
45930 180156346
10735 934643801
25764 77242868
47917 185159465
46797 63360003
6838 353501307
5295 828901331
47705 878992079
22267 856773177
270 173566470
25157 898341703
19331 605968314
817 643667271
23032 361231529
35482 183160780
29589 493008137
25449 638899766
12706 427335060
38888 313763497
18301 16789927
45672 291181359
49794 702376520
31043 444505628
36982 883962891
33408 351577534
13434 853314744
27048 565163704
44471 466107200
48946 650205092
19629 559872850
1478 520619915
41227 201643920
46631 810217245
17153 318982508
27168 737292014
21903 90508970
35567 568464010
22258 13133224
27542 783606901
1951 268981693
41878 448956369
17304 79798798
1637 769423174
35521 957410045
20138 296359805
3258 984143834
4522 575341715
43840 599680371
20446 86471419
5757 342294673
39605 769920614
21867 551081567
2577 124173907
10446 654913488
48065 968704749
5506 326045222
25414 770659383
14161 663777337
17194 498795907
38591 690607842
33713 648299636
11729 157839630
5909 471707788
44483 608386761
1152 904634084
29388 862073272
8727 981090354
3716 140880044
4653 238299057
221 854300308
17706 84414853
22546 758126669
43025 596895577
13295 785749388
45118 496518942
46296 600882514
15149 408702804
12541 301789808
45004 603579297
4103 400523944
42532 650557469
36578 516663368
43511 883039979
24490 624492558
35350 654671019
32691 615498442
11883 744309245
39131 326552887
37804 25543130
32467 771330168
31908 56614033
23498 258648170
12598 784455054
2184 767163342
25943 645532562
31605 399493265
14332 80822469
27949 232907896
42842 219303536
14069 855221453
48837 203989341
25248 941099062
15186 606502558
33817 169675453
35201 795456494
10502 692128945
35671 151211448
7907 347369910
38082 219706631
2902 702156566
6923 157582783
27339 681060378
33252 713859244
42692 690945698
12027 11939853
34462 727218841
15340 249393054
19550 693884284
27531 606122958
46523 983193579
46200 76967876
30390 633101029
386 135191060
41910 563341871
11304 98199413
11900 448879024
33920 551317820
6147 699713121
47117 126949242
40862 626705017
20848 641357565
18447 534333321
33276 982284308
36253 620652018
36686 663230677
14225 676055140
35632 291449582
45786 560234234
23967 259291592
29913 334437278
18219 360848258
7512 771018665
5148 311774880
45630 756311739
45899 349166081
10782 481920916
1780 30722791
3007 587047766
11911 988533396
697 998505677
10774 491646521
47690 111464198
4848 950064076
19872 83774905
33417 266920826
40695 923050003
21398 149251536
31708 541547819
17021 458875802
2493 282307947
39985 531682070
39852 394959405
24197 61856370
6608 145159234
18201 209835594
17822 339969304
42672 554488422
44010 349379382
43839 529644180
17320 511499239
42761 647618778
26363 157144093
32819 330407096
34633 879607615
32241 41258523
17885 749814185
47413 39326510
32323 773281173
28776 108302507
3 838159976
33122 8037817
41711 540757263
26115 474147041
7712 110528182
24504 370542407
35444 258828033
12001 779371554
18670 847971461
14167 194765325
43062 589563885
8976 324691502
49079 762169334
14766 319628963
29965 812208833
30419 920771887
15511 714313320
30965 991687029
35378 807392707
46516 867100155
45526 127689403
3320 687192897
60 559298539
24184 935441451
34350 387113641
41823 33543812
42037 223142786
37637 105713254
21456 317602048
33961 266204236
5527 773111156
15533 83787355
45710 43352162
23500 77347848
16400 658767920
21283 981195725
21319 984995556
400 565476135
3487 990206274
33674 103619311
22887 571192394
19358 232248554
4310 232791595
41115 750552843
29816 217809098
20538 433796881
48414 377139364
30232 491783015
41810 656204235
31060 377725291
34541 609405521
10953 598442736
3449 139305588
25163 699315954
9659 839229090
7309 755873556
33572 141559366
17838 211321531
188 353499393
27014 8803131
25807 661712043
35066 741978023
30417 912649906
13461 693394535
43417 376403005
13433 529633116
32956 295305871
47796 50205502
39661 956552244
18939 450127953
21553 555550867
31952 60538962
28528 326393763
49314 545339435
3753 142537558
15465 46039732
24470 226667924
48723 752311639
8061 842671332
21434 963398741
23252 298640730
31353 496284006
45919 692728861
5384 782031216
13477 358751937
41342 215030908
12399 238149047
21549 402990157
48847 358066556
10773 757098266
30724 113762412
25407 493529207
18782 254157817
25577 421864578
7052 686860956
8196 932863387
40149 907788195
5461 73348960
37436 799187052
49757 227481629
18697 567899917
8254 332811701
29247 56179110
15969 788063030
19760 269690629
49686 588214379
11997 964172231
19185 690441245
32328 960451330
32832 768872172
31141 904180274
5429 904108566
39210 247721434
35839 159481090
18949 24194752
18342 579248980
19401 89760260
21071 866638831
4136 561509817
3474 929704319
11992 515131887
38100 487298417
8547 475960546
3575 389424493
27333 25065899
7774 176459248
47015 140963016
30245 611223817
9698 420335894
35984 846275500
27205 332162373
12640 233657001
8179 264924573
47542 105863380
40408 559889632
28726 390984277
25465 849357251
39945 144261050
37581 731498341
5975 904001410
1266 30973388
6925 552470365
13933 127186766
19978 976739201
14518 212287819
28298 244029089
10451 484055547
3240 223450599
27984 614681509
24472 460191226
20741 643165780
35524 323115751
39692 732810258
26253 994502406
47827 448741899
5581 552359489
24802 292225609
45364 89957851
45533 583278690
2042 27970063
48836 497001178
48921 824435913
25788 616018626
49086 725029400
18101 301590994
12998 915334235
35001 68709621
16677 634245484
29365 161993138
30657 223171333
9921 672716600
41288 304772682
30082 307993637
44085 278396683
47229 934336513
47464 863385664
735 791786761
25938 794726644
15813 638047197
31017 332712960
30057 2618707
14160 379049439
44197 558723825
7456 345011882
33304 687136855
41154 985312875
31532 854086379
40355 421227786
6977 623336798
47921 504708966
9007 438421298
44636 615048397
10161 218225687
14415 442590453
4302 551292837
39594 64877393
41773 907433394
35260 247604069
7245 231481130
34211 788596459
49847 886461689
49141 703169262
11560 669845727
696 429403210
43315 817079512
7212 366824165
40021 110424562
45290 688619865
39559 825763495
33393 629976214
27740 661762286
8173 576694385
4646 968880209
46458 731592917
32236 857063747
20385 37913725
42531 73281110
36514 808061363
1602 797750454
13086 953876856
42293 779748579
19757 434708833
25948 958060082
4436 274511361
10804 474560306
35115 71848385
44244 307839033
32038 657963092
41880 834377699
35206 827080482
46253 497975871
27789 227351266
34145 926405078
9121 13468953
6389 988936477
33993 709409501
25505 619154170
6715 53310759
13222 188073591
17788 189479147
35753 856994294
43536 436752166
309 715270513
7223 237068398
35592 953237213
4181 207100479
27315 221172275
30485 320628925
30837 910740186
34861 368664102
6128 19367868
47077 314570591
39789 571914203
32951 731437926
28915 413938397
9901 714701464
23110 319454845
1875 156853087
39875 381827223
5218 748382624
41415 976569686
19210 897447991
44360 75126009
5287 731286387
24448 841759086
28866 606242583
584 417073830
1373 546848783
48516 640704495
15160 655150999
16910 719097857
37983 396314770
5883 538085931
23648 893501558
46152 6984006
39612 89503411
14597 771765710
39171 421513141
37978 29630852
4235 243807719
33024 526008308
13018 726897392
46499 262366110
8414 338874791
12203 301178465
17419 878909775
38685 564070639
28918 464806421
22566 353972358
4075 849961281
35925 262594568
47755 909901379
26603 22450681
49594 86891397
35677 53986224
13672 265232584
33932 308517279
24963 138452625
39400 275580810
46697 464357842
17765 738904581
39701 391771908
44939 37553612
47486 881838210
8321 211953595
22754 89643302
21782 173608398
32079 314507480
31878 495687042
603 638236683
25272 249276311
29567 656880022
28256 281994071
19696 53771638
28917 164457226
23919 14901460
40392 567599076
8989 793721365
45844 559362484
19281 342535110
30332 749041786
45419 908116712
456 388548383
18583 13651862
17492 991171183
32543 785041827
18635 399215066
18471 20595244
2138 103450120
7235 331358322
23426 132647330
42996 465910265
21243 148881672
5733 164337147
14396 310363135
30175 604873667
19321 448808384
28674 355896071
28975 619947132
32383 221034805
19729 920501907
49899 291270874
29027 838741039
10665 413598696
43032 544082688
46583 400598047
48374 609808616
33788 433026688
16234 722650453
533 441459136
1795 435513297
5068 916803797
42326 887922621
40161 783153244
14191 188034806
1542 121231243
15875 380736106
34093 989682077
9398 42588935
24773 379998710
22166 100439203
21666 541352906
25307 594152285
47503 469907963
2221 486917202
42091 106480625
28320 939273001
35948 508606254
9355 127484256
16875 267013217
20762 440966513
47802 298938079
1250 553740419
2812 931176289
39446 808204297
22308 555768154
38320 803915302
44347 321021613
11141 613461948
40650 496222767
3681 130671312
40218 648955169
46969 412100193
32721 624419146
25040 807320272
1509 732578600
5106 157419728
30830 970483779
989 541355542
23955 229543067
45081 507252350
43677 36568430
15096 996093226
49189 828657832
41552 779200608
38316 182022101
8541 696063245
7878 557683093
9632 526254613
11255 809970982
10868 793741518
5303 430908992
492 66122759
21779 900999926
20526 195578065
17752 33747374
48490 71435113
41863 164482304
20096 459044368
28826 82880823
8075 425353452
32053 634364997
37071 602495741
413 199126046
43156 341349270
5021 648448826
7127 637902869
47147 120740652
23596 523963221
10520 131435018
35525 197207520
37699 777998302
18384 42191035
43462 159117694
15450 994338316
26999 864944475
8812 457437682
17895 551601392
17309 878905169
43802 619786100
40569 629740297
3768 932024290
4309 708989844
38185 937360591
22216 415081718
3049 566249036
47617 784841950
3786 90321906
29928 418216799
43132 218560871
8457 908267773
11490 350823150
36677 254422045
35197 556362598
10728 928525473
23074 793503681
41127 985010395
42915 675164819
11528 748236056
41132 97512748
48952 499293029
26024 379253197
6017 404738631
11605 560915216
36836 713187385
42726 928230971
31814 941913528
37790 862980978
8815 454778315
47355 948465301
217 478127104
25480 428489842
31290 124610607
30061 384549528
2580 836813495
18026 591320908
2801 927395188
47103 644787388
34892 309109231
3458 578590635
9822 722542910
14855 197229404
46060 141780957
13689 670057881
23710 406471651
20888 709671795
39440 610479253
35887 956472219
8146 550403100
14837 674161305
30267 374653982
12095 130557823
22219 456816119
11990 293543384
36945 753248448
24706 62504819
20576 299944760
38639 307104258
4682 547022954
21992 768880287
22333 879639345
23669 950289225
23697 997139322
26091 961091291
11760 861215654
17636 155587853
3143 157844457
46414 540742557
3065 981711227
5604 950530890
42808 583015694
16672 273013195
28549 112975174
8486 92874255
30473 598381472
3169 86571776
49142 446187880
37640 304828822
32620 189312780
39094 274349488
20140 779432574
4313 657194964
8966 883093119
24445 513124049
28016 354132286
39073 296724353
10082 604373362
28391 519478553
23462 935496615
4137 117043404
38828 887595107
20933 352825941
31046 812691410
37232 319171821
13485 231911996
12079 964757522
32798 428841415
6249 412204605
46057 829767220
22431 806755409
40524 778472118
14562 781822350
10285 427505540
17134 781682076
34603 964467090
34097 25691373
35778 852177921
37725 760518829
2602 735719387
36087 611305180
10338 38207226
36572 297042569
35467 34436275
19677 842603843
5973 887645256
7256 770292236
25546 343707204
47684 883856474
33611 120792597
7173 888186666
4856 577526423
47745 609333592
48799 400094487
47265 674791914
31484 982256659
35415 184839061
17044 268421283
2234 553298513
27110 117979277
47507 109482384
36804 171516616
24989 984448333
13948 344342409
19614 419546385
42515 545941981
21135 231215497
49430 232881810
39549 274461367
8013 323253088
35692 48580250
21853 100843066
22499 546601026
45979 872917006
38238 398091205
23051 574824117
9866 305164884
8658 93582778
8809 457604138
44895 435789310
2270 105494385
33841 422379656
22107 103627731
23802 630733857
8513 62503110
21259 200868561
47721 952656361
36146 707788557
31612 181527730
3775 608095559
31758 332811296
33006 568575698
4023 658745961
43669 537669925
24832 191202273
36285 803894748
36499 943507631
5599 636033631
18370 105499946
35192 405353982
1461 918173188
22028 931845577
25258 968349374
34381 514053490
28607 498759772
46651 737441187
22676 172623468
32748 917551422
14156 189252132
29779 595819831
46959 159007152
31078 460368768
44249 620295986
47275 448431483
43031 508688914
47783 938775528
3834 670860742
20401 573015495
31164 170179666
20374 635874791
4736 481664721
5655 761234860
15627 519204554
35458 816216879
27012 609852629
18786 658121295
17961 356817000
42904 216109678
47146 1168700
45972 217624254
4286 121277748
43244 926188064
7580 122191095
3810 273414897
8405 958274073
2622 430584111
5996 18465106
1547 690155825
32736 497410343
24153 632441676
15851 805581394
46194 591616216
28925 969204566
42967 781344720
40726 259930175
45091 841079293
48942 350083591
21859 831584976
24668 813313801
47089 528375413
18117 271382081
37702 402674678
387 993055624
18145 305004989
7616 124249183
13752 836401695
23073 801759272
29841 398458525
48410 611082887
41944 245436904
25542 607687682
29756 565647797
15130 711465793
2103 975593987
10696 129618318
16110 760666105
44859 27778931
31904 448640610
15807 392947345
26551 242288346
12398 737958370
34294 594553728
49641 299164462
17966 827940275
23929 174537681
41645 969802362
15535 953376120
4249 937427907
5355 121285062
45521 999850080
34289 167271072
222 532472790
19268 433900555
1627 227167659
44462 10301620
35178 75924501
43239 449743208
36006 927188127
47688 198404363
6901 237304398
8937 965305834
22246 259754628
20200 944035841
22496 608500402
39383 905302370
46728 81751710
22125 799187800
450 109557105
662 585030724
23900 297870674
33432 134211654
39552 117238637
17117 864356437
11744 68429445
44637 338057369
5860 591905643
7820 860570560
32812 711268340
42910 266126547
25108 378362407
9071 945878802
31271 261528962
23624 405571900
41616 681485128
6437 94134859
32019 570086090
13708 90008215
1046 342127280
27458 324509244
27372 552163365
33610 457053100
43672 582886109
24015 343527484
26019 619301374
41654 728591495
20909 491715251
43890 646618336
7737 929587969
5066 438748231
23014 88098410
234 43207990
16389 974453059
19681 906716023
45196 807156526
7167 619367230
964 557135409
35269 95175002
6305 141534149
40797 797971620
31765 837129141
19139 681096047
47776 480241815
34251 903615489
23689 42520393
46251 856833203
26918 478534902
43657 304122051
11507 686991023
31237 312785343
7975 691607983
39961 932954091
7915 986094914
22412 902821862
30347 284175054
19664 565792015
32842 627969213
3386 918560270
8245 39125003
30864 623422646
32611 501905720
24847 337090207
451 615563762
36655 3966226
37899 277026921
39825 392846236
35373 875097967
17894 956910227
570 228473753
33215 952658533
41011 524468656
2096 806665835
48665 185599495
40310 77505225
27478 449321302
33097 379830161
19533 325459580
31984 341551960
23884 295503470
9802 682759429
4217 843289927
29095 417067396
49081 832802143
21594 655621954
33339 539419007
32132 244089019
11955 525732852
10560 284819016
21538 899298946
47850 240713863
12502 991104773
11427 515664814
4652 2411616
7069 861628660
38118 754910615
33516 827568057
46784 608346876
15139 915449052
22759 92575517
36432 639387171
21055 437942931
19199 181926710
49034 322283917
7318 156409876
49843 37938784
21465 444272367
6208 408408757
4674 559997939
13388 93348824
9671 683514496
22348 457658392
36186 723633998
34801 193479131
6290 506396200
35133 126566809
10282 233909718
18803 475349312
42659 569857750
32853 450326751
29967 995779880
30927 743495799
36937 810477237
21448 714796208
33967 774591418
31465 554010412
9302 356546828
19514 723292040
13338 207306014
17907 106905912
7959 389341579
5605 287650036
38138 380583421
30452 96077643
48113 189707911
47777 619691454
22582 403096400
14202 910650412
9100 294609119
4469 606351020
40194 348463214
2416 638991996
15492 146266275
16406 917549726
28353 284830521
33420 369997367
28881 49804261
21078 408754572
22506 87884631
33238 699515171
6761 451990513
30639 35741127
16663 795230401
48855 742417491
10091 67980262
22603 786677119
38050 816004427
19753 451549113
46524 924033956
10983 635318254
11889 624722069
37091 303718028
5362 257449952
27302 116309371
45334 293497604
13457 4988873
25126 2473772
34570 380095115
40120 28936662
41309 494751429
31092 948781364
40686 40430685
41961 667814057
20316 733158166
37626 969778508
39510 125148360
37215 714606535
47292 615688741
38161 462185891
16252 696723032
35826 397176336
32927 484038268
19880 376097531
9902 227107032
24100 706889270
32196 108737621
23484 3467824
11969 394590347
11369 687124297
28848 431696748
8710 274116538
22518 784892610
13794 882577557
10003 141828377
34207 27908420
17331 46241232
26021 964277644
39840 991747070
14354 32922909
15022 629411125
27410 344848552
35582 147195387
19394 961453488
35518 982207410
5887 167417232
9392 325752678
20531 740779088
1939 549918346
42150 413687380
35253 676901991
12688 404495450
24932 159057284
11893 497279477
14430 136741642
38583 431341479
26581 918201793
13713 424157732
43343 252634632
40269 132271101
29448 147693968
34043 442590448
1146 516039
12747 250113385
13499 296897632
25657 628489149
8150 540941807
2360 714098994
33286 806434172
25644 158709850
2601 702252631
44074 958631514
17012 637115434
17390 830193336
46268 788839355
48305 646370277
46675 269639766
28025 48015589
37433 790982798
6916 476812140
28364 440611865
25436 715209511
16055 134309182
35167 858615647
10059 394998252
31106 119922078
40049 954151281
37032 261500615
3897 526480375
37488 990632867
20750 115131258
44429 144279421
25768 558349730
16586 575307054
37340 220003587
38032 668242322
36223 398964585
19487 518819335
10801 58879951
17095 391036622
45321 814849925
1223 369685
6133 634651166
15797 817168902
19713 447759420
10238 746160924
12964 890574084
40017 772358591
6402 339050702
45435 734616901
6037 250792673
12803 248784923
34057 502874336
15224 951499661
14965 361955765
812 190346521
29461 65599480
23132 973255510
11604 435288854
19115 315643656
12000 21764386
9928 336971588
764 642959366
17992 478901396
31393 945010658
25977 335979053
7599 678979230
15329 589613745
34998 597674295
15640 54623301
34753 40880590
40609 534353404
8721 481432185
7056 344395334
27834 438740260
45432 567192318
8724 775129183
27349 255386324
25803 888916062
15731 896908913
46402 316306703
5639 193802499
41003 786418573
17552 920739902
28056 450121513
31611 127014303
38114 54230245
14070 52296498
49356 912056321
28968 386583231
4262 26339945
5093 481053714
12130 756198686
47933 932849003
36906 65739307
20641 592876902
2942 462283927
27782 911144075
8685 411359435
1880 610129195
8068 786480331
24614 72528630
27354 370209604
14999 972974381
21712 383157601
26693 160109345
41251 447405688
39134 869001167
35956 295051431
44711 630862495
13283 88297644
36812 107042837
9345 305720931
28611 698593314
45909 131576668
46513 986597103
6362 973142780
37290 564225268
41811 652407064
43930 259858356
10822 83543327
36422 131131699
15317 180239322
5618 751805155
39980 744047929
24849 589746843
23667 596821256
27446 867292950
47339 526490327
41956 171778322
11628 551974265
81 887626699
8902 973976983
15715 832532185
27903 882488086
18332 460308901
43102 317522623
37829 359447268
28684 532234133
41474 126501428
39026 361351312
28759 636844351
15285 204682369
11784 391836616
1893 667038832
17285 219355506
47843 894719171
14316 571968214
17836 950510354
27278 356045343
40574 371078186
42056 339400516
197 259743190
11909 623726476
8701 239945755
12474 180188436
43170 406690935
37532 780275606
10911 210498720
24484 797791025
25747 798934143
6779 458482394
11926 829503391
45000 603989121
3290 666177136
8922 335656582
1210 145988772
36399 632977381
14995 291837488
29972 435610189
14659 688546863
42626 55997082
11009 812538219
46344 63224034
16728 124971947
41777 941523572
16488 743810550
35776 119684294
26493 675294655
39036 289386086
3583 128271588
24766 196976936
3932 304231994
43887 647110270
41572 125431118
35615 465382753
22558 795704953
9626 159097874
48180 467926511
14155 717562405
47561 765694612
12241 522248631
30126 956500214
25999 15170032
23005 660180388
7327 81941667
30221 139764161
3054 570586493
41323 939413387
27558 508459239
4793 260859633
16286 140115261
45064 780404788
12472 215327369
21102 967362917
39834 69805682
20499 468753552
40160 587458649
808 562504108
4578 73215556
46233 953162789
16254 952644813
46854 756339055
933 829027043
5538 634757937
2110 491293651
32523 492213351
21587 139692744
2678 998646934
12082 239730392
15648 61580574
8609 321489953
44718 515159241
6587 82480781
38944 172026976
34222 643160006
44508 907708538
19259 194105901
32022 916966080
39413 260266336
35952 492514598
27948 333253274
26106 748549698
30455 518250077
28076 18801822
49038 920735977
44240 699026405
7969 811054033
15657 484565688
33627 72823135
27296 831512113
40908 811076087
43882 936631493
30610 786988455
5261 423938335
21229 503200791
33167 876912824
40460 594002809
8549 394917941
49934 790231190
7299 227919786
25435 623236172
29069 858445896
31420 552219225
47252 587709394
27773 928281598
39410 577836667
30810 992020548
31272 413445601
11623 335383612
10974 504738403
18914 832382787
3542 644485455
13843 112465663
39025 971012651
29233 105490156
49381 878586787
12012 764967900
36228 373757165
38655 525785462
25395 79371642
25128 129979246
28757 570840025
43569 772934760
21130 616855345
13896 734913227
19571 550161426
12654 457921468
7837 358746611
39954 774256996
2296 782457622
35985 253734091
35386 873704873
49650 798157196
14902 71778766
45922 972394186
21289 509232986
27889 329333385
44488 969864289
11516 76085506
12945 477293813
44567 711293781
41817 523037793
48185 334667521
36822 784550202
32599 30064685
38558 389525453
6627 521979561
22942 33266744
41014 399867196
36292 163215328
5609 202233983
39691 994087807
24629 121584289
43506 880502472
19707 888658492
37212 397120183
1779 37178296
39804 415408131
48542 950327998
6414 916473833
26256 51988237
253 99477535
31536 239680739
12370 143908831
6787 174967952
5872 318980581
29128 167799261
1905 210891281
28969 251916033
39879 874940160
20719 342178615
37802 23689856
39238 53525232
7205 687144264
20142 123049582
39770 360526424
2901 799768801
44055 769863045
22196 544155571
15765 910741415
1268 910697629
16748 972945344
13965 562920850
49620 840751048
43168 551887478
16906 760830945
32166 659931993
21408 746657125
20321 115864733
38784 260069568
42367 962901899
19472 279600781
28586 357947224
40061 144662928
40840 57927912
33884 554703199
25730 557749443
356 254700466
34947 369124415
28022 761486504
43837 359373401
14104 981025278
40615 539220378
18844 608845034
29996 478938443
41451 612035617
20603 878592963
39823 46493151
45666 150375275
46621 281967807
13614 115412362
17587 178459347
35838 187546127
40137 352685494
16539 203867262
41244 767479033
7894 433778462
22295 921312437
24446 201480960
49449 934729691
18761 734186424
32959 275124347
37312 597739734
19460 52759148
41267 973234188
11236 117814436
17802 512014073
48241 576054616
36424 276023551
23480 705665786
19517 654911424
39648 402832546
29934 150847459
1518 965987628
46229 838125617
17928 910662434
15857 548078289
34568 68671855
34579 955456204
11952 746399405
18455 223333990
18587 872943020
4824 560941378
45956 79871675
47934 81221803
49753 294712961
20785 776996059
5050 615805314
38312 571546215
40584 729848196
39104 870229669
16028 129387275
15791 393871039
14097 681479081
42784 96007650
18969 915409948
48657 652217719
14848 791637469
29295 527326287
40514 731894519
8688 671595243
27074 678852655
35965 27213216
34596 739640483
49728 252412703
4523 173504078
10956 208183958
34924 71184041
30824 501230398
1134 726678677
16176 672593544
41994 989829420
3979 944607694
33851 371512804
47040 951023100
43115 67536707
29192 236404031
4960 506041220
36815 113714846
43816 37034278
37084 386139981
30268 133736683
12271 520358609
31990 43959738
9871 740363175
28050 825566888
34688 889861140
23739 850863829
4624 922616678
25228 135738082
48936 993699232
3439 40188021
43362 215343348
10976 332217473
22418 844357177
9705 634144751
28264 724460321
36031 110679529
38826 855087399
2959 872981914
44543 917249164
46940 647660048
39590 247146957
45027 346868562
36962 408718239
6486 240798217
22012 644591556
40152 620735363
41411 964552810
13057 204226081
17427 722877146
47063 38884199
43666 84519151
39267 687249481
5361 717740447
40603 487988280
45726 191171901
30539 627566699
2397 126385716
18504 972430393
46593 864389241
12098 359374635
25237 365451631
7931 370708986
33303 931158200
18010 244151549
34059 893758621
47604 310829084
36498 131313432
39150 586161411
46567 874422293
21506 136404640
21140 838229177
29875 860667452
25438 870694513
31790 983067299
34017 907742686
20081 310715225
10600 168907106
24621 971741069
26437 816470367
9548 985027465
36585 945130280
13002 601584442
5891 987798865
40623 130353827
24190 415272681
23428 377431012
17343 320388905
44390 996377959
27232 934167502
35606 171204967
48336 42237387
21233 332554628
22526 343523674
24509 32140843
47134 182388595
4639 365973200
32485 872339305
2394 238715429
37645 966641155
13101 798188949
3809 123502558
44300 520261199
33668 153771734
733 212302390
25541 168631482
23751 317138557
26587 963666434
3432 150020362
30103 649639202
17077 51130072
35621 14922897
718 262715204
3282 836299971
10567 588815718
38519 95351617
48266 615428289
45993 422160852
23876 382747985
22988 936287141
28662 420954379
32630 822520938
19877 311729269
40849 759319691
25392 233875440
30307 198201242
3416 494803414
32639 639044919
36275 293511046
29240 951465714
17313 102442377
41978 4084509
7933 685855841
7735 592206923
19146 197463601
44983 260745144
31585 317730149
38018 877921738
13968 914459633
29510 49817497
38839 584487945
41778 967169773
37059 497611474
20456 598289623
1334 616127267
12253 531870068
5150 644750532
32759 622021464
20805 472639987
22117 484000271
10203 426948857
5890 592006285
26787 321172992
42176 662106086
42419 731469150
2105 370559351
30880 623098390
45221 620470980
7715 842207038
9230 925264078
37282 291850380
6880 100912714
18024 702012121
36619 528877572
23694 24524776
34983 616907625
25385 615568581
29617 250643057
28358 730406422
46121 149236050
35805 98511229
49483 525970459
19964 161030397
2475 134395992
6331 84357320
40430 691599738
5010 254165757
46964 494092688
30517 19604734
38858 563205724
39783 772515575
24567 513872811
6086 420837677
47598 957572352
14556 493092284
15809 472112948
40679 871280952
41397 363950674
8324 95527551
14551 289471641
41111 857273128
38362 739047387
9888 35223420
42549 893793175
12942 850634528
49404 664630705
2528 456922406
32192 778343112
3567 795649704
39629 483461952
38533 251394483
36984 336939926
14259 811973201
24162 268336306
7462 761064403
40871 32133029
7806 672886462
19922 349450846
34553 462967781
16905 902814191
19975 130031362
17528 825537589
25353 550409551
12233 175316548
7002 186709285
24136 90306676
29293 538450302
27090 445080513
43499 451444225
28794 498150322
27636 981748056
9217 519635398
43370 304026966
8952 699649129
41985 333087723
18624 243679891
11319 388757941
8483 569260004
1324 578883659
12327 673653934
15958 185109680
4305 2515689
7276 358450832
24632 48237052
33332 536989976
33232 354998658
12347 15224287
12660 310030402
6315 851996901
10220 820003687
5231 961262705
21703 40528094
35551 685226072
35594 233343221
22811 227517660
32063 503522273
7262 839705892
7050 967236803
18112 907002814
20685 771464759
26535 712292610
35593 242450972
6960 307670769
5409 167308631
8626 136382927
23150 106185123
44514 846161770
12697 508336887
19484 828864083
46327 412408168
17620 175812827
26553 206825695
48550 872711165
6875 577703468
48590 363995289
32893 532874722
42669 830937945
40914 395823549
34065 264303801
47437 249843333
42340 387369133
25020 708918941
5672 507719735
12372 721153046
27652 998712928
33549 872152230
39896 106836453
4057 413024401
1234 217544507
41557 17738111
12904 973498625
43539 785683890
17954 55895048
43235 762025257
9824 660236427
49072 23790224
14678 709800003
47207 900507545
48166 720786999
14188 399401202
14017 586796756
12417 408947469
48976 498262737
2034 58115631
19751 202089183
36459 935987273
16579 641488456
39641 262577679
47162 291829106
25024 351485086
34987 215620604
4149 393119130
46216 578178725
12243 350969332
3876 625673306
4030 591061726
25790 366906777
40821 511030742
8574 301173768
18473 688337788
46350 588444752
29257 959972390
4778 47709761
27705 27145659
15599 732877086
33745 497981713
32134 957652750
16042 363387068
40277 697916471
15257 658487284
26682 131676292
9368 519113064
15369 919621300
18952 765600366
39579 456729186
29076 96112312
43860 934868954
4408 684997011
31323 621718501
41234 658512962
20941 331323380
48899 898176708
30980 124904897
17583 247557059
34993 483022377
48337 895178599
18399 612062434
9001 368175764
33181 122992644
31247 51744517
25736 392889183
23344 578321893
18116 669584814
43012 92003501
336 421656476
39292 251400728
28704 976810434
45156 31036301
3212 241806275
41068 948301285
39827 111447241
14329 530957972
18094 13736790
47432 913911102
45572 899090840
49976 471470706
15952 462756768
29089 268374373
43454 58113996
47311 168845734
26175 141727279
17327 379396495
41276 752705045
39102 126550925
4033 346798012
47374 860539956
20808 45179059
32741 559137474
4994 503285101
12699 848821087
26956 509705509
35361 181978576
317 340506463
3854 445224671
20840 965020134
44501 359023065
5985 313167433
17490 541104643
24252 410243773
14138 987868060
42447 76404211
8098 907967771
24889 815187759
28366 132499808
35541 71087225
3062 924959029
22070 83812310
16902 505173609
28060 912884006
12642 533516367
24137 698206209
29771 622527408
5628 469542319
49519 138230210
1751 939363349
32916 425607376
26592 440980966
32332 331026893
38705 225254467
8064 231084765
8443 767917818
20951 638944187
25452 882287358
38715 890575999
12470 579426099
18619 699930407
9265 566042807
28867 333985293
29507 938656643
48102 953991491
9123 169257896
13026 477517293
43456 31471211
15628 887794731
46970 535984773
9447 469485765
42945 477683845
38861 315639584
7049 422444864
46155 503177433
48221 955900559
9571 36007093
8704 455810727
12455 854177952
29457 382619484
235 931720337
49737 299693582
49815 848960306
11090 233940661
34474 219475272
12454 424641327
26331 883184534
39342 656920668
31556 308099164
38002 193981135
42196 801800499
4340 930781896
9550 115772122
16687 801777471
3204 863882236
35691 301123001
3907 725014530
49238 927246153
31630 530840920
41392 570409435
48399 436917640
13525 607020941
6408 619013789
23036 370362816
21695 286294294
46705 768040574
46053 844401083
25599 650138231
10526 272298640
18531 164791289
2705 829000286
29944 358459132
36635 419620052
35204 83342357
5892 823681885
9115 748352674
39018 539091517
20607 846502586
6577 228658085
4593 787289786
44498 281478866
25903 685393513
40463 405401724
29036 980616089
21561 990263682
48298 149782728
9958 351612056
27551 10645537
40539 761269351
35332 184511117
46298 312035409
13628 152144788
41723 708225404
36526 782591290
44547 871424975
35837 260548038
33105 284455914
19737 372757188
2173 662865053
40745 581656440
28682 106549024
18237 248268956
37657 703992897
48033 310995671
12830 316734074
36242 604792411
39684 306019564
16089 360200536
38970 708394474
44565 736027292
6978 400005730
32144 236168306
19747 534790279
34021 796007068
16570 961636562
22615 501141667
35042 168806545
44951 727523083
38457 631892069
30344 174853571
41964 189914550
7425 838357362
37694 7747801
48502 164974814
4437 671066431
32833 849704264
3270 424046791
2057 743554237
25362 773898487
47200 756292354
5424 430582131
8510 280391425
38572 175458442
1444 23129335
17700 952204940
47726 94540046
25396 50414103
2301 905789691
10226 394900724
11240 996738963
45195 547572751
27129 375932839
26340 602440423
34216 88986502
1070 71153266
18248 502781413
45688 952713448
27208 8542886
37639 154354752
32896 424397506
24131 411949834
17241 841204810
24426 178199512
14521 742588150
22859 492074519
42109 775094218
21918 824301739
3329 433439544
44362 73606483
27524 162971576
16856 523649621
15965 584237546
41190 57687092
49083 519925691
38684 385785381
2516 453422976
44945 89935644
26125 156626602
22242 695168385
9998 756468987
27114 658204473
34600 918633217
8217 825682154
3757 513363024
5064 603390473
2208 638271641
1350 765113030
30117 929071740
1190 731581065
27891 960020748
15468 63702161
10472 845427062
28263 738849596
48139 291427697
28515 22088703
44145 246085267
839 166164776
6973 143423266
24738 373719026
26799 993654352
13412 584756727
8715 874490920
40018 67352583
22598 732308809
38211 468901167
10425 118751472
18483 946936158
45988 726454328
48961 133123208
16314 425047059
8515 831312332
46132 236541274
9851 432363724
26632 478719303
1896 764914247
24999 453652177
8355 716613744
36858 346323560
11802 474962130
20953 644205197
13914 827561889
21512 891011014
23877 368284116
21044 329625127
39089 640913004
40394 342678705
46663 824023119
46618 381528453
3925 306711748
8630 367977667
42658 279228187
10607 853399771
43570 16497600
39792 436619133
16515 475241644
42519 333599415
2834 354645599
47449 362583449
13226 481489741
35369 28649828
44958 227862970
8109 896953069
10572 143882586
48101 503926095
24017 578777939
20362 77702565
20580 662717162
35932 756995893
21211 847563605
18294 456337515
33571 239642881
47723 378063534
26708 535997017
1237 738876806
27813 584994885
11280 200274531
22614 673982001
17599 695291078
37974 826116170
14340 416312741
45375 633985588
5013 176077135
14784 689792372
38676 496300875
33556 144726363
17084 923387617
4664 492763973
39625 380307983
19772 407172750
3676 380120122
44923 972430625
27805 705880954
4841 938741683
17400 687004852
18559 192888135
2607 881904002
32904 935253573
28817 331062118
17395 790297686
14604 488331191
44474 410286991
1496 213276603
9 840605377
15733 149370807
13728 645184789
15505 666794059
5920 547140227
7643 470956817
13155 824035614
2047 601942004
20244 83055824
25019 21497702
45768 576931110
31677 349811730
44375 419453664
40660 459624132
20344 493437790
5637 805076575
16568 648506753
13131 482571722
45243 399293505
38750 801116629
14299 814817736
41991 268692138
2781 585013117
5853 25019060
21780 725483598
15493 800275332
4808 553797818
37037 976162744
20183 782500244
49544 476024798
27003 169068589
3526 938330820
7396 324533969
43888 233256904
33711 380635783
17088 291672321
5280 391369266
25990 843038872
46575 60294618
323 835001578
27727 26249935
22980 245643609
30396 273218865
49301 65472603
12890 125473426
45591 173221324
3117 132731980
18222 935562366
31718 248980725
23109 819342890
23242 684242779
17550 689757901
17964 202330120
33690 108463340
40222 577250763
45429 327129833
36741 341904506
49967 227956993
9916 75510554
32372 267012621
12515 923398684
40015 853207004
18407 312970851
41053 108272408
24540 489885182
2486 899839329
972 511248810
45448 873217589
43465 312905323
1482 583241027
26092 888394044
3168 291485491
26089 154465685
28224 289138979
26366 157399848
7702 878350514
5019 759547917
27368 726683159
14257 943097536
8736 517771498
21400 774213494
20361 276899842
38235 199430328
27772 913972544
10596 6145348
46188 11478744
39481 46118753
12489 441340464
32228 426546509
20771 719794561
45552 933689241
14729 161983840
19343 269896677
7342 475940861
13076 356317501
796 246162425
43473 764037205
1443 628417178
20130 882428933
9382 716856388
21019 43773023
48754 926627063
39205 966162125
10158 629970611
9134 60800848
20240 496539639
42733 685294344
16308 664161670
14872 875411992
30638 345289769
39799 120903939
21120 708727449
4371 758344283
255 588504522
28174 496102370
43924 475977324
25179 869176150
36580 673279084
28668 163399355
9591 153231131
1192 724599299
18078 216889650
42589 343727291
48292 72696392
13783 600393869
42078 72439882
35583 842212361
12323 252530365
24782 679681577
48171 904319702
19974 869035531
33823 830154899
9786 525213496
41403 720908707
29869 412926328
33229 669776484
35325 378659103
45854 40030197
16011 673930075
29591 530539710
27943 831360127
39546 138097718
25523 729672402
6605 476078359
43937 677335210
29368 825503539
5913 294581196
17097 288469202
5383 334094858
20817 369674364
4663 605276898
6445 322699624
229 12939537
48165 921696004
48551 813198734
16782 507128767
3367 191065873
12051 467795867
44232 571786796
3513 948714799
39709 229390685
27967 543118880
12740 326258723
35844 49589140
49271 312515221
7190 908997742
7062 653990621
1488 515203224
29527 893036654
42254 665658581
38523 634045978
44525 177220468
1129 870460061
8080 986991945
9797 353008460
17278 847502414
11546 822728372
13143 451325856
15046 791675049
22349 440823203
39886 987800359
26325 620191415
5503 124491043
47173 945827322
49864 889587361
29616 442943332
46055 273558174
26479 820036496
25454 544156504
16702 368738074
5113 121834113
45941 845474374
15884 59545591
25605 552119574
1014 780751309
46177 367506407
46412 126883668
987 274390743
18948 482831117
33748 230687684
39649 927801247
4073 206189118
6625 957828082
30234 615671213
33406 781712984
40405 317504581
36058 6050470
17136 128750188
49249 112485341
41119 565396922
40475 138485988
45247 523998755
5600 622543128
36322 306641524
19356 121671815
22664 393584474
9973 777981232
28026 58932246
28225 195579942
32530 434064392
5210 938446123
44728 560557078
29519 154657885
43619 726992492
14207 697739060
1178 938166972
26291 276318265
29960 489893743
3166 41062449
3657 251333740
47897 252019641
8258 85243436
35037 308338213
30128 348802461
21529 948247088
7701 382926830
8805 930042252
12212 462023150
15906 788348396
48933 952516228
10262 497438186
1121 449818710
46666 445509780
6585 885365509
39839 379361690
41030 732683480
23604 552530350
30776 342059195
48624 854951309
28846 483796940
12959 930579831
18353 990197634
22750 22081562
41176 75582447
36469 992560122
3603 480154645
39355 529694161
22674 561614337
6683 685941438
43638 339123113
10015 675372443
10470 858706451
20008 863075174
39623 540223348
34175 308029053
11576 567491275
35438 690420895
5727 75762402
19147 354653663
8814 808880088
16015 492121437
1346 293668016
25946 494700156
11442 914487209
1287 656005959
19722 360047373
28762 532635172
25649 634301178
30988 386908206
21152 792264249
17085 932936181
9338 379756471
47865 635871019
14181 358739251
8256 9570878
21489 613328229
5697 810918291
24879 632522861
14037 292134385
11149 780827420
11459 667045474
1514 531057706
37169 528981549
45357 333359597
48162 466180236
32116 953673998
39305 320992177
16202 836324394
29208 526175274
17074 556186446
25681 844369880
34113 518332345
48114 320145487
47654 984857150
802 540350388
2285 916870468
16316 961803773
5775 952622893
48163 810267234
20464 159410034
37808 363247623
15711 648412155
20648 799987537
16091 538942298
24687 705755110
7443 450729858
449 298656111
17503 324564869
13759 599221393
25199 18477278
7683 972569588
44570 679544756
6345 519662006
24104 388175994
28824 168191970
40048 533802485
46176 172652461
42553 926614057
36904 739278871
22176 177230778
22650 468773762
48475 694975993
24914 313097963
42746 856048254
1694 53078611
33865 547383499
3933 423902722
33618 93593935
40992 939369254
28088 54722577
20712 712763314
41528 722018819
46636 648377098
28440 303464932
61 779812172
3935 363506380
23202 79854501
30022 971377090
16925 151626772
20777 736249917
45626 934962491
22863 896484213
48778 408637791
37535 298669691
23253 595186566
12151 421237613
6866 636339221
46982 867708728
1125 996424039
34037 284991877
4096 61721119
31184 307615783
21490 824748899
13154 506976609
44765 85925479
39524 901761283
26916 318671598
36066 428191285
23907 503553483
35665 22624941
18748 274696948
41250 127867278
14348 859575272
17800 456632209
23307 406702806
31145 956402368
10097 533952801
32230 842127932
5170 528212285
49489 52057572
10725 411894635
38372 145900032
26007 588292130
31562 562737038
43738 311672561
42014 193333271
10677 877962549
4061 977216570
25295 267418948
12259 269431151
36495 498059587
21391 789158672
26260 150333209
27670 747360443
35634 719734626
26474 860574868
4929 632513200
46319 276558337
13212 128129501
7594 33780781
48359 982950534
31512 266516141
16984 14741419
15359 236123942
5 795662442
22539 15438754
9867 965429796
32210 793633824
8028 964970599
28770 367746972
14287 62129727
36750 874931319
10214 27464073
30748 770387226
37403 819959540
24250 300591112
44810 283461423
6 184199380
48016 280762576
20109 608333245
38601 681377801
34850 768895295
34150 130575646
2627 383859193
17646 64882997
44318 815324313
44014 167640920
9980 222708313
2415 887346222
15208 978620518
49969 680329315
45426 769893597
48395 455921476
9602 868368406
49278 30502009
32283 365012312
29469 590715695
37085 889527287
42732 737233821
25837 952063732
48795 248137159
19159 220012560
17660 207467547
9895 410112563
17925 685950782
44968 440020614
44632 392210009
44599 99257500
23313 68886201
11737 432355020
22208 595371850
36877 895388687
8106 692076141
27360 745996317
44412 435633874
28437 355465429
15607 146761259
16352 628144847
9294 46756835
43948 305865604
6850 326103320
1559 121010289
8193 407739075
8141 938377610
30458 88213877
4283 409936142
25160 948991009
24220 976356224
17277 546501455
25338 590190418
16807 173011340
9051 234090586
39195 945877643
4555 821792966
44073 645057786
32486 997218118
26396 732344978
13218 241522695
32392 915645642
5554 354189665
18909 473564006
39015 514083830
12875 231557181
17831 804464124
32341 713490478
30594 508072509
5531 698600907
16035 289397578
42263 830871123
39183 17904242
25922 929619161
36682 138816576
47343 413653707
21250 243807065
21747 237880277
21642 251760455
26304 813719440
47483 697805208
42586 891579691
4844 863865746
13009 501081669
4273 256590115
23373 797499108
45721 691688053
3777 244501628
20285 984443103
44236 659372330
44670 600872117
11876 810481342
13900 927540744
15354 773396686
42046 698691180
10009 975137446
42606 215074061
22790 456433319
49176 167819447
30385 691178898
11394 618212191
43667 179940991
49144 828000195
14802 206061098
6391 544119680
68 243830642
12490 172589701
45945 918931037
47348 128649478
47932 468283348
15726 262071671
27259 851014775
4836 721080053
2852 352289098
29603 737773630
35390 231995780
5002 91408691
2040 385661004
22927 589838715
641 934471801
10712 405505618
29789 897572680
11037 799418768
42493 398162995
21507 159882980
41212 632531542
41241 71573049
47297 53903901
20065 834349597
22468 46833682
14123 638241003
38451 541427115
20015 148918556
17935 815872391
33829 431180705
29094 616383967
44962 628680107
31712 483570595
20948 384750940
18850 314145780
2695 557290823
3880 169691589
17430 995244151
38500 847562861
12067 658130393
18694 498536696
19167 567339921
9882 451707681
21887 149854922
48116 320406889
15896 121012644
44177 949387292
14854 596195591
9762 511398471
48357 271933252
38371 203950
4479 599588788
3685 429310230
14771 139828334
14813 812588876
46100 46640326
34243 278363200
30621 92609808
43460 847403894
11277 194493093
36353 953148876
21751 669036321
32578 517839434
39220 780538389
10724 240344076
34408 167094524
7646 557184783
18569 332963014
19164 17756005
6111 460765542
5878 306790526
8983 51137512
42985 237088800
15438 660850210
15202 363546447
3571 134856999
10654 675991125
9339 88107272
4010 240470469
10775 277577581
49507 372883400
19820 553893451
44455 451979333
22480 930914007
29794 955690858
2565 406503628
46133 37914277
34339 910728425
4032 366644637
11281 641121282
14511 550618170
3353 565753437
46731 144861216
49771 151497293
48919 651894213
28736 329482766
4166 193596285
22200 276522431
44108 737446816
12315 625635306
26526 659918534
32592 486430468
38167 154705313
11930 31945782
34440 451422530
3589 355858649
33149 30942104
45633 200000508
47872 122748187
32595 106186124
7756 288068063
8965 360211870
10532 875271885
19524 59369571
667 619381242
9505 56948082
18570 992407453
15092 631202141
46877 192108819
21220 625827620
10531 341301966
15203 719569824
33254 43314507
12543 739961656
44509 287692222
12849 765612761
31807 982022253
10017 451752460
44339 984882948
49605 351554870
39248 503199655
26568 241883684
44077 510358284
10096 270527065
29760 84247614
26691 273812979
10315 618246134
5738 580433934
39414 163680185
44843 168595365
40379 247710282
35284 502062167
46902 304583356
30769 924602657
45115 371770967
24715 657542655
26420 399028885
18382 23145753
14647 464352337
14289 804891993
4477 987900771
24974 160817135
42141 665852009
8222 233746879
39592 831688295
48994 596372814
13167 569154768
22955 374804858
12517 235432603
17689 328685404
2411 18855739
38974 311504269
41531 630149835
48655 735943469
43822 805521008
19136 860849085
27027 976958539
9893 386208056
5474 441835047
28340 484951340
10820 637795023
26406 491338660
12617 706486034
18187 752916392
46136 348352389
9837 802630589
35628 387974327
9557 171557906
10569 288893289
47558 52947501
21053 631312514
21565 934909136
43148 333196235
39008 796744502
49882 729925139
13255 272104942
41140 649675670
47451 269792650
42525 527766411
17036 410411380
11018 643796809
23615 995486793
24362 266689277
13404 394644872
47828 574976940
28039 689161737
11935 934465639
32395 510273500
14051 560118370
24107 363761999
12467 443318261
36240 607087485
20432 325876469
7063 181710994
28277 468828197
5698 777948308
28485 782663875
39224 608823
26402 303593998
15347 375815810
7668 929693764
3852 660434726
7152 286231827
11672 848746
14335 950384602
9372 416903745
37517 977371332
48058 675807267
19198 410916941
9790 464956644
37303 766320507
41063 391556264
29139 755612927
19897 862648809
30522 223506788
9360 425566755
37321 25295168
39581 855248538
16100 795630192
30471 690382213
29369 680696988
49428 221122024
23508 17274672
45191 166614071
24313 173759484
20954 959764800
7376 502969743
42968 191847330
37646 607282410
27846 318300289
3928 817464162
8121 511051458
11133 592274894
13349 670315458
28797 299993530
7317 9248303
5293 121737967
13654 436240916
21474 473211057
27940 480823956
6617 24566363
40164 825885655
12094 179329670
28811 409132970
35 749398221
3743 14578883
34337 408345295
975 633232056
23180 779431287
40909 130162741
14621 947911914
45528 906149506
13178 358946143
10099 245492041
13414 882661171
49744 785502363
49963 804476021
9499 382996176
48732 23636727
48743 72403318
2426 692205739
4246 845831798
26747 696538482
15292 899332886
4510 811473872
42863 903571591
14946 154348978
27017 395618414
19206 322134561
38636 314563777
739 257111348
17870 350156546
47254 820853968
23943 506569253
16373 36581166
29051 49384468
41365 301263282
37863 784376763
1708 432469971
14622 330855334
48888 854155661
23322 693958719
3904 605545670
42745 320084356
4321 202577909
7109 116806434
5084 77049468
33947 932173648
44865 794108082
23279 990887766
32411 118299364
39389 40575334
8828 282555494
5964 459602467
17173 285062933
48861 184066094
33873 196414673
28575 295043047
40203 642587493
17373 664402279
4645 309902386
49078 569592922
43598 995311940
21067 503053555
11039 201709960
33193 18603368
41845 749875670
26186 284661285
11341 808268038
49938 682539083
15904 556762297
37152 763804626
31672 150485901
13625 918693290
10447 885305080
236 50824521
12592 161697012
634 12373974
31169 498939921
24311 178424418
36837 828382199
15077 117759464
21216 922598184
49735 379084704
29678 264321077
1508 958976796
45065 452773303
8835 354284521
38112 245691427
25140 32475936
40758 451136609
33146 812599858
28769 692369009
33083 437724736
49784 4651874
40930 551939688
33297 986596782
28514 637480987
34355 19420511
14485 849218930
18723 761123766
15232 655170619
13749 647744067
15300 191441689
19668 86081630
647 145553659
2583 25783688
10067 341515939
15062 906787015
37587 122215887
16802 615787683
42298 353613017
32542 467083990
39147 829720170
14653 415291619
36894 776573373
22665 871059131
4860 856250108
32306 347129999
37470 991216895
40393 771570020
41585 634365425
39608 951617631
5058 220128466
34532 884879388
12622 665445471
48680 112771524
30416 365137303
6324 997848309
33059 552007798
41632 788807064
39336 470169553
47704 998633853
25985 76081812
29366 756883798
48397 395783353
29167 621285186
23718 846786592
4915 355201472
49922 524163764
47851 235878030
21447 913704364
10215 810202092
38204 976916858
10505 605572389
37897 61239317
47603 652713308
47983 772800779
38468 917783924
19222 673470520
27175 844715670
1362 329389890
28487 421809646
37150 52950983
33038 439636348
45308 227393458
1695 680057073
34508 416394574
4282 231999807
29863 483346191
33953 153610772
1149 295067543
26268 367403547
49345 831629177
2404 690377384
35659 100973929
31514 137540753
36617 854920749
6579 465388203
10847 155692535
44796 439638118
1270 228403216
39584 593485676
22353 680628211
5680 585879151
2409 659604404
41391 85779771
35630 869300941
24443 957302534
49210 946819611
43858 237715962
21192 713110984
8077 843928192
2424 528081095
10164 278427516
8063 826615400
8273 730109670
13067 98160243
11450 848514800
49656 39543713
30706 681768181
33623 216472801
36637 909897356
10992 311789044
1306 157574938
48969 198785198
45995 807713717
39548 187667032
6578 854241610
29169 918196213
31714 614874549
7893 312515403
10035 792080596
22741 306385299
23206 92184096
39972 845783685
16830 681893140
8053 719072599
16401 181999556
42023 331862004
7032 770579983
32277 436670851
9246 480729246
30763 844421671
14353 520254867
41611 201956741
42256 646601996
14698 357924039
15025 117881224
21660 545148026
22950 585019665
15089 626583062
10989 235990960
17125 605458239
14720 123371813
1096 646364444
47522 252171784
3950 122329657
47940 54890200
36269 842063156
22184 777862272
42923 848896213
3189 179562607
42325 73268987
15805 794177291
6661 448504529
39091 343933225
23707 255246701
2535 880824927
34446 593391755
34545 280269179
34741 878273671
45862 931613240
46598 128312374
4275 763213211
35496 126637911
28747 594810984
6484 77804860
39971 436168910
1062 265152893
11378 227938195
14676 712494460
31517 911230738
23257 489327623
4783 425377673
42429 298833425
9670 287420738
42351 580259162
24557 84242334
26326 63988940
11966 864420160
7693 810313631
25634 284488700
38252 322884410
35756 174882242
20688 729340954
15227 479439938
21351 597029877
38971 253918613
35738 62530154
10625 662446068
34546 804864364
21778 481304410
45839 595619429
38501 90081008
35413 64869804
44782 495246557
27785 67254720
28210 585219242
29203 737885510
33016 585623089
24416 122633708
40376 518047806
3592 466758385
6807 444778611
32450 645897777
1603 996933771
21999 413273429
49259 535018360
10052 258157803
19545 109511581
27755 553611460
32729 199507381
38574 705209000
16326 828444753
44477 38953622
21219 228567858
42112 388722515
293 612418416
41145 589754672
50000 231227226
12673 777127472
39858 914838623
14487 107870292
27693 57982309
4185 733502588
22648 757944781
7773 586514172
36732 664607299
37722 794722717
44965 390416843
32113 9332470
30093 525083909
26178 683228900
35218 969232904
35894 460326011
29535 669209920
47302 576592127
1377 731594190
678 164215850
26410 557693154
3256 446205879
40074 785637981
5624 755420392
23577 187229446
10442 977634363
30684 346499009
37800 227740757
46326 966787811
19855 371229519
29223 60584052
34302 727438843
45102 337350459
9702 989631282
49821 926707711
20737 475592646
16610 68868470
29057 142140276
9862 92938016
10846 182562877
5087 654025132
7742 869639359
31613 539935636
25751 357740210
42154 574462178
44950 876766176
49834 5145016
16064 597379847
5776 216725622
26465 154984664
47584 540045826
7258 79834489
28603 837626952
49435 150214788
8300 479790432
5885 743367231
7409 902372208
32539 298985488
17507 764861383
48871 219502082
24789 912376228
5431 254953247
49221 610060178
39573 206922167
31033 940563745
23167 510215226
37957 130271428
5664 540492223
9219 942838868
6832 193733556
37940 281168353
22789 512750170
14206 825470545
36915 409827634
37033 917622822
5694 324011790
23732 634882290
6811 118142896
10854 954234075
48951 78290634
21213 122813535
5017 36983952
33457 614038371
29743 99140479
7685 620842909
21815 447246948
37180 549364270
22114 849092193
29544 485619061
17350 155984106
41879 569481474
30430 307063390
8111 578585361
8875 973513045
8978 828245753
32397 674637956
46000 871230363
15167 917028869
41700 381225751
41134 831167492
46151 865234803
549 726128757
30045 201558512
9673 128960172
15978 210553227
40819 136410366
37197 776075718
35090 230488615
39442 525382054
19094 933928161
297 446667104
14073 394520839
40131 202620241
45479 535738499
473 837082626
29692 928712081
10849 78984382
39016 706164267
34790 474679868
41992 86473416
31709 222529992
43889 537934619
37007 355957277
4411 148078189
44732 125352219
4936 435367491
4011 140129751
30467 831507061
8595 5193257
20620 272852523
3469 718424626
46648 122591698
19512 417742941
33904 795881067
34724 267728509
10908 786713292
13379 989531765
45764 803109678
35747 434588555
24014 738476215
43151 847556624
18311 80787611
18000 724134354
27533 824693852
38602 754436285
10112 297139417
22711 205923413
13016 36447084
45887 191128835
42144 563599650
25549 119075936
13683 162453948
49943 245834614
16166 616189069
31364 525447007
49791 457916813
31619 33213803
30492 228597243
12670 10816336
32044 85399146
35523 729225617
11001 27684001
22717 4569454
12965 666246507
4314 434121409
1801 145616130
48941 86267424
8462 285495865
1135 410993059
22890 466631649
15976 40112
40163 191772611
49391 32178790
21668 599731710
45214 256885051
29553 857083434
4866 882302196
23392 194150228
7138 38611356
43901 174773242
33846 145561216
35918 139121302
45240 305296867
27464 430778965
12477 68233039
36310 562477817
17820 318878406
25123 910071273
40952 274226930
24671 279458358
2378 799370430
5889 706274200
15659 883418652
43631 224115594
19632 516183037
12523 216190244
6034 303727057
40738 522238150
46442 690673977
869 594662873
44908 40859768
7394 328362512
7202 358154883
18422 171283210
8264 291584079
215 371147698
12624 770059621
4498 390120182
1563 100224693
2862 121925786
43278 465175926
2031 576175045
6876 439520541
28323 892083810
1153 498015723
12685 957367768
40674 346213227
21657 968484614
18464 196134173
14268 570253060
3184 652174166
34146 555942713
36850 543246001
1598 326876693
12410 738995849
10689 550015738
9013 748638078
15435 251561627
16072 348218259
45752 350811196
27316 955346060
32573 729327984
14635 739156310
17207 867343568
47849 195113589
6140 937039019
22366 991355373
47935 316507248
17359 184909337
23810 961552688
5131 503555755
252 79762942
40461 17803041
4804 591111469
10527 885178162
34591 731126563
5045 589771210
16288 894381231
10645 105540192
3588 874000898
37937 342951481
36902 561296345
46079 66013584
3191 855232328
7776 954622866
46623 207599269
21325 910954951
18827 390418864
32368 448781533
37982 767650568
47402 864524806
27386 102022146
45253 338655761
27608 589956450
44760 485504489
33653 716266551
25369 9048781
49455 718702415
47420 400194032
3247 961880311
11217 568648974
28504 627026277
49549 68644079
33629 935696868
31409 500693198
38062 560741279
23939 839553229
31604 84620107
33211 198354222
42721 167052026
31105 39007802
32490 858641814
41340 921557138
27087 473116004
21177 229632757
10525 218766321
18138 359472841
28152 424558968
618 761228816
23034 905777271
16261 803065554
6274 856145557
36595 10198818
36616 741886419
6210 294549864
11645 231386406
16724 121822000
10890 946094299
29402 483325313
2126 232265399
22951 590426698
39908 820401082
23424 968598182
18970 762539669
13563 331107447
14102 773662457
14971 305194077
44651 575841287
32156 749184763
7230 303695896
28362 333890768
31107 273101427
48711 383973050
11435 566633145
32407 123478542
30747 234141925
38095 274497231
44586 309640517
41515 39948721
16961 20049553
1267 194573782
41418 355527731
5748 879380334
38121 74996484
17696 229188507
38165 576111202
46323 746462100
10807 21088125
49120 402158839
27141 201000138
49768 987880439
49168 15854666
1583 248811843
5447 144537284
7721 443681401
7569 235793401
31337 624479540
28312 748597301
46793 606226508
10601 290707354
18137 175629517
13957 505098043
645 758083740
2540 731374485
48978 37484581
36491 771023745
42603 564489139
8172 574308074
122 233094651
2158 801776634
11185 931852306
46835 958647626
15917 151782225
22756 27270560
478 198054188
47903 884619204
42664 785132069
19134 106725390
18045 845278828
12734 479336128
41082 42575535
8699 105648692
32747 146574897
8982 904467368
26778 875609092
16092 834552072
49039 800801337
26212 194062607
9009 825583427
16451 889683103
48831 414078905
1161 670536552
12480 8647146
21940 345724555
17129 698047325
24393 348685799
42156 426010762
6398 409777778
4009 533607571
864 159470315
4735 398350934
32139 796801957
38311 336661624
33216 481072995
49525 816842476
36008 693913041
31566 7081610
12899 263796872
24662 216465376
1176 460487154
10404 48295781
43886 370705651
17939 223952733
5514 422697184
47215 913876269
10063 552685109
21557 325551104
13491 856392047
15236 195454367
34263 476298650
1319 783185650
17728 903960235
9526 890288972
3174 535280476
26689 912063910
5990 391095429
33145 945174447
6863 129999972
19889 579325113
43524 404989911
6342 197623234
14549 480298577
13032 477055280
41472 368494063
29614 382224081
29830 200960177
49367 17713956
30979 893849285
33730 571419233
39772 864274121
31610 218442622
41502 312945079
43731 537626091
18906 518318838
3271 215413249
45383 362407335
16956 587910365
14700 451875639
20946 795868186
14285 42087022
34348 714218432
42613 408797775
19593 361222874
21874 944896747
18313 267821714
39925 475384190
40684 195773310
4003 383936956
13523 509735923
20106 658154658
35642 615176066
2393 72582441
1049 373394666
7397 713121247
6220 824904634
15789 588060360
21217 554195404
7451 825095538
15488 60333312
25902 855799861
9920 185840319
40762 520713677
28027 4182659
36210 385202203
36444 209960096
41489 747669180
41864 255258841
17460 785912535
1696 721098820
17635 539583108
37960 800236814
16070 248442488
18338 966704099
31492 62226599
41782 652939780
29593 19833519
1172 820522711
43150 42135484
24781 90980882
49032 115478463
16649 104815610
15225 881938119
32355 401944199
37524 424298061
37612 458281878
42489 25199226
9208 544265389
33579 951859891
48247 565473314
10747 264447829
3051 209200475
36763 270927992
9970 980099443
35953 4327223
25552 287169322
5245 864723393
31442 987910146
6076 897018004
37870 169311088
8085 948739101
25841 67528260
4661 488356156
8597 641357403
45759 741675644
6658 537439878
4052 212752079
7478 155636332
22141 271506224
21282 730489937
33336 340212211
2644 903931569
34975 924250193
41962 934840769
32206 828394273
8331 204364618
6685 378822748
21164 852084420
12256 636924238
489 514360576
31010 568250887
8599 440101137
48517 14028747
17835 426524749
24899 450280786
40296 350586214
24231 852264464
47223 881411260
8900 541133790
44684 222079270
21973 173886953
2758 561712853
14818 786431030
15660 672850739
18567 741986536
28585 413479930
920 370312123
28049 775538931
40647 462695433
4614 272598774
1437 564067844
43991 677909406
29397 804149404
10798 61002843
12629 288740459
25572 469952672
36441 162653457
2917 275411641
46436 350599455
36401 467345500
40610 61748226
17078 942915818
3122 272224256
49118 634974318
48722 150874125
21681 680166325
49206 386544783
49204 360920996
35220 462608365
25702 371309952
10955 932092356
1409 4127721
2775 931372718
14627 923611616
41033 269229285
39476 991923197
35267 531776838
12637 372184311
6263 810636840
20582 105015948
17898 646158915
28550 369645806
10259 441869871
11135 340879918
45043 387990476
35202 794177165
32048 509615293
20665 183936548
36176 829788021
11419 629855192
40157 367884769
16421 18526515
46809 800141944
12358 880878517
19066 879682667
7264 123686107
40359 256290285
1007 1972574
4248 74403543
48157 71676263
46721 440012974
35476 811647149
25220 84049988
8126 355650959
13586 741169565
8032 346012702
27534 899546358
14375 305555072
3498 43809239
41772 737607555
2165 256315503
4354 872137670
37542 718038702
34108 759674846
26460 778068095
20815 331947412
24343 845524673
47747 676599760
13651 886299634
44253 741424292
34096 460291683
4814 303798526
19937 901243964
30700 222858969
4465 318075878
39626 81300230
20836 826521379
47536 402010971
43393 394650358
40551 515384334
36745 535106127
28945 531964755
30693 593585650
3316 583839583
30775 86683539
18945 206154759
27530 180479284
31218 348647860
30520 205113571
31459 777721933
24873 608489089
8413 134241018
17345 391339478
39285 803733468
12981 828167048
9278 353238521
7155 711561183
32689 297094918
9435 263081405
2589 859073922
33966 312777054
24862 208112843
44317 975347865
35668 351297048
45746 64407095
20463 13699423
7159 224575554
6281 56352919
28599 25665860
39401 710934346
33284 305379319
19831 581629255
12749 510932565
23879 722938952
24438 817155153
3727 724716155
20766 646285907
24400 881919591
43257 382599291
39311 963565416
27733 317795750
17654 165747846
3489 353470177
28978 859655145
5223 486511976
23715 233383174
36654 232007032
26463 947222921
5537 911473909
31069 505015144
36073 120850332
1140 769555212
16324 633566849
48713 16390725
28024 265099969
13751 625646596
31001 615362565
17797 310645147
45472 178218740
71 478785711
25007 692385610
16692 775049657
27842 504809553
32972 770468799
30231 789028571
46073 804138045
21785 23513785
4139 415108225
32243 45623489
35285 349344848
37839 906968394
8250 415995078
15582 568894855
170 303379268
49041 811868032
31555 875625069
33743 353457215
31491 183532445
12563 1819041
32651 723508170
46895 163063130
31538 277499995
30632 239818467
28840 296697982
47962 974358525
48477 136808231
10337 606856077
9754 899956231
38135 410897901
35924 275153977
24717 471600659
4582 808440356
39126 774759874
35043 910508271
21341 666319962
13071 930592382
12407 495448081
36998 214324230
30017 514781438
5334 859238207
36797 353461855
12097 36032697
36114 475322056
46665 831386654
44661 262623912
39876 412431862
8738 456873635
26513 873521167
4878 719074421
48224 531838735
43550 151137606
31660 287575759
438 989366739
35515 910597567
37076 99506552
13075 845611791
23625 843437156
19836 40150297
25284 416326097
43444 719081851
7489 466921121
22719 776117626
26681 799716
30109 618520614
33403 19187468
27245 254859469
39782 977404255
5466 505730059
2400 573363189
23281 831109669
18146 654897949
18051 351443926
47752 307134529
39616 920117550
48070 693800532
561 810851143
20606 862173306
10803 692489049
20297 927375486
39037 769773948
29453 651031695
33401 666940409
20233 807286361
36165 465236718
22657 714837330
6415 927713902
44889 991249954
2877 448835038
42163 610373696
15472 750145893
20718 827457921
11267 773891759
26121 530028444
40704 821510300
12382 911401834
24678 299075868
29455 168829542
40285 953994028
44878 344554663
13564 521649554
45030 953261268
17080 832816668
22893 677283261
19112 272072296
31029 253772971
19414 562690405
5246 314388786
13686 752903279
31488 4701121
38396 439199112
7848 199884127
26468 317705354
12511 158634684
5711 845905334
14969 219643619
28191 410041993
39137 227494637
44879 609043054
20919 103066466
26053 936232247
3389 29258187
39724 395806958
13288 102176345
26986 279730519
22697 254843389
657 708647349
48714 715233559
32926 551666534
36987 101749725
49700 885409995
6241 33191605
40983 698458534
47570 727786571
19994 984325542
30696 976035027
17734 803433109
45439 481960674
36202 628847365
30028 88671537
38360 107056853
19644 681799371
5847 997157330
31101 616162947
2856 986853107
21856 862449246
8498 475876527
42445 498026740
46819 460585157
48349 111095646
10710 685569196
38814 68623107
15770 740669413
47167 211354896
48545 567056681
33444 457722054
23975 167791938
35140 353739217
47020 548047158
19555 335311598
41173 36980929
13987 377948049
45777 109053118
42836 298878719
35879 938239644
25398 15481121
48591 146597338
26645 116325835
43238 663612744
43910 487325057
17208 494567078
5308 393522488
7316 219870538
40879 434671356
25221 76593267
7558 705501629
13046 608398163
35554 178594082
41544 12147511
48699 586178838
19423 590832691
10932 115008530
1849 542739649
965 445408727
39507 617061353
5742 559963815
13877 266245260
6396 675468367
5782 422569124
22865 330243711
27992 546783107
46115 53510572
17500 890311883
25809 186813333
48184 836631805
2579 547484483
6588 748894240
22438 968999951
15815 922299693
48027 422393231
35843 482162430
17480 808275685
854 652284019
37619 644985650
29281 991373674
45258 497210405
21454 39213731
27260 638942510
14062 972287295
43665 600105540
26712 720735281
26611 752784472
16659 8771179
23749 93107389
44394 976403440
38296 827081912
42973 60976766
27220 584044423
15113 869656730
3140 725252288
41507 473737203
38225 949235768
27394 879580796
36592 922582921
19450 447419769
45703 453278740
28037 971113703
22612 792205346
21225 842889212
31639 740596891
42618 211129004
1279 458244545
42665 365003695
20701 14093112
8145 2625450
14410 398890581
23720 189091418
26899 649110960
48604 691784241
6138 754093933
12148 530153888
10424 360474872
42852 505061662
12618 320601474
2156 391300031
855 325585195
23278 932283893
26954 132805532
46939 837492534
1580 537993955
15719 751899386
47749 364171107
48174 187026485
44091 343900841
41613 764096342
8903 521159575
12301 234702897
6752 910818745
30075 162321555
3617 517570693
45392 597382316
49553 921900948
30372 737774984
27964 794911615
15460 469769580
2552 462749043
21480 384846803
8327 54590018
4621 918542423
38506 935283846
30738 872675564
45689 795732168
19296 647629591
17543 413195286
24763 980264850
13372 377765397
25093 365877287
6213 647945250
47324 468482147
5133 288020624
23885 897807434
20044 630835241
37998 638337816
5724 497485569
14924 784869058
7079 164574751
14874 841965533
34661 677488227
10573 144787129
17050 758522897
4955 253963753
14528 683844082
36225 36118126
42533 923215142
33115 554311410
44906 4652970
22202 730599641
49833 531141796
42033 218243839
42341 900304755
8419 63162596
37313 92034242
15310 524832435
42188 217890287
47900 616746414
28397 956350525
36471 808497370
47312 436753168
3997 167519316
4914 231545253
28615 276517287
40486 621958780
38047 300573303
25959 139106926
30708 792264417
3581 307628306
11268 748207642
14065 355477344
12827 548310175
862 47573446
48108 816575372
33795 391843850
22441 949672885
19945 531589980
21589 726180428
4904 363236641
33970 342109660
25915 290574827
46504 36515282
31080 198722412
31816 873579963
31292 929158745
8211 549739856
13717 852818091
27079 720759109
3697 109271860
24388 751572219
25419 435733832
513 198494061
27726 983914820
28743 656639723
40743 147420199
39814 757246995
31275 345985226
46026 606839815
45837 763295004
16229 755055765
26911 778647754
34414 149473752
9430 978725743
45074 832476793
32795 931558501
37382 706782277
15029 663626651
19557 659840332
40665 481817324
21871 345187190
14749 618851759
34005 407840527
27817 94221427
48115 356386378
49715 724104761
33651 767872691
2846 249179047
5832 661232846
29255 203501352
45075 321191780
5475 493378003
14463 656192252
29120 508617386
49222 125790483
26533 420228736
46225 235915673
23494 993823711
24531 82681479
46962 571958496
30992 462616562
7099 579039752
35774 828827271
11659 36474954
6595 100746285
42234 344868528
36934 952670696
14576 770323698
25268 527060961
389 609149461
3076 768550674
32437 324092872
22721 666124264
8296 530413185
13239 998521246
35412 533200430
36246 597278909
16390 372642661
31715 147620514
41668 352590552
33951 66619901
48626 294719713
44561 487920730
19612 318211595
26796 57166427
14514 695874806
10466 307985438
35470 927099240
34402 966836045
5232 843002695
23103 971519480
42521 260082646
28667 632874820
22631 833911335
23979 125736089
30612 660462707
39933 917602794
40385 964500911
28207 941871642
34264 933040048
17140 348124054
12845 801002204
1902 782273829
15031 87815776
38634 704307307
49476 732888455
35013 219616886
8003 81812275
49246 891365976
37430 718668904
23517 72772068
23022 544450269
22199 792066027
45614 589558799
11047 658077428
47585 182102271
5427 989369118
44901 535504052
23108 668928874
12324 920670531
24049 539406521
14362 811019984
30543 552515819
13560 137731896
21344 540385938
31280 129890618
38961 387502631
44262 333702095
16717 821178753
43944 772574542
18096 145819804
29462 877512480
47904 203140599
48301 972694885
23628 875308302
4620 2548250
47576 74916161
34616 903322894
948 351373610
43712 647644320
12507 200909725
45863 868181484
2017 115616184
32519 846629693
32556 466877889
8128 832095560
42881 990060086
9536 860788376
8759 89758963
11698 318353905
29635 686615734
12744 206036763
26723 170269713
42135 501458144
36614 417987387
1449 936086600
908 651102435
663 120402967
20867 236149625
9237 828294162
46543 443488780
2192 273732253
1436 286911590
15610 577727726
34022 28084753
48789 172004012
38281 18514696
1664 750861576
10263 824059673
22959 68411509
7642 89715187
24149 527588377
22482 796468882
17981 602785949
22489 234523293
39859 309121785
40445 951825992
25611 561000998
43088 46924477
31608 860394226
464 312806826
10540 591003556
37880 901175794
7472 292944280
46740 604284258
39541 671767125
32783 315263593
16219 967806415
6917 519326359
8467 846152260
17525 860521165
40423 704425831
48480 94840534
58 255450195
32010 765083885
14944 62108200
16725 809361296
31185 433296562
25537 86733013
5587 649225745
19485 572974093
4333 515816977
7255 534031992
43402 249963615
20212 635892042
24519 427589247
26506 353984354
49150 573550248
13277 816086737
38804 844025941
250 17255087
16410 453422168
22762 845489321
1395 990186180
15567 514377538
2738 292720897
43558 879017395
18841 81703646
40815 792540847
33600 191783395
33046 82037608
41304 678766027
47104 754984162
8940 1781329
31985 935225307
43726 127898617
31044 927068875
7835 958607252
30712 341015517
16299 738744758
26947 728774334
7974 990972903
10765 736922449
48993 798557865
12200 319220520
32661 34495792
47166 788750726
3378 115785316
44118 324033368
28911 115315325
3630 996140577
14442 5162330
42922 597419871
23937 34476261
23499 510005012
44896 119464590
19109 728048080
49420 408251358
18449 985717460
32775 428555843
7088 801719154
22954 241936244
22357 928995936
31173 571711433
31916 567810539
37129 358900264
43575 556086439
47261 275193629
13097 655647115
5342 754265492
4725 429137213
37729 396773259
37219 535907773
45447 634272273
2735 240696981
43792 417259439
24333 468669034
8072 324812387
43644 602107923
24295 540166138
49905 678045442
43160 145019517
34491 733312822
20034 592070053
16601 294170352
29302 593208146
7150 365607876
36650 19181969
16960 58358933
28173 88230397
11754 114794711
22479 151627916
47744 841733962
49877 491335089
41444 597768767
6518 426876092
44839 513050181
48686 571357358
25996 218816426
21555 379811784
41346 575772404
27167 476590886
14231 539081991
38673 39540729
39526 434130734
34922 127031792
10085 575849428
4112 648132115
36209 832091707
9552 34887068
46777 624670763
22229 387419797
40488 306534953
45319 475602773
13936 497214921
47196 884927647
30330 902969490
30007 218958973
11064 857286170
11765 924976577
1833 901482901
21370 628933081
39245 678473101
47985 357029375
3845 31625370
47606 976511691
36405 220180375
36664 38340438
29383 222537047
5614 160834779
25131 341971045
9935 144542885
27875 303608483
31821 616928929
25849 890494120
20148 122555153
551 771270184
48830 273751269
33182 927831438
17432 893883898
25689 795032114
22326 46448878
19335 661149381
20551 326218040
49119 782153802
10592 413677324
14408 795307611
1235 939745070
9641 307433955
19509 809256729
48213 730422220
5463 342863281
15190 877621949
24836 280191166
5548 311914069
32537 146482026
49462 20033829
7023 685779537
12447 313076381
45593 581465428
45358 212908370
33543 21402318
47245 410116048
8792 682336001
21139 919201917
20757 402933108
43799 912715769
286 828392683
33649 90565863
11407 853611621
39226 318067801
37851 519630447
27792 192278489
886 826784570
46143 951923824
24405 694930860
26635 780954109
33456 226686821
45410 51917771
48929 857693845
5290 438360658
41129 464152335
9241 76710316
33960 903362581
18415 768966386
26071 550880927
28795 874830932
47594 83419374
24810 961566281
11345 401218389
11542 774464051
47310 466423918
1741 488597130
15365 211102147
48386 153794989
273 473725980
45866 680233821
27183 710881592
43502 591498180
47890 291405357
15416 502225078
32496 834204139
37655 10170400
7128 38611859
25575 662270285
11184 520371225
42718 750420765
42902 520978086
36951 519085781
26598 609054000
28017 513065696
4203 396587582
27718 105993389
40986 398737285
33454 629855100
1339 922855024
1315 81653286
37716 487793200
34805 51148130
35208 917038471
32217 235931035
6404 718074399
29296 133103936
7582 481176100
46446 534891046
44450 241030792
9575 913986092
44160 351364067
42140 966566649
47554 398318503
4688 414359886
16435 891652095
33882 574698044
49067 491842727
39685 332713804
46888 128249777
4907 292436737
2022 226822408
43758 409029663
10860 784205677
23280 287327840
46036 211465981
38068 68082359
41372 430641009
39968 484405774
34682 351696481
33493 769408896
10245 368704547
5954 846635399
26189 798595066
27423 103586785
42158 75480892
27326 179097429
27579 733536319
40706 721801187
30535 789688864
7265 51395283
20156 197647341
23449 131659205
23622 63207154
9329 844948741
23750 281653174
27765 969163490
6365 148637243
23385 739236214
15901 904753323
32510 423076438
16016 155527992
21414 29224537
3540 465847988
42686 473532973
5196 41470616
25180 262226270
11235 585700280
37507 640622456
2097 967638536
29500 177430563
35946 651174916
19920 835779076
20351 259305362
44738 798037282
30443 986559754
8267 495157921
7315 856390284
11460 785170618
49179 716497763
41187 596681453
7006 22271704
28141 823707229
29568 757339639
18495 112600401
9043 602833866
13139 24742010
21190 787135485
17747 283435267
12194 654958320
24617 84008865
26955 352939215
19663 419538559
7696 991057462
45014 539936232
24597 904300121
5241 227397330
48106 32336329
32617 98101380
2238 716382641
19586 328758409
3909 379647714
36690 203414525
45285 450682015
19669 497587834
49895 464773031
172 19643797
19341 702223492
18349 194679486
18131 362262075
31055 668367735
5606 410209589
41958 533660097
35407 397728711
11874 505119977
9190 690824507
9672 504564268
23288 120209836
47467 590057844
45220 501977564
14663 108984462
13758 679918167
29782 795340332
42556 660084424
6481 240605104
5576 976624717
16628 541457393
47718 172928065
36943 176359805
35147 24434582
11151 96554401
32037 344513626
22814 523899349
24935 645137999
40948 300280857
1063 373307076
35714 987780070
46789 330604634
28428 510593301
24500 338046624
15705 469536399
47529 327597883
4174 372273716
11633 726096864
10980 882651085
37211 132133366
13319 358332260
19782 485539659
15390 458357653
5539 843879104
47668 336422488
29667 251136342
19397 595129325
33280 522082997
42581 923288948
30300 397280539
33242 667198491
41074 346349108
15473 238526491
2395 559849610
40060 127045060
16790 447548174
49320 589359215
47661 321795534
49953 311691663
13643 681139020
24372 362025660
27371 72344252
14262 400137315
49649 847587891
9085 630269089
32414 697631402
25263 689049067
38921 193442390
208 234396282
11043 813199047
35996 975554211
46746 19549981
21269 372097460
38883 256463080
46234 605160992
32226 397910515
12090 323776066
19289 187188533
34354 222010052
13340 393379704
45981 962462254
32597 192297070
33695 316381616
8091 4817346
10988 388615276
25695 864798787
15946 228198592
25929 496276876
49566 123128549
22646 17174305
25557 541633765
32114 666011501
26729 63422769
37760 921915258
5096 335594243
35572 443738205
17570 293131426
36706 450969933
23889 930899823
28338 485498153
42753 821225164
47871 348933932
17657 553539676
16230 258199347
11565 487446016
41091 213997259
32934 626744490
27 815802278
5151 215353723
18644 739835556
1367 15058460
3826 120553846
21542 337980477
