8000
532743627 906016483
919943384 493835338
95234698 137559459
406327574 36936119
52786567 697709845
227862386 203136721
186656856 331738735
88817786 879018118
58644776 440906981
164861168 378877269
323529474 602097150
871430994 217083133
510501514 844037738
672326105 759340453
967349213 996652955
246779730 881873483
478719425 179057437
47640372 839218412
32718427 21321207
812717539 500975981
374929010 415046437
616478718 776922525
200166578 590930940
937725271 340571396
512441098 488199402
855236785 935081947
640273650 909929701
345148594 473183088
247086925 146020263
977834223 807442579
770478611 437450478
674981630 548054403
595383900 199614258
989721008 611104122
136917886 13622493
396351221 474915029
872582996 202541187
705295112 479957489
666318551 37642362
705593315 131991576
507315974 634843330
600549527 975392992
460846433 157393560
226697730 292481253
275323501 104953626
337725695 81172001
169951433 113965372
660767334 443546165
620881328 644562927
73447564 195221411
269971446 864457187
948624129 500932123
289407855 343826052
719593245 707086649
443506836 533964759
172897231 610860794
365738403 680068797
623811397 267383779
589978144 621877715
689646995 319270830
643712098 850902542
916701113 23182780
541624028 467102587
481007942 678670086
424148807 789747696
720722393 111239104
973916796 54901914
935590748 487769055
119594233 633857996
763189202 497265457
174511272 63486827
515009831 287026163
511162910 755399158
81885618 560631185
424559214 722709817
55517004 466408594
661614400 152794993
631534780 746311881
478478135 406872884
69156549 312662293
405698595 872707939
339338180 408057802
177614879 242531427
897240676 950374470
99858723 995094082
40212149 675215791
966964931 116563954
548632451 694037667
772610307 545118941
766600867 57700793
957646576 274414201
51297092 527114470
467706169 124352103
790139400 950939823
65392902 631550204
603900348 252446551
991038123 651325812
451834731 902688152
448681224 695609618
949920270 107369701
827592065 69731571
590263084 302868254
980647336 589080272
946557435 845777532
305463706 503424154
230358391 541531709
164812523 265089634
767099683 472260032
868111085 460199074
576480196 236957028
116028685 362076828
788068258 244964813
379801179 909073678
737355265 478019268
478019002 636360461
991154012 775011255
392115856 939326350
934220864 18973058
767247661 169840088
564771809 620920084
833753668 724724061
713313758 953120067
390003332 613959184
762013753 521132988
468313908 518080067
303155576 497279178
139246687 385278460
647245855 156270977
310461170 579676852
237045002 877725492
999326046 268467227
706894581 143494375
162139338 866605314
491696965 373645374
253160156 444282157
461063577 59551946
703698327 739785724
950357956 958907915
73163044 222291731
341240007 294879975
344460303 867640233
173211923 571357476
21496296 791393108
632997311 154295171
708741013 209281851
181368484 304570522
73155577 452819685
200230381 476248787
927863194 316332208
807530623 912465103
545204513 577648413
30592205 186598029
657989200 213571397
349261895 925078354
56390536 490029419
170876374 336251145
900558256 53231937
77320867 25385190
720778422 170030346
15984776 902624331
892631842 375159324
66841867 684674179
742612797 926660036
801158365 413345619
303203512 499311550
599500322 991549695
534257741 931773716
408320709 952186940
965189271 621261612
364274347 893877742
281334471 946703997
747191146 569019891
729475447 748989046
725797257 187774322
213144850 706349734
775856093 591876464
437090389 297075432
834322229 35258822
539909720 501982930
907066017 493434253
450765315 834687539
385997842 276861417
506039154 710829290
823602451 375677589
824464355 54972610
619311355 52482487
286888888 714289580
842611049 246089064
666749564 313509964
270212981 640657368
367674428 850082373
214537426 9093748
869124369 413205354
950775131 809784160
4975024 227187975
529035604 102542907
746210978 477647303
789221128 910339718
197092099 40382692
504449582 537809125
206471702 702462514
538325618 112351532
540549886 831109524
251669525 553440929
705899286 860338269
717805625 710111870
815753163 774718089
198647216 539124999
909398543 931485013
122924815 105764484
435874851 105699483
750955750 630260125
917312343 209215917
547207233 320284534
592893241 522373288
898694968 915876827
598078029 85954051
764200833 971708340
352836232 687531244
351615841 476784667
312386996 624011323
695183465 290896161
617742136 627580931
894578445 446866600
74600669 708247924
333589784 23355466
197080783 645219763
282651324 925329517
807012252 617342237
651097980 726349592
351084887 498034910
620381980 182349379
241740313 728775019
534379041 90890602
288288607 248570413
660037679 807559626
264614665 477983180
122484952 546306088
98195066 711407150
643691659 731410998
581372727 434578335
585625258 784258603
74532395 236650460
42277888 805755518
100332554 240424207
161389765 36598012
553646998 987871930
309835328 604789450
765319939 883978636
902080173 247544398
519338782 939335368
132268473 858854993
3074125 637404405
423911127 552957138
947323244 643232552
749161218 969922006
547828958 865486712
834975820 805832836
224854734 816909407
4535724 79476376
542067145 526274169
253714216 415451043
278409503 110324766
892128562 77402871
501246536 710140069
736007924 526217720
670825959 912047930
282319622 545006040
540422879 93769910
419324628 555896527
402566304 942116488
645910387 328401236
351102720 674106374
23776610 895011285
776282174 545419256
768951733 218239934
102851074 429142646
537874007 319417438
773054574 118587491
14955758 82666984
629820817 296316992
518976321 578646604
793940362 322052783
600874280 47900931
667057393 591288024
724669087 299935170
897240456 348168316
651643370 385577179
398205312 794008051
325479389 213900819
860998743 397663957
446737703 768841558
513154562 295625212
920816361 247783025
410451545 472390554
87708675 664722224
648745933 925155565
928690521 597748402
882166889 531665808
306685718 960125295
408244188 599672065
174865985 286257486
787423759 214495280
774295562 966337142
445677489 528461086
209751254 796571374
835785032 581238256
123111165 511236821
35323311 646327179
690942534 999192871
994709650 948688664
118469352 414877827
363340613 995966253
124090310 358604852
377980712 785409354
982595099 524774795
469755841 23809278
752990772 754400826
133519646 511304483
424177859 979463494
171082246 404936348
228330959 699775202
535428049 257769124
846066467 228252531
326476395 357485935
136512618 124651605
73302998 445780338
756175561 596445103
549687605 30040909
980158824 781359367
119864983 227832176
222811365 290544156
742106575 949457003
632302328 3749215
258582835 102508716
549256431 336627015
630323683 910850605
388005730 761375232
417565561 435093485
816191041 737275861
721091005 945568392
382642732 221128821
408780295 172113418
539496605 585728900
686967092 505276154
607982393 671102807
339906989 60110008
176655776 527206852
482957727 974653594
367856845 459448318
815174287 236157571
680597425 143746957
704599100 917921017
755905923 596121825
936320502 186191100
545150252 236179609
479259910 754769680
602206719 583516440
55488513 807976111
234627411 246189822
696804923 509628935
551316959 961440739
209313717 716451963
778609603 551853794
465189213 90367854
708483996 484935245
333398446 976745058
724054788 893218280
752877627 786666941
22357119 847148135
858949776 914000454
5175591 468399093
898628580 620149095
371244004 902886364
532501786 547876530
462494411 566241428
253543457 627925260
954780114 647835142
770275467 648213518
237419085 570732295
602428303 423585412
491892418 40766118
827709622 985615434
460178423 828427885
2781858 268698989
631059645 322799590
659187184 395634122
734960340 679306934
132548517 630356385
178394590 560832876
113825254 974269779
62732358 772738731
807382120 563288869
343437675 757853174
530724972 611463347
138044451 596327282
474605531 163477920
807900301 43685366
409685191 898848140
546722549 503848968
965680803 31384287
771885721 775747336
481952505 27278665
787030369 546061743
684758401 535914971
548743999 597794127
353779356 888773260
105138326 799403418
314519060 710144932
535567142 724880282
793163326 215693474
355222684 318379281
30861659 137895909
777955490 595596238
763719889 945223327
130009273 820833512
495877362 839582635
762869868 532556439
171827048 526980845
315118560 680133319
250662490 260764042
142304753 823850697
177322790 728551875
768174547 919694530
63775723 644160250
216567988 680911533
450648635 917753853
886130898 870423372
737666378 100004987
210525066 539971993
572236030 121197915
541939258 996981271
396226522 832597910
469703140 699260260
728535787 500663735
225426405 750572616
995712280 500898420
164882399 312633569
258424190 413835492
806696779 480756819
903865748 327047556
346300037 362323985
561377399 923296076
40378344 923801787
347408224 601369114
575812453 572406638
73481406 467317737
472575569 772113780
155810380 679562296
402106221 909832657
84138033 814124236
36116827 826814626
739334104 96672031
214666384 933141464
969855592 158323324
821528288 67970217
610659261 597549441
869043388 385326670
92491047 346734207
454053856 899960346
361180741 188353908
477213811 876997482
804898413 198261761
621564540 587519941
405430598 242516890
439455862 448521864
747211684 472105788
340043259 123280357
416897199 798830338
495711751 240357536
608561755 894462376
498707989 84045455
412510334 344638804
374790451 182970382
208820775 869140805
298055493 299740380
200729468 976903174
949961594 389266868
20800241 796947222
97673020 861049573
220847369 212167862
556791354 831409440
674161696 171244371
434761247 107644975
359519598 736237563
403260145 761989545
935049233 371305834
906143244 243821119
781285499 719145973
96527331 636711862
328685512 585636501
9760007 295359502
842114210 465176762
613948626 851237620
844049164 672486537
449416556 24831085
511825554 293216065
709069427 566602757
465092398 35649321
717405652 509727361
966730536 686678286
215642601 434077960
924412283 705970599
816179875 577755196
166590441 454759485
586657388 42206633
776789165 538921131
539859372 294076901
293128441 54515312
398924043 771570448
306048935 33756326
164901660 825563855
826724794 943663714
876231268 551186892
771158101 933569680
148357188 634394375
784682474 759872788
351111176 246994869
839650005 787731321
21707566 698350331
282792711 308351318
559526218 61075463
439364272 713303520
629690101 671825874
41904267 39208663
835745856 333804647
440581239 692734329
724755836 157054032
358556176 209950668
467407480 606854639
808007020 794175983
238127564 590738131
554211974 357600112
281879624 658956218
411116982 576580982
705926281 326389619
920973459 138215029
637873368 461053962
342854268 566639132
279087381 494747108
880386552 148246614
525864876 861437928
989141736 429434698
649733292 164383609
82677353 584041338
807235421 133574000
636603889 635546958
152848045 330291126
664067097 88234005
261893455 881110825
556698416 981826161
238952788 972937790
790650768 606301479
700100964 40172896
574194563 327612344
298393550 768006192
756185937 923280601
522358365 742181052
314502903 49753273
454099172 318028764
970618930 959746782
475483793 137854584
284693357 783974001
247895138 131123327
210168121 650284215
362923950 593022675
681897556 143536301
894805344 297184337
837258151 440070045
391408906 659292527
580369656 378926734
277433128 465048343
789577751 862980326
181206017 354356385
357708350 395922899
974394496 540017904
492623393 491436746
419462380 299636813
242127528 605240289
956704354 101862350
613956934 752997491
70122541 551059203
351129107 591115928
690060485 54222842
755236986 919585214
636948908 797275693
690203881 407760080
632333806 504856208
253910756 895713322
44169483 930561048
917832420 54205103
182492100 122154780
346551824 475817521
129860214 378814688
932408979 564987416
730583095 616546421
223308854 831930045
790989304 690180280
641486059 748165405
488552649 712973248
249740384 304220969
79009904 248772741
750511602 65464047
49557314 855030192
593339894 498944179
63792168 87430950
672477890 541269149
411407820 507682297
916431103 921245727
114503571 536760164
294953941 964266190
955979232 155246214
341278717 825923560
947362284 324769234
384382307 459532323
428095485 960513668
292619763 149313352
313476510 343610740
436441363 778394539
890351659 739178942
774398150 958304529
692319755 442936512
566055647 896425978
454840293 541667875
118416879 542268923
330883726 368335118
665369252 300346533
758247920 857610803
932420871 479709795
135229142 232936260
887643600 16099966
909526804 435494268
227966594 453393949
655986673 44867875
225893427 914654413
352756068 279853970
591840913 575947623
293516138 1252538
477268257 655304629
481980362 415565168
475825285 579973450
583597667 517531121
787162445 355401323
996311487 872850312
660775049 920709492
55312530 517548086
127996213 755070073
754432840 813990411
386010362 282740028
447845098 44785493
872698686 84666868
669172032 378008645
460316899 386700373
267759062 174344751
494113178 594302054
529972359 207413442
753373258 237814941
91527670 747197170
803215758 886484409
285999730 66477284
155752284 635281125
506752835 996419225
998067839 905340163
775011956 122459136
235082119 15705653
757068023 98933150
633384985 431473581
912306979 375775788
513272041 692768859
126903097 650213940
482997578 239259240
106887121 33113539
157426096 31608739
504406479 395111064
93118694 696372763
839574059 102567222
652146150 790542809
729462357 118323862
828913905 277403915
402993139 426654402
162427398 229465878
48058202 952882221
903918644 660013835
319982606 273639193
351485470 568972076
483058248 503199881
55507613 741644214
899599660 473191363
810881022 341088667
377676025 113867839
869385112 223913229
574254840 145672100
143369980 37955854
467467449 56663800
960126674 384163689
23721342 280185519
848914319 751840975
502253689 720636762
472499595 663554429
842827707 435987469
405082403 968945584
46626482 884209907
788712800 657445097
134351343 655061618
456728031 589148494
541253174 964525360
230905332 508682070
555788434 560708138
753403187 474950640
78057198 294807313
678825973 307970419
664816843 33058866
778693504 783372192
788980687 293885272
1554262 997696584
804224106 725878071
577958347 989224558
317263697 510379294
304286322 628036715
770256213 247396079
855319781 234863309
130709629 544296924
604880322 878437629
384481582 449738035
12732051 551861476
899513535 243899481
870297736 228644940
338430514 337767078
999533348 599781635
370046692 171881231
778317166 922416953
264633183 127273115
33317904 83942648
810356393 682625981
91073487 361280727
624137984 181122913
735701550 761033247
329898529 881733947
411091621 23442235
625535834 837316575
969052009 78237433
243676293 99674415
566929851 655182855
165438258 23227969
246219735 197127863
183949623 782782760
622416821 764207134
265278722 882384407
110601399 563193409
424533000 170097872
342535200 857089802
412210384 562293586
14558279 167798816
905339429 365343806
952480168 5891969
868862047 570715269
489902587 576493241
240517782 268633191
74285295 705698576
150446867 540678586
382602707 480529852
606235559 236353112
520014574 88995398
873029878 636675519
447286618 608331549
125615998 71630993
903954211 237402277
153022229 810064970
893526059 441968515
552468269 609799431
13045090 974235228
971584462 897706340
4619070 438147333
42569960 75206079
763975227 472374649
535557558 990300909
842267522 32859902
272266940 880046112
837072170 121229633
218353083 725235249
267272924 397244928
51873889 676279089
628882951 930251610
895537148 179012321
822423454 374582442
225271883 304293295
488623627 225208458
29876085 267509979
852138203 164925377
363235602 891770566
431144637 118410109
838507226 909693708
583895624 796378185
987634277 150214999
47929423 150532709
75743750 553703535
745084522 58336868
741436028 676021726
54256020 357082089
806197536 141560370
350646506 283682738
91635453 517898038
344166622 345926653
518173792 784909539
52376744 550873388
429999186 417134020
402576296 659654135
77913547 648610201
456012444 992914538
590015494 75943955
801619875 288344295
988407617 139042685
796308294 537628694
840762454 110383580
568395387 79921321
909707167 248848715
819752239 835137674
562229209 147851322
519111409 635272341
774213132 762097755
709878941 744975278
438279129 472859825
12300466 415261863
685928964 871375941
100730397 817271313
180086407 770877226
928566656 397986891
999753443 127373485
702849970 142131827
685245854 519130245
12108527 152554761
443112023 520995408
731986094 411958716
307765854 843487159
640221363 507641222
850853986 824842736
279883348 245195663
113450533 775427782
199101616 968928243
514076180 557285889
403478825 126709944
504279127 534172690
909194694 176635040
961113746 383737181
265419521 808551630
121973845 347501960
935799028 238577166
330659011 651610128
785460159 89908301
491999293 394012020
708082974 999992824
828021107 488191086
639996002 417829432
829013228 10922288
956352611 330451588
342835106 764772511
535820054 278850008
501540963 72816303
738195119 452871876
450674208 434157333
302601203 231768091
655115771 542101537
357885068 176455498
710028024 87410293
368154283 77794332
124123629 846150782
194797357 212550929
847734467 486428952
196485992 818521968
781820546 357326176
822609264 454559555
955523149 904460764
595559607 127053511
922424595 73503618
707641082 650395693
311476375 68282857
409500756 719501696
511430152 881383768
67506375 943921712
880706880 796988988
992428918 72442952
669799244 101020474
147809466 657391012
576620228 114818659
627942541 422104037
833532979 135649653
648095230 764348357
592381128 896114801
779117274 393536824
154201355 938064554
671825531 850468319
137252206 15232474
723112421 394009917
603170552 548363714
251974638 12512591
797596440 136890592
495964953 435991097
731396393 581892448
522586877 889951842
468861360 43179339
495419055 53077625
504868897 103620362
241583264 319698431
90755455 745573863
892983369 885590817
910395244 646436184
532691752 835614871
413496627 85644603
852215654 552501734
518848870 549438170
783903618 724435521
740562180 873571091
664791172 937394957
709540488 591098403
316406880 183974451
326701592 319343951
229496683 267280004
513866042 78692648
947096362 891730609
278550067 541602687
21216074 853752172
241660080 154214750
70205281 68572477
635156647 83628965
271572337 777884961
925998798 398141265
979422520 811676372
321998860 46748283
689732918 620545634
979050931 887095195
776037870 140204517
688070277 693358023
536269756 530812660
478815676 545248778
285586703 168652881
446643175 644368171
873254959 325714187
915731310 329652379
834346353 62265351
591735478 513431262
954955355 886577762
95330580 425034265
14334160 552505924
984642874 923888130
532479697 418043452
779929082 362917218
191790662 283045714
503349930 675655529
526597613 121714432
435842992 609275341
766012995 451185193
806875112 277413529
140309456 193300462
505572771 206692719
785347372 52676819
633946675 527252429
299025347 425027411
839555478 171641525
103645205 986620726
382047489 972089855
950891162 966824283
906540420 55988875
42723867 330215960
343893752 605046327
560946762 929832252
791084603 529034486
727933741 337721587
337040506 198606636
393302693 254977741
942347056 487931301
90034622 557061504
665233610 193765282
96624424 244794082
867689419 944621394
730311972 76936805
917838485 308510442
85553880 505595773
194981071 496561048
331404173 437327001
238067029 598403941
463446354 29274504
578398209 772383691
460999511 308572788
632563129 786317893
68839824 386416434
585519464 937640711
127874383 332325582
229812838 109043949
941513727 765503269
722530930 803056211
738655192 372853994
924363065 517506435
240231758 275754248
818233700 634659567
521177951 701176816
963766413 820276467
437632298 342917423
175622837 535902117
888663240 714023362
183233187 890842598
190597453 341430176
460592689 925722290
629734242 23546845
855749955 138772190
155293159 972169964
984312295 599499943
134540073 45155913
828702605 892529198
46326223 846402940
396384867 320504077
472641846 65891370
962699986 813388416
254256614 174541251
758481523 504694547
800228663 364254958
362539741 25036057
553889540 691597525
641739765 785742265
667014862 750877253
926943690 302881242
865574814 779779600
977879899 947291061
168397758 534021564
40361588 697574470
130653569 571752242
55223282 624139320
680555164 595256615
796761002 647218732
55927551 881476337
379169193 815188703
583827691 267620653
347315400 149062696
515014604 965943675
894143817 664409742
473139895 507323980
324870796 516397174
801216861 431717774
555194891 56236807
194917967 574174171
951979031 828068493
612569491 84651094
966946284 530115789
457531655 683071188
914138703 704196456
119032884 531969036
482427549 334221898
71984186 509620546
369708244 59771509
364669499 464913239
843165937 328121343
124062408 528559903
780814750 143015296
68453030 316258682
520064454 970302717
262087189 805066800
578104320 615707820
591262372 846635849
697278431 115381886
927421009 970080312
419978499 323690617
239645883 478947592
616631980 983438971
463430962 475344681
777772365 604154536
941186518 91142
79927020 140125869
54438101 281805738
472039504 900849506
285337790 319246451
296569523 869078965
299280132 612829208
738524127 188341667
248359644 455727025
12323871 184365310
272223572 781271185
440376072 464795215
745929221 826139859
887473389 924346377
193972489 995029302
787679782 818826023
275265524 135948494
427581208 350439372
850950859 689519345
225172628 456412697
264931044 770559449
677743236 86432421
215920437 390659338
575909053 192419553
964205396 549941745
379812763 547910614
957496273 718914889
363554019 53333100
326426632 104783356
741735682 608648997
787254713 723983076
57390988 870048815
435152171 842560351
719560477 513198686
109000389 100391163
280575138 734090162
586584911 854711027
256328340 877287506
910632503 430645818
358209249 364304805
393676906 582047549
612788017 682300543
816720960 311050102
535280085 120520400
782768971 75116123
943116025 274563748
250900261 540588771
245785544 733934030
49681797 714399074
687901405 913174783
434979006 353659702
977127222 446625371
780600555 677498667
249648045 143188163
796151161 247612443
555721886 639539439
694813376 277643927
411347746 361433965
415352162 282689409
209620184 478377036
664237108 831028000
91370126 189001815
42851380 46521094
109822994 426702975
807315304 629298496
417630576 334388961
339533773 614604130
817476671 984261909
51975289 208667083
199959538 734884592
137392940 62645709
642238938 166357716
634580291 47439043
882492528 21472599
115517363 925464401
101162474 169202369
81725964 976110349
335737694 754495501
930675144 289822375
186390917 367551213
982682945 294424717
496404843 209647663
758845201 571645872
466898281 996294393
622112002 140339075
281983921 873351067
156849225 323937401
442795568 86160189
999477815 761893470
689906986 496397438
976251548 953560881
770528102 911925466
406180719 382591624
7814057 405086060
5206186 694971460
312442100 714663184
308450402 417699762
890297804 330183091
345453468 302492096
670284381 684409330
39251130 807242568
184535116 35607659
559526702 881689809
252324027 387429882
448263175 277043066
266031131 578372641
3840211 923496977
368081936 390965108
4774004 958782301
152999327 284396999
471491114 585335306
740452333 508206361
294272430 197241922
710650531 402431320
534017639 801882700
749022928 479092753
198744298 367476311
127813755 736876303
264896328 857769879
196880401 180936862
396807828 339895665
149935079 168710806
712638146 312946366
415227576 996878664
512912659 301930418
869953536 53815644
874661717 571995736
553576253 185236991
334554637 494078852
939570636 915265746
497102468 224149921
728379933 595472211
306007355 330583935
618749610 943647988
703844359 55011035
876557124 450226867
395740899 829150750
114127824 48413319
291054315 800290938
566433151 94153308
53596399 889400544
434909603 926261368
734943342 37067624
629704092 321744715
824685821 501770918
974006046 72083472
867290557 686984768
144847956 999661478
948827420 934609371
794987286 132854177
826170065 624832160
927421527 854093019
782009366 765374385
155254116 81124911
691349121 615465912
283767314 847904395
600288791 388900679
879043490 561268816
934692903 449750835
768033492 507832900
65359714 286973538
772721545 848219217
882721775 618243627
572860634 199607361
123214019 398572008
182559986 149432280
849837025 35632331
334060590 621297642
527483534 106833798
769214986 679418211
312295787 8242152
640537835 111072679
316709872 80198196
66525836 27009994
530279935 707443375
358987931 640896907
416591837 461282511
778156654 957362190
723080312 867861165
56025203 42086016
563628819 543304369
131927389 562430898
651518874 968345321
906386503 27129144
389691619 461229019
594246122 680309450
37129219 883418813
255470389 57867354
609338040 108085135
128218911 82658674
180977152 918101416
378641497 208884726
628259776 543209686
843218305 955921659
813366151 497052887
397170737 110777047
724939808 734698853
413829271 884953295
389369013 703360390
520008707 242765721
412524998 444044316
842106773 82196477
498831363 142227520
660498127 169743812
130550795 691964838
410053036 906890587
306605415 717164218
947586516 515598477
676754548 848450916
281727830 943939003
590108314 50603813
843084053 680588841
566683531 73631129
160895193 595519959
244592383 17906456
712555581 228023083
964548485 141684816
470354946 953403374
389980224 954534391
994761958 775264844
95906274 966683019
159883676 39875637
803758391 776552404
44526664 717567177
483109619 13325012
343057920 410814627
420090362 835262850
765561490 483856857
860726168 116327226
378278160 253941579
107623125 480725574
207095729 353761601
686876086 434068755
54077169 577164781
864782165 978484492
463791381 88691392
704948374 174092311
538173872 963747890
111396019 248255444
851422638 471735959
637950954 354425094
415753666 375407638
791071907 626723741
243913521 803878004
439874870 512686042
588826576 607866413
793505893 340819466
24654639 266193049
53243081 52435376
707441681 179069916
521715152 537535335
425463741 404334421
175624610 615370817
577787153 861990022
948277323 74979814
764586799 140311185
580119555 655973240
946497401 403440922
305803837 961004438
556153982 271507808
51231571 695891592
865055672 827179095
474165528 17313517
178343597 932784014
582697596 542712679
184360659 887567813
939680347 266628576
445228832 110534131
547462331 965188646
721460643 533735983
795692075 550499278
108465238 395612399
719798985 786533133
751882706 383074603
399224887 531115205
503619853 269122016
353988303 893094873
392860944 869153749
987174414 315362602
595914011 767406541
307702097 278181072
367661195 52674593
443820525 87154073
457005128 683287952
861285702 42992637
591444623 726103109
745861010 12324551
632060158 988339097
826941855 777127018
804241144 972968345
868028737 282273094
304647351 663380653
603864553 905624402
691763640 391456885
832304281 251286105
199645166 674822213
53066612 918381887
210045265 745114101
592475255 930830256
733190674 689496434
470984752 289180949
306883101 364397579
272749713 338684251
835286742 546212197
371505356 833372723
280254246 129587431
173583181 675704996
864693114 283099634
808194665 51844082
572442925 27367130
939799125 536555786
803717608 963903419
266720336 579582274
953814816 514160970
55922059 449297866
980930747 184842556
909796846 885980570
362026141 680884338
684875916 885121003
652436149 823731910
923502909 382549219
4759983 896501167
163410045 55493633
738097441 512982771
402766689 201535163
16527049 585236696
998892300 957097070
542583917 817224049
673687181 588927085
869159946 27375084
201819434 748993009
186634806 762546324
485882063 975447684
7574964 654841088
597967536 722177731
279588253 891658114
22826389 363856135
908420067 790754032
586461253 711910035
14541151 499741677
963908634 322609767
381233244 370543782
135695285 110231142
418943546 772256355
541282094 867406640
358368888 559039827
613838419 346486483
474874703 58714419
464736935 162014126
101711537 942618651
637793901 120352519
961176193 475020676
412092020 429772092
882509417 365616235
280449755 365449647
494460176 829814583
392594338 339221810
710896134 78375837
647162038 974354623
747307634 874608410
449093362 513798374
611924482 765350703
472456303 159877942
752609380 586896746
731714946 933334188
250267156 3057661
66141374 602963315
295150745 487077004
758425484 718503175
123365658 11330399
17022607 784596226
34906644 915965370
146740525 400679152
898324662 841161019
918259409 184776167
973483924 839000995
512830119 608167056
784324395 172074431
781057020 699446177
678011559 918996206
286122791 543434641
362090565 82771680
869996088 224254996
188400727 396107544
633626235 934850720
447946895 6722482
684718728 888060402
84767792 920306058
302313428 281311631
557880928 239615598
482722818 191800578
485607668 155910610
108612593 576293752
417891995 111206248
925282477 676172620
113414042 246360977
394190805 784563933
999740840 289885415
88364224 903421772
572737330 303266702
535978671 96218509
860097218 874146976
246066255 87865852
222272154 85631231
345957473 950146863
903500798 556661115
238705679 363374976
264254906 678661196
482639293 483624570
358075268 190695577
125920830 46166437
552984931 827633345
591952971 225917700
819463815 570135974
141689958 550299935
91157101 34955475
22731727 960375038
486489935 200298810
153174998 902564722
599606299 961485891
61364824 838715030
361676273 244975039
971102487 33322727
478102169 740102712
944569956 209000178
831487473 317149229
832246206 139630717
459182856 954272262
17370433 691899886
215182122 920539354
936517644 507119868
651427879 85955532
681691044 150403910
788347695 557137274
443058924 782463029
460179660 694832050
102881777 362363349
296470128 77143012
297485179 528090858
33608073 476876422
304496136 826083736
52698009 807613462
178940143 742632620
324316741 734309182
114720598 355630023
905193785 352353873
754913648 191802634
248864455 746725649
257651267 266369517
889229027 695171651
687448005 123616864
232170578 601502709
43262317 816081140
362099476 331601231
720583401 120691974
532871090 46659864
317890900 616684352
883017698 432825045
996174146 120236012
32801117 217985385
700263799 174397468
723727957 110778344
399016270 368969635
501413581 768650636
404899051 672652947
728137751 749224649
380988317 49636940
518409893 787925760
86148586 867245521
708992078 274896405
200538945 438249655
742965424 744670048
662548912 671611606
407583947 749733435
988275440 205379191
564972810 934581047
348204344 794060702
342197507 81047761
304236208 544321769
343844133 269773109
525696960 46346026
154856741 914976584
326317264 201224171
961816783 584568733
667380629 449688102
1102515 143396217
244427773 295836978
883802050 131372514
16008452 627961489
353398097 570909966
158285848 824090766
34606691 472389129
136401566 458039375
879360362 609048924
993151866 693566740
179680756 87725560
570244718 957382486
210372496 11939103
270835181 416607783
754356959 848860141
454049492 820369791
83211805 202142704
715079444 119592738
31589933 467024870
905272817 301747954
314988424 486598219
638033424 664622549
396521638 672611826
623574467 912904041
176621634 296552527
285116083 937231825
847499945 78769741
243812113 641512691
711034337 87772970
908969691 439151509
69178453 577343622
43601042 203891074
771765972 518648559
988650550 188986644
311529624 19966558
850157086 231943520
90370867 184937131
647729361 310784651
943103290 876462960
765596318 102105756
90358118 422766852
612533118 83188696
850220508 843606215
238274954 381952722
393977254 584302777
903328247 485292679
697638744 814006621
924653317 362694139
338038780 24114702
267787707 401380211
38748249 770910719
242332024 169436127
272279642 724324434
877076090 506629680
629850910 543968710
677268964 557234475
674345566 479651440
916325507 517939086
214654580 735681666
113973300 855325811
345387615 546117468
487053494 873202472
638410682 516386226
269296755 70610632
740009863 568670720
176334244 732101600
324044807 930298087
365606140 75812718
628667037 874128738
856757010 449479752
131255275 900196538
794834393 953319685
533662366 686749374
513975921 933700132
21701470 831738230
267332077 803560330
490057564 606335356
836397851 649538004
957517934 113426898
268557161 806755773
739603027 461332280
947931831 918625357
95712578 530725397
832690707 886481784
581148970 804411198
374153521 504320087
750568812 298337052
138993749 634942192
147765982 886368338
962363593 492938764
66653863 105237468
874609129 290456861
2779038 407629731
988698708 802037312
339493491 917625609
783310610 409712572
703199378 617289953
352698496 194838619
389784373 958283716
750594261 190624507
802279651 927388499
372795038 573427196
840332065 925083159
487416389 84927667
62419217 299215971
278345124 90137981
658298807 944148070
248066357 55064206
691582824 668962009
116277757 497610549
618820692 407999093
835340633 817331355
519748089 879480944
794224964 868127965
277616773 886670942
389215799 157158296
937299886 80276412
146967954 228198064
529951447 780304370
534540800 613801073
918852477 202404031
632034682 739341369
166203776 472259257
224818687 105794153
381773670 774362925
857844901 123837688
110538697 899302529
638456394 174096490
306652530 45754804
885773582 943462799
766271022 509795258
112599329 613484090
721264032 764154759
728673578 760657718
664620694 38081796
249019758 701074663
535346159 267178493
253158880 153578772
522636002 966789803
772291779 502026210
477251079 225508670
268990370 843815706
518564057 207415339
747143309 297178792
466447928 731170937
562167267 96823068
510935857 491399790
683230193 76150516
903060716 936373802
533199866 709759218
246522195 92579300
14177990 337532440
719576499 261721495
385773638 703734052
217281329 712407522
992506138 651839366
23856693 559305902
806280724 785920586
72846621 804850408
717800478 63165674
814372680 241885827
100784820 16343525
162394910 441156666
978446599 539269964
255950853 645792107
319428791 630209960
697807878 469660632
136036412 783437679
943878119 110323567
522698372 759429147
99320069 473448319
589217227 640971260
575443654 245358330
649651277 667062871
190817105 438374289
526474372 559588757
382071401 895130751
702079272 65523865
368530938 499186238
96562899 260423742
283298778 462211240
921019966 791456201
538785789 11416348
115464296 914824879
492852957 973523113
198075562 706139065
118887165 622539603
346878396 841277934
116596984 712697669
218845883 514374923
269117014 274718175
925363996 693932280
74158703 935852877
476906798 265109323
76828845 286451524
39991912 305432439
710669515 152847216
768334067 130816708
590251152 778187159
521285808 458620767
658240023 955050879
824573506 918552620
943249639 149195082
234907810 229431414
682300696 597631202
307690154 615996708
650709416 519313357
263507143 321973510
202301209 537102894
951753705 869661028
535377807 865009549
885953398 269585928
304473831 849255097
675361731 835927669
619061680 576300315
84940104 535539703
142734336 129314615
177736384 990109617
304752739 279578805
446929774 213591779
35759049 363787122
480066860 807397876
289632492 420395953
547912262 304610016
508859607 835880446
295477670 627468985
689663758 570515379
943922585 933487205
59830880 757837137
62548308 804110997
170911235 217477829
911601209 996578795
966259583 527119257
249337204 729512485
682224291 526317235
535136227 60013193
481880530 733364569
763131592 47221289
59674468 188620752
123903331 515334117
442749669 663669913
576574050 378656783
202544942 458772353
556689778 936700361
225138769 244774332
536614088 90522238
677171077 783458814
889737434 158088240
767107029 687264484
462155981 736085437
161441540 176254899
42618140 822241919
944478465 648294369
98027203 367725084
269676938 505470223
209466282 579302931
418076044 720360487
104550636 146388355
541544558 319654228
58726056 768339922
414170507 471649540
862903227 297228735
525234331 289792435
773169751 483514463
266689457 772311785
519960691 278001096
247788318 444399801
75785861 122582011
115020959 424865954
641513812 937503673
367235258 871529854
943673988 307130962
503889333 361741859
300876233 18965310
608994720 253805669
712709800 716653977
389674149 941331507
910378053 156972919
388514029 683990284
962372314 346541502
669320974 731336661
766676476 508880302
503750675 299177307
804368722 310148930
984349518 897148035
719744370 436186889
829852933 30207952
516908841 371665752
640084611 561338130
77858241 264200509
158787513 891601161
736118367 581855887
562684362 541666596
509194726 345043000
117036946 291410752
82307246 66024982
495155936 439021721
598734415 365800679
199306391 519939236
286595034 772558397
533880125 601550897
71470587 107463052
89433442 49489232
728868579 682669165
82619115 699954513
806459472 376437311
411250327 539202068
677683749 371858341
94072649 391973874
578329290 131531662
576878888 440877129
775836298 387289566
343561303 152877331
154250694 690755218
696753700 600667544
301849532 616239885
791095742 648308520
221194349 840489490
901433705 550988761
844912916 741182968
806086447 825457530
743372353 427547574
932052930 115206354
204876336 727754057
380912749 621267964
219727418 719709309
883593117 520302694
579967 528396543
432404779 951764212
491484904 767583725
793706547 593143629
533738387 355988906
415458442 505442386
575274669 454582619
699321177 533344876
652449685 243774938
464735835 46461270
827384697 935642685
821618258 400611429
369553507 336365858
834473733 601053423
772001984 435022422
769719981 991020431
789076465 549877951
224309860 419729254
108700909 606549396
330005747 451504488
194218510 315718236
469563096 355942641
317312086 986794380
946388137 281658993
445260476 145528743
454470242 432362785
560362065 344552379
597839901 387381779
606883874 237221736
270531680 525895592
166065455 616523815
836827889 702715312
668284538 849109553
339937384 83846406
918316137 913606269
814173940 857783843
39766896 216208734
802860012 347377367
301415352 69931573
421746640 303107474
180107844 750495580
869889608 7335586
257066467 306246806
512582833 734499052
636086271 114472999
985671869 5200671
560666963 817730017
793433354 277534881
669988275 521296724
751177084 928342795
793955183 997273077
354357491 174316206
945383169 334231542
85964903 67185024
559225458 453092970
771988149 421654444
942790507 192498568
990402694 416016997
162235548 206824393
54531874 548018918
321653212 575700428
105665245 737428735
128057212 29178060
308116892 237917564
613955468 135996755
684030542 708502621
813332407 730524809
770102873 35075274
278931809 463175319
417969538 416995601
745249836 535601517
41509302 380892115
952803630 907025613
290933843 790540965
778377138 989130453
535747209 999659596
736247575 292875757
583984672 416369332
200216873 588278317
514896838 432040046
908873510 249832013
965907807 139855406
159270644 191679137
158025708 225059633
612821705 778535418
207180273 985701150
378475591 878703278
199182615 1115970
712476459 881721686
339641575 274448025
837625270 51197448
840266530 25897212
400712481 657660978
16965640 634098080
663274070 281175679
328255355 40869939
274901882 959480293
714248851 109084484
911209014 534961000
555922189 354475484
15113901 922016515
645085138 571058636
728939488 268365632
908554648 119333424
602673273 187605119
898226210 582034646
887269570 501603790
350661574 649020003
509787742 943918083
115474423 848612346
623814414 456864288
34285899 769890696
543630172 170230447
694631992 330728138
469194258 105401996
170826898 944633441
320946833 569735566
447478522 800066561
762762414 328337250
23213805 773132765
926060530 428925438
589235760 776313728
645849522 665806504
224977978 879081720
872331279 546224828
235054567 635620024
517648699 662921209
933076440 96947866
248261990 736162489
607866009 879251490
534693654 11321074
179966152 278110564
819078974 148353812
247824998 513123954
111482031 939675193
458349206 906570354
237674545 488083220
804072381 516373358
619759132 760898099
518742818 684394195
374876829 910506438
195062233 987567402
71387338 597341087
551253688 784380646
56960826 851592390
643076840 878809523
644321210 506233837
29464219 226600493
792715425 813707622
377565738 319138502
330373938 274884007
648786033 323883616
744240268 648850202
502812169 850733117
894346359 346263114
243491899 620357242
717578348 74074472
370203093 466785591
870845953 112644417
674611225 798236104
212633433 16028092
359002952 585002094
302656939 390376345
86159724 917353299
472101805 689128755
409961687 844707381
110102211 692965822
765439956 516277401
963948380 75231114
220561189 620398844
941378204 481735018
293938259 84913818
791984166 699016341
38955608 66766369
822963826 550736486
87909948 450856049
715837110 646974754
537319150 88960869
652914243 780011637
840076911 509025401
98310209 61320075
39168847 210424997
674196011 548806576
381369003 550371813
845110779 247194764
402563459 940922449
49216414 491545527
836985266 543279875
121201237 485212446
958296514 244415452
262266248 147910075
160391284 913617554
131785529 157618635
235725467 509853246
204396767 949418174
720390349 852700499
634082167 971565579
146621064 211360014
812608628 901157385
391599288 458994987
956104128 282895595
514354227 826689591
746476342 432317030
573115172 694395946
102732370 669712369
368502723 14472322
728167392 857239206
962977603 422889495
9016830 354219877
812870949 666122675
883406866 429347086
804375014 79598866
373789460 804153175
217448227 554695024
945790679 505325598
767893118 818035631
958370960 917885950
768622075 81262518
63278895 444460480
556812513 60856748
979592782 637624464
92872509 647083013
138509823 427827164
610405684 354318804
663023722 153711230
971037722 913601060
350110366 968905825
265789227 836353472
653368995 992536787
823845823 815118351
134165820 968510963
896213772 659306170
21889860 950804283
635758576 196456850
937386021 949678797
467923221 498319725
615959668 216482262
131610548 681508056
970501622 248367367
549387720 781147961
438642505 94847480
962068780 540302224
280377361 952259243
67091779 243040648
761481669 496436493
983311077 853160544
453757403 237675701
183993444 865055085
813503006 663702390
527780281 65455534
351240425 580682274
359060840 279291462
416765510 946555026
232161350 425342101
680834918 475639060
663737462 682812013
744691832 515679524
364169126 209997251
512350815 928228291
227126728 615323348
664395516 882098607
554581063 983888131
647188421 887586441
904337951 63893337
801980719 933359464
496810409 779803620
405037319 210114344
381771751 758606905
935160393 34159301
553377571 168786918
793293609 956947440
446430181 709734512
209575049 11870208
263230925 850675535
142083184 710317016
330080878 488509756
13383128 872685588
401287269 151208145
920019551 310522545
930256972 360366518
787217145 751242948
222519080 690122876
773499809 789860156
979165337 634944397
610966306 338296629
8569552 172633124
420036519 256382186
970046758 309142017
146370489 105156267
656883239 238142805
417590570 172382765
138475547 921039031
735366851 763433977
769471964 54440601
32585739 542468996
839427729 806688853
45584448 148649758
161326518 474770518
37661646 619430659
416696003 800724544
396926913 795633777
340941560 321335164
372845997 895412678
195379423 299431210
561468536 8074132
137626819 475057851
803299739 2868161
645935260 942550410
334590266 21034296
706927057 380432920
736348832 468510082
946968650 113652213
232220239 571041132
918276581 847822818
482017667 684782389
136754500 507823619
996018193 837603188
341065907 306988768
617311015 388528917
64180419 879833366
562542380 533463488
9078092 406353140
445429090 435013871
113495259 882337434
786909011 143656624
91184496 283535170
31063272 159386611
630196564 497948477
696278393 215936678
678028745 397449279
47019958 196548276
212849535 192120246
28568870 351714545
930022494 421804236
582145700 359047920
742687675 609885844
985377676 834772443
978362951 789327530
453005696 458863836
664630936 970796166
620747097 915080231
266968864 522727181
390199927 722762130
893842983 896005258
217276701 400123163
468239438 376282902
88106244 389447152
699875843 244517704
343464457 724129834
67523714 93009601
289526799 396010419
70139109 205538128
343944670 373999593
758293015 187211477
468489401 946916803
173455210 480846499
49467050 276817142
28621097 51877325
353730765 285783959
734966552 742654221
957989966 326238752
426513101 863449195
68040991 982186653
643741585 190141924
834903981 200901431
405075336 204491139
92713893 601538206
871884781 923987999
100146715 872498860
81519566 27346650
543257139 567749329
880005816 276058744
679822339 793062014
705486779 87610301
382066780 207164347
597599354 679685857
759622020 756502622
291738441 45859949
119587249 878251220
994775576 293913413
5316982 9507883
275837529 614069785
650414452 366187099
705050950 551288774
765500027 832875103
321710071 403097683
451406955 157368526
26942490 935636511
205088401 821013133
70494920 181391525
604129750 153910680
261917480 984319975
641613766 784987415
408432675 232191854
759673863 59705367
592830764 179332285
237418790 600442042
693245537 579229272
86539108 816753254
666233006 761530691
585835393 546243013
779602458 253138759
69751063 695412731
434362976 589907341
772904759 633333537
419257045 198251268
786707606 423432723
828260525 915443694
567386290 196330157
29700608 605895681
186595785 563194611
922269049 328430898
841693805 38753108
238646461 855307089
750540643 931625564
409676968 515676131
776475082 95930862
447752888 117189540
968430179 400266122
287164148 186530674
166511113 94022870
829773860 69556143
56048900 522224858
769176071 48166331
770870415 86633713
849845068 795459693
652166942 304304218
846722126 579761358
675407302 680019400
831029707 245080193
643847827 701856724
488214580 719609961
900108671 837649223
221948546 900288702
966781980 79832399
997200205 402684141
421586085 645158337
372941947 514274154
324766781 436299206
447996172 296643485
495655148 940085108
169592304 168969366
269811507 10275108
39136971 71001874
222911277 662386118
835943377 600407559
688499499 73086503
530659134 498585175
317505182 310949487
563368910 904495333
820665326 445107304
602650579 989608777
682509214 274757022
459857465 97316877
101082548 522577101
8334491 950940735
536786948 98404567
944007483 601527
546846812 416922239
921968733 268756661
127691341 881385815
306585160 95212310
577288307 11776333
854305210 649207356
272496655 677648664
93567597 276692119
526928625 577002988
680894300 611540410
634510181 15170627
112791130 782198092
250933975 898112441
465117590 785088107
897941169 694925741
663051611 37056931
344951274 799251382
301394290 463855791
292570448 892635589
746257149 421335251
287910603 914132039
204037246 488042417
707977863 827983053
282530271 720731321
454642962 310120773
930926916 846324599
832686183 12434494
348297484 911811819
203433396 310834002
125733062 412564274
174831224 362179890
180559046 336618561
441690087 464014324
469948549 942909466
339025696 277959745
116016857 286992089
846453493 774639959
300300375 74272821
301743670 673054403
906157769 383472956
223999095 590599821
603652967 832104836
601948410 898930731
708548055 405240941
243899884 384993994
649806603 191301524
708370168 856743071
358201705 615582686
589871763 370643414
71691929 358122714
610352999 301101700
320882288 155796575
593721912 648260874
205778164 205343629
929912318 668402631
36482127 633899433
497581219 418819346
175504920 173861708
920534302 176998984
120252747 901333509
767376962 831515513
462984718 508173933
743042009 842905854
852628476 550601275
221700110 12897290
840041743 40209611
329654943 402561586
650529930 507615746
354669840 261849699
738283684 320186295
968285762 452047070
642057032 985309110
465556317 514205661
17819462 710669892
939350718 563780062
488334401 228328246
277762288 899327016
326928343 937916531
616344282 938148059
190049998 282019284
19594884 734444704
270348606 296151954
997920472 301116393
917389039 561207873
798203581 921966779
534716793 814465587
55438098 44530964
270080156 789622058
555981805 16765979
732953699 510291233
300855075 367661469
186723258 379862986
860252318 341006823
664312501 19950075
104242120 962626559
637874055 67803096
952076042 349716257
739245851 867712198
121096945 556333244
691782692 232389790
606320714 853964352
751559660 416584097
322629438 283829005
210157161 111973918
521080625 967192175
537246631 644661919
211644709 797089060
778583443 53487994
634296186 684921479
303117433 192382003
982606880 87642830
225969729 197226303
197763390 778462249
924993370 557147403
385970561 508426599
172862846 887705770
457537170 258123871
209432016 642993474
622154754 363594381
936917363 152726153
779562919 396079381
771389247 80464979
790012017 872673767
581764109 249617456
661089880 337910252
501519391 776624243
27011135 255040208
596802600 144170568
63942608 226737003
565496783 881268197
234619203 891581421
196472591 214725930
312210306 534687475
492604951 184037980
989692243 497206782
641508540 228521731
923954633 17443697
127223647 227273295
229803631 11171353
919831860 673544029
260783958 489587323
558480042 530448009
690167173 548361179
706556654 127236015
174004688 554550594
637857037 506413265
971886981 750773268
644027465 916292728
895575316 853154365
792677726 477774013
426747504 538465365
285239962 99258968
306452689 753947029
189293823 395127141
483757545 163025671
372956639 208597576
740382702 43086919
339443335 675435768
602690128 507896857
536546599 695357238
688872206 887079063
597283592 634780296
947161167 673543535
995594725 721540975
608589035 982445374
470074373 646485529
26216447 518833353
475285537 512306958
746265315 182048370
172049985 745911725
698451615 580794906
150305133 977752560
799686802 849336746
312547868 396296610
793945951 686379369
248928265 436724009
224120701 538503737
585127394 396723791
172913568 48979082
35887637 85303157
785278336 30326629
911110137 875974153
445685192 31481652
657177038 275707413
525548844 977957915
427341105 671364675
944136070 834735655
883299651 400523198
789853643 748316850
754867143 733125621
234356617 148273790
812814422 167618628
277766279 845794576
337004763 183797640
279487142 145360163
809397506 203990353
6433135 923402484
224835847 517420612
802922983 119035998
220292971 48028255
682032736 371346330
811387335 259567179
866828162 201041495
422039958 795323053
832190971 902556722
254891216 106736938
888867001 282941186
857438231 732863343
78616215 945808930
91381616 437653792
460803993 237068689
917261735 524847905
526111795 149219904
295385125 828629927
382347696 475944991
548971640 880719007
717453058 778095478
301298317 303432207
372173513 378183129
26288523 123016845
816729121 835315112
784695930 62290485
447488750 618852812
912435733 410410205
933768791 265831001
266745484 664760749
825061152 612154167
570012026 367011326
425921163 250705445
642185872 21590370
934585864 397917599
449772661 790486471
974566672 282498817
585675855 909326719
922316256 414361020
625925189 610810175
245557320 584021000
246727009 88282620
468247839 5092970
435154876 697921951
141617233 205440976
343071078 701689608
934458779 965920238
148614161 936739453
806659991 945412994
525543003 771099455
834504938 269326795
832552176 590921810
928700626 960775206
666911981 260456536
207404852 376495081
840025623 436383148
569085945 446331829
427597466 552073595
77820884 543336514
569237523 37961426
377689537 672011479
369579036 749853658
3247470 575496977
419923030 530507202
671137295 544026212
766450288 949125765
65313858 120289017
986132958 528353692
131006195 522999186
894214403 681225570
389365201 199874221
33818841 296294774
715427236 965273562
308379651 346141318
705745779 412315611
810360253 412855794
76632416 192090784
91484530 40053314
820081354 56832638
778395597 310591640
649071924 645938717
162253042 94060790
427782883 397725548
157854914 459085414
350131850 186803705
769727051 962860264
909022183 788987503
438910965 457201208
257173093 172497166
589775990 982472295
289439480 12500311
312044188 958029292
773879073 415670448
40772439 237090554
407238907 464925398
943651898 653999899
78765216 745851603
396299469 596092813
96814794 928751929
205827598 430644610
257149515 888553188
965917160 556422280
177119300 243975818
856453985 662474345
202789627 859853857
255863044 306674491
52569366 710607784
732359039 917125832
883442149 970868670
497570105 896348729
294618997 774819199
585437486 660863299
643469626 144589859
491064423 722877123
864160964 766362156
539679653 656807248
113155834 315251149
203326031 255820138
9446330 560277557
28569784 960758124
245364725 707230690
489023952 525974429
671705713 761880657
142646106 577388733
957625828 898862690
193214464 104694885
585203105 699722323
931146720 189096555
156765685 599611071
659609438 264713329
494113860 468292848
728743530 910518611
510988036 383484643
580060100 41793896
885903633 471292826
613856806 252648708
875409665 498567341
970319313 402249900
36161595 609380975
800545304 442852611
939248254 841157511
162101440 558110793
437372478 258212801
616264307 296509868
346570884 654613336
805797968 453816326
516687857 582723584
949057484 462050792
783033720 208321171
289923135 407627270
150031369 966811221
30532368 730749120
995082464 45372721
761120324 656165741
436679100 149964147
844707507 175162725
719055784 862053325
106274557 288523907
949126648 535849407
226776536 205247357
819675510 81669979
20320355 559446676
456068034 222086943
395192200 503621263
883792378 326450989
910916225 939707760
270657314 31841297
853014989 908268961
592642710 322989070
21624705 2766322
882788817 914887804
331776125 434453561
418197082 37911971
384137069 36240174
63146037 394871488
892342933 243683302
948724294 378943104
587389218 212983917
28780477 402925199
948610823 77806640
132725714 834016934
578009715 150420875
138859299 429053686
692313284 86708708
290867751 196034193
139498385 560528760
810100213 419721119
578931080 707614816
144304607 260602625
960573723 175474616
389832365 888905196
256394834 608436511
893243471 9369333
120468623 327230501
620088336 54480841
565365158 44110964
633196905 512715524
894940359 757647741
872483087 780308413
408008586 871801916
436700454 487314892
941996037 851280817
153210489 866410804
644567541 109074255
488442293 876761307
977094719 904849718
12329262 461908573
613534828 43801959
398507005 580859505
946812755 341095533
885933445 352929906
165047647 874074304
34354850 585413584
868023328 880608862
921930878 940967245
40719551 801119053
509564972 864971391
129267361 506659829
746237498 36778234
337611834 105856423
944735422 828403741
504802858 149555947
844894934 380120706
333013063 294607759
596972355 190528954
377451240 737136868
562530734 706140735
769770029 912134135
184164390 744181934
614006131 656443401
882124574 507873903
375598973 559094761
86262841 798467907
397272366 904411337
909240184 338651526
687922627 872845201
737197928 246545261
416926270 679764834
614842762 335388860
998301718 709924398
548922828 14059724
247291700 152727110
317246261 813205559
51733527 37655626
797938786 697765148
329487097 540492576
929656378 352875176
619138157 317554279
773664531 284343138
901875902 957883455
133326991 408940835
655834197 491418655
775297801 229071898
465081948 949517497
67374909 287314177
869494062 108438463
698385567 355350687
307851429 191679255
344702297 135482112
98401082 443736026
163268286 88461676
612853292 414525154
616129496 407933520
648034230 924251226
527966010 502705237
596904066 922649568
87049015 240453665
625093815 816287799
961426544 807951434
495033767 283033567
464793389 389489171
905198882 776729991
457664054 315620132
855138246 287316468
898267880 851067666
178304776 379065297
940850152 272033023
572121287 956795202
360736677 257898821
888471664 817788815
770823194 108744154
932646061 288687733
682952104 479162945
887604406 529288149
993724383 207381241
641072811 436847208
277085567 777368689
209862258 516514594
504295321 377273392
414365662 842404229
525598053 102211181
260839674 586707448
410879744 8324971
955592168 14901839
152309072 223933653
896878357 69881443
719001402 925730540
95383509 57975789
821825914 426918496
157614941 920810879
415302002 690821094
868238646 145865236
865771679 924677977
716059468 111819371
249596952 840696554
972226785 713358821
891784188 126343707
291035003 288574511
603339130 653929853
471127803 666611368
484149789 189836874
726994940 612308920
652548900 215270866
802931828 330155606
50435913 242511408
876864974 307960219
50233982 977028173
844816170 880845830
485520413 912098495
294162741 259101413
336709126 550841708
334408328 315410340
888702918 184651252
619249762 35969327
550740839 823972069
708884483 555316493
320499940 751241075
953629790 185560017
980704761 101987679
178690089 945769087
817994894 241471496
418040036 77274529
208062437 967595323
42021121 885627325
83438007 621453193
109973886 849721002
577006377 688781125
682395505 563342401
551413246 306853634
269003216 825472889
543091625 118520594
73181883 714881734
468569394 693362939
749658813 456865990
696987057 827067399
964960889 980153382
536034300 2664162
237346441 163090963
563091569 155199172
914743909 221352964
4794689 397317189
721824621 666628499
128870314 153000759
101929717 395624491
61704468 331583868
862676412 954657414
3449465 415588287
242130249 808571279
86663666 577861954
304059997 790279708
27917649 609026841
780892086 742633024
848165493 225638858
477489202 208541863
631465674 734404899
908151363 377604210
692420219 655557574
386952140 526582063
106179249 869584449
372715221 983779193
468096478 204697368
168427884 109591910
767993969 71247992
827414654 648132697
946968678 117329631
25597794 34645126
667844077 126167962
716027083 633191510
913498958 922990608
320478178 858381603
550194623 919075495
927551687 642339534
852187555 867809462
581378287 984960864
194413936 436847526
26996377 863619907
123154556 569344124
317381519 313934300
863933694 129165101
300478444 75398019
773459115 639008487
738982870 468890571
739750112 683336801
553854322 952139418
324124849 119514115
464663685 53159493
769440316 627526191
824818695 680619568
457402494 301774192
418216052 300462207
284970081 350619543
48315906 545077204
242081996 684044827
432840872 203492719
470328656 435763377
339086476 588254126
279241996 502522909
438707021 885599415
944398389 994397027
997475688 351830994
222581895 559758790
418263772 858054165
776603657 709313887
561561021 820715538
845893040 439905246
18258036 792700921
114533991 851604286
657045077 774741728
757479234 390676053
897598594 715546639
116067143 158635055
412299023 289282672
2485257 603583225
314234577 702128542
648967888 771292002
308463257 457896306
742973485 181238439
734331681 632193509
78973226 345811350
840888330 903498154
675549806 21729168
241366887 986405207
310135921 760487893
435473990 182838743
353456967 901826306
391021992 568978908
242077410 476735653
386263496 57176429
156963783 108099012
429461516 829346730
98089131 694289519
88472086 10705198
212301062 570578777
648472749 156075911
856708153 675323201
461603881 241816678
504503943 163783367
254210910 119355015
486001071 315689785
849500180 111761623
217786454 690836607
677655573 816141633
731979475 436462831
361032195 593011311
381145701 579329572
600739877 514699729
718270139 162925967
894061319 332090722
389815447 292502245
7515945 360482241
550176204 486145482
389739648 13426146
845561160 567856454
474726858 464950563
762950287 248884377
738677531 917692596
38923855 736076400
812632883 507624193
751610670 68763554
230080939 148092911
135259125 942884814
895612295 40749089
967033070 565699458
448422872 594602722
507160280 984025522
425282068 542224104
430151571 816080863
915711065 976307278
840177058 317748855
263188954 240612731
415901420 869279457
657106995 383448182
558787493 121197759
939033302 738852450
824169639 703264243
322162023 108551096
601469923 418313127
4735638 324896694
786448530 779509315
314659556 859636838
229507325 542982123
65825720 197995915
861819170 349787552
441215841 603457854
161541339 448476281
427468741 386380217
606205371 674896999
481749074 182899622
363221220 305189126
408859165 481059332
366893444 459302634
910693757 831571029
935732274 944597748
788509943 187587138
743764739 37390515
9865518 481006887
992217314 56307036
553554995 859561481
846499215 984912914
869394471 603328594
804090156 722330638
918366042 994220297
697710722 540094516
177613705 372045168
362692879 127390394
479061719 693497889
627331750 729132979
161685926 937295298
42121381 744540179
708199640 537307256
66894789 656478393
385040832 975567901
705384781 216000254
57794331 805539572
632435860 107702046
427200563 155677464
342034826 923944921
73816642 533223104
319439871 247215328
713989105 868938596
714983657 834656630
860679630 970004865
644060969 361471624
115567689 771483752
613254068 820409157
687242265 763742553
856472664 680218620
857283575 204132085
246795463 941568029
163025867 360708187
177439629 92175680
77495393 788631479
772095273 785041670
104178170 250211279
494349299 974244544
676465486 396464009
68992924 970567576
940178505 163756593
319149900 490540658
495171990 91179708
645936993 160156479
742565179 284318938
273866954 25057577
338161366 599231351
383701272 350853501
19784631 699779810
845160925 140933504
283140950 79018526
467721863 181560496
434399543 757321514
977226693 322767622
16190802 52818803
768061553 281739431
348660267 192990878
387325315 69385
236377452 892226057
851540241 336948723
909529640 196079157
446600587 883722778
484354572 462062606
588472310 233832773
803872168 496780575
957561963 891307362
690436343 906508715
487862671 862324926
595231866 531699164
965673141 582160185
650090483 218042634
19997122 15063677
828772003 225190336
4284893 61368734
72617071 454267092
540258947 353118492
740407849 948804898
295188091 952318358
240671569 704479
873839439 258365208
161680367 770269835
47620830 150842509
698851854 462130377
209491848 712551896
656689451 982070827
478972066 577619555
1713197 786904208
181865074 92774405
292503826 11721084
271339034 382658860
197033679 80659738
964041802 432735572
651971698 858796291
523438969 478680600
329718232 464056693
901696505 125998494
154594084 624419627
140582885 135368626
115304934 930694878
56192469 792468634
921505852 444373130
398331116 44127287
607925622 857459149
664448663 814592644
278041585 432997977
278636695 679750743
777861921 734669270
704380023 773786365
75432139 882797754
388360245 130037429
141786655 674604561
852296740 394530915
465574868 334667577
542099273 584004065
626172066 414694657
380617145 411163923
379868349 735934904
123902477 77244342
450187900 94959024
727083584 901153563
142328796 785533847
820995411 172386377
367898147 150236757
544775745 301266829
573272669 826177529
975505589 808394334
769102092 506997656
408796502 936326293
53244347 544906576
65458394 86292063
951859050 256843211
263295887 383859663
600115415 257303157
164720082 735099964
716763393 545363771
51103591 863923708
786215855 644079442
503230793 499909250
539331621 837182199
835329642 563441298
611780133 611637259
51388477 964800395
11201970 969617699
441488907 562865209
876664952 803552014
329662044 779828086
545454400 259542298
60521287 171557624
758037307 371672892
297481330 97255789
322219262 640957151
368569390 417308527
919980191 615417509
220223343 836244387
67637682 960845078
868620360 416578915
721969868 428868022
781800638 127365985
286457687 309464342
422275575 943281393
845455911 92275679
702354871 781473802
759109177 323518062
100321697 324215455
652338483 745312723
576366067 340175516
209922002 359712784
707137995 731525955
827733776 970262513
564889835 105281455
982623726 505180643
726350231 99830388
351525363 673683553
436911725 202066919
854189675 147008015
977922796 312152289
830102848 246213209
213268895 838198452
566087187 189099188
874919668 552362318
200619968 973257378
411830004 741121035
173583317 849421231
66883728 238732371
884243183 95365462
803121412 860673932
410418343 356401716
375050879 172537372
867962799 825664808
697288369 385274032
312049188 221424734
767887469 419613887
464499876 390294202
199650467 509096212
874601988 988437405
889311683 306927640
478434319 250846151
611120727 581647505
106715826 182928244
198623330 604381178
163827733 217652866
634642796 880541797
58032713 703456314
136242550 456263406
30498024 705193198
511830578 291131518
30022949 790949063
428621285 597701769
614040509 531699226
335558291 439012136
598441367 999301674
883634292 730213887
303651199 607878484
931443689 405368260
45790374 869939049
60768852 588778676
569145960 981956423
859509923 256072527
82350240 304936508
363903176 592492861
911676317 371339843
592875578 751463989
874431939 651816049
496845842 731979969
116561614 872599109
798503232 237455802
968275748 573402969
319647839 865574016
682030524 450899402
334898037 175224812
833357375 117959289
707250833 102252639
176014132 63358674
837457315 391469220
968613660 488139955
846245506 220484351
694436971 370628316
228081534 158272707
11283468 812796928
126058925 873533641
871989954 807744436
974678756 415371204
222186714 814932908
901405962 626153495
974305149 545119831
635744362 629734763
773773669 609123074
123921549 725672473
691921165 727725854
3880938 894925003
970732679 141182483
440561796 399856717
354387345 721242182
699329914 200601112
770531018 542355116
609626331 630858833
39880394 189722963
484549269 80727347
814620473 294764211
650349954 25943047
526065041 459096132
47305644 163086048
515586774 60007674
420402629 437592550
539736971 359808004
148274371 326327031
837626550 612850506
953372255 561178023
413024621 444569056
211613252 759160116
182835442 237719680
557945764 931010884
959025912 469624316
697007432 36796770
551804355 876533440
547508732 147471067
580922876 679705125
226600003 98380272
976138660 150228506
883588012 853094647
609356210 336565513
193107955 269858605
68565327 246295093
888089128 708979110
553731687 106594398
578734991 214767178
590850711 76837314
145175646 772606928
800096731 494782249
243195642 566454086
68234568 575591983
877990456 991530382
945475261 570139560
724450779 439855563
275228402 793996291
735292194 757347844
736018033 781754395
624694232 573898613
886711906 871986431
135382266 975121241
689466469 663068421
850900020 576974004
460562262 722401865
148687574 177012532
721494013 380762319
541768923 529567164
291834319 249036185
766335631 900067470
887773657 378958574
66132527 595537286
734746048 435885016
811158842 423808905
946982856 885715408
955395339 353471868
608107115 558209813
735941072 675732012
947419168 97371247
998805876 709040740
565511173 881165119
961241670 161597866
327989543 578404811
150024520 209587939
544909413 532482339
331467494 700261846
998583163 849403960
514512026 498454926
519717478 474821387
859288604 283075150
295328669 655293864
794789012 854087063
253050665 516340966
833989389 798357545
246505625 136519824
495999272 99617740
958674824 838888460
279898176 896577334
175050956 308881869
314677995 382992659
219953893 349555244
921687178 812930438
833115085 407875193
684751150 418836562
163694296 350691887
457329764 878183691
654114185 941599746
308498868 688543427
872933260 949023658
785613191 769974492
909942799 861506105
135928378 311133999
883416040 638088930
752192534 598514151
209000421 71287173
44601937 349591969
10088308 4353544
519070307 69441903
687765658 536118233
207220934 580719868
579805122 959889108
274837165 254805240
457908119 443458198
614076237 392910163
518894343 525699393
200047525 944699286
929912365 259859976
293632144 299947192
753270356 543068599
461036573 793962674
156813656 560426157
939475197 83632018
792598163 232589154
405039640 474617344
437524615 430411820
385738444 810793623
653361365 475172603
138076724 360426398
816007895 307132880
687044320 214880723
568765911 305280515
931131858 636020617
626517885 668749419
957428825 140720468
347491713 524153750
130075283 847021252
819473867 592439738
591509634 775641707
78744065 56546931
365590081 760932518
546595792 259465711
291395325 844222752
961070458 496308959
386877566 122823561
976845307 309179717
234810746 365231319
27470932 924076766
927393027 658366468
857405230 397776246
591266567 516696042
399714642 345358541
336640039 805012363
27189595 899916884
11021106 488314349
235975534 221131119
524337548 786183871
891029338 394588404
822573251 933038784
139404923 387849728
22583214 810243356
116075193 50619199
110905537 381890287
876300110 164107435
151101501 435821923
131676778 115338239
294714408 435182841
338667099 943447917
145533566 38179687
41130300 597211547
402712822 538972574
831657116 823719684
510921311 274738420
886244970 204900664
815719498 924478767
10038517 687323984
971868659 432144457
629368531 746815869
129423067 879886521
318715991 153238650
824240399 681162808
502278580 487177874
380097942 394632405
769277809 419829231
802822657 581505926
894669345 840025672
292214045 177977886
770764959 868706505
630754603 370023327
231904018 875230163
919303276 935043535
125776529 290707773
336604140 787252708
263642662 372278896
622840983 923521374
391514611 84849723
970878329 65505330
670495314 845162404
345093208 303036685
283256662 611012810
273639121 900091023
499309039 736031635
482883569 152842622
455852434 403644470
700576787 742384588
280018976 836369692
389419561 165127892
355264980 741450180
883404339 609627942
49933450 305681247
789289233 34150947
643354878 84410762
580546084 965060723
492961550 704537851
717752748 690922640
101022483 333288327
90330373 307703175
326992019 79947937
521061127 819960002
21660886 988443296
280935377 295664624
975726661 440935390
363733328 770296193
409441245 588667867
152323837 367165193
501263373 545570685
270941159 45322233
406377905 96499068
280553789 370402293
535269892 475139550
441114182 5732507
69285611 353378245
950520122 379970186
93646003 187028610
562192676 394437410
260060812 215107835
767612637 932572799
799749894 640269848
716975198 497193432
353537259 372156749
692557334 437960183
396271429 809481625
184109992 808661754
623876269 284714922
721643178 474196746
710488262 497268845
852342994 718115502
320150366 935401068
10555100 928119315
680662476 961649166
393102964 691028928
143334296 779840796
51402956 17641188
695217934 607422680
880843136 638749034
709794742 472195652
10840025 581763992
906794295 963347732
932515762 752014576
661646890 738939453
797279859 157185067
670320740 168714188
893338847 417131165
870965627 452590833
602733995 843033877
659035327 895594426
585618214 371928729
292648193 682880814
673669550 885770155
679331151 657836563
260308777 387343627
331989765 596686529
914867355 174314983
826018026 776947085
298874606 617577544
270930966 270125609
132544848 72441933
505209131 312166955
267470747 280859260
308843667 354957906
260909909 433481158
853962863 948306522
420051600 943378989
508947757 632922856
689698775 767136554
557583251 62935731
854604531 611669866
298887355 770924952
470481292 81784950
252817765 12590447
859254710 528606198
687262998 578203574
51039832 20088333
942001757 750021578
319409542 893752684
771006111 341985193
931086253 512627637
369917789 758154849
392249781 281627375
654454378 522472851
43483852 939089439
620354654 479044451
643725370 632908192
675580400 31545868
710001862 668339182
87963099 901372207
484768342 284001304
786544658 917372783
369445288 359555001
119967544 78150194
629905280 247221235
842209289 268033374
860037676 212994190
971351365 525959567
19898145 153867622
780160419 310827783
621939109 726886654
413810810 482159397
925061181 631502284
239607956 882523096
667226917 290114536
77545054 860731117
376757703 59558254
923973410 280127357
177010932 111885219
620311351 861147827
459971100 328018170
274292484 715932033
105612146 10609279
969136856 455176547
347922274 245717535
46573642 526682914
586700327 968773887
885469020 458234662
11688535 72557273
875569455 891047743
472329754 916408435
164189522 377207089
711769528 247530572
882256287 137697755
456991216 970134787
977713909 857457085
119956290 552645498
276053551 837103993
260710524 939071040
530409644 934826127
464566621 244275425
437672742 470542932
844455110 592860740
438180830 705568195
206644985 402150590
342901491 7058888
294582457 454358803
414356204 162246964
748819754 369342955
249524822 973118684
51068890 691398257
29801214 931934510
463205427 917078618
366432729 525891036
646406430 672513211
302479446 870470595
265007390 55994132
805461139 595381342
145174871 77621562
53227873 991043587
439599377 733293337
384950788 382588194
289721597 263864398
432838657 723779026
311610125 108229392
376006594 597676188
416024456 722055767
502119018 135001588
833503883 788810744
7884202 215710875
269772341 936321632
314521857 597135556
525576866 795203596
990614739 493310162
199996438 519142821
300854845 455686644
665891259 335896567
889031514 376979084
879134903 672851520
975663694 521856610
739721829 359198904
407041946 631991064
668891377 602543304
804058390 983295671
101259469 889330819
430098083 581336996
676917680 414074624
115514412 638265161
270447039 7680189
883428916 22585667
104058327 832011175
69641185 475241905
512436485 331756363
271542389 510961449
504762309 378530679
450739165 199785099
418240129 802699786
457198087 554219879
718127210 32174768
834154001 156059510
957911329 935029128
36594891 239959341
909941597 654774706
747658138 652463724
648101913 768170627
245756381 479819971
372800396 97323138
197451811 594358470
411659658 670384783
138535918 422040306
163420049 696789070
490583810 388054077
17027930 587739913
161817423 77715195
98768804 367767414
20592204 760877400
47476291 340606798
139905366 332154169
36946152 151707582
53529594 328437808
223244602 843062360
432394393 197599473
985043245 120408806
651787859 696746735
710016597 768440712
49461279 188286500
581616759 543796849
175604533 480895176
608664970 741476889
775847485 525227584
962355308 627030033
58625329 41474836
259886626 257743733
757004408 144246186
299858903 689804937
178481750 909762192
464939549 716307313
403352165 38859870
840062829 33197769
602160646 709792271
964214105 157689838
80488191 162751193
259007797 252172055
250469962 17681766
926212709 430827959
195405909 13514657
875152182 816914355
20014996 15076039
833652957 700330821
70367760 972968688
930936441 97705329
155027014 795005227
885173184 580266123
587732455 811746234
693900751 959265165
844837186 193659799
356285192 52736145
854985097 972556381
122379427 262097584
882048758 881667240
562074221 916021995
706301733 255850876
856371324 968597994
305506125 359781299
579105700 238481554
866400245 378501547
319849178 294377181
953758537 649218820
966404907 688140359
675468523 524249411
558923908 77068844
757054807 49918461
762606153 863715624
611486234 43966440
830150053 336913697
399758805 237000759
889545962 109154889
728861872 192491467
666716195 934028249
901973529 649628468
262553054 766723575
248216760 206682448
402070551 515570725
269968084 907576975
454898780 395793599
833083937 525747098
869527774 423711956
734464306 19174638
878813970 902933459
583315785 890058140
835825898 302951744
221950393 702449822
452426848 918942445
180408316 638638474
292673519 674014851
143695332 776451215
611533711 268319215
119103164 516924288
660679553 382462053
635934191 733737119
589737408 630916446
298354726 348889091
475028440 8615520
270342291 698505068
120070701 704936713
271387743 514736049
743095608 830632464
462399942 200230914
665958335 558872518
882951012 484454881
493278755 684108089
261818708 678573803
77541855 412974365
383249684 923716431
5760735 160573104
649434049 942869614
823126153 310461039
287425109 699759453
72446300 323728754
924979414 646983451
542422661 754635721
308366273 178235956
36333919 773451483
431817864 167205303
301053013 809255020
220848098 414983597
155653371 856954316
579090989 436318523
450688057 55694417
923512872 970345942
762055478 317535699
836571791 643799772
643687567 916668351
898508575 786196898
511997112 843506456
407652528 595077179
117445433 159018909
434030285 187025045
746137848 614959103
150771563 93746299
202861443 758152262
767635770 359387175
913347482 20183752
981566851 927680311
668401360 653274619
159556797 148760309
801299166 263196000
3803183 807814756
650562022 720657690
817031830 48001271
830259068 211709513
605847017 902036626
721465952 647840670
989133916 202265669
464405961 526722451
818096566 604670634
700843911 916708394
45272669 968020304
985185281 289913245
314277681 193662031
900979241 165564638
197381279 49384315
982603405 90762061
17012950 651504496
336948268 463276675
527781203 896771473
744758444 427580664
925077860 972048220
704568831 129875729
475360015 835140353
784560268 747833876
555357213 650613594
337387241 892285321
228675178 79531075
524627057 696976701
526369601 213604602
761489786 568200407
377009799 694768915
389994225 938844149
634144245 392625725
3255712 256515042
668235454 765617376
254919204 764654808
723413057 268552078
22158737 317333129
302425474 418969079
965607038 665533727
601225861 502630985
677221413 589331590
45561858 678724158
301444968 822069193
93535148 959154031
909748297 390321096
732743836 96109432
692156403 554942428
313045437 566351936
88055078 885526432
694412128 476733667
301985948 360298909
373263981 115830710
118164353 758606029
693254380 319754567
988302758 121317761
712022783 315177724
865968830 21514253
768177886 266661534
46447332 54317720
55153286 977848314
576426301 28132121
930695629 572832311
703147443 754791104
265799114 444946736
689583015 695016020
114746978 109647549
40348006 327664032
594645471 260084949
375694455 105321782
914701146 995405445
312900939 602506158
883024785 343946110
236947380 263633945
253731066 750827377
4106244 347555081
127964433 85044814
359697839 130972855
889170807 738697566
868849257 407595925
349441380 326977934
709745024 814994725
812786215 720411717
955260403 239299332
412258285 305922043
98711269 226080774
682609985 115130046
902808961 701858968
245720467 148246889
933479968 835638747
945531966 765609633
464674534 509641083
353510255 746171274
161261320 956043709
247341402 98851516
11143500 382241095
428655101 303337205
19251918 830155204
186619973 843851092
855729745 286314927
588521190 260063664
165862019 91368890
877248918 551301331
661179929 778640212
760567944 361696714
251136248 391387014
879138401 749505024
583454820 900913828
250118374 713145455
324423091 553081658
14988408 451203297
936796869 355885395
600284723 820427347
311900697 260961234
475774157 329315049
793685227 886131552
750892779 479978589
467586582 701017096
357041701 777222532
246540201 93135099
763056198 533822069
724623710 973820682
195719697 89042061
105574696 63282843
601843710 513114924
745514754 689572368
437962771 235816261
519375172 394406513
96597325 385566847
810714823 687726190
566270002 197644908
983630332 21359779
176323872 44879997
508242285 420242109
287984618 884808379
88452133 681656535
979965463 469215456
910685164 902100053
186313081 153904837
370126090 103749318
218688408 605740861
922168184 808458471
565013951 509492780
179553193 755231533
307884295 989296368
619960324 47563334
690316639 306533648
472346373 995180859
781894436 378297860
237865482 906872181
885938808 613738301
643234857 49827239
781011717 280562365
318955213 241981513
164569851 288601491
446790088 824142201
968950946 93513658
362403337 96706479
391385605 514148408
543427602 574901779
826113291 24381441
407858513 936882350
899243989 699502015
150697945 631829600
600664270 377025256
171017861 101046333
13198071 486792663
156632057 220380158
460829896 109718202
814697618 949347398
899378465 98779084
95121336 430486911
597105422 818614963
934659318 689990906
838783054 200582606
106091770 115745811
272118699 774944774
671183549 966597162
967542104 95280795
496757651 98079822
557462133 5200983
556559234 333644109
950956100 176619782
276328058 780455931
389061147 419459531
434201603 314985473
325132236 491704586
358538629 62718323
827816755 759084734
682070664 196791069
962461069 19594094
569217101 419597412
330282600 547661193
629416733 480466988
339927044 74776567
334677927 963611779
904524631 652983507
355123520 318804486
333379279 884435934
709747866 97552987
861250063 747234121
52056256 208232368
646988564 702338634
33642206 705084293
709038577 978877593
386275915 900596198
395609269 177286029
869457465 124044948
422488123 713214129
775234693 416290926
65288507 687950285
878148516 123726715
831255552 94699630
377440918 755945624
821876979 580343311
582378801 777975408
790667855 721453847
157801926 775207486
767450613 111196552
287504832 545390275
695772656 975703572
966155401 538510617
675983335 538884184
730933880 773746219
264850418 690923558
950430558 763273253
543932696 658582476
40770761 32272336
636149453 640383335
201554952 324088941
155477277 41135695
896418697 663949197
630725842 381443058
205242039 997223602
977026791 450814541
337018290 951167230
343693731 507781806
328956567 22749643
769970758 738674726
964228006 862257141
378456495 976468149
277215137 506492792
508024466 132581012
740260474 271674105
612002141 485189727
282593331 967567847
743205799 937303957
987573447 322699796
648868988 724597338
910251550 310029954
169063954 322855750
204462772 552479269
210025775 800378921
765773744 90019575
100868741 12378201
255033411 263343670
194584798 741488155
167496663 392325603
487363256 649662947
592341330 145638573
435324657 817137029
563354389 827615297
286457005 305902116
190174662 505633889
378702206 721602888
594843429 136532648
656806217 755594054
651769386 949063331
490856116 234762188
940954189 748813287
507138449 427264542
36250892 40485917
580944108 48483054
121901612 225786722
272469594 597921416
118654529 262830721
326280000 355282884
31424695 487416420
129403076 315468530
564901658 330625782
541265656 153011230
322505372 921080159
446452204 322758763
35417177 944796507
26714511 963765205
277137 327169818
547146388 838137662
627756495 128215119
381468284 529543886
344614486 87152983
545009432 37971831
626950307 532752152
673513398 566358191
675341859 720792020
22308648 619218505
436544515 754016222
265493004 264813395
772854571 636010377
227364968 325965009
885736926 335325937
668476336 57405693
756945391 602991501
159365569 874732641
263651521 695921519
873444623 822019685
338842603 126201431
155846066 219552309
846647073 719269031
722264842 36082621
548358162 219113076
25124568 823721073
185056121 659124383
402536409 229353477
409043953 916827168
53816846 940433151
268414253 314431536
933823634 324808926
732022327 521411908
533648656 631803695
315569572 731773784
212604446 274243950
867574138 340933553
28770430 345014529
39669439 8755926
501101184 816216115
490950529 539031394
694085975 487608800
437769750 389761782
440575012 29565736
554515896 911061071
981612707 551704620
51629214 527033237
876138962 613805550
983295736 452233080
902248850 767977547
64617825 763218070
470426629 452886203
378750213 812520569
203066799 959116831
977086865 787070079
575282212 909501755
794611393 64948285
209644888 141316740
844570384 767673167
215602320 880235495
837534670 913157888
865267966 889470188
768567697 473163504
864666068 194455766
734902969 541908145
663513492 696672357
731175360 584771412
89775147 834759247
147530855 836891965
647222861 543529766
404441967 462273969
950430132 974793970
752242168 954171261
853529165 684424244
220891651 25237924
617794280 168116300
531089722 725981138
798749364 656087540
969895780 409231016
625559443 270574935
950347221 355533326
903495104 350647497
851880993 832511378
444909830 366576565
739893521 976970970
940797938 221553606
7266175 71947707
288394063 759152525
689532503 812274154
779043693 499647029
351092050 859991207
391277428 493493483
959463876 934187012
861807987 930746733
310729689 919127607
348041917 34879415
586654237 340522262
563932823 550837989
82551913 241912799
511864174 127554189
846864952 815635938
369208143 446878582
132914674 313986978
240146441 459238481
336561323 371760480
710053034 860864416
310857041 980203212
305639514 809716463
685505451 472751980
38487646 322150320
820617344 689050842
130300615 671587807
334770332 880469802
230636499 356070090
30477151 959373068
848957317 543664197
942294254 804943840
132514303 673470582
496011605 414611826
66809781 288628956
345600823 117943350
482316393 276742246
360363086 324358479
105305036 737148870
13690994 764762169
109155537 423333524
692280182 463628016
959763221 205331873
530947312 947701260
974697864 760080418
934302069 101618100
226755318 781233709
450829540 159092944
151163382 82253379
249434403 667584458
522956472 448259567
888624770 781790520
448336230 237089387
524046591 642903182
662319403 969035765
444272688 946768431
864561502 781803192
702590886 377748365
683544734 745599702
136165889 344637795
318264802 278155375
177306761 460089747
62666041 793593643
829689572 801714414
380315714 307007810
727465552 382338043
759943723 821296158
997842159 91180640
190804050 397536791
243553081 89956597
574877401 594174021
498070501 19990550
58363304 348747093
320662766 984126118
117178745 87965989
502733535 233559240
80983263 834413099
895682593 610900179
819674856 641067021
401027284 728675722
812186306 63135918
244784643 83086051
276645449 23507833
360813484 197986655
86867577 757681132
760996894 246628601
697476978 445871928
733999598 574001504
972641196 398681403
338087395 808536245
608836161 440208351
216001595 259663195
247655769 912756735
815232185 963393336
529159225 950213672
848238700 742715693
154491124 737662424
997443543 665128356
24167971 437963033
127979431 912648124
316619250 581611982
265513244 25879690
415889840 900439180
714271281 506905495
72669479 386406253
569555815 230955281
64934999 172052645
931559038 771649623
986557681 646752238
142161981 371620792
29796403 423597042
8501963 617707135
521608533 922345131
298135976 935179897
275450366 102971987
176086418 387647718
292336326 876814693
851520784 573576066
219740753 498404598
709833629 257671823
109230617 283667959
764305169 552418397
23233223 61469089
80126745 890049023
755773275 984360869
749189075 297268895
451744553 834306471
434582067 574721499
528055954 696071054
292251722 715635886
648361026 889783654
163496061 924650267
438501997 879837803
27799397 133983761
335512432 207803772
354377356 410821483
799390786 776423096
109827975 698514872
71310310 311233149
311253498 16677263
57756548 436322246
332142013 926675296
825214152 558396346
687482472 755360014
54692879 448686484
721629283 489538733
630902441 689783123
577838017 399787917
228928705 794528184
638282734 67489522
279948920 446482876
973875679 995951946
768246177 266203516
978936973 494267184
347128488 252436168
561430159 312747917
632294718 785513782
360299062 102072492
178403082 297966980
517766677 154724422
875671629 935773246
950221228 28221566
620128715 952553295
951794778 427813120
537828074 250634658
725278181 961432983
651842728 730329600
539130944 586035970
684195438 214245565
313784703 268519461
463064070 701753828
45530220 901746469
266612406 333969477
405290184 444623521
137556758 278837682
920564699 428639631
100553108 723033567
68149847 929511979
408319903 529960217
608447823 133319055
933223012 128372974
337690699 6703426
74608056 57305765
801776385 267386928
951262960 722084778
367719355 597247293
144566956 295802048
811818075 596196118
755491728 802347084
430356746 421529515
957064712 143431302
919809699 544770755
378447931 885261932
736078705 145178730
90893743 80665276
626468130 193583799
195596155 466061127
928110298 614473495
230282034 256671269
195550564 795551412
529586553 831056147
95797948 332867266
390060692 916890766
326409085 534581050
707319251 945399529
56128839 619478133
462302928 814381372
105045318 411287542
412693883 919104790
62647346 424494810
330823320 163378217
741638818 396143986
789575105 944519753
4062581 986885499
863499162 231956974
88490006 20324030
120069627 674720259
188010711 81788940
143306850 958772068
37117668 693894122
950676890 880162330
983158299 387558441
164909570 673866830
2467733 577045039
157364403 151269603
475784654 51215181
244335353 899093848
792876349 630165100
489510242 123731220
866629459 383535211
534506511 347444184
285876103 733323155
766082569 449007172
735473147 537289752
671918948 397801779
840187008 720829920
970255370 120466846
404117586 859493746
788007814 777435283
576087058 950683306
530264386 674559844
324700741 318134788
179590395 46613746
873130045 149214304
252447552 113140329
283144488 935832367
424602772 171338731
186124718 725315781
621897469 50357425
388843590 166246035
330753131 227029759
219040060 438681164
781770574 856764327
317629329 901622710
886771432 834765215
646225335 568507134
866145444 780524155
742226260 413866232
326628145 482359611
824481591 415053142
531369590 589382700
690161719 496257090
278682828 579149277
756913752 861784719
999646799 517184153
457862386 168881985
791527451 801133644
430846452 592998188
424622329 166407592
673130144 554329158
204945830 39148500
512620755 912544082
184269120 697124734
412454623 571597648
510795582 925944116
291217428 588640008
10711247 954305553
178530090 737161249
424327164 21007591
908276848 118853537
677163035 934805371
854547971 317062785
633847260 108672400
333842422 105785822
189362254 571463227
88840200 138550583
567951258 624667313
21778349 11043408
157698643 511824882
53248507 323307669
216822206 90977186
51975700 931912353
884975222 940293017
223463750 597758288
950366240 552794578
467201353 983493897
29184553 44915565
132817311 597818688
419099872 573715254
558642075 836976351
941298548 16806417
951905592 617943538
205134597 557270772
322102448 942774139
504705480 987284962
529247796 380374902
357392155 533588483
721320782 343792660
665285389 895920103
784288288 343521551
452093852 910910053
770114922 143625860
278226090 500195107
844116237 370980787
860087746 101483333
842665084 239091505
729157723 662121741
82582777 509991003
585034320 144541849
573828404 598607341
468623620 955427448
860130102 733418680
464343659 150815243
281635987 77225046
930929615 913431935
227416495 236806465
155278660 720792540
144231730 28427391
111625873 46978263
587249874 192174295
268079159 554271066
819847254 667901197
637861883 556072936
77172197 340152613
953215242 867508158
861782814 898929698
52830484 767539268
213949161 611453651
51340791 173273933
500950843 805216507
687739415 174727221
117759232 54781863
360798313 862931521
933958720 21279182
108815613 250085307
470116519 140845462
609717771 672983658
94776437 931001664
440073227 841472895
925269291 967080169
788775139 120951565
150774797 365218488
205084126 49114133
120112913 107864756
671154671 846753569
352781822 595251519
472331359 427298722
277205207 452186195
585185697 875412032
43029697 240589929
657861891 164796263
91700298 607860989
664838535 83405446
592058076 588906237
232495773 385755073
892597720 189349970
416614649 138137075
971582296 423764905
549779296 424221549
121860427 880825226
893611573 522089793
295740342 259050614
612931082 416332175
540162854 772681007
296824072 436816849
76952507 805044162
675435166 601937129
805121211 449174837
125087318 315337697
672273377 307725037
46343192 537365266
554252122 147263339
306131625 70514425
944544741 561084747
22898204 870368449
160367672 930168448
756111270 786942689
389703919 94543483
677426709 110401276
828879295 837100998
622988050 990534590
907937226 507514381
913886770 935464897
897004159 957810997
907032315 765052066
425044078 830839154
717201868 257466409
827222053 126397495
63378962 598888870
389033291 296068707
821196210 831006257
369119579 45906649
648964480 350310083
66897637 991975694
947138801 916992864
17117135 679536477
553111582 601411025
418720818 399574242
117754092 383841475
694993839 647683973
441282339 728582058
26886083 257530207
885770664 166271698
233213295 629571733
864992365 380379930
642468734 111595331
237985851 439554929
980739435 729922036
326940084 587879648
445404264 659796052
429373005 651578231
827673687 599503854
833224492 562311350
42755113 199325804
984516431 983950738
380994810 638071495
202614293 942131846
202969342 991359355
313331686 424281531
236657427 802032725
810846351 427695702
94097740 517265213
713404000 922325328
315789234 393981196
466255410 751062742
857024000 445930183
963877666 180090138
725366426 785022579
881371119 519435456
97359123 808022654
766453 837149855
773975367 83499722
626777082 378099172
631965655 899026514
476814514 600182033
728660589 461077957
555966453 719092055
705210570 864011785
795183211 899697466
258021541 406458848
941057529 121118166
934546610 946391832
736699807 521616759
759632657 812416039
921296815 528709624
966650360 611827127
454456932 437912101
923241293 966103394
259615875 191852104
867151625 515658158
830271700 923843914
475841082 926970132
519333524 537909335
342861401 583320006
62550306 980395367
943114073 392914444
87809087 984678296
939615194 387967102
597226141 320636208
454591317 139506545
158010847 362870345
869396619 512262967
336193793 764802842
720961915 788884722
548877806 808658030
791899300 450608076
683496387 862720397
587777343 476744763
507201946 996853723
120407367 755597685
403217214 783624477
612860458 808348100
352687604 909354906
728984463 938066744
657177797 180332224
985948824 526866605
770137929 826821322
955137268 638149142
797198778 550965911
232654173 668166086
411773620 837717464
516855341 68629244
177725795 903616236
945196127 446464604
603078583 499426270
820795582 875333398
235198758 717220155
893147585 233746188
138565100 738143555
692477963 948243300
977651516 467554324
754116106 148587909
572521579 920311655
409428198 872994630
581436012 761974121
3523317 915872539
151221182 5805421
311046499 588611369
410217796 772399638
927930892 669868886
961477067 921157941
711736959 104645678
948597635 571169878
935045630 285958407
391246718 929451434
621443064 42127650
800826332 951793491
625431126 287210544
28519642 77142777
695489916 174084355
182598115 558951483
666580603 888113893
493900316 275989689
622841048 479288041
439628574 711247915
531236964 8858997
697623080 521095820
239186732 863208661
104746765 333815091
851352990 310679081
838460526 58407841
174987873 655499244
238247908 365844210
371750506 438329461
637838735 60909208
865392441 61517603
858229833 50962350
426749429 331707917
953604880 350588040
195013204 743002076
707886153 396882102
476630953 431229944
567958463 573504227
305643468 382227875
256089900 878967441
209152649 896674029
536469682 663254659
257714552 483917759
49339336 295897144
391312176 442597503
596166393 684433989
305083266 86630360
539328391 899985354
516691680 383248222
860717482 465090207
240827862 66108707
31251859 311997110
21290739 530173589
925251282 66841133
445070370 643857964
534531699 268646282
992810595 871370691
614667765 425575214
180985453 388593865
879653417 813849632
626624878 462056581
152968746 574953908
118203316 638824321
658975984 544925045
4139039 782541117
850521158 308093537
735896393 968411547
528070063 689416768
262993940 617180463
337200520 292021976
562203225 677270476
478445240 724431283
974601978 452763174
39150852 475236932
744380899 392725432
60489692 328803005
560767379 504453762
236298679 775052235
77444837 139602557
389924140 224233979
227973894 780247263
98872488 242260082
54901710 702179372
343859408 499901186
919554736 105646302
736230402 637284668
882472094 205024746
660316765 691727197
969130208 998458967
410945999 429065851
923878299 642248724
542070821 421043417
348816904 571053712
943485583 584253642
429400115 384756555
93012601 127912978
975838892 874939928
292238808 484367061
834722292 782399145
219819972 728475330
976440827 200001140
325442992 948320750
723167866 752429558
286240149 500121218
314815075 330568362
256886539 14194854
569769238 193504368
60953721 345912328
632860825 832470629
687106360 342346559
636615372 787450678
6088599 415334142
987280841 509898100
655172474 733500171
800946635 343932187
388206745 978872150
449062798 979225678
616903067 475577657
143878252 864676258
245624970 955385490
255679621 465685854
303809500 504846172
80203619 247352161
688833121 735405974
686358611 837615070
771897835 666725529
897472539 95474513
141881826 218998078
516367337 823444026
674046878 25751591
631371880 9027831
954724750 107687972
350511530 26505840
123578778 392439558
507687847 862092277
435746520 365754515
433879355 484843687
534864874 602793801
725449055 326432260
649939180 269534625
420480439 642054830
934468456 378408535
869903400 709512773
822213394 780433420
4857818 224062842
469230555 778469055
579943025 109188460
447791593 386813281
477304527 208618854
679429801 340448259
718915067 570538301
897290429 851546966
718108850 382911606
541480359 264138478
191280541 56620510
836353431 280291795
93291613 730677584
30015621 579692822
126920144 306490778
697630586 922602347
395188546 655701949
795316472 32793148
145689872 646093257
72149375 409847461
19246653 909700026
991373125 407659930
325915634 557500638
994278014 832133562
731065116 481162198
566496320 318469613
900130518 580484198
227229382 324439014
572050682 230016075
277893495 567931878
931563091 402316337
791944543 787783862
756857618 222452221
586845063 492389789
650947175 232522075
904906602 608415707
699394008 86389468
524861582 281612767
297588442 75430209
812974336 884468561
11621216 234942156
741305732 694275873
980213846 316104005
205168881 903556516
896638085 930537996
508241366 11702720
510656379 909947689
994734930 834090528
975103112 26727795
886736913 733127256
749822234 578802924
85463919 435848190
459563178 48462414
139829784 312245692
833394138 776210022
255852313 810380116
737470701 815673780
312625593 736945104
668361951 826860107
895005820 939956936
677704727 505670966
970452440 172060373
509923204 610115363
456266403 305030431
878365181 42652065
715375171 935293008
378160543 377945041
214125256 310100822
795473279 917091024
180796123 597394559
468549359 802356771
746122566 136366245
750146250 151911070
304827384 394869991
547587260 531752537
336764015 993418283
792350223 184754821
964556129 121935318
854153035 753337606
407261533 428691784
930941952 220660333
697460713 923489434
271354620 909283278
786733764 599838103
836331926 889282213
446519360 408255693
744931433 695487213
546194571 673815998
984853255 951943105
66259228 355943621
602229119 472305325
387516098 722079886
534797546 245485551
628523349 773974355
224121012 353478431
456898856 312748687
963726091 617908464
329320654 880002661
286714418 3411440
799703492 525723822
338564040 330459789
944368056 980537038
693360645 861142271
70371642 409555884
222397723 329268248
140468310 688273876
628586013 796082632
224229645 746677570
201159174 348526571
256397104 203006217
410378351 586140
39102651 955849332
372051 117369535
546531984 502363329
779337704 754476397
140602446 604402409
659119911 801254143
6248013 654382443
298682924 621059853
418492978 199677137
779450360 576277506
954056269 871095850
380106603 616140253
743470590 128165460
596873103 849159931
451280145 494616445
876325592 391190734
112459085 817123153
582795076 440800039
518307221 788348880
901384125 64682980
874821279 780155425
304320097 589132851
290207584 211966168
636402910 567393274
524901067 256279657
87542246 65906213
373826497 43842745
944945662 376877875
422631812 419175022
533891930 914012636
370368095 632987186
663841535 631776785
336724966 16163119
860405077 636487480
255825498 911222464
952715610 19413413
872720764 429801630
927718098 567202226
538161815 19853211
982499833 725077929
859695610 754433215
273872713 107066801
519652459 894009311
319121335 641394266
441478574 36935059
244072847 626309344
684149717 569288514
564625543 570522977
874835280 539103781
183774204 144890092
518014593 639640963
162031995 907585308
156845538 987183394
378705220 487053180
995393754 677701770
415932253 869124121
59764988 571944961
625773054 182289019
647974323 576844539
401522930 530996849
624783791 495458734
962035838 865801623
363185684 564071259
40730252 46759171
634057517 152915394
536007018 746306413
678557664 599413975
282984128 200762416
761087989 967534506
748748793 152457933
946967243 361417231
276187214 41475619
770009773 335321950
689921421 434272657
757073939 719489782
58738441 220423458
973666841 557440551
795668949 771437680
441493726 553320778
48908651 219046521
481184312 640387768
612217210 213634232
20413706 615576145
542021110 328581918
200211747 133063788
464899618 390834317
886205614 910969284
249182450 676557600
634355598 491622158
131398624 371369614
60744881 273859654
137435893 876927888
689644015 684845736
114025862 470327753
598624362 282016408
199815999 809728519
46066431 885016414
956963284 392919819
500554655 376203165
731034063 352846211
673604663 849263866
92171878 822579348
883436421 390027951
440332533 347280033
198920028 159554514
292678056 506545792
771452269 132118119
565710868 681969945
930015334 636307642
39909653 787852116
761110956 7912881
456141413 218078511
416879349 361726515
101617332 217903175
508455285 642944402
139935751 187017219
915524127 166707628
790201494 555289880
813856506 321168757
720427495 162030249
820950622 574431516
600689871 331893590
496442860 454481443
309925148 53885381
647078927 501156024
153706463 83139099
22083110 908107785
372599465 823380896
137067723 197567273
332370756 389937771
826727191 15671872
756711786 837181647
440454008 791904028
427636113 883063391
182582974 497522221
700466858 662985835
841788945 716531547
95056131 800874530
135752416 106893334
459017302 545710116
997797671 426229914
737727823 949128658
76103515 996802927
105371276 475283044
86516719 922479656
625137308 997069453
911487134 771864092
197105813 698835196
664695831 2334761
234706886 646859010
218264325 667374688
231160127 330562903
328296172 490551719
14615195 617756504
916551483 603979711
320911469 279451545
150827447 526081303
687665045 361840407
304904094 855527309
77207697 23970891
767569884 251862569
571517775 419373487
474873439 729674854
257206300 44048922
388976915 323563511
83473994 854443272
931146242 914722502
967146385 913136258
163792841 644579235
772342985 169532183
507937566 18190488
777619858 388991797
243138733 378450688
581655661 755853665
513442468 22795353
507115605 849713916
272766989 415029871
552755381 913364317
888686188 320171757
388156974 547650107
476565099 484090020
737215396 757417432
63344649 120290661
966770783 727974360
778243344 17092819
951450608 979731161
741908075 391982204
661041863 38838815
244634443 498495836
218761418 864171724
117575644 630522459
772875305 886414394
63079505 527897862
992833224 70888338
633378728 875154910
556407094 631026200
152481943 429018858
746333678 594423111
691312076 304766925
336313461 46856776
701762554 895707538
824651674 770995986
461593339 721509319
271877643 604832948
86599434 914144841
977716719 768968742
891179389 379309574
238249345 664861814
284884276 559901181
50476432 921863147
117379512 517890266
977109078 584729667
985316357 174146002
620900512 195242354
64434416 348471036
189085285 959516808
238089511 835469332
26756214 703342774
651262419 894409516
214478686 256536283
485941250 536603059
874733941 177117496
856646207 65719983
874221488 319044158
874691308 768442705
55823368 7591376
860205583 670862444
915456481 373025612
821242332 799162581
102207070 321696637
693605906 823783581
83197684 27285326
394408448 662921962
372666429 819178958
988050278 899359766
967585523 97482329
811413232 250343398
688390063 547904389
580256542 932013323
937416679 248982530
626357168 164297610
521083398 666493494
670548794 412899221
365200628 538439846
870113807 320207325
473227467 169749637
313173787 397738780
551828522 6543815
9449024 223195396
515879624 705496038
132326854 142603062
866134629 609907255
634221069 470558417
665847472 28702198
128472863 245883181
616365600 944508074
51626321 187793778
161218665 968575918
932792147 79438018
180223854 446122336
49238861 733242715
202384188 181945509
530067508 363021090
625131963 833033155
601164985 73897778
457845620 261406052
531918227 602016678
634103376 699296347
669418425 913148214
74294347 889254405
10174813 601082823
235833120 604308440
166272434 847329276
89491537 892389482
233865989 320550388
596899657 720302139
527548412 129632830
494761953 424128102
158156877 570890389
403890862 369967612
33793337 605509800
934521990 476814760
630552800 77814200
56676007 396723460
944987399 494625144
997414158 773967697
707958269 635644055
726339857 689221860
738592386 608790607
749479789 645582056
313122141 967651024
106191677 612029068
181505041 238609057
296782106 514801611
470606554 351819776
452519606 33742109
285640400 958202464
512880910 749853059
743924086 757626946
274764525 127602309
615726328 44072946
347665072 805244294
487115268 239758158
169631952 756993768
251103520 658021683
561631497 682700863
680005150 723134766
661968884 958062042
877341813 147045650
979785613 509111880
721508861 798758191
890124551 546328253
205792617 843740090
44843408 434887248
789832975 623976370
710150053 547706361
934626195 422035847
971775504 187543103
299304979 632715206
829952797 102586734
169247979 707374986
560159196 312480695
675368352 724865406
810652366 21963433
71883395 42733669
275076992 994912338
988781536 523400369
279655900 643549117
375704524 813784146
722184721 602783626
148637692 657795101
230200266 121953109
950215516 533087115
997152513 839916041
939974265 948480166
584312119 434764405
787535086 305710197
379519792 774778700
307073308 579249253
822426301 174151552
913467998 912078995
332655813 459420389
631038678 51087201
160305293 161800612
979029278 781942632
814204549 22834864
106074647 641564454
671127453 921796824
666944452 334328701
968248736 173169503
609202001 601251873
418482037 235867140
467669220 177208608
879841821 188604539
880487918 295329542
947760619 580967873
439672903 551926349
507828351 317939847
214262688 163311076
19563044 360767987
764835007 966117890
172805587 696238403
729743775 54897084
700943331 278699501
978495426 816854644
478917778 355399030
738223425 474243229
463985504 841045803
607039270 299015005
347970797 528466354
657885053 761082263
930648180 767021057
138162129 45916950
319259701 537217230
178706 231716431
861449362 560667655
882306916 584077983
382172284 256794149
208752990 345245801
726886181 124591878
175517295 813466476
715458022 707579019
99894774 692224518
220897870 619679151
133747533 103701062
801152491 94601845
375591141 141663665
377007010 939833789
499502131 885986031
953987704 975775952
284317876 166425500
806821634 857187000
367519217 512070456
847476025 595472704
587133043 751505423
549169339 612571455
606198573 197970562
846571759 77481173
503601572 155148716
44922242 3220538
709223460 555141366
631901180 75044667
641718704 217903775
26404285 997605230
553206428 841705952
68818913 974949307
415356811 833149614
755065784 997590738
326312680 569375852
87559434 291524319
16829320 832981659
802643644 207188471
417325297 615542821
740064637 671515304
58499810 990216400
8120832 846013293
755227627 209216944
612446362 74763927
172819444 525263435
123391023 224896782
214784322 479356808
107618533 971446578
609492580 165025748
708342276 995788609
400414991 166894557
790424147 204863445
92449074 904645056
235598134 699993297
562374692 226089919
459891291 507773546
653791590 455374514
416477446 363387888
327264457 972981832
579623551 756856216
938223140 494943436
27759175 388731020
284631962 755908350
692287770 430087295
434100196 115915872
420709855 546175060
357197836 85985303
992501266 100606940
889969027 519398516
297100409 240585743
965032369 408745078
687390965 702030699
367347745 568958400
231448933 796052147
761157597 709400226
600293461 650658889
429369878 352593263
829499962 433958505
272910988 752712916
679638637 358185909
880597409 620344618
821750333 41240730
422282677 525219497
407155270 234679337
509571445 881701850
264865964 928060001
204523171 982412620
585142930 817995610
954634628 974108453
785003851 344000760
633652101 977147215
409423715 206840978
574619207 458664328
233106 353509008
528474911 559095662
113295047 45513926
172276371 911515691
96226327 785693148
987883395 617053851
796766787 370281709
512282068 137864952
19799078 148892596
475638157 350969949
587995116 936281215
559616092 236347512
137194363 901608280
366738696 409119850
270985739 415235391
904167527 499389747
211625219 509046441
55893950 544970504
904913891 349261413
231334211 392838686
949471459 733657331
714254340 300070970
401771666 3279595
334449095 861291270
517289997 918156212
816815008 842659956
922300171 658110959
448685351 725921114
734955190 31844049
439774709 789189064
544870047 617444715
637513482 905958497
900674495 632342806
331227886 75278285
301764040 674059365
427710620 577475140
376175616 721653858
617695775 949664009
113010027 251617853
347427489 51569761
821299507 22315404
30247469 957021804
599464273 594593080
825854584 429021057
842568779 407521606
113994867 168233965
837898178 108489909
732873246 94694573
787184537 40370697
846888163 452503685
213423401 629472748
160262200 249756906
612042151 851537548
561031480 754774652
293754699 359438221
658749359 641921759
262388349 72325167
864810756 578759748
143033479 279772396
76136540 41080013
151563521 905700938
643435425 69921993
985364193 151407420
577328284 90662065
140098848 176727744
209451845 699928991
998174156 550851683
518998225 907350965
397263139 743200358
848407789 733139209
925324446 977806679
97566359 502671720
976252939 886345401
485198812 34084298
505625575 266880500
930984257 21367473
279884923 507184424
729629112 8131415
238396407 640608007
344811813 905589301
996298659 461084199
353458750 291369434
40350057 442919958
101219881 52462583
150017128 806902019
334407477 563099973
276163875 996639019
602256850 786100298
234280205 962436943
498482768 540906453
561607735 785385757
705993752 898451108
596549872 303721410
690722439 705730838
308492842 531753422
603760578 16349116
232581651 170936720
973277393 245518681
402881266 998671414
56809924 306540214
872001677 466142558
761910147 165068580
589410776 270774870
685419393 29889472
94279307 636578168
203546718 262629144
862260757 244470581
75067619 252622105
380309579 671000487
946953264 562961130
244728820 285337294
405577819 982863756
632888565 740419740
475725447 271112523
444149650 886699884
185045681 222119683
541485112 660443819
868339398 336137549
535003101 287704941
491494843 199194909
304238060 763032135
62091876 549522397
846950812 346085059
163557335 860228979
743122954 804394244
989903910 801772434
978039034 73456363
607564384 939104662
783564022 743389411
419649744 304683971
738573146 878468738
123541580 148717411
398242739 403855172
375432821 96311025
31159449 243497239
280017349 842878392
772226819 531271334
136722649 11359815
545822279 931633524
550163800 901345692
375661093 452106811
296189937 986643609
464517843 178189830
710015479 791759267
496791002 400919019
100176198 788643477
740852409 295285178
742001461 738754885
494273000 389862144
200042849 933889454
248284232 47241031
216412028 157295366
594510985 949507525
202383236 485686896
636002480 717678996
218772711 440732565
118947112 276891870
50209839 764546599
808362020 405560345
498712083 71548513
765299897 390975651
348202135 874565604
580197790 216266612
24152789 255591849
7236069 411371236
257270375 456067386
96818446 838113694
54352996 435089565
611175570 895374126
549880569 749325353
947052124 539484237
297823438 303437157
207553156 422194147
631143374 306058756
487432257 500508700
302857864 593984165
284393185 21968714
145084344 265836697
593952084 33676766
301347818 789702825
257268297 875497971
96466424 812793276
715719284 960243272
746397428 435671745
886552792 440163385
266065894 745290441
164622875 822344763
27830067 336118738
334973733 381569764
774335990 491400221
15668119 211105716
665985880 178786449
640199895 151006530
91652822 78996539
749996909 423010978
879665044 287840335
967896296 861128706
836823390 306522741
311816161 485934632
117258455 599251810
869181676 201884629
562929171 153895039
902672849 396386210
592372259 792124984
483497613 31781910
786719862 328707069
43905644 733238509
21981488 323561932
499133170 990279728
522617655 935218877
777772174 683307311
312122369 820321079
663638482 186895744
170326837 829369267
987961870 122443537
904512933 158875799
371407488 770187813
510274679 160364685
397948892 588881576
504938087 836162856
24667548 674561145
353207400 674428422
204376671 382639631
128025087 622043786
587553611 791811931
582347210 760943324
29858133 36878676
910478638 878776990
132550313 24673212
523523165 697271332
101357553 644646644
997609940 768558736
807577053 812882744
457638467 457668182
810584145 784632736
254113148 356479118
65908455 400300320
530506665 256970064
58734592 177836854
790509740 699574656
182062757 584693035
288191993 302235852
317929361 812280196
464543733 378531058
390883467 133839356
149349725 691261333
74287017 930853270
245058469 764148624
59339650 961824042
32692387 652054889
256295384 129263576
656883636 43606999
837732751 870911612
590348016 764583975
25296057 513223625
546397728 818758116
309858615 74254228
459911933 984031123
654101785 361593841
213967486 680593354
534617673 523877813
412523307 274063026
750058601 742997313
60829395 844769344
8101542 534267149
797291435 334670219
854151995 155234479
521002583 128329552
918052395 522174231
525939223 716982232
763114140 565462728
606091318 213818799
910450197 354958716
338146812 386269579
673806660 124895268
138704000 487662056
822470315 965440776
820787225 272532537
592428618 953185717
870263617 929186705
9803731 453798423
74290480 765006625
451463247 24579901
300699908 331689218
246329388 7477762
788184569 72737347
835055366 632103266
580365812 917555141
543666000 549434344
76217987 569260031
92613472 340556394
83469405 470281318
186422066 158352555
889635054 113133697
42089199 415433960
361715200 935049865
444802982 404400829
265769025 278572584
690209092 854581957
651258992 536179592
694590968 980346573
283998354 489841677
80519275 448505496
417541037 31641796
499720863 598993801
832641517 152848451
480891410 475075062
745522126 33947063
902688632 571265412
639086755 508778110
492738745 226047095
993138464 113443948
317320315 168812200
122161702 694993114
940785413 352698737
976016187 319914415
895200544 876661886
872380228 193850605
770806705 860639240
170617768 656942282
85534398 54181721
238135093 548257634
714750081 218526920
554595576 72700066
560899597 909667519
643008269 298878980
12548113 556624540
155984756 746303517
274606822 887954000
896726183 921955440
548751986 647885508
415032342 702655732
456457687 508156218
977171610 991013717
142917299 41297595
418291646 695057871
937831839 100435209
41871442 961976754
291702586 473858754
614269337 498196132
982061277 216604856
968512166 925582222
677966450 232759454
523686360 17573411
667653926 918741771
203789667 458986109
540930246 695944130
489107441 169638015
396459863 566136900
256900927 585975524
142127130 161740532
699209982 731261284
145040587 192025117
953883143 513235298
790776763 776536454
490509055 672683722
681271265 634720693
414965104 122792118
27147181 344994729
543973433 691911811
56128776 210909743
916009367 371479082
560511598 384986394
969484762 210993462
130421992 494906517
618098778 365287958
938820612 207206389
695502670 692922349
394620277 244123552
664838980 145556332
537555259 42104711
894314857 858367431
865117395 755867590
630245434 317721192
199023098 803648915
192653986 481808427
693561256 417791335
881990930 359735051
570346563 568994264
453041885 353885396
457496636 648242687
594500478 53601080
4686789 655030641
353908565 419297146
661116585 192963925
954402833 285129209
260054847 284648477
646843953 387267657
164078727 875579832
861639537 111272623
49721349 712229175
573902454 891813213
82809446 506540917
779146459 507515074
199329792 913616838
195201820 98188784
153370814 580037376
854072524 439858230
764113712 115832164
174502385 733724943
51945259 157902889
556808477 775575139
410351845 273335462
768459299 579802270
280334978 915156013
120361238 863630600
655222982 356168144
653520619 393159876
810367924 582770252
756402771 589359390
30422852 472380414
201820705 866539790
997290346 691439651
939160763 68501617
361925328 618369334
13647521 754140650
870144849 885733638
150165388 285242314
613686023 60982530
516993846 499834404
585306069 600378362
422409096 179716964
923889968 15514014
463760246 481651017
861576211 783486605
403297974 845407609
413521485 225222817
906177581 687180978
624592516 693889595
443490158 925243533
663983304 912674168
574346287 725709494
987603407 747223673
703371381 855332222
18274437 456436020
3934297 901933142
395520883 551093608
862881973 302587304
606456536 355212908
670987576 894530102
944370076 775987230
652713181 365762969
562817137 506895792
59693882 75157547
712457386 395341290
65665241 42320514
756584881 826316061
264264350 444204523
223781719 401519150
815766525 740135534
476858899 362148363
505100812 502927533
380143985 442317660
664333592 197560529
103180937 377651426
808296281 283386590
29257058 877918330
567001996 594301958
809772194 732956268
774015754 207063997
950930998 815293690
963561755 33293445
577634861 425853727
529163695 413117216
78957612 542860955
590651673 887015669
104694854 478347850
647439436 289571590
827272408 564223181
532442020 323082911
766337035 39161536
304773230 739875510
807678595 27593299
419744359 784868796
232910305 155693067
542040857 368125999
646403959 711370537
305091326 427978611
822625518 655030451
997759324 361658831
23029588 446317813
911178970 586196377
258120538 581213686
490707762 721793892
117514716 747910927
250112570 268468908
364491705 164301124
583620154 742944053
509495668 351937826
447973345 759473076
816215886 934952925
373631105 206777064
17581076 221089103
951409890 682079113
807442533 662395574
42660442 165090214
405245688 635962887
385543493 133580305
926052191 978746545
571786031 229177651
742354532 497038465
120683740 860658679
436340567 681730066
840373093 845724655
671486716 5399428
406868881 89192271
118131446 554942370
940003017 708181298
346614833 677922476
282970836 340940557
40227983 959655021
667817980 203250922
201353153 94111332
84341009 692805856
198068346 361980397
767663159 978270382
772980516 664357488
485678753 38915144
935618515 189630602
884624443 280772943
656169583 880081308
56016766 527677565
929107960 574655957
433401403 51725987
672650171 386928452
960474848 587305851
171490315 152843873
542703648 555604180
205701750 362168911
757081527 415040743
217101805 232449380
989821822 692285538
16431502 603500946
776998877 448698037
996062452 640950513
611499386 645888073
723429783 226157274
449752865 734659858
328142863 93167220
801007940 908027946
876276674 293873814
112802738 711850411
635097130 543118739
3902477 857197321
625162770 364573893
482436715 683766815
662758387 899677298
83851245 226434371
749883981 230471367
235423866 566570125
528897830 484108301
29479406 423523955
529542959 728192367
117255486 693450006
95440641 765869479
238491645 230102977
558206091 775872642
913654527 833292946
841629443 724680095
827548167 916613138
406395122 601764705
494946732 395618960
730946136 682993524
702086709 460163294
383510657 837462069
328501521 68595503
560513559 509647562
158609375 810055717
468670081 111540161
777686571 223193024
203840192 816175897
116259400 494294849
289403671 534038409
967166171 542205471
686411655 44309356
538656858 470987412
504976411 715967558
11264745 397153057
508273963 868530809
493527433 501554458
138648020 116107003
273394225 570894755
417809255 982559509
780167447 111192240
491289682 900350212
715571719 466650347
144663176 807390842
171821130 843379506
705308424 412479865
633796687 483642778
94166681 244626268
677189259 921125161
35891652 112114336
621979537 969757753
394418063 659789705
148024176 167800080
676319490 151682752
769573004 86318455
186169078 589969979
13735698 460195225
437511206 506749579
572934933 740434002
346594130 55474611
759256677 136839809
148605738 625760059
578370198 673344378
877064054 806743936
610696726 740826396
503343749 140537373
814157333 84558292
487734611 615199787
505228476 848930974
282759300 503257460
793787367 366770567
536615866 835389719
722937747 259378138
88476790 815225539
597785960 88107043
422021831 540647542
516302082 713430052
304383601 21165068
513727119 642551517
520949993 991761509
304052282 321367401
718606988 416445364
532172691 857524860
713789162 274885174
658443893 484599661
348066800 872065376
801859090 599964287
796812612 921306820
974451940 278184642
953314277 964260909
657247138 920852362
189791692 454116377
993080102 993760574
742049139 493901778
393161080 862976463
525791664 398441310
702848818 831304176
122144237 262768839
349678061 486014061
498620456 234766552
746254202 279464108
219115151 240211511
406544392 298650495
20501428 957610204
67131055 215284235
859098070 409558280
290914339 293113123
56105670 448665192
303215920 799616036
833329241 597232213
586007544 943399006
186343305 257537300
895417924 560893561
415214241 814622124
14209271 793992137
909780618 173958948
628699521 777094821
437792197 998249262
248753027 604472707
538090311 303289555
204749075 760199501
285623174 293565771
318536409 222870855
710402013 239622469
661051225 672207770
280269788 49272282
241846504 847753445
810986655 265356092
434087702 98205149
788452170 874719096
362842275 59581701
78038423 90191867
762626906 541072310
953348186 586232337
756099579 169612193
286434776 275240661
175492842 688671389
653185212 324075393
766779459 96851921
424742857 989479977
278655656 821886035
481270040 73294968
119239007 344467684
695472401 703070198
443295030 375576241
831641166 243732645
851323719 144625975
192748778 511356961
352792251 25700736
814993072 978938824
60682050 884580220
883448306 502929481
6490975 155838137
910793651 89348095
221725492 878708910
512673079 219644537
89940008 13505162
629841128 216229184
965099048 853200483
237485431 88263874
862324204 158265333
106729652 468042219
675311504 368459272
502245492 881789203
414584167 796469630
345544385 104289043
672141337 14112104
960363664 828768338
908411502 536212505
557481828 794796391
647566581 273223627
821188447 188731655
527515235 188676100
878606630 768407616
245199206 263306125
117028976 842870718
533687903 137425516
417400869 45636284
299996102 525222635
624678769 205717213
202309260 705961695
577064730 225947728
122773257 746521700
390838831 711392655
610838086 175397799
970261772 492765346
950986167 526001210
929955630 269539859
459256352 694563867
263121729 479827184
756257234 821966598
384896040 723604725
712929638 633211980
172867995 849313703
544092009 210116220
399394781 207555695
31206169 674143358
979878619 986393875
276861526 883969491
895823645 504609582
936618177 667560028
473432496 516508220
713710836 653171437
965444119 709346987
865247481 305162338
716734894 38944907
546009483 800128340
343644656 497076096
121306102 303634730
182803188 452180666
429650613 608923503
293087167 799761150
176573148 422337406
246155428 704043926
326560295 621873842
306566153 739189533
766535995 956207015
383604777 396969369
470880798 83510587
997781492 191098644
994953407 284231742
799722356 125334995
67808874 952090652
913577031 478258542
572485943 140102173
586765735 181215559
325989632 162500506
200981548 529674729
348318916 649690648
509432130 159482224
178768396 118508276
854003607 510662805
128567567 567524275
102044798 317594917
752839123 835162221
338556378 533623851
441694535 979332914
381052321 378164076
933107500 804114664
225785435 149146501
424418956 498830058
816837791 498195004
976700543 751309203
684017610 223991312
579844915 400472364
475136845 593441267
311866994 590961099
90304332 602226516
39642660 976974000
255200620 251145797
972161197 226066289
981919314 309279166
413655464 186126320
892027512 393463804
678565535 541381071
322392351 881606760
200607109 13277655
917740370 470680050
793835649 183857550
254355078 684834389
270166033 323649394
132026710 481411848
293522143 531235152
432242085 84867459
971874434 301433299
46220063 689085641
277863914 967612693
269385348 547667018
868783371 481500978
306163327 903885863
959531961 534480587
388018000 760645043
131835254 152532024
418424752 960311666
720985443 636341085
73516557 361498484
780268086 161164047
127904512 982473449
80816911 79664795
94426455 720164436
620885458 512012210
158484397 1405334
673491601 36684241
794618901 54557173
600516357 668607407
635310331 938420257
183829298 497976369
935321227 569397950
723042967 515628361
545892401 995914741
602629793 233287832
123154879 289253528
762867061 909857007
781322244 342781381
520528947 943252532
897707811 445260586
91123870 620884772
247654357 454834817
119532589 777765788
328822727 533972890
71988585 498054762
295110492 879580449
854518527 516339949
871180220 989102083
801844057 684518277
64842956 941966112
202694163 91337761
650297473 347504456
569890244 896971140
120283516 448347773
175911140 605451772
154127210 916336034
54753088 413683759
627215751 314452294
995991151 317313474
457736557 847584693
746615146 505062525
619366947 317268664
950707002 547393797
56742867 566227376
316783941 859420024
792952021 498173954
201570817 820709136
99641883 745638743
26596134 290484634
754452626 537227760
819447226 890390274
131148199 266415533
2753940 9229312
32088051 845829695
121868573 671109859
864634383 95963670
719447478 110323698
563760718 575860998
934121736 321241557
404665140 205426334
945014999 587039383
683993911 451437078
631181594 34270039
475283173 184440883
399620392 175740869
928542077 367694898
592319013 76082932
91810647 187981834
405991755 964772702
840250010 225296979
737708441 819380895
897092722 806845083
854994310 732328987
149573261 100939427
883751976 665199256
394890333 992900246
864693519 964934306
41448506 648858958
927242860 317579455
4098878 761275633
869103393 885917473
432096620 347082573
863828493 182171050
630352399 997348297
7142787 90104497
885785005 139572289
313296767 155944506
232853619 745056517
277664318 226753286
167594686 392829901
933437950 661750007
600935017 242773242
682685128 101676948
831349958 87268848
277293737 969251306
595019723 216440764
842150644 409295281
631147357 167364661
13310606 761795739
624778715 535327877
737571809 703682027
318518198 418240021
985008126 378563503
362602218 973420956
992440304 499422913
936614775 405912956
462812326 330599186
74921517 462979318
83407674 671296045
532114390 898597144
216525106 439056908
244096802 961307254
718897022 222915484
480144907 889500260
55099271 713393266
855205281 887103717
9306245 950848712
142123079 499765237
743272885 857723739
878752693 286355708
928179299 180892255
939155529 206603020
752509664 712464117
622238042 469597500
40041268 904437550
249520006 586223314
906474973 115592615
64427132 223589783
102249468 972044953
107600897 296468362
139049989 437258686
90502278 661057747
608559328 415533603
974659716 593913835
915329741 458308367
735696004 382013980
135560656 268449256
843947972 225844616
875996170 524310040
798520775 446912835
638223119 134483022
772883628 111682795
406188158 393154845
88643216 628416131
421333111 600092477
144159461 296915103
302546413 646815108
159030141 863439213
181978872 386164960
876917458 663888367
324886026 138035293
517420679 583999488
126513 69071208
524698231 335806768
349964729 513156080
201619755 213223620
142513752 780154104
684893005 711349472
670564952 634378937
268855502 104031755
72195364 134153032
393267935 28121906
451698008 18876028
923478569 820167518
139200854 599024482
547254332 849873364
680829634 613475539
945362631 895159150
928724119 764352886
316752906 743841645
172432601 864642863
105051882 521201706
979091041 608793804
520393888 44174116
411745895 153345780
789315677 690637956
789976691 551938042
91266656 400747927
327050363 819977282
587823131 254887777
259323858 207517935
940670728 234892077
752290391 748293638
503055845 400241478
148966312 259408811
511024722 419583584
662620389 337885892
869215780 781172349
385610436 587478808
915076162 929672839
434471187 802625073
705917314 585994754
657542999 579432770
916787511 651967602
871660898 502764912
843964009 882622069
545194597 773945575
188794865 450811636
693479928 36711361
634093564 393739223
584880240 70890769
815931557 392632173
530611912 895512083
450975225 333436456
5198126 868255185
361543372 963636464
529591132 167282212
882539015 776537902
707281142 880203664
774014203 448830730
101554396 597932140
166297724 959621381
141431532 38113391
542476256 828613473
907581461 612826405
279149308 436578603
548850049 454676125
423894701 563484720
460341487 413465230
589630387 452166673
633139818 164825828
966019278 657002162
849088763 861491971
352937183 26087075
976211110 409763374
525065322 638653156
577301177 881983472
752075729 231208657
734016705 315773310
93496231 278807380
362043372 918492960
465243661 606942872
258569101 397569623
105574499 644146994
608998621 887062390
934514465 412258803
882681490 54059863
850955592 283994403
545266897 485045752
225284239 764934812
311609227 785784162
22296439 317717440
73993879 653955098
539758547 909591619
855381936 743900628
675110342 494507534
237221990 94999240
375100357 340288986
265389315 997770240
586788901 810413904
373411336 695682673
521793553 527229258
942093640 387412524
939226099 95319564
701713195 864192025
868684007 405375326
63959710 58250248
533513988 791342345
428300336 154920624
257566099 828130294
702692356 558342466
166202717 291801813
559495110 135724654
329091029 376897504
784171504 110245367
181826028 861770729
805523970 512709779
216089854 336183672
978897488 15346883
197128622 712528240
626340995 92590603
921986273 273841777
870336877 33962366
263033950 797677028
630794926 251627501
49003226 473751743
440095031 319864910
561852423 879142736
979365069 327014738
357425051 490359134
397187760 339161319
401792131 700639449
940240006 765835927
100728019 518913705
765797411 684227010
426774397 511740062
922926895 735692346
189950596 13269105
131866827 207296086
25295964 482186794
234844651 886875867
489684374 611396771
469958710 821615653
550313831 941006647
981897139 791568514
979932892 990029470
77272953 444412195
791953089 154105989
369484108 103530287
274296680 273751439
180247990 187892536
137797556 167976494
389676994 91592965
491006711 234099668
786075131 707282273
998985580 141799890
699313221 88777166
623384743 295585307
670421652 681565680
725399399 558506509
124217895 33375006
242800072 898567933
345469401 375486326
295018691 911652882
842636686 454201098
425324890 481073618
369919798 72311488
304293970 303710599
440818264 343463222
34066632 591639302
85831051 161717246
715323482 723004369
961591994 403237861
17996519 742799696
637572990 476735342
629071894 73493037
664473180 739165755
497076698 40592739
253936194 124984246
830280322 705961784
780759252 787018962
352850450 456789775
620815307 761389682
231862680 596981352
768222718 790132379
990880420 992879235
346277501 939231278
797177514 647102849
898335527 297928083
611992538 815167050
982834418 946800918
208536076 966859678
41868132 936657222
986880356 441591353
464299121 733713435
150787932 798663204
556211983 849817774
887377221 344353423
938498049 386023606
672144769 928287042
351488920 415551873
440501268 108774764
733122056 471596148
994756166 653989899
670479985 238049587
920874218 63315404
944971063 196695224
857157719 557245475
874310929 189682596
807640715 297785480
908231547 976577043
653318948 404099526
484313358 906042385
514404427 297867946
50972820 922495096
732222716 830713
689606541 699269790
827000670 840826150
835258592 338971054
680032364 859459997
811585227 671338049
119927827 243507956
796531002 700210186
522663446 797953491
750399223 814967641
782745704 338715952
199494237 921574105
550522422 923789825
306132941 259103815
542669192 727097519
67073034 878072233
968311381 119217689
610403962 439556538
290299228 162693879
19816989 106673784
46464287 355499719
491776769 505471963
154625929 855939396
61476425 960530309
480773928 11351215
614224276 30660190
942773479 193819149
748209730 294926046
161546197 380679511
801270557 107100269
729961637 930636611
71365697 663596157
606446393 46935467
767392060 375913167
725274244 129058031
438421544 283913745
274796805 181369712
191036853 625709865
98107131 410630911
574566126 972683103
256900757 662303914
580594010 456712214
56410263 646154713
387096851 625750356
370890685 729959768
267699918 178341730
220554208 84258434
937594851 981317815
963538762 21825084
915339998 733759881
196294249 935322506
411327287 203385415
441994825 685682853
423201428 377833932
896777546 57983942
373444018 719678747
382884042 547655739
124689789 399966733
103152457 519151780
649419063 461539168
921268616 729240515
545848071 336366033
104071554 565005688
546109103 544368593
895871496 762369036
206840521 438329001
117270391 107894056
125750735 258274412
380887621 992247871
141729870 951297429
660549593 305856496
833151998 738768715
678112350 258331214
261535160 677575171
2763023 695316531
5707471 175028414
58497818 795528445
739227151 852732748
571860148 282867177
250124743 508513063
134609227 822991950
203547049 794789613
441129495 295260491
163484990 269226124
446652408 684331394
714731341 590166763
879164008 803078298
733130912 585573547
924945593 550497082
514814182 524491138
551039601 368257575
568628333 86396311
528902843 469512741
143093710 25667021
530469663 674417780
269854691 125336006
815018844 581030755
229375022 924162401
223231145 578727991
589436724 534498571
812041536 421569352
918639609 438920278
596265582 406523152
237184454 223031525
327375267 701869525
116566934 268910679
682942405 920955684
162356561 84705784
68359016 915885207
949709578 232621781
123505116 534706681
623730396 180396386
508489568 239089679
845100168 595805245
977891686 884510692
89004818 315523193
284338440 990436638
634119489 895824075
158713309 647081275
724803947 130950004
10901181 997162138
548902313 692788199
728330751 404465972
732519679 591807626
29312659 639178463
74453594 328458949
321290915 337171473
385659826 371279889
157057684 346272499
333648286 851395698
958576141 267615930
856135628 172236422
71760271 60941913
614482137 962732804
556694546 722417265
799621488 989755993
602806229 413738673
121325757 262050805
39824473 878077569
209138285 666035352
422554874 413034133
570226407 41682961
99960944 363131043
188305541 368835918
32817418 66195464
175151526 118407778
47350858 193610951
278919330 932657546
252281690 116570811
680087027 785324172
276569678 804467698
432047535 808053384
701886014 126117125
933464334 56357182
854524916 236292156
955201573 126421326
561944221 409919798
621600694 981497664
840238588 11067456
600029679 924015925
567796301 581586081
650143312 690843963
273157734 590287009
45125033 63295446
206280721 833122195
131843716 900998569
718467318 153416658
436779888 75489133
637311269 455815837
555618400 287127005
99523655 545093354
93441988 625970367
135669756 415332340
694645693 200652559
687856070 687863229
956030142 73652263
766499945 402984400
165115204 491039130
190223439 40869100
579969891 920207994
652378167 60878695
796056266 512593562
9040048 677602349
73099851 236363673
627016142 623064124
830441465 931695479
457732931 360516025
910618848 522087407
74053318 76223071
707360083 810657424
169054025 803440166
275706977 509405915
627537192 575504219
963542496 995176029
85030326 220576432
138137436 517434529
162634172 283151227
399741483 353741402
292117597 338910969
355809213 899998362
29101780 635253837
984133495 252255061
381724045 723765291
924716088 81649692
424604323 774954301
610737506 605908463
269681659 81692090
298666136 698514550
29289883 379799441
944023721 873151690
194385276 335923432
832650956 431327254
441853086 170836538
108263651 969234320
931924233 122883967
51601879 345034604
483251800 934541616
642607909 437522125
616424731 301153036
534024305 523282995
12616172 855863105
250037590 980297445
354235178 422720983
719211926 468232132
835537168 217838416
344456571 669517990
489797673 960933268
545477211 833243742
645500080 750029181
247573869 742082422
962098236 731902960
941290465 3174442
374493221 199318817
548025040 389607318
202737023 262908868
24048097 223723337
407029929 906851256
694645852 766208231
422687503 210684451
189542463 852278637
332534905 207506727
304602027 615645959
81753895 21541397
14198937 417230105
783764137 146119615
155185288 735016956
821425043 749391
852527336 599754362
614306912 848715271
894772501 336013269
436213933 122540917
879620084 143466852
455110081 259169065
875737300 207160102
131016668 579452496
593088842 971797233
898791137 234399471
978496801 522177871
378918671 112931607
143345832 55744195
401787546 942335031
296317685 557174395
941457146 441364483
454627025 970409634
667262446 106443814
843649402 644848268
72544076 81758461
971249528 153768568
363631185 75426213
249748560 558566490
208075388 901847495
48585544 418435695
268449534 472678778
702585714 65931496
600162720 952946231
970762614 327929871
158812905 319333982
800800756 642393617
101596632 643796412
277902433 355323349
8126973 570546805
464065617 994634565
361047250 905332707
249725179 712736560
584148753 227789914
130822646 915226116
622195042 966098670
374520583 421894743
150963186 33100779
179737047 489829606
956645420 73847796
382894270 673117779
373972264 788950562
69516099 49494646
188026244 849529901
810566519 276354721
192279276 279478730
228627955 924584963
849688617 515182865
519638657 258247192
220597166 15528410
256835352 994316406
461213323 994623125
553294410 966864150
402413433 679488711
217241720 368968851
94679013 950077861
997595279 966978724
591324122 788144335
718018993 772331642
665255644 391829886
826951495 118261881
775849117 48788132
851754221 855967519
584518739 91795992
974933979 659944938
318538823 63705187
802239791 921804608
46343287 344241291
199967453 793358991
331987954 589035654
65029379 494196258
153003681 840021262
254022417 679658778
434560857 752105626
156959864 161103699
729577045 814854121
502589812 106949814
883737027 785542888
959693073 429372879
942958917 388218616
662113565 765418752
650401400 78587069
557248359 460152876
749373309 350096476
583111074 240538508
474808076 982896354
3914994 66073273
597933617 242011171
646552962 10961082
200822395 731361699
233687390 496599822
221897527 420296932
109017735 993502051
154924970 48031659
940370208 910305148
610786039 425110939
326815377 899705915
160919985 471090712
216495349 388618131
224158122 333736058
447169441 591171554
121241303 960192848
670629224 319606306
232728872 792483943
454041976 335603072
979045112 616740772
187183497 30865547
516878305 80199416
193983473 990965307
156888166 985620188
539263970 712115947
66157618 246648929
101215650 347796466
515769840 399310971
804699088 278915477
705283680 444721219
333944335 921221646
709480999 406876651
188364176 89351676
551936774 965950546
880785756 459569603
466466643 88773733
304932252 670350199
976509136 458746622
856035591 541154995
940969548 282425297
811199651 1208290
571303999 742227963
866906451 554385707
253797678 216295279
50535915 981400173
370329505 561394417
731801461 672777342
32522014 562661393
940760136 466204058
864157764 8518356
866131943 512591219
740694081 840299882
591201665 218351316
789254242 950245149
672181719 734702577
110025651 615007291
208889680 226462945
123071038 500702924
315008895 54372893
536373644 239816136
855493885 131704003
38706341 325334020
432770768 139742303
128378518 742790992
255357566 74022069
461707559 496414786
71632788 244101929
936532975 680169146
332306653 973792218
501792102 143330544
180960254 366236611
800941783 144783839
194558188 8172707
703532429 553232774
830807550 576596977
540526162 114951472
174573161 95168308
446538908 796392465
172422379 33454384
751088558 90091198
249819033 619535920
119221842 467529721
940555588 815924255
161484312 616886206
220185644 398261625
237245201 858318215
94530884 197812648
673784954 320413038
300364014 60632595
165058259 803673833
249230646 78998521
694390019 689475167
201797790 931071659
905655992 453365959
467761769 708243207
404972076 384876730
744860953 684480899
661367090 804202570
792352055 291651569
769920200 499861919
27463353 603654343
442794450 339271308
859632830 924755023
488723983 362356893
645633730 901105306
324295154 841547684
505026045 405801742
370286319 525615251
276001853 54056687
941969288 476743387
451007695 95589677
96395757 746680144
474877979 94789267
415326265 790746721
117396332 329096186
667268459 612223607
426564409 856955763
348866965 380422123
618038081 437140614
882768746 616641822
404270783 346023781
536750146 431574130
972220952 247734320
801279181 705373411
886174201 444468929
381617695 524692575
439743113 762394764
14264473 597593543
973913108 223090202
496122800 211957400
122339728 970340815
79202609 26175333
499527460 881541499
725007600 812649521
487411575 664453362
772665848 631118985
953489050 142480672
504037323 815953809
40664929 779264067
580728453 582670211
965531928 57656167
517684943 949964316
849776932 344245506
807603970 536720494
481058313 381463675
757408662 651960193
92471140 284820047
418955853 273383567
696175552 48816127
407548977 491408269
425020537 515991680
285856850 832904067
16122685 94823955
522682391 72139457
390151566 284645278
36573469 371838276
408252522 508477744
790740925 618448874
705312150 811229562
912055165 807447724
469987797 180474249
67644931 950382204
953797681 464198068
355445615 462895867
822565811 111224433
351823330 923499897
494709543 897324482
752474261 463137289
920989284 950971031
102301996 197824243
928123363 66305290
790907841 967879222
832842640 742649453
215931816 843930782
792516879 759829802
965950024 24079491
210506628 696240583
401846764 173381534
143532163 44380376
283460798 803379722
248770855 459499775
179283369 228465357
37813566 407752702
423353849 851494473
739208652 487451879
501959961 467557817
485339929 41104936
518101658 202968311
699073151 268445867
284477021 632628744
141308630 738760133
218209794 231008943
896333721 87027565
225400810 906238733
2908327 1829873
309716655 672171556
380107099 727331113
405160917 162455556
31528277 242517886
568968407 191124408
937492819 40129929
408777323 241562742
26835735 256785207
92427642 279156783
723122215 481542266
163891607 985291127
132510302 600031949
720055918 244491269
716760602 34670139
364374218 635007605
126924596 755558291
769817978 684858132
407402587 362756912
117484617 250252769
780437405 500771971
718339854 66430699
564151415 273854991
662349326 872878040
362348028 455420293
240567150 633532146
170883440 733444896
676927249 250889742
877160589 591629292
82232587 459210699
91116568 994611538
618395037 94846571
757561439 444363304
752433909 524734762
233342061 760693239
978607352 897794452
368709595 960417543
164617619 708870003
754211564 131745372
275142313 742652379
647901152 35977197
591785388 517850257
981599614 278392339
203583352 610960016
387720678 641207009
796957674 676823895
175402014 188758608
467377710 300037970
722022268 214178311
779355748 218080139
876208863 956125957
226087576 704150362
641744730 526208164
819951628 259598732
466109698 213002952
431715336 543032459
527449291 435481694
818418860 502618493
973950804 488303656
105615938 508645831
514852163 943150776
867277484 654845868
19857162 914679838
206990564 332744873
242901484 426895858
965367541 503353861
760495810 507109735
254962944 773900074
601747194 861738728
774471516 315800708
372030402 740308955
735932288 450963450
436789258 877110309
685418218 24155639
204577821 985540835
61450650 3359082
783217462 901841527
804192553 296270091
327415510 594425112
386972882 826113800
80710846 898938134
387577759 86164082
868110083 874868690
11825199 914551444
645250452 119055949
348657361 73697949
600268174 736248180
778975423 371853583
702355719 355878009
16754253 906028241
427425519 668225256
389706821 38219610
994065375 990427181
200832803 449614248
394339325 185232906
473546720 535514504
732252487 84640767
867919590 581268094
722065622 420957781
335259566 558827718
194270149 250205071
633406469 138651830
202898495 564740320
614833323 858409025
228686688 579019705
284588015 961228285
352864483 328951686
81367558 979489583
4587429 674711182
68519035 258912936
972062654 10871411
893962992 872515817
487120137 595731238
144994315 296164976
155879790 36873602
701567705 397011523
331883582 861367305
150861348 985821262
199587736 614472918
970989907 67600145
82128315 467158607
564043738 886186512
828046683 256680816
301326448 442106795
701678358 214608866
493534939 609923929
217364899 539261549
154794004 934172731
215100847 65349345
391355400 286541786
467347662 648244114
463028053 183722576
240786119 327345309
70165050 749495546
454845127 612452026
808988211 929297681
677873493 692710923
704013323 796771188
196472074 291919227
243405232 57247130
883460930 557776382
793640929 649432806
526255214 664010386
641185826 574251446
102741217 698655478
103024453 915758186
413752196 602997362
243348183 629847029
730318791 657729881
97125337 549328987
220967324 260278829
768474998 565539661
900129384 581289932
749128923 594963377
882853323 840835682
943151230 436590886
477807763 854174577
532109570 900214482
755081069 725102101
886253162 859161033
979173043 384751352
108993836 165588084
291645008 122042176
746982030 1116769
886816832 617660294
999988512 998973521
916417668 973096147
589254275 245166829
223396040 105292584
877236882 314764665
357246687 365739484
787826202 547770301
251828063 67713783
262258677 918857736
791316796 379951877
156269620 727854785
431168687 760017706
351579383 265611002
434648183 25892661
479075647 328081953
907344426 526615034
289792633 677968932
573882704 223388115
517864585 532840848
312314305 698805343
432651351 314902497
861340321 877810502
754652495 960421354
540831443 623290033
378863152 536445480
613661237 895833863
883912019 88175418
518123890 196329949
299679742 597190563
665436712 158446307
982530581 928140165
211953461 774044806
707932709 940432204
843105759 453159217
432289045 84629807
124562152 203098979
379112673 505170454
15036831 272651649
840436900 731782196
136580526 700048981
157329016 470650709
313195552 345456494
997893933 32614730
918570470 568281461
913164904 681461183
23227258 601152889
940400261 596878615
172091744 828489765
81390326 90747298
334360982 874022445
408442095 436708206
985300014 700896971
338104238 686495157
932808942 48520850
391069218 140498470
213574551 306954540
45955886 513493841
938257810 110544794
970413860 67636286
368341405 2753684
539643960 170798179
453473903 752227169
630511783 919870293
257712213 887523607
762673296 737035536
565620268 737820343
986893251 215160159
71718021 737021565
672177790 544247365
977616117 895695063
75331688 532844520
935049417 39910784
187506445 889822159
500995549 509390689
593196489 848959747
907412838 92784999
100348108 878305634
741980662 636743260
275276570 756243776
483346990 453239509
752978699 410395998
294398237 426054384
347853423 789926561
452211535 985670662
733484492 260131085
299531957 199108334
469408378 576719178
533694558 139454911
810429073 919326875
142571428 893923355
134810927 863468718
584480056 455675199
66296114 702475145
460255475 193615953
700275953 236409016
242657153 828987351
505853747 651475092
967811247 627156687
535270648 855785997
788383498 377677260
887260702 211353947
608543878 249462822
93019737 79145418
504812774 100310505
489727536 76580976
610177946 502315927
299330834 657234296
887890280 465843983
231938552 330355768
233323932 808322058
778938397 823883712
735992995 20119917
52843668 839891515
790939285 336953835
646923065 693885478
963333389 598290264
51215233 285195923
819100303 712159424
82024573 112863176
523918523 732293172
877059544 400193507
658790788 673280706
921950219 403412916
405969658 633839942
514899112 137036074
333182984 658293398
875695147 696517468
979527526 26041130
680363979 448322964
689089439 659002381
269194768 920307586
225626762 390103256
181407788 476985672
592556832 266644646
563708302 351878243
230926237 770997284
266866345 416367223
587998382 252925656
339349425 438028945
955462364 796974105
854784084 586623303
921197752 671308895
435098071 241676010
142097215 555215954
876108194 511938350
630057937 651617134
525928633 272648983
129850671 973496583
30922636 405122918
630818362 828540787
94056580 335533167
482408016 574946512
723508709 515228347
428802001 498409010
828611275 273170401
48309752 505154365
496476617 782170523
97647183 603512858
904034928 840112917
640049443 641046847
573331065 919117252
191041642 89964015
857083284 21265208
454724718 440268137
886196647 800005216
950374301 922225204
975124898 75518285
156418240 229434052
589660678 739041307
666440939 534843729
548441337 801121720
216395646 454388099
816752131 628280515
125862138 602978515
133663836 360193597
672894916 53596789
881620860 625082876
833242442 10388908
247046978 960534568
819187723 807678681
970114871 588150959
823473725 928866888
651589341 411392213
750694131 937944961
422900948 93608304
903951399 365881873
354354803 781237121
963262442 72358142
438803124 722567024
725134038 137965302
712698352 54146721
705165038 880500743
770854435 583178941
226089422 74660446
309297726 498206857
160877263 628242510
780418209 413905363
375371048 21969319
181954027 737384975
679844009 360363431
691634637 746542366
277564893 554324079
313987955 623418335
524240849 591680848
626330453 138054285
290734526 574621465
458880321 227538879
632526693 137883011
611233123 842564546
761223667 764180703
963299886 507913866
74887818 742895563
654502115 885216055
90935830 604436758
488692589 807233300
430297982 112992707
438623406 354012436
532249814 186564517
30382101 720446365
1992734 327342319
169640357 876847020
111919383 75690282
79534913 467978525
85622765 332191303
862387977 889400018
413674082 53726096
8636639 699659397
956832268 762733858
504569878 829838546
832970901 424053885
73829640 839140129
866947329 959868080
695731749 230306411
948701826 913285870
287412366 913320912
879703746 53715545
155355282 795376325
953326015 299440028
854980475 137509545
107052527 718836471
693644765 32521442
480716996 244659244
221128780 172249924
375877532 43885651
264234850 106515760
112974504 364960208
197795291 816841031
315311563 151594817
720459986 394068925
434393949 668931045
138724987 672051928
229284291 438747950
791709306 866897912
575836351 538345001
594291379 484536593
402242780 765099175
77579665 636738992
282872495 897626187
765389668 860362103
746437395 615902402
390485948 900034118
222013826 588143278
145666379 986967116
600128443 786686156
639167926 696971410
436934488 97354593
189224304 750645345
612972627 211707728
787346474 869245252
306316666 107390457
499459905 882455370
726945328 440422282
352706276 326701749
993443024 905036270
520017875 934823600
289575458 773240086
373192962 317783358
563077735 752556434
653500993 181319837
267337084 713578603
376928014 863245851
339147754 781654872
716641800 244755354
996451613 545703001
77183767 283010525
715374113 957212186
88460960 546537163
844115562 371848132
298555733 807465020
623934682 101873699
625935722 817282376
383348063 518228626
111975699 117680798
500267576 290890886
429528413 436645054
873592277 43912518
689771494 532851225
701882586 803572238
304901686 804663367
503489230 859358380
957645632 713567875
261136401 740049703
434364303 614073432
298215285 611393378
114113011 175940829
470725566 835010572
338996020 840155834
994070802 726066325
60648954 401514473
77307737 442044904
589493116 329687602
127816396 302800759
115238104 574946359
234842175 803365228
347711567 726035730
563607422 699881739
274944481 952513757
672864996 737753003
312491783 277394923
306423497 739544290
704405502 362674799
248475328 143236777
340956740 113766727
26762330 297755789
699421932 135324571
306460853 596656322
184114961 244872063
346213933 93171300
351167391 601724975
374123761 585310605
768814099 389307513
282182647 408755547
395107877 549407495
864494888 980170742
216004069 619275433
449857928 222577263
474277313 594804756
348811944 158570677
120704537 68087534
177563573 464532322
27872721 447911238
616837874 615893053
411693698 166870793
171779325 854971962
432953318 542677781
564118501 321196835
292760700 61685809
636789003 775420858
167012237 82020413
192135843 803189161
392262049 535468101
904090783 775214709
26832356 184751649
825626212 755941700
765636984 976643936
906993941 118913555
399602913 525247699
926739123 132238049
675621620 363740662
606925578 950601357
905863464 605423900
679451741 880876992
500762341 947120163
975149172 874541653
397574681 889514010
495458291 819924416
642455825 256744110
669799048 628354980
993441174 68495962
639192677 76890717
869891699 349017226
492289663 349933055
834782076 783582942
111813625 543430732
228851913 493486039
915794098 709937136
127760521 709285497
337855232 948617482
740655977 908552702
910794472 732261265
868299209 41120415
379129566 85025792
803203083 61945763
70312599 667028312
111936871 202286805
501771451 780923654
78759268 964101764
297992433 320217169
956540842 283989847
81599539 741587075
285031910 641686920
547176850 782407687
434287740 122206282
618037867 14335547
104126786 226778001
567158241 822076290
728045774 529485649
503693597 461907251
985029127 156565823
118596727 157215700
806484003 226055630
969195052 894876324
528641570 38456375
260726265 570634660
869919024 108004245
583148865 909888127
459781830 771229817
936786761 854788316
371189261 746794370
877861895 426243626
930177674 416228907
126007771 705598733
322927308 24005443
427755461 607365839
113072133 843616159
907235432 675829845
398877245 586588085
208242040 677382304
158482244 257744971
47347228 938502219
465787268 336834142
285871587 996646403
772719633 303958742
608951086 802674514
137738702 613150736
889855393 496536419
25716810 866356218
517346958 299819770
755474047 571050609
339186993 164656463
151259740 819853799
280664841 303406512
649247555 97801765
675095082 811358092
769423555 574338411
370226338 962034403
343940634 148845542
976205573 134227797
523843593 837083706
452121184 754044697
459778810 528224663
920821291 14359483
813097312 998817419
301386105 753013362
403908312 655837161
754394421 459593400
893921530 531630459
750707532 829220811
59965867 262720788
751339957 215005818
867293575 740044970
5564890 920030892
954344803 941014398
561470014 484807204
432636029 310069722
708724783 55566505
369078720 470425758
76709982 451985858
81624929 320464605
286827344 751421264
845172340 802006801
58795404 662545317
646297447 736900220
248938363 818391110
830108387 423520341
716396276 272938950
900106914 193455503
205285417 176982174
290183126 23429145
24349957 235003449
185880178 48887125
315953426 709833056
551094932 955434442
429921434 210504429
754428169 701358106
935822183 353954131
942179711 233995312
673085603 559905122
363189516 743132191
30373699 816311975
718513222 420463227
336677702 235949082
579304280 860230366
43911898 593829569
417204527 868617947
340205155 885345531
904303191 258163690
654065122 23612897
100970062 56897857
787210339 429868081
451152294 830151909
224973595 337059057
295755420 506447833
157726369 142969687
400052539 309947696
902983001 584819446
593527099 574921276
592271660 869495306
389699836 192568116
386818227 116192172
814737402 273132669
557217424 557566569
727737615 114850977
623423060 721254935
896780959 310252557
503087804 754755709
665418155 180972504
619986525 763855143
88286916 85267496
167889210 882329908
92144153 811272907
726551340 650877192
203841732 42985574
466003726 528058469
573162575 467998270
654197371 365120551
942449464 794964774
826416522 516736507
513975074 467082220
244055108 636270000
882679738 513628166
780800896 686270236
990153586 517099898
948196205 320027605
424965510 2195368
506857440 525752934
896725281 59441990
853329520 624801050
233863448 331693488
545417915 528118446
585664654 493572846
903427394 132211395
802517263 362404760
102044119 871570374
353885309 888762087
602190914 173395585
442347481 260634695
292131936 701605098
391495914 460947154
132804483 719379575
564643754 836693801
185337128 736919299
68006310 772367047
799389681 496670943
968554026 687389297
158053877 621994981
429032723 2578872
211082681 275194606
772536249 534861124
308088757 408969287
339157571 333787047
202983823 297916597
774424619 170042578
85108165 881336526
272513206 721094428
74840240 989115022
602095572 545289839
885552079 551381581
654058226 350373751
275946593 651499498
42092483 163230254
663035420 917981015
221937060 153618374
294288092 771616704
692809208 663578364
394442956 79325177
790792296 645011070
76115662 934789251
739904654 561102876
575612221 226435326
732858162 842154638
269586806 421308696
229225855 423623300
267222447 411229698
768177253 405723935
152173310 921079602
578321597 671659656
732330625 557735701
317842441 589277356
586878056 463822535
191795239 351115167
429043638 219807887
694492103 452313278
931043639 315260842
984583600 156068574
933887057 990806418
893981559 11482920
646006533 129622454
811349941 558202739
286899303 398696403
77905624 938619904
754481678 779664514
129429371 139020626
603723583 954068898
667664997 878593459
705255087 893035628
227323673 188039960
772700778 441155384
539285179 370516468
403719430 613765643
576618460 631642122
623600346 742811964
342680896 237819559
418176993 602679798
189933068 273559606
645451285 861133378
712499881 712015645
920440896 163163547
68875983 41641762
302230116 811433556
287103122 95031075
598481397 461408149
479732519 197450421
388259206 407150843
163651316 386522524
653602633 325626257
128044750 372409877
781364890 190389447
739362116 100036644
56899806 760996229
760812282 546745951
288196296 445648246
205733345 578913603
575819765 631082741
605490630 505381794
818033591 52752015
370629485 660395552
159749733 66540971
348457419 729380354
10213771 814369697
286148890 337630833
584495847 373185446
180140443 184618318
914939533 584322029
480338846 472394965
963373688 611677494
757170952 196564035
670281541 794981215
356134035 692079470
472895726 293761116
179577333 662141084
325569085 126890700
690720396 590942336
229654754 463383783
985423482 492108295
264749271 371557010
528973135 364927769
656009954 597607747
735776224 968254693
41385402 512466897
588533015 944504788
134620707 13553889
508353196 709719217
412754997 563666933
257504738 356319079
89910781 869204290
397868540 420216458
719127228 444751638
976595687 768792601
844686426 122097349
326279085 293479322
151663402 97734960
171620509 339254340
733767739 39037792
522703810 685225922
60120359 193143101
793619271 679901989
234526590 154705899
7087043 911943988
386198007 356212826
200836081 118465030
67714552 919259029
433796403 500129585
298249846 797601443
699158214 89469840
336027939 806542179
940908622 397174313
482291508 370405368
906690025 513288453
41236798 672149787
151725809 140794086
10953290 912032828
246354003 714185034
410113301 682927715
666162339 596405534
212452488 614474954
