35000
7632 847465625
31841 6971496
26446 283106418
15279 762825706
3030 716617437
28165 663657321
31534 177078253
32553 302393312
27807 38921414
8659 154637046
21404 192637962
5431 159606866
23918 355215829
25872 272271919
21310 513315908
5531 105835493
29415 18390422
30345 457393811
26488 20785065
28620 15667961
1464 868698634
7572 701952536
14443 662342045
7609 154334251
9909 396419490
14331 661355844
13464 155380590
11413 258536372
8336 329453169
18584 27062325
11446 367910080
6167 443223456
7803 273745525
24287 636261370
31835 636616166
18282 994332174
763 76693785
9904 992829736
2237 136619372
27890 778010374
22380 763075713
24650 888511509
4818 535411993
19552 117273431
11828 122323674
5457 53088566
3026 739162277
18901 365223489
21502 618658568
18109 395716555
22930 78697061
8793 15137372
2158 724408483
24536 39089715
1342 39597392
30005 412008605
24931 269772200
20564 529111433
17301 445018904
26711 126874050
25077 847248575
22323 921205429
5002 993738858
8889 283623270
4562 681139262
29170 661396280
3983 635209033
16105 499022844
14325 157217959
25966 201087138
3560 669920776
16798 580450060
32879 685834422
14007 48237725
33182 126231396
15726 827572029
19254 731354179
17717 828087650
31402 353556840
32595 932564559
13301 943465132
27918 635852558
18501 374583449
16739 76383981
21131 557393470
32369 372183697
24160 242242921
28884 355736482
29826 109003049
7788 926037172
21723 263668526
34448 892049259
28115 639305756
5957 274655113
14944 322349693
4101 554464301
26908 756100533
6778 388544253
20517 154735559
10577 166011983
20740 170009915
5397 680216004
32643 992480047
19020 691592819
20643 406887115
20400 589252702
14455 960935688
28346 184555789
5454 161053817
1295 627598181
9850 486060676
26556 36696118
18235 504164754
11070 533981988
8365 273440071
7325 333410874
29452 817287570
4868 479650319
21356 676847466
6332 846360978
3548 338662972
34978 552855546
4389 903140381
16297 262043308
18202 301285144
12261 378941367
9221 416886966
15752 178916872
4268 529604653
21733 115467233
16519 198339807
4690 29075331
29940 940870081
17206 620532333
30139 840168263
34532 688326457
5569 133138407
4895 672218062
25513 989111235
26185 956685332
9271 233217707
1651 897574983
7543 478090244
7591 747717240
21452 365910354
4826 411919099
13537 712386344
28434 328726309
34844 308534980
31524 475359967
5034 12915077
2535 937998947
24946 573882141
8608 596232984
20221 349132240
33932 258318320
30127 902716468
9095 301292964
21769 824849859
32351 872952087
21021 590148900
1873 729041522
30246 746721031
7552 892643124
3387 185285560
33205 712665587
3998 115171022
8932 157530464
3118 603850199
10036 203038502
22486 958083047
16936 317639825
30265 316052488
28426 321385103
8842 166343008
8528 914565084
16359 994194154
3657 187924598
28767 631070979
11859 494465705
23348 171745706
13693 180151495
27774 639246167
21434 849814035
1876 487393400
26640 716268358
19225 446175792
10657 30618244
15062 79795804
18719 67189789
31345 985106412
29186 933889168
20615 112771473
14047 926001350
34409 415213049
22272 490976751
30937 994505683
8764 365526154
15093 399144541
31200 855203157
3591 469863652
29848 788898065
286 950826787
24082 930358592
32929 311017290
9814 309885823
14812 355683670
13242 671882458
19923 105525082
1118 468460545
19986 651629044
13311 536004205
5970 898733049
15040 253984184
34345 491582910
8953 771159414
15950 343030651
8335 854099314
30391 187243902
14636 604517380
16440 726067438
13722 287987551
6299 913318479
9935 197575543
11681 687124538
21072 675662324
3173 607928754
34772 811085745
5900 766868208
1678 378892910
3944 305424832
8882 206701447
34257 196298180
24265 909380487
34906 339904799
15802 312212915
6431 60609454
23075 151979727
13827 987692160
11000 812296484
516 729041242
12557 131647501
16572 292712921
22806 377692908
33433 912710753
17142 374344939
22172 850172889
7458 304496986
21280 767225743
18604 120483554
17895 552601791
21025 727430974
8593 479293112
17168 992106579
2505 607032181
34274 192369586
9664 859806899
23283 904670645
17482 513992164
14579 691404011
2955 542275401
34638 338025684
5057 421182629
5601 912632164
31308 276473092
952 630651079
27580 123892350
19433 227337295
20946 957967825
7326 102880168
7059 859195060
7523 608619708
244 349983550
12781 874738431
31453 877241543
22232 161245891
12173 31073378
8 283996927
19680 791923535
27405 288076121
12841 188848758
29417 970160122
2319 596799008
32855 993748267
6211 793007550
28214 964525055
29001 3508714
70 392080959
9843 992115095
555 302611889
8740 939874964
26809 832196052
22186 468327363
13185 91268214
31321 307766960
23521 667347721
24356 3906209
32127 99194177
34305 627149419
18562 388987129
15071 789356605
2762 712758558
16666 748227335
29988 965659507
5312 167937863
2518 19738543
34459 43208754
34673 114954742
5440 824200757
24353 503624037
34717 490478360
6446 859239219
28273 834385277
24061 3053786
22500 355772019
1399 921405121
19647 355855008
24571 819979300
14173 319737021
26158 822598572
6257 385490812
26724 528909029
6318 876497793
30994 562585894
123 792873752
17055 310926005
17896 69116015
9588 844573866
11253 687790333
12251 450902485
33107 747115430
16381 895094315
31077 866924017
25138 910174388
13202 933595451
8916 165073023
31333 786620049
145 833184613
31457 239282307
33091 187035222
22057 252119486
143 910508948
25974 580273338
30481 428390607
20271 525360686
20081 865221815
1139 746107247
3158 614413491
21361 25359954
7120 183911019
20953 636346261
27271 478353460
24994 741361289
5338 571308964
6131 587646912
34233 707190979
19824 466579731
4478 455564430
4894 865827165
1475 472374963
773 11599913
20759 176458720
4070 877353625
8166 826072735
29386 570609573
9344 711196881
3840 910187490
16648 686963222
14618 232419876
33985 699998764
10019 670936877
16678 679056021
23742 679906593
6046 828771126
7080 944201142
28151 67461870
4115 481726557
34961 51808621
16368 999054775
23826 510366307
23078 226939763
14600 710888186
1110 668224290
33503 895035567
9412 620521276
34947 274842327
4781 894645953
29433 248892169
297 905665795
4283 171024762
1317 654084697
33327 464378353
20585 833294739
25805 312692915
10185 388821064
21179 572777242
31730 395234716
13469 226466498
19812 853517335
16488 830639336
26402 35814341
29858 473809157
20247 950468289
11358 807425641
7764 522739135
25505 465881482
34289 60464044
18556 991574410
4220 462601055
7227 127574668
31183 827942754
7869 616551438
6484 392842284
10931 728222462
23451 68374463
24418 568993277
33283 752546609
24983 60423118
12365 865238219
8057 954702628
23206 456610237
31515 247487260
7150 729463538
13231 19784072
1612 12869787
10375 125449563
4405 58921186
7826 139817558
21927 662573219
13508 842414748
18088 357495571
28845 211462455
2931 943320103
22614 290204769
23695 259982558
15352 920420998
5136 523287202
28268 935938825
1165 466603271
3948 754456715
19737 89829169
3776 663273794
28204 377339149
11506 530258370
24409 244305481
31362 645534150
1150 1509391
28342 380976029
12559 662641409
22555 265015538
32201 95352221
18359 725236496
30985 719799349
29296 874353671
28996 426645696
27530 669004565
33689 694714554
7997 797326622
2655 406732951
29857 217167483
24981 871231623
6689 478694779
24183 146858371
8527 824147731
18002 881087036
18001 311117421
4227 425053911
2292 389310929
29336 127080856
8325 896207830
21345 560797402
1843 358251980
9776 403097670
26777 779914011
9707 203782053
32470 458884262
20796 759637050
4249 717360787
19251 581012916
13552 68287322
8561 505460844
18333 553846026
31967 489703499
19343 942245206
15383 710383228
16593 587043967
24436 457308259
2029 224727417
11930 770258017
33243 459866079
16723 105621400
3289 341117484
34115 798935095
8547 499564601
18772 330587868
19350 607125287
33434 15769247
12881 112421371
28359 347765071
10673 318300107
32251 437596146
11117 686519180
34612 993257100
33924 234062090
6061 136164349
5649 513677143
7348 484103150
10104 953490794
30514 561804768
32410 236986061
29383 104430008
2854 685861757
781 499647182
15636 544105209
14253 618544585
3727 198293514
6393 73741329
7068 16026390
20148 763276896
14546 661239380
6925 466277184
17291 208052161
30052 6148338
17556 725450546
19224 867599797
25447 525538641
31100 549759011
3921 384764370
2352 95634977
10140 246984745
15447 67223059
33566 374448118
18756 862667183
27205 161692654
8044 913739232
15171 209982365
13505 946548272
27660 423150919
8926 589148040
8856 10929127
25514 530998426
15010 340006754
5182 939692386
32486 284733572
27476 439882706
10130 48152107
32565 224079902
8687 337506745
21148 175236548
11381 913537038
25325 308892308
21307 220277765
29071 537681851
7336 546407709
2448 321452689
31334 230924863
11401 669756423
25936 325356014
16091 819604890
26418 901498175
12416 573454253
29293 581171156
25859 688967770
4887 238518698
4333 710843983
30504 624337271
1427 839681871
23062 8589986
11376 750149271
5705 63380187
11504 860752227
14686 620256804
10332 662527093
23982 243701967
34165 657136930
15502 152328834
31212 868473738
2485 386878185
11853 632380045
21695 213874400
21386 317135047
8052 420283256
9013 262329178
27099 946440495
21577 374292262
34958 815401777
1205 468256406
8361 525001375
2937 414977215
11301 577789110
30760 17961222
13786 211912445
28960 424232555
8018 358563435
32614 112994491
7937 247559528
30765 967538999
30944 243015852
28832 758618896
29007 798568801
18281 923151190
6477 220384019
549 37829933
6682 663856368
10136 850619225
9747 915222314
25807 200729137
28935 338774897
1646 222088088
6815 39704060
23907 206325745
27531 468041294
29529 201535795
34965 177140711
22735 210212563
8739 602837994
1577 536884089
11098 195302291
5535 759296170
23146 736606776
5504 951004502
12748 207767545
8077 656951347
2961 565984146
24346 734117952
31221 264593082
5836 473078939
31083 532720764
2103 928445075
14744 371066643
10527 928591014
23511 999205558
27886 48905688
32316 363032051
9537 498313191
32726 135724825
12426 264262284
23372 288489383
33470 581074579
28304 707299973
7483 314238649
10204 719120344
30806 208799345
5946 824617059
26093 560011368
32564 171479355
14251 401051981
1948 648789501
3255 789872280
9327 745484040
25562 574883280
29224 374881539
23704 40670933
24296 656047284
21726 767221865
10785 919033651
3629 615621906
17517 712829825
1966 326826353
33980 117094335
21753 459308341
24688 297489850
13377 718345191
8795 273336169
24088 600239709
25978 64196521
32015 776536078
32741 472046362
16063 480564820
27815 141987423
12553 254863206
10737 81222287
32567 982888983
29012 996643399
8267 112295686
13557 815588711
26194 717715195
16172 440797781
16434 352930203
9218 521002354
17760 672373483
22198 296732172
8772 687777446
4830 262706068
22414 75376563
25152 317310521
9675 499939514
6147 614042291
11822 688825132
10241 704011488
21162 902945876
607 247719766
16498 621622954
19685 342904674
28788 993097300
6728 725417268
34827 138957454
13438 493865127
1731 938083941
7785 313603868
707 717327057
659 841540314
26073 946426206
29354 715527369
747 395774784
418 659727642
29615 985627844
1807 978850919
8154 179832262
20888 712372329
23374 501459925
12121 211364207
24003 947132576
33202 148086603
4363 701853644
6235 877396021
24606 478536733
24354 153473802
14800 400095199
15306 639903595
29586 405602148
26244 224763648
27294 389394508
32495 908772907
5996 250312879
30421 952240680
33703 911172275
15720 595348788
21495 438177557
14279 520081084
31271 608213594
9351 710055979
17445 646972883
7217 452079864
12238 877546580
14905 797801692
30440 223546135
17521 740437253
12519 865727250
13205 644661535
8118 433760396
31965 877065299
15906 346815226
25157 851942115
4897 948145855
24479 212687961
16458 958582280
8350 196895978
30641 901557508
20950 924769817
30028 567865792
30599 128380317
21511 130764677
2560 541657116
33567 493873916
21009 565385130
16970 66170296
19022 51738523
27371 463715933
589 785907807
13040 11463701
2238 648014672
31656 979628450
34368 252779650
27365 57645880
28578 535142973
14610 622462856
22396 371616146
16668 773476988
4584 756759815
12430 292324287
5176 446111218
31700 478816587
19937 418662367
24870 216927572
48 702359444
32313 992120080
26723 773863151
9562 604287676
21490 763871162
14149 954829193
30853 709545652
23848 13275346
30787 48052775
4723 924632434
10077 957446013
18345 842982753
6386 857286468
9390 438907993
22719 975743591
1930 829168929
5604 931453876
12592 548530798
7094 650881085
25724 128036819
20010 14345859
19128 224870216
335 610063804
14723 450740830
33562 130064481
20024 266710986
15242 506888303
33721 991020259
4741 841762138
13017 528108815
26306 284767814
16263 150678995
1443 358444721
32607 904792986
32464 571983190
17621 866504800
21319 858427797
18690 495177911
9111 193025735
28494 68184668
32521 607025628
7056 300427904
33885 296961754
6372 777877917
1559 985473322
15885 636610321
4710 289322462
26909 951817101
13471 641788790
20601 834697713
14428 402742699
28901 699724912
28681 509079365
9916 588495302
13206 446893213
15021 536685628
866 767842082
3043 112833188
26759 588223516
31359 254436514
11895 894713454
19879 970732153
1485 753495505
20820 432471279
25080 645207143
9859 797230216
11812 525179733
8393 399486038
9948 282821038
13368 533366064
11620 151276916
5403 649643379
25103 82357944
1011 784572948
23775 106216724
8180 978349267
16788 38752203
6008 403530078
16092 35343613
6125 292239247
55 600107814
21189 475713997
7168 159990179
6795 610244969
19889 452134467
19623 775795400
18441 563560196
14492 641384306
3848 946209195
32100 776136950
31635 720112102
27988 588308787
22425 553273193
8215 950574655
34955 874663623
3486 390962058
12605 141137074
19490 289393234
30306 752707410
31168 999643982
7528 730287304
15295 106858404
13738 697752725
10666 493288648
29930 131741629
5850 477374965
3326 180446634
18826 154546260
20769 932298910
17272 489158257
18686 812130337
3986 842679096
12362 325634609
8243 160680171
22480 497893163
1170 685381840
34815 68154865
16487 430112189
12661 595031534
3984 314947777
31768 956844852
26543 283017928
24639 838319239
33477 383131723
19631 377451134
28019 733075466
24359 835520690
6471 503340426
7567 998258079
16696 701967796
20094 782502852
20461 48108461
30174 449727961
5954 415809006
33746 594323059
8509 872736398
18999 563167673
13485 916127745
22094 627539060
4155 575188270
29839 896975296
2105 583135003
9056 559099412
14123 487098135
24805 784465302
5204 829156530
20387 983855191
13910 701958436
22678 149044623
7956 794167592
3575 358703486
30376 329230418
8923 267689224
4467 772881156
32831 731147486
4944 574978753
27075 579529493
217 858633851
26059 315313061
25072 925993435
27910 338021205
24155 30725141
28026 848598625
255 461152399
8412 311429336
9960 874622487
6444 96713765
16026 225166269
28820 990134473
22252 182013579
6580 908319813
2561 395405446
29387 180001947
24864 549543075
23500 804662930
2150 503748444
22953 926148275
26376 540806580
32439 284166893
1135 485433911
6379 136668622
24072 142400431
15621 336407909
16234 854590728
26762 612727402
25926 269177546
32980 516105990
25756 353652644
21555 338342440
30480 958272797
22381 455565661
28683 19035486
19049 472031262
27879 414043465
20834 200088121
9957 997869633
32952 722960002
19995 140961071
24472 645669771
26159 788955761
24058 584084799
22144 8937169
32838 877169614
31197 286253021
31958 899555244
17402 403362284
18430 481638226
24417 303958510
21416 671723423
233 315855971
6462 631460523
20841 722125731
20402 688932882
22766 391052542
21326 605880503
30865 446937307
2575 456794843
23657 222580018
24866 989534329
12499 715194154
34044 204466285
19563 666583025
24376 545718105
29398 523052380
13455 961942365
8695 212215289
6346 742667568
2951 194060532
20260 62189957
13305 622255984
33668 564325785
16212 231919621
19666 207130824
10956 478888504
9050 552466734
13757 26722128
32686 50453760
14495 24004829
5593 80556008
28120 212334717
29593 226699553
20415 693130500
25921 596735801
21778 651813143
6944 712824844
10208 839119098
2407 58358239
15811 734166398
7038 3345102
17422 408593681
3035 333468767
6268 22160024
29461 129016136
34931 67399351
20144 985999179
3522 921602097
19083 612222059
21948 947458858
32453 231027756
8101 372282737
30128 503040168
32598 57196041
29704 496856540
13165 104867441
12723 286924723
16273 57377389
34843 205583087
32531 493700256
16923 693553799
25146 284539105
29533 992016792
29811 971372949
5879 869054144
13850 472319879
26069 160986719
28071 120638568
19678 530375825
23219 78913327
16174 54424824
9305 339646967
4172 206796792
29661 277997550
32468 756927796
13906 121346318
1635 508134944
31815 105870559
9947 516905444
12827 481820991
386 750501154
13989 554208874
11306 391777015
28060 210130971
3890 392176084
14071 201124763
28361 614532099
15016 789699553
10765 249105598
11336 972183623
24918 436297491
34942 531535676
15552 332181894
29268 395966489
8165 500209722
323 605982607
6489 17058368
5329 246621891
27808 109252861
33506 339067874
2620 219769819
787 915858201
2578 983532696
21637 208072270
17273 33200729
14054 407002732
907 306819831
2135 260999937
20170 254905031
15586 876444285
17629 469386638
2917 383394736
18797 498046751
20628 483515084
13881 570236387
25242 206080219
5428 139335606
770 920966888
28743 920781811
327 949736202
22372 736891924
14390 10726471
32317 224387712
16414 209434382
34524 615753079
20020 177270036
17614 529795004
32399 775344821
8189 18231939
18417 722616559
32058 765234413
26979 585930391
29175 37459205
14350 97702997
17282 180891288
8611 810131916
5022 54063379
17568 929883871
4754 235587778
31181 182288738
11913 401267703
25202 138681002
33598 488233682
17411 324680008
28442 983009699
16347 14659553
14831 461505609
20911 986350877
18450 49649613
1256 225898241
13446 704287038
1822 150063607
19142 66921271
14703 972402615
15436 58512230
19763 752757542
11226 129592063
28444 906853434
28534 155797173
5550 681562544
19387 270752930
32064 408252181
28924 330987350
25569 143769097
2533 569612986
7429 73057979
31080 269547617
20780 56187376
26867 968689428
4121 90573774
28563 943443535
4604 686948286
11190 880508140
12813 526183052
12912 855397628
34251 97090236
26138 435007060
5109 589433289
26458 585820405
16143 44042324
7282 547853239
29227 679875554
9966 350883260
8175 31753718
4909 157107045
7860 867924579
13331 532360662
3799 805652363
34216 637843935
29081 636430113
31707 749407156
9130 31420301
33558 681994250
22588 810226079
33370 150915196
26602 430926302
15277 916145834
8159 641641686
19846 266408840
29633 656732343
1971 54556905
13353 811691217
33914 402262038
11916 906833762
20603 210981876
27159 802371453
25988 971141396
20691 604927478
30678 951154338
2916 930437685
5749 474318046
5275 289244096
18853 632464211
21315 884183235
14127 325381035
11231 264520463
19927 259250713
3122 957165645
24483 533249615
1253 962770602
17419 565197889
5988 127508467
2310 148449943
29679 822652394
5269 687842114
6107 486647209
30462 425333879
30015 554180940
32966 610230287
34438 730672997
23916 136502999
7576 394173088
31845 729692022
15179 303708164
4176 582874422
5043 521770840
21627 744683813
16569 844843079
3508 124143417
15585 22254256
26192 358884023
15416 948899966
29657 453866897
10242 243447180
4292 969550363
12436 53700303
2019 874900465
20996 711902377
28436 558744142
22577 564452906
23107 167888667
14384 135924142
6785 412487682
21598 959643153
10244 2931739
7131 327970657
25314 447082022
20310 296592265
6719 727123935
16329 202757806
26935 825332540
34309 984221606
19416 956937205
9005 491627389
13036 440730389
23583 81116056
3459 997561487
14858 882236633
6576 527545187
5723 723138174
12826 480895457
32708 359589942
87 557991410
27647 930486461
22692 625241685
5299 981775806
27432 794190242
29565 910311792
32226 427258105
14999 754018494
5923 209134167
8020 83805751
21957 152641801
20846 926460157
8140 989163061
25324 561754462
16431 210335287
17950 847254061
23564 732098293
24857 441182022
9405 775918936
28548 440293167
8231 414907241
26820 835736933
29782 337959043
3606 715749675
11443 118783259
25901 257604535
10404 910285385
16809 570553288
27120 915348637
6571 908759741
19640 104067461
8576 32959336
17003 641251650
21486 895464335
24856 829935134
29496 306302494
20102 18459378
9561 926700662
24663 773281309
22459 854768831
19627 230406655
10025 999539879
1774 891270893
3373 288185770
18537 100773668
34215 973464897
4459 267005768
12097 294448071
34572 457383836
10127 674518794
10167 957098031
15344 848958651
9469 717934940
10796 592459220
9853 587583439
5660 479581777
23883 156970047
29096 750258725
7936 926557241
5727 180704727
26717 612816999
13672 514423866
2923 901135035
13413 605090838
27920 756705442
8210 468316931
27870 965403231
11673 866168026
25272 484424370
7538 852696099
8237 687493554
27364 809006779
24250 723490018
2259 582020676
28800 228700538
17180 43593846
29912 264836794
25300 458506875
8634 924586416
15185 910528165
10824 841826478
1528 834856889
20318 852002670
19012 372674786
26978 535739707
26373 159970904
14093 490521918
1386 342601606
4585 360616056
9247 435254116
10720 691451353
7402 731480400
12164 166060496
14482 660232827
30149 931893425
17778 919991366
5084 544738088
32823 581347752
5080 152851708
31630 880536651
10735 121190674
30226 353169655
27024 676270467
17236 656204528
14591 617921179
33084 843271593
25112 493161658
8406 339430354
10477 754420999
3990 2494837
24804 983933048
22404 246452246
1706 995420763
20889 297485172
2256 125919139
13884 6011337
12270 504473564
24339 897333233
8661 746613170
24929 591309501
28526 836882811
15260 2503553
931 85217444
28871 414419897
5349 347674567
34559 550072211
23255 443556621
11603 626011147
13255 697296092
20327 626665051
25179 796846591
8436 195534301
26934 64929038
16122 63464553
30011 547051285
34746 11128731
32499 29216865
19249 657611370
6931 89476577
21766 6468428
9430 185813781
2804 699889804
1296 647879357
16477 30506802
8055 361810323
33068 338032354
20527 680229350
5735 196126477
1187 565440801
17989 789275096
29422 568988882
6102 935078679
5174 598828215
1861 311570299
30227 854609103
18177 633960956
18750 600140319
13442 279004004
29933 17050925
31378 926932018
11579 131712602
4456 615418560
12952 363878938
6933 215215989
24021 858490474
9061 631750246
20436 263878236
13725 614169787
12911 280305485
32699 564520155
4213 103439043
17544 143245017
13813 894870640
24770 611734250
21707 862850438
12382 442536076
30386 574795818
1303 98840118
21630 501060399
12636 777571413
29270 767777136
23266 89899321
7989 521965820
18812 163588247
27141 584723364
28116 43184673
13993 770931142
17955 806466670
5867 523156733
7356 265790308
31399 109580475
14956 928272330
529 381811030
27163 467826763
8174 358637150
20408 292906510
7525 986404736
11725 493897577
7306 218888391
18887 469483811
21972 536473192
3438 333463159
11038 697128250
17817 77034586
11570 879490151
26520 621270816
3339 661557030
19969 652743358
22038 273675114
13551 799422543
34954 834449019
19991 760764982
28894 919919207
6039 968657449
21146 10970475
20787 13498069
20465 230231949
11125 677988269
464 626948722
925 773380379
4540 486993719
33382 518950198
26650 331086474
16768 902142636
16493 617280542
19475 22497791
25408 69032724
25328 190936333
1201 299102650
26085 390610706
11423 122566305
5004 321225525
4017 454803513
27072 347828986
17057 934018082
6566 229406319
14254 417017288
18527 691016783
12520 502057935
30505 282396582
33876 761129402
12083 861250544
9379 412929315
15398 242259855
5191 271466329
20165 306555549
8114 567299123
6573 454482147
33857 850211225
33577 317854892
24609 887951337
34512 494655529
19236 964568560
3149 528889572
20184 171643769
24789 181367146
1090 908990589
13675 232314381
18828 90880628
24607 226895226
28797 319580306
9557 53570424
17101 347509745
19745 391502917
26652 334907649
1710 746167954
6041 180699524
27644 811274158
19265 682826378
33998 135719771
22209 353121279
580 961570576
11319 903950770
15177 765146340
11550 910824627
1337 190754197
28085 108387520
12171 715260835
11285 139414682
19151 741899588
33879 784159347
3686 881843383
11516 782548991
3400 357444946
13614 219097629
10662 169142314
17975 967152297
32754 835355352
6947 243937304
26550 8064719
11721 658060493
24986 738999019
10947 976665847
14936 478441939
13020 936348144
3661 754764631
24196 171788441
15066 347527241
5337 89460264
31128 642856338
7224 566447447
15497 768979229
24487 497863564
6821 441682654
18896 350761883
30305 956873174
16560 989585864
21248 483068212
10187 891550878
906 724891119
6671 564497964
13152 460501912
20642 986104497
22997 351703015
15596 149903200
4136 429576937
29256 302677861
20618 253684073
16375 260200964
10631 62321031
23068 445215440
10444 438528868
4772 307555897
14832 557522480
14272 544183161
22609 548315329
24226 404331171
12174 152109539
5904 115756064
29776 576753716
11994 521620961
27085 269035127
14178 414688921
6178 255409073
4588 14221104
34067 538685694
12876 949736430
11703 638150543
23102 982125418
33267 82056429
26067 412931014
2491 972018159
4935 258685135
6482 609278537
20198 924122829
34593 904120164
15319 820610385
14070 779533156
30146 35919385
18271 246596073
17784 926008358
2764 548179856
21044 930700127
22454 970373856
10166 88110928
1450 495159362
15928 793818357
722 337722614
1012 229051461
7140 228586771
23269 206517938
23842 303410666
22593 255143177
8861 669604242
25116 968886179
20286 625635032
30598 318262470
3587 388605535
14675 824232478
5992 211580920
3795 578615800
20188 4587945
5662 631223479
1630 662594231
20731 758631353
11195 418895128
34981 897283348
6174 907325775
27922 858679660
34374 70190394
285 399725574
1008 597782324
21566 547633715
23751 936260240
34481 361740510
30169 101804361
21761 609448449
26600 289591645
9700 73441735
17103 804081825
23808 463202430
21117 134424128
27900 97900370
19641 800300008
34902 5618428
29676 842620848
6739 28033614
12229 867089291
31593 978374886
3385 100129550
504 247667444
18809 951734088
24968 740719542
16111 564775763
19330 65046613
15654 952907773
7705 898572980
9175 502397571
25347 142224310
34366 531758215
2701 159429801
25332 951940538
28712 70317954
7565 574738662
8100 881867371
22159 602216679
2904 672391788
25821 149010226
31287 496209609
1803 926551902
7949 838986348
33443 166907478
1274 463773160
4287 194069278
28595 911131053
24397 488582773
16558 944834870
15107 563694126
10982 974659064
7597 181373083
4493 796449730
18463 647267550
23622 891359304
29536 818023828
4063 94292280
4548 731712646
4149 989619829
18817 475213160
8106 299734050
14448 795537633
2658 103267940
19378 335983108
405 6853442
22130 534324626
14156 948413789
34125 472155064
3233 388736384
19911 810515800
10146 352038664
5027 511376389
24561 670805129
30690 427987869
532 113624860
3039 909494656
9250 265531251
16804 939409328
2549 963806399
31239 712193586
9928 942348904
31825 587757687
10614 818316390
8710 807375094
19189 411632524
22734 533904452
9929 220986738
3813 711746905
24020 702041654
29006 801919269
1128 877160070
2529 231148348
30475 736969512
11727 907603862
4289 679382913
33113 433257780
11825 864212164
4926 42880914
16940 839473075
15474 840822779
3856 513306674
6951 494013664
16315 9284865
13561 353835303
13111 68863488
17385 9175758
6635 868788067
21324 563200000
15065 921619682
9639 461558429
2306 828868201
21161 632915608
24588 724379325
3090 658169535
4705 645238513
734 146745840
24977 182507659
18530 928460177
24768 930639747
17839 643433062
5220 518281765
32733 770660813
13936 516998225
227 515768780
31924 909131826
30118 542183624
2032 436368503
1065 84610824
9488 90680473
23091 889648861
28439 205993657
10681 611102396
29628 60027966
31203 557346153
34484 417864792
26828 903104115
31581 84972929
6551 406449453
27550 750513447
15290 26344319
5068 853863214
32660 980919189
19768 359876386
7035 95810637
11944 307296204
3537 541719235
13362 308836938
25418 451936286
28989 164319490
8569 346667327
25506 680057261
10474 568193421
4528 834939980
32485 904018782
32900 105112342
9890 735310050
27891 864345481
20786 394670427
25824 28178976
10605 465889969
7177 361594393
22490 804726081
22546 701838355
15980 34960406
21052 265705885
1723 340071311
16794 371162772
13987 258054594
26055 609566058
22556 591187124
9807 45329436
27967 881911853
28599 228549296
17609 549471287
1556 267741288
26100 100672774
13932 12461111
2638 578098007
13752 100721303
9830 926917134
26689 699002648
6349 450189699
23018 843258406
20316 634389844
4230 991078104
22345 161062325
34675 8383877
18408 553005962
28128 251153586
7317 275942002
23879 308741575
19347 733078260
1965 88824185
9555 787206103
2688 59701417
15105 639371554
22210 313346035
6506 38858685
29535 951591272
29119 764536304
29174 614712185
18262 251118620
23388 712588363
31642 113901144
2225 790658340
12735 537188967
24361 877040909
7699 93480315
934 479535415
28501 818754987
8591 621782187
13385 168307547
27948 491957640
28627 392160373
28503 720757585
15158 132868497
7250 21944035
26359 282268272
17788 981595759
34398 535847943
15331 531680115
5274 60348426
30969 150351142
1950 148163449
27071 605709260
15689 624015978
14562 764302604
12136 146749328
33175 638561336
22199 367488963
7415 696714712
3697 706223173
26788 612528477
12789 78688673
17192 303680850
28822 47142141
18414 918748166
1250 730846328
10295 499188039
34872 944713398
171 690095164
33079 319630944
12280 571672449
30742 322453093
15740 471445445
4308 270310944
12597 712302318
11551 629813644
29459 60988150
12012 187021053
3717 94069099
5373 196826369
4599 789266064
20001 209708000
9766 355323409
12618 780648129
14037 972063110
25952 420692880
26124 387776943
30412 192075188
29091 150818793
8161 484044781
34427 461192570
25195 460208393
34208 267791237
4919 776851733
201 341606837
27533 152595867
33834 3359912
14971 467389984
26606 502793663
5521 610304337
1023 358760070
4182 658147841
19802 774737814
22776 739236521
28118 50251629
32905 206415861
30033 213067838
2614 766207791
13918 309291040
3229 478110644
18293 622747013
33280 681363722
10376 610081788
17573 535438610
21355 621776998
11616 645502326
17984 991549571
10574 528495098
31902 567045014
6810 919404324
30988 494929064
4373 497018404
7966 683827388
15987 7353759
16562 243034771
892 307128019
23304 637880529
8346 10321798
17253 471646755
17025 238787941
26945 644304629
11257 403527483
3930 118429972
28532 576194336
2395 560057526
25033 211183613
10570 334543979
28343 681431098
2278 477166209
26986 61079142
22965 683937162
21852 703792275
16796 168947786
26027 27939959
24860 348016251
2750 165231024
644 866467542
22479 496076751
27297 501379132
5339 410563930
18820 161150304
5030 628850264
22611 798228822
13391 499187415
9558 406237332
11747 538044479
25130 430052867
26588 815992969
29907 484653478
18736 632069099
17069 926646114
30959 990037980
1106 890974491
7881 867256950
12073 725454462
943 624966187
2379 274456699
7119 457528994
18884 180798632
27392 868229072
22761 461445227
23299 379144509
16433 738753059
30323 157671336
32514 516278494
15828 199072640
33591 624911445
19598 789155391
32189 389964581
26387 332256993
23735 147063348
33513 575414435
6425 123342735
25188 70856996
18288 439913428
12654 250461236
29481 577309022
23832 987613842
15100 883935467
33607 647733231
6253 458814897
20230 493025960
8779 97581964
25793 510124693
31210 851843253
7091 306980234
2163 813459507
10852 239235869
11182 449863436
7915 601435758
10766 899522834
4267 228953864
5406 776128693
17904 739730500
3584 512379809
10223 113786639
10157 755467992
9742 292964891
22105 858509979
33490 607114313
31126 101946286
1622 552739398
5712 904371701
31684 567418142
2042 71552562
21970 120855226
23696 751133917
26117 961975333
7929 848177283
34050 217417044
11267 447031992
15773 291594150
29840 735170155
7800 561531624
29418 850688291
135 398634678
30798 510002211
28888 422002191
18498 350693826
12283 848576870
21662 658486875
9878 435523757
14608 882410145
31157 568967055
16074 98121972
23315 325294669
9721 403375070
12400 415585439
31435 110423027
30773 340699022
23022 848199414
16672 526874497
23270 922534012
25386 222542207
12317 108070546
9104 34175001
33574 952398442
25061 115193388
23938 822180507
22517 875487166
23212 847132276
13600 862662990
12568 788471212
19584 768937722
33285 380315693
29751 878266423
29626 40625016
4679 706609961
19156 455940606
32322 802895985
7889 774944431
20662 567770958
28156 490879611
23869 116967802
21534 936570711
8976 554717064
29021 252622611
30923 784524906
12942 114711724
17906 344715453
3291 827282025
16699 547731978
21620 803850494
6110 20934939
1112 926229775
23659 779248833
27390 549157082
32796 447883026
12956 863463713
22733 380742565
1875 6115361
30631 510564696
20525 914674409
10248 162447889
25941 630344132
8524 700233403
25432 626159127
22816 708240398
17731 88334292
9955 237437948
20439 468022047
28674 284213183
16996 49316145
14552 22320885
26894 818953642
18814 551484220
24311 457141918
7293 156032760
25169 371179741
22748 580318262
34797 252274538
462 230654281
12608 516157491
1619 928983343
32047 996912895
29039 299656806
17547 521891520
21608 128379327
6192 804431634
18184 192267497
14581 13152089
10083 491749457
29166 220146876
10561 127384711
9038 139751534
3820 380798206
33384 550130114
6914 591733285
9079 118752013
30748 563377994
27809 561550774
14424 843896818
2908 239134802
32616 511527208
23162 262928553
31580 194980448
34658 821928684
33724 955208320
2005 289544282
18068 437599107
34462 244514417
28029 216954557
21815 821136463
8001 752160685
26864 359422753
12625 464604718
307 814668913
26302 743053964
26126 486685282
13348 731605393
17851 348743280
13801 914854351
8309 300366608
34853 527702737
20705 908044604
19141 274044810
28167 525080771
28934 895319966
9275 814421115
5645 526097814
13219 314559126
21163 809560172
6661 166349554
14533 356997546
31045 445976368
3712 735943066
5612 837633998
21087 207691523
6702 517654222
23468 823388333
3009 616730380
18970 150327555
21198 303526052
20228 880395228
21294 582713380
28086 311718631
1569 602419209
13223 476493962
30075 646453650
12127 866921943
13665 759646014
9017 754629414
29423 361195349
4560 860699495
23984 808445513
24171 318097233
1038 42136803
15483 886236185
32892 817386890
32274 352419969
19167 132896824
28366 391216701
18153 587371097
34826 447929020
32830 948515805
30485 874559075
33518 749746821
12821 978375228
22934 123972175
16153 709016415
33633 634802268
30566 289825745
18390 557051884
13536 508677629
7246 92649385
30968 406876672
30506 185340072
967 493519235
7412 491217648
15761 435912840
2966 637289486
11887 130453540
28498 457948578
22985 566660437
4547 959181250
22982 791847668
2839 995837002
17001 270043006
33835 238188310
12006 642081519
1242 919907592
21260 144187064
23423 696786492
13796 782492785
25219 182151706
11454 623797700
23065 563232795
2327 484581594
30560 175283108
8409 252292445
31060 960056888
370 604065351
4953 429177693
13074 52302368
20594 513760426
17106 919325721
4520 524950979
24955 690122639
1525 313666892
11348 923004570
24887 175897215
13657 357465716
28521 786849140
8290 727094053
34807 213493773
23661 134412990
28847 9386540
8306 4366390
507 614024093
22814 666806660
16242 941316581
6999 587077714
34145 789020363
20264 60313756
11081 900849370
28593 743783930
2544 228442455
2504 747569324
5830 501167797
23311 11750620
23692 608158503
15759 191588383
2343 332859149
33667 348871441
28860 715978781
11818 828605118
13131 950067844
15004 753636496
13732 448873054
15245 816118421
21943 354900412
31925 591348765
9895 508202393
15251 544442473
30059 814113326
19645 186464638
23204 408604770
10523 170089807
11160 61478232
34249 141609010
6212 116210915
8522 651292996
25676 787394355
12213 584491619
5017 282561682
8008 143988540
13477 643364473
31810 179848950
14712 37270463
19389 463079606
17546 649356656
15433 703207671
19848 105272962
11455 254308773
24881 929167977
16551 508814785
27979 500848396
15121 516268645
18220 116522655
17243 879267701
27240 433169759
29301 544867451
1310 361453367
29604 523713580
20712 9726495
25302 546119193
3791 118731777
30427 58766173
3535 962606005
31094 850967188
8633 982900361
30140 98191061
4821 613126919
24049 673685290
16125 209893257
8584 79824441
19844 709636452
1414 85771573
2401 660473568
11614 396209396
1575 375442983
16184 767954198
33645 811994203
23928 125714709
13960 790369332
7069 290099500
6089 475946945
32034 9688990
3120 384603353
12849 915288762
204 871450910
17927 838727841
23483 49963223
18313 388797771
29568 402749370
27090 498193421
16590 460394591
34290 192218704
19687 729734206
1967 700871603
16406 83502649
27935 662774428
26404 590248299
10361 372578656
12686 153496126
7016 110489440
14685 379459791
32048 109233754
30328 539267347
10093 879776688
11774 859411774
22842 108811893
31246 884202389
24442 922208539
8266 790322555
14512 221023956
17730 655346201
32142 274529174
19502 619387946
6657 817701521
28237 853581090
29977 543846480
24223 755151240
10498 484923302
29883 829515413
8164 728146714
16690 793578527
30293 34027616
2421 36447711
5317 997341430
24676 183923205
16188 254843421
20539 757310382
28207 867762075
20711 956604118
7064 12878485
22942 662922712
13710 85808783
3477 431213422
15084 290596880
22730 274057583
14782 528085394
10855 816416764
11270 243134691
32181 415843295
735 871271578
21654 212023663
16255 330842956
23626 10290746
11494 796357757
11738 518120578
11806 753387571
32326 386044083
30638 275357843
31466 191451675
11422 837403851
18332 717398967
5600 127487709
12339 180771245
26475 376355080
33 394798730
15553 862481835
2935 66944673
21715 910276772
4005 788461042
24912 142509247
6326 629873678
21421 918342914
32335 99349393
29364 705910052
15086 656489113
23804 154096516
5808 591571606
32707 775038061
20721 773119178
22528 187194999
33287 510707822
593 88022338
7828 338535778
16396 225737365
19431 75511917
11535 333710491
30381 138582157
31389 802000288
26155 115682968
25274 92349544
3896 382160355
33149 875282723
25702 384515090
27745 898823826
25845 750782853
34491 438781782
28666 805502276
7467 27457758
16157 830901835
8997 475115898
30720 2991843
27363 977702424
3729 994989551
33391 53370736
24637 171636674
863 241194006
3886 165158485
13059 891108864
22515 664082239
22885 757060922
22092 86672433
9455 236727564
3913 373239290
25725 459139463
4497 908488000
28 83859352
4351 427203739
33774 691027584
26006 667272662
18944 486839939
17000 774222236
33986 260133537
30109 506969816
7903 348349220
186 523346530
8023 612659658
31454 119323851
1431 729325085
843 734887943
25635 154236541
11424 786892887
29546 236551281
3230 255002162
20720 216041986
24687 22663129
22697 733020367
5088 849570617
17946 174208584
26855 987550888
27648 488195411
13506 483911320
25481 32488745
14172 595625867
7707 503307713
19046 755809684
12586 724137876
29521 966763713
13997 658678122
11990 117593689
19399 258703052
17580 492411439
1494 495370268
380 40170234
25495 258304328
26594 698238234
28432 904604369
17413 727881657
30399 210934666
23338 517262494
25567 167554699
511 79238428
14733 199514189
27480 133243794
30538 189972978
619 713097965
7450 273210301
16575 321015376
5755 899051544
19513 222827068
25164 145250539
34303 923000884
15961 626783471
31723 127645439
20966 196693159
17063 408013044
6289 353075591
26223 426220953
13201 554428366
7733 739785991
24892 594599531
3821 772600812
27123 161187065
16614 410884727
11532 581885528
22149 755954797
12736 228183355
3783 677428277
19082 84880406
3881 712585137
16712 518946532
31770 248497542
21354 27676066
9865 179639537
11266 648642135
1413 225430550
21830 462262773
6888 768794276
16070 510469769
12963 414363040
27309 508890141
14873 319356105
25639 639178642
14207 22002576
10481 986914093
20398 687203382
6575 492095435
15349 799406945
20013 602513822
34991 662846864
31827 573201890
26973 119122777
33218 430827463
12322 494605156
26954 530819887
26342 326409323
3865 281650409
6783 541274942
13844 331211154
3145 701130199
7770 371500051
22278 592852862
9409 975098305
2338 981773541
19226 827773648
21712 580921038
7236 780802764
32111 849692275
13022 599302160
7417 37733238
12091 628663957
14906 981764767
3734 944836256
5512 160420634
4857 12673468
29744 872226479
136 741509848
15255 132311035
12845 186097999
8048 767370865
893 637142405
8831 723282820
4734 437205695
28969 63230532
26897 950810974
23809 92983538
25008 538361912
12730 270923523
6917 970007743
17594 628797043
1406 852980538
19307 468525897
62 697434269
2704 743497839
2082 326999949
8755 931874297
20872 676663084
19900 516765969
32062 55048637
32126 707574537
32301 145016668
3251 801112598
31065 596687626
29968 93976875
30155 839890466
34142 866005170
18796 548297204
13882 663089832
6491 134880544
12022 430846236
21540 130404340
21821 996556208
26122 270303868
1705 721197067
1939 981046527
30342 158123737
4430 158387950
6598 987907451
6159 322474446
29838 532874445
15713 142087997
12897 207438777
2214 173864741
30721 854072233
10747 746691545
899 52652559
20802 205294141
24132 56339761
17020 50610163
14300 846268654
34271 955583334
33484 897440384
9971 152862869
22366 383073886
24258 309301753
13531 172946171
24745 932587085
21997 637803805
12383 996201622
23791 581361081
11157 286372746
3189 700066353
16615 153751253
32753 403361289
27635 496539354
15051 289007340
14136 590556796
28958 392344315
2956 223970279
17953 625105565
15487 795084484
1486 327828651
16548 965260441
17204 286563217
34157 23266423
5859 252276844
13694 114907188
14690 966840197
28604 411363941
8066 610146114
5868 986795222
6518 88659225
10618 665776887
29048 576338041
829 7003705
27783 602224004
29264 988437949
19508 371751543
9718 944609533
23694 875113649
26105 926134248
5066 6584398
32599 969290799
31565 456881308
25935 391449334
1751 207968461
218 612773675
19222 450802073
14540 860099118
25697 58155565
34160 974269929
9244 99993664
25370 444041313
13234 404760046
22780 258657201
33106 355995069
33482 84825194
15603 288246585
26587 348264852
8823 88552082
16912 923397745
15832 322432781
5467 981177359
21899 80595300
31351 794053519
7964 58619539
9587 566462116
21973 676368410
31277 521899109
11865 494167946
1557 640395653
18099 177763521
23702 798409073
19455 914202478
16589 285004135
8383 359099164
6398 94800029
23599 18432058
9228 818821391
11921 284225145
12969 509621151
261 555910658
30295 73824973
13319 312894639
5642 122781874
19392 866671522
5361 14577344
26573 579889299
4594 293945309
2660 698348021
3823 236900056
20755 656761432
13167 973926256
5282 427096760
7425 529232370
17691 892989641
8871 365204855
12352 461743759
26957 689766233
24390 785810496
16134 281412384
17770 825458619
26999 901381061
11352 178407757
7769 744272660
27415 884885346
977 957267922
27903 683924495
20502 615094057
12032 736106114
15546 188525239
9531 975110376
15708 517141487
11234 503730457
2972 432855247
13901 65334837
1515 59950370
26183 805820868
25119 677734612
23923 682772512
7097 925583729
27187 250320925
27189 459280842
1283 28957098
12289 261350157
7614 68750376
10637 890688366
4983 901093420
19571 359180266
18588 965954241
13712 96367831
2508 464707641
20392 9316445
22839 741698009
2132 132438603
13422 368083636
19482 934949007
28660 580506464
34073 742207627
4188 715845036
5681 301939829
13705 573825378
26134 516779379
17887 932431743
9915 579361049
10033 979461521
28780 7121874
21661 992373530
3128 848216302
24105 131266533
14363 743850664
9994 348846413
4556 137064479
12215 197278395
33471 732130020
10374 419313694
14050 594706994
31603 912645592
19716 73564197
12242 531801806
15340 93336945
22221 236195306
7666 271949088
29520 279606781
3442 789380003
10290 31825822
21921 543293841
25233 901432324
29624 795059172
22375 925649846
30942 362133868
28286 524459557
24835 818903681
33092 297701320
5652 656094291
6997 797740927
12036 393045728
27794 985275076
25557 56799184
6271 529495239
7918 886259417
22289 839763147
30286 698641558
20022 890571349
28122 23825259
15838 21812734
16037 465071366
4524 789091977
23945 343270103
14561 383370095
21400 326376253
24454 25325958
10233 268663333
27956 474617861
21144 265180221
1736 486308985
19625 276244422
21920 257451298
20031 723077879
2439 229738190
23995 13268595
9494 357244895
2253 302547718
9944 872448098
12517 271548222
5015 501021871
29106 940478782
14555 780901062
15655 777128708
34440 700433752
18138 697667333
2360 200561301
21053 877945259
23441 203140434
21085 575829091
22242 421506049
4280 524587533
16071 459023800
19390 833699918
4013 594788847
9113 574537338
7276 359478825
3192 684670368
15214 393206213
12703 912308987
13282 169857848
4153 632231445
20070 667105247
16958 532094410
3099 785614237
23139 334428576
14805 590657638
24591 739601849
27551 57898989
1369 755673839
30509 659612915
25211 169543017
2212 436871285
30892 191535579
2279 280995887
2763 200716276
14650 81279944
19252 184569960
21839 671839986
10987 311466955
20586 925892872
16975 470370290
14151 559924441
18753 170930930
7959 686070636
26983 879516456
20825 63921271
33720 41709349
5170 920344847
21851 49633742
26896 986062189
23197 465613315
2652 825404029
24621 172704919
20646 3831859
27448 63952481
33803 258441848
54 774413232
34937 580072383
21232 469577436
21571 433124359
21799 903445848
21376 301321344
33342 625108552
20925 991579271
650 326472588
344 908189143
31129 921540367
10655 884273798
1031 675182124
10371 46074198
4986 225208329
8007 608289768
27837 988924838
22003 172678062
30095 490176238
24829 224871868
6432 707991372
151 189176719
10467 362274773
8718 431734702
33333 464649433
29813 159865981
9094 367622869
10080 678367550
25142 755631978
31928 542749486
23476 75367471
32437 853627115
13483 557239033
10568 967402037
22979 212554386
27582 665489804
27923 960099489
34399 966309209
5548 452157185
24552 100956487
1917 561280903
32368 260048972
29135 117237780
19437 881168751
34057 601494973
22520 125633089
10816 224514125
10628 969382345
7835 373621856
32695 948495355
26296 85696974
11548 112619221
33438 407402449
20162 582115190
20535 236542460
7063 597669262
5693 328488510
14732 269966220
701 208615630
33707 149561598
1831 833878157
9927 471539131
22369 44207956
30162 229055138
15089 366831478
1381 67564270
10538 143398470
16408 452765325
27232 468108
9230 328057343
15706 937701087
399 900027378
34998 567104550
12175 693445805
30546 804731371
4711 107110238
3728 162443999
2235 434560435
19129 603919282
19420 498865903
23043 220281887
33244 136917327
10692 347519467
27862 531133602
7713 212701791
10313 307149249
34444 816820707
6466 352391034
17305 309648822
25708 378209833
5487 41533857
30335 598854178
20847 992269282
26040 707951029
6285 784011687
28452 900462072
20190 274110515
1824 734188939
22858 113816250
33984 428899338
27444 794774147
3956 387735453
22424 474452597
26516 943781879
19857 525021761
23520 115926642
3330 117688165
29244 644590138
11308 11887564
3910 539262450
31328 9435670
12873 957771106
16737 907256391
5498 707673787
22784 264981817
17512 183916425
28197 720467086
21988 755641420
8447 292813614
26495 640368911
1903 130786491
30961 411089972
9365 164634896
27677 553848723
29307 14387821
27543 742195280
4173 904886888
8386 837209496
32992 204826707
5508 863171725
34483 659436154
26120 791661207
23355 368321251
28351 694808502
3127 841425228
26866 605076281
27037 927067179
20808 176509446
6983 418005207
5492 711066451
29269 853531517
27266 859732734
21181 578104108
29290 306815328
30455 864479025
24452 412821942
20660 52830617
3532 803854339
2623 357798967
33851 918491043
11640 544398979
14907 287821003
1326 158858479
664 201145276
13723 808709196
5007 794295911
21177 126234419
9603 658058851
20493 81384967
17135 598687897
5439 906811173
10002 933755146
12119 420040832
5623 711622690
16057 495751251
16016 486621384
32182 679525955
27149 395251276
1721 669192036
6337 427285511
2079 241298813
21466 118741097
34472 173208532
7492 538755126
29078 532545178
15517 393082644
28258 292396625
8738 890613985
17461 341859934
17971 86476955
15391 640736097
10622 4367895
278 898904320
401 81069605
25515 576376657
3238 228041275
25459 477698993
6067 980698917
32624 298640125
17220 966377329
24677 137747741
20090 995669727
18663 963901636
11259 814328662
6454 589640255
32988 814089797
5388 326011122
8624 908063201
24976 315359565
17571 946977632
9282 465100790
1526 334416094
854 351857417
17893 881189668
32267 125143358
16711 203388283
568 436752235
18657 399138487
411 300280866
24239 537507783
34877 689250039
19532 552054275
29346 230298894
30642 164747616
16473 166855536
31995 369491693
17958 781383141
7888 514841252
17811 17845052
15685 673846334
23094 501413393
10035 644665464
15624 163780555
9656 15225723
19121 681108916
17131 448967061
30156 392448158
20990 586559909
8948 109503594
5355 253943683
25905 94605105
3529 379530107
28763 75419276
7479 853592529
164 118973639
20610 837859199
6807 334889083
33044 632487636
19277 252893137
19978 106566015
21217 462934208
25848 760160874
14479 311372008
5128 552765976
13579 242084555
5154 804304486
3266 605991328
12310 70397646
17623 412496351
10767 527648741
16808 464852400
9974 525560371
18864 798914450
34280 539530241
10065 562275866
853 564535473
3058 800820699
28680 106806824
9676 216731176
6685 556586058
2041 935608810
7864 150021930
12836 209951052
12345 409454019
20840 267720270
10505 838466418
24755 307368432
291 859504939
20577 382274928
4435 946801145
22605 683635684
28100 362267857
8453 70062311
26058 622267983
32502 930985535
11057 647549772
15684 331873252
31332 565292833
22151 730359763
34530 86854618
32354 171575748
14857 680078731
11785 936954591
8124 532953670
12743 306896720
7750 363829852
25296 272582583
32092 778552439
20874 407553476
10226 859089184
19877 169200102
32029 64725520
7154 517559353
18687 255649620
7121 680435309
7777 406974117
34200 756299762
10155 197532760
30980 118167146
20117 574519211
10530 492985530
24099 462199941
13227 236660565
32030 146368252
20193 123617280
9869 574072219
12010 48141741
14033 965914755
2659 567517684
22715 318926423
6865 430033519
744 178048505
30815 765213558
29499 620088825
15730 847125259
24318 764761
30615 890002485
25078 375384144
23271 295644585
26690 183680961
1439 608123474
17653 586719127
120 505633747
12 549040062
31678 183035499
20124 531298246
16266 123327586
8256 151459614
18518 619247593
21996 29264880
4427 951565497
8187 851452149
9372 191166759
12357 783214549
9462 614073850
23240 740123041
30222 381074756
389 379597185
12501 154962740
11452 164610948
33269 461565498
8472 62839584
26048 371428757
7088 498416520
31794 585461142
12505 957964569
24859 11765221
13038 867982916
4709 195115847
26591 271243690
28662 810962634
32535 366058315
33708 524450590
30604 345324425
5070 375717749
7042 606743528
29449 731500318
12380 590943270
15401 151862960
22373 315534560
18009 665850730
7279 458587839
3308 298862174
16036 284153523
3589 494215731
19100 595872269
29063 309162718
14374 902146014
8219 492394710
26672 460179996
22350 377038514
17337 989650989
2800 18429871
398 93130464
23865 877389166
27859 832530057
22655 76692832
950 396527959
8144 681319128
34578 842448020
10203 208339451
14183 939649655
23397 943368797
14030 52645514
19971 813519030
1133 220586127
1671 614537673
26320 881657399
6627 776331795
4789 902563376
28986 237246298
34778 695506011
24632 132108141
284 778744208
3302 748838172
16882 907693780
22763 945303523
8771 340815688
31110 598055196
12894 405708369
25929 602509326
20345 907606413
5641 467862516
9784 627014734
11945 845776704
22478 964429459
6548 516133663
14847 122344752
10739 884859291
17138 361890881
14485 125742779
28811 531993009
16998 393121729
33361 913121680
26365 748365227
31461 349684448
2487 125543313
31061 318552447
2777 203640886
34739 173820625
13402 164988895
16982 414564123
27710 94768392
34080 634801967
25699 14220067
5667 543934167
2281 223507188
834 395988697
21980 975486049
11405 819926822
5969 615219871
5964 378398191
19500 787805823
25788 54491337
20750 252458027
8376 216918591
30172 504462724
28037 318691010
29455 677665961
23988 479547684
20633 537911096
34182 378770017
606 228950350
7262 587558070
31572 414660158
34224 818636392
10179 78623784
31839 841494329
31004 664243538
6961 943202247
12558 480476288
23719 815786014
24140 116043995
16371 265812546
21537 595234996
3147 454634447
32033 984581063
29591 214515770
29363 16797749
21437 824660662
21269 974876427
19000 103616411
22355 765458549
27334 130564459
27036 347987338
1452 858569191
18791 903378293
23137 845031336
10812 938186935
3140 572413022
32396 364349148
13634 385616312
5529 400185124
20489 648888906
27674 317058256
34557 476146878
15899 631859412
21372 827706160
24255 800415723
4354 170257277
31809 803622087
1847 696645357
33882 923634133
407 605766023
17978 947761265
27708 375622306
31042 252329546
18862 254554625
9596 879641644
16262 331335370
24451 995447983
13239 528509699
5980 843468216
2503 996925753
34957 382815468
388 764506832
23003 941196835
29202 89294190
29960 925884802
9265 458138709
3882 188136180
4530 121179878
16130 964479815
3172 768666232
20269 505884862
16736 979478253
23360 35416278
3755 733535694
22265 678192288
14564 164629453
34790 528369528
16294 872269795
29990 916217480
33248 629591717
5654 903465035
17889 168043814
28624 912559683
34549 779581571
8288 650316732
13879 814570345
25165 399200280
33560 987925725
8602 903536338
27128 833267369
19860 321277755
6328 639801953
12262 609115489
33529 391613116
29913 346811570
4343 238668462
8311 296732118
4802 294134831
29999 585987851
29260 254438554
28288 745132383
22799 617463383
34223 986431056
22712 490222801
10125 990888655
6522 864635234
19869 72018904
25977 678071705
15984 294668163
10623 898000979
5871 321337247
32700 751836673
13279 86031132
10154 617134237
31236 670979680
32205 112675234
27370 859300696
4933 409119778
28853 992111870
16992 99687540
33093 371932340
16051 648310717
17241 996463625
8937 401236770
16534 85206343
33474 977532963
21093 226743757
18007 404496
33745 861017879
21533 926998037
9630 471693658
31064 323179490
1885 758286027
30639 764356263
8424 832177338
3857 991938680
28640 453507531
2036 987124442
7382 934743270
29228 315775589
3513 365138567
22339 749558090
19352 551606180
8254 521749139
24664 907737474
29690 904828292
25817 421897363
16193 927153397
9720 991097559
29426 962779098
10279 140160804
32850 882120227
15768 70724652
26369 713149588
29380 518778221
21282 273334559
7721 862005082
16835 302882413
2553 876549153
31935 392612008
18932 15654299
28542 889177655
25359 332466979
4884 402231522
22532 978053607
5753 99505631
26812 289870986
28393 298278473
22518 711573318
11966 157860839
31717 270501441
24445 446126908
20984 942707701
17051 179505668
9817 467085444
16916 240989869
1397 621587622
849 334293760
21005 58259585
5464 125137150
7238 871743065
21101 467822410
31648 973372968
21132 21501969
22032 202533670
27013 408946852
22583 326159504
4566 856972814
7340 545514620
10659 271614469
21728 751989179
10079 181530624
29767 457720107
4027 79042633
18882 377566239
31830 509069874
28937 606457785
14965 192487900
25684 596077278
17480 789404689
16049 191717682
29392 918399202
11204 731671471
21090 803334222
27739 2023075
18800 263974015
1781 504508491
4552 724566239
9397 18944905
1132 596514946
18211 721264646
30774 606209508
19643 422954985
6020 716534458
19351 142939390
5860 780195116
2095 348138175
4080 163992532
26818 6965420
18089 750010868
7547 226059058
30747 615512778
7438 219753551
21994 696689064
28701 360421821
13609 112089881
8935 100399736
3495 885999332
25163 153453128
24373 366407276
13635 376566449
9967 782633005
29370 238250589
5684 483899881
14945 768986181
1243 117077598
14884 66515565
2390 582531093
796 969405004
32773 543557297
33278 540474674
17439 531964406
24598 683083076
4157 457712479
33262 852629310
31978 554931194
8876 318817628
1645 87177157
12420 500654129
10476 549771673
2510 310347717
34373 664482368
21771 294560214
4338 664918255
28082 679354355
11079 955607662
2410 310668788
12879 375813845
30426 789198742
28851 293461093
14476 58896192
7553 691832741
10777 394847118
27617 316520009
30757 343711933
24850 533922033
10726 636036937
12626 113305328
29027 83897221
14816 918250348
1041 87810826
30390 940912077
10118 174624097
25696 929485684
20477 343431574
22673 759508688
2900 731356429
33225 251364678
22133 300588841
22118 270181092
25217 745416912
10973 156060211
26052 773686470
31109 67289010
30157 573973173
21827 155304377
16629 638720965
7650 435136092
13334 432728114
18587 971276685
32927 627167431
28143 848632818
18075 79067958
33785 128661348
23252 971409889
13054 168427993
18135 642837193
27593 245282713
28154 400017077
34414 75023477
25989 566906507
33221 272551575
1990 652982154
4062 675995907
17966 705926465
3982 319113755
30443 242788500
771 865049549
15323 277317895
28948 505226698
4141 100998603
16871 577449200
1830 270184016
19764 595322854
15547 687610532
25740 429191258
713 509928272
29553 210833027
12868 746315627
19624 354329981
22661 262665812
18706 510314866
16422 418512536
18252 521857032
10177 430853852
17346 51233745
21469 300426192
444 453059665
6885 634233757
11089 413435082
16902 245123675
904 419234570
32451 563568812
5358 37067368
32991 726231765
13294 522153337
4642 916226331
19470 666595440
31341 564009155
30874 744597328
16481 476002086
29155 662533747
28362 445819155
2525 610911634
6838 399716194
1983 750148786
12613 697942954
15 794878759
26074 403445862
34110 217914142
20027 668031036
27368 439896498
14844 345177245
10229 11527825
24415 839118097
34618 992810445
23347 336984720
16379 814105183
6300 784386172
8652 529283499
31528 806634083
28075 586915701
31559 666003481
15384 578367739
20492 508168287
6535 523547082
5039 863945965
27897 560303345
28102 176916000
12456 470315336
528 84798560
3866 469770234
29724 769398515
4554 294350885
8890 869837440
11870 730468663
21220 621993772
7884 856032796
32117 718100867
18846 865274242
14889 954060358
27430 265887430
25333 599182182
33575 46766776
13283 448117233
23555 246229552
28355 548879839
8540 606153591
25537 914073275
1574 803128726
17810 799778102
33625 641359306
17596 533109711
6468 27872478
22474 950500659
12132 898499652
19928 380053533
17035 418583384
28063 102914859
2918 105369155
17463 164802460
12680 888554755
32068 345414329
23221 244452062
26599 161782545
28771 946306675
12292 394937432
33778 741904340
17099 437534431
23070 673908915
18457 573097082
3193 615133466
23818 955542560
24027 343939667
17575 842106213
19527 111769602
9937 853028477
22932 774523184
26408 555840533
10741 197257870
23563 85958899
15694 730543025
12915 200514657
6698 48257433
23440 343775245
21741 544652638
2129 545809688
4582 978101407
29075 902039414
8252 438249522
20652 714968262
7640 410375036
8105 152862245
34496 895020235
6419 4046522
24516 741998926
13713 910578972
15823 776801743
13166 63804295
23214 296291717
17870 669443381
8898 636053593
8182 634798142
9478 860514634
1980 674142461
25145 386674339
17660 351862972
6085 230244039
19308 156342202
23063 680028420
1941 911533529
12698 221976690
6287 362121922
30334 61638433
16388 828967195
15900 706730814
21468 523130572
25852 706583651
11947 14414937
31257 107288820
15652 259120246
1675 600779225
27066 96673872
888 927111519
32760 281174229
4785 259499169
13394 776988912
24744 637993414
12263 743040566
4321 937817486
1859 440634606
18708 973780780
16770 668694586
6375 307707880
7135 186151198
16802 15939381
26167 551853662
10928 51157312
6023 529362304
31247 73693552
30091 736637016
1024 545486504
30552 293001260
823 578596932
6272 873023736
7082 529786242
24034 722002148
34920 205193302
22296 613816038
30311 10508025
18118 371105409
17940 50153131
10214 887208135
14935 574154216
29894 239688415
32193 693706524
25656 192038303
9667 407430338
7875 683446168
14767 477580062
22300 80170078
31377 155945063
27093 525877189
28939 293681566
20789 900087636
5239 74974264
27404 101244062
27608 559338771
25910 691006518
33236 937919191
1825 856736042
18387 864325826
3751 440290988
10395 610146026
2813 510469826
15728 110993833
14711 105068827
7540 693318779
33358 848766736
24377 788390473
33933 636325474
8736 766851650
29310 769827871
2591 928275495
22710 683488238
2392 214392657
5411 728500768
26245 1251276
21030 521706924
24260 288892520
2667 165487801
31718 232231796
34088 538308190
29559 223125211
2329 902539850
22081 319227315
17144 11295111
14531 410517195
518 328546334
21706 99683594
21250 563673480
29017 102929435
32942 700174608
21458 230088995
1147 617321783
19910 882678328
17203 427270400
22769 279427303
677 818774436
2221 516231720
16859 232721124
2152 485349212
25426 475275264
23486 787768474
21694 394415721
2492 302683707
16337 231547744
13656 324626492
23645 929059831
14462 49136635
18426 373058452
33249 314637275
7719 125735553
27767 81766157
23375 414217012
24967 290086317
31719 22147628
26628 663457421
6937 30828066
1159 12678928
1395 130949942
24943 56153659
27331 49793978
24517 25540269
24858 726770802
9634 554823198
4130 56049389
12737 776272957
18602 718289754
20716 959596891
5666 44755115
18203 632773497
4517 307649488
18004 841397700
24910 926167817
19554 125529572
22887 879826569
11755 881265407
19940 3515179
21348 829869135
32448 426002288
3264 645896131
16177 40259628
20485 315971680
8280 985085383
16324 364632494
32685 979742970
25633 955842839
4931 83293081
6515 772625843
16286 662803131
31562 534187371
4782 42214846
34733 783362314
16782 250854775
4809 183812382
32756 141469581
13951 631675549
29199 664956370
31475 924199437
34695 841550662
5011 83373683
33646 440585815
18100 550503610
25778 288724893
11458 17408860
9714 299994484
128 60458471
8966 757518368
32465 602410392
6510 918525343
28716 467449392
7535 770332295
13556 899769050
5026 423392319
4403 913816874
31702 22224126
6423 182153200
6227 340054494
21516 182181267
14402 221748053
12508 155966089
19526 734233183
16164 315579914
7730 497341613
15288 297854739
5211 349884046
30164 199178049
6895 230408953
26019 610186827
7623 987870822
16207 398391086
11983 968408468
28088 348086801
14746 174258563
6136 93533846
16390 161800571
13839 958367775
13387 433733617
30370 560150619
33618 280631512
10802 690384524
7127 185793395
1272 255873990
1560 61814912
5073 945898695
30113 489757760
4038 99202927
18487 929498554
5991 734456346
12991 678352179
2084 928627782
2978 611291940
18580 140329297
18536 174513154
24938 228462996
1808 736093275
8754 694007265
4567 957386101
33224 346107647
29829 57061163
10713 542109943
29082 248765119
27010 888886690
33230 688649416
25667 991727
8339 322524798
12681 190498833
5725 264627054
17405 624202298
28170 686105163
15998 746556399
23387 702654331
20903 353176294
32592 287092068
29647 256918137
34585 115148695
32600 324553042
26256 169108944
3175 483536949
18816 195941582
21142 238448402
15753 693800447
8119 780541223
13700 416602343
34063 32008310
1349 353228019
32676 471181983
3386 707340555
15233 533577341
17073 273407715
27720 541669600
26198 847580387
33217 609527758
34245 795364694
22170 251346859
8038 303941770
27594 213396453
103 811791447
9098 745852817
13648 772337182
2678 855809744
3076 743469950
25009 124991190
11154 543916953
21393 778887307
26838 827150600
15889 761569279
6567 606274800
32176 206632638
11606 724152901
30513 452347327
30501 906004069
3500 239792101
21340 63748723
1104 80766568
15491 315193030
19742 821195133
10841 281575270
21981 406241022
22864 402729032
27589 63620126
25026 983712828
18217 38146624
19785 387921336
86 389161209
1639 985721692
30831 503912920
28584 89733898
13262 283363632
17381 840001783
33623 806992691
34794 939182830
12230 678990109
28421 585122072
14041 601157755
31373 493106014
9051 77075680
10382 580354120
28809 545719241
7671 227395447
20666 878547547
27750 810175415
17468 128929279
23416 125725253
16545 635889884
16509 444216052
3389 372929394
31113 634640719
31446 631261830
28482 377675970
17647 613398173
4912 403368078
10944 127687076
5754 506719097
6449 916367696
33714 535410345
21432 885580581
21153 695688671
19208 589328067
23319 616262471
7383 431523339
8283 870003550
13419 513521747
3698 212381800
12376 591121529
24886 343318481
26348 83261404
23010 785863787
8978 299744552
24987 411047918
5514 966873731
9246 262018517
12906 974697119
16017 683995069
22624 431282977
10510 682924498
23151 316521384
13594 762646595
7698 332082463
31893 3870853
31779 966215787
18074 919598786
20159 524793076
8972 552789415
19242 242027243
818 502607303
14057 414724677
515 748457061
21226 505140731
27573 438909160
32941 188575892
6176 158094713
33635 231406815
6127 475119425
24462 43675134
14080 831593501
21200 702008014
12021 85294500
19115 705182835
9124 536267582
10725 261188089
29920 432238502
1086 290092620
30593 897769679
26214 370560548
15668 530899874
1670 431273242
21033 671275424
10733 246402222
4902 994169141
11906 366268335
7674 336577326
4100 737225696
32239 502209041
34086 78356510
32143 607101085
24293 338712553
15076 30219320
610 821381356
13263 478533003
9837 777222443
5483 555742004
19744 316542625
31356 980610419
23267 204573828
12632 296576655
7510 400521391
28028 81465745
29539 134757136
5688 588371328
23687 444051307
32725 931054732
11207 605754757
32236 474688243
174 319987085
31031 994557528
3063 523969492
7288 621253088
34425 280740428
4231 806738521
10989 771793003
13792 469454254
15189 301635530
30930 591911911
8211 445648345
29939 586785341
8087 663047976
33056 488225727
3168 401902265
16280 138692970
2786 368447430
31840 872360515
29041 27950674
25819 621983559
4397 850321238
13071 998586577
5010 857871790
11188 921214785
22297 742457368
32557 992071500
14736 589876368
17121 532093449
22364 68851428
11016 642280415
34553 849183215
738 137361259
20441 490119682
13415 364021553
24193 213793104
17706 680184077
4890 914192392
7239 543274131
19462 882117753
1089 8357880
8206 339682478
18446 425487893
22622 414263095
16213 215209541
8368 917256233
13380 493012708
22645 449862283
14108 20009530
18060 580076795
15284 556752758
1472 187534916
29636 455168963
28479 973809734
24028 59279665
17753 982430751
2172 873480465
32572 224780772
1937 188115423
12658 637326295
13595 906940650
16042 694862328
1015 708114824
34560 15223758
33247 176279114
308 563391434
9632 78907040
6413 546228755
22706 972076866
20803 278480435
11873 500279393
14952 463664982
23142 198610915
29905 66077632
22764 150658729
28844 24448132
587 699437044
11809 246454299
22633 198141199
9989 441194370
4740 56249210
6869 590523624
27869 13349445
29556 399229178
18212 276384557
34664 422735337
5040 69286745
4853 486113102
919 33830303
25646 576803543
18181 509491831
2467 95974821
6033 606915566
22080 4244742
28610 492687696
12185 867012340
3889 993820937
19723 541584605
15566 369564476
4828 498020889
19761 779916421
9485 889671535
4396 881941734
15137 592792520
12200 115958678
6841 495041846
691 474813149
13133 281856147
6644 10164956
3235 236570157
26396 480753055
5016 107663051
20884 366847390
31027 823744888
20756 752419970
4380 804189241
31782 994776942
16504 878981478
12585 514061450
777 82983757
8438 708546527
111 111481707
7587 199983732
13599 57011575
27791 531747028
30848 435213065
3319 449401034
20764 121485722
18542 100184054
11395 294310071
6900 624413549
22638 172287433
19701 997289827
11271 40640710
24917 13410300
31281 87170663
1424 988496230
24167 137570074
23820 160171602
17931 683487104
2912 878833604
10513 493656370
7943 135823880
27119 242246270
17685 766037086
28898 182286903
8536 781777432
23902 599976742
22128 495263247
27624 425030919
30517 287419328
11059 363614664
1704 903724738
548 351384919
4703 840912179
34905 265660506
1576 658482023
21275 500171407
19753 618194488
26002 239885200
12738 101226964
25434 447956884
9370 540603224
34360 210192593
34238 188627551
11645 979152674
8446 90349924
1552 481887267
23082 974370447
1348 292464855
5520 222316728
30622 701759840
12361 312710765
22356 481074649
24583 304828496
18233 165472161
20314 843553808
8962 39800415
3851 328104397
8704 109438080
6045 602488081
32997 740543671
22042 693819288
10385 56351243
4132 745025922
12628 143636710
32978 902623944
34777 91755817
29966 71982878
15322 743201932
9999 204128411
19607 804521385
8079 172728044
8641 676863149
10493 499968039
16480 499174434
7993 252342341
24447 583183004
34836 421855489
11566 163813263
30429 712154639
26593 484528589
28805 904920186
26173 234895234
997 288263279
24240 108154932
15128 311861229
22329 509547633
32273 858289197
19931 673154282
29117 555105525
28161 608847866
20154 938354506
13744 194780999
3050 161362259
13317 424569809
119 182886609
16180 249445903
3906 45987650
805 917597542
19854 248311697
14195 888508413
1394 587032729
7847 368610598
25334 454630185
14368 440440570
34785 830213580
9988 335777729
17403 450101314
7284 356970053
12409 250286912
33510 158663456
8093 439597850
8042 248270086
20746 545875863
24429 181235436
11583 139139224
12337 463055907
9942 507757842
25570 613594046
31322 233804171
26677 28413166
23236 770003083
16218 386763477
7747 198665502
27132 637398602
329 633096601
1143 359036089
2111 4933856
24890 418229543
27993 890553021
10958 88623453
12819 975174702
13018 355980385
8216 523263394
22226 295438898
3999 480163961
31975 254659229
32445 977280820
29685 313181514
25273 627341047
27314 461166651
27081 343608680
15579 968841320
1071 658259563
28078 611788043
19933 980232769
324 336613942
33783 758581119
24495 448603431
33456 889586527
25711 718217725
27269 990891637
16617 795022493
22750 158179032
11314 994646397
30529 27832766
31079 93357265
29195 424288625
5744 887718371
9533 596872218
17493 721021678
23376 156459587
31066 497796126
9295 786993844
783 51117489
5061 96959897
1690 64849396
25377 18448540
4133 508725848
24494 681966847
23189 550785768
28353 181397225
19585 922653579
9836 500161346
13064 483714942
30949 249717381
7630 663257699
33406 115726868
7273 510971062
22876 100545613
24158 233957323
29023 322353488
2707 766023562
28748 790684965
30397 721430174
21317 632262886
1151 222449625
17070 404006189
75 810388272
29456 224847901
15643 579670299
14188 823743964
13405 104042706
3040 655285037
17299 584053865
13887 825755239
12102 252430739
6283 680851715
19547 60817022
23166 630304589
18486 224474351
4946 542956777
14827 753088461
4111 430522742
12272 147680415
33726 462769071
31250 301301880
10369 127937493
30695 636939985
17075 370658610
4764 765820451
2086 303908098
17576 874348903
31761 856175585
18407 565017196
349 235426850
7647 331749987
27556 65333690
32953 140488088
22822 209240496
15057 546992179
24787 973072420
32462 590172510
4029 479675208
5453 647083145
34372 811907701
498 470229501
23057 335659340
23888 616141354
27091 584773275
10314 593650354
23028 45481735
7481 731853435
5691 68675466
25770 904316094
9214 586521152
28192 24178559
23690 513815879
34392 135069465
9684 405152181
33440 484508804
8028 882576928
22837 475143150
20553 825870212
33275 72687885
21875 240608633
4872 134556115
14894 661402614
27770 479710126
16521 314815446
32509 810912488
2928 921339244
28998 465559959
14453 672589391
22987 798967660
12375 509068535
34038 65793288
30676 68105809
12630 741114980
9940 559372168
32951 428191839
25424 691568810
5609 64825666
4346 229700574
25054 946668764
34678 109187285
1522 567192507
19178 912266050
9536 692059593
19975 99708798
27341 117310791
27366 733229114
10288 203169569
30056 594160506
12988 430382959
22052 48291642
22510 539845673
31145 972857308
22872 740508394
18257 623594641
11575 873754377
3123 223397814
212 870947478
1346 164931710
18650 857005900
33322 227521928
161 632968885
7166 931908308
11920 940077937
29361 778939759
25665 210204797
14353 569695406
10985 53186276
23711 918549716
2671 401431066
33927 3511680
1716 882666607
4652 455949292
10651 974425229
13737 934705547
20964 468999678
24254 986930578
27693 729249699
14097 77501767
16973 447451675
34337 734430626
30751 815701688
28257 147845760
16410 349388030
31486 902999997
22913 279546523
23287 205873023
13818 202124596
14014 798543693
13028 519302591
16676 244218803
24434 777683504
322 100950769
27326 613216924
11054 935182398
24927 733334780
9139 503982890
13992 32969803
18420 192419744
2516 170504043
3406 435010523
3781 106234119
32658 424821531
3706 33936074
27845 941153240
15181 922462572
9825 419829855
8917 255646960
2927 938162340
8986 611129901
5436 993680959
11021 193419894
9253 393129926
9607 391527813
12919 206021160
33698 339530636
4071 779302322
4941 150350382
10460 962387777
2507 947706406
5540 242863883
1214 826650221
12133 131917996
21338 45204128
2085 803905791
3321 807844428
16146 106650251
17915 733445464
15934 708852631
24587 817864599
24009 528822818
19973 132622234
24288 137885646
20663 232529796
26273 602388168
23643 931360231
7346 422308922
622 654016140
28040 706970418
5628 537498302
29801 542766807
9224 898972444
12368 313284119
11497 322269909
8811 777739382
21362 979779158
32353 379153749
29446 775556545
8551 605519528
154 572928361
13643 949728752
33722 780933901
20899 626799820
18959 970090524
2457 462591481
19303 334679126
21599 553733365
5376 667864816
5490 86924513
22861 483433000
4181 588512593
30106 475095604
12604 940277081
8419 900681556
31948 586930701
9149 970754169
1343 37714960
8330 145217827
34921 852906493
33546 317335327
7431 770031772
18563 17602049
29864 446098017
21646 83542839
14153 71240865
27316 165113366
1883 853026549
2145 183628712
16780 150460257
22818 676776474
28481 171869661
3742 20985832
28810 568430713
32549 172655854
22955 825721873
29684 109161400
21097 168005695
3231 215788605
10807 783624251
11821 386917054
3961 299335398
11475 592234865
19616 770974434
4716 382658675
10256 60945560
5543 550985588
16969 24253224
28032 259389202
26136 780659542
29544 874502846
25177 205233266
23588 778698467
8698 543481001
14937 532076051
24206 436073464
34779 151103487
11564 550027109
22035 621080825
22563 902247652
22045 750985
5582 86055644
22565 349625804
23243 892313607
1714 861502353
27374 895484715
30135 587623390
12548 690963858
11232 920530650
17211 273306631
791 640384654
12309 478317541
13816 223743734
28254 431795029
26496 514583316
21286 418432329
14624 93081205
25543 949080520
16890 891371444
18354 899753027
30242 436183990
16484 287284048
30192 205930705
11200 989341967
16110 737232680
9934 795549244
23402 726061533
21149 49545688
20150 864448353
2418 397972151
27527 811154233
18377 20587552
2582 426434841
7722 707344906
27840 859566323
8249 863587479
6158 475765225
8153 270630339
23642 134740240
32409 434250876
29234 57703623
25828 178597043
6881 740455825
12746 427363733
23950 216344468
23036 611500966
13917 23787706
34171 296830572
23892 375194
17182 115493266
9383 842915442
11075 112278217
19721 263182328
7311 796864645
25773 980599547
27498 753898888
19113 551420191
23977 637875792
15243 100136671
30177 317277512
30645 428329898
31749 963475396
30457 560500176
33809 864210927
13945 608803234
17668 732839440
31069 995458575
29213 94140826
31833 224991831
6893 441594968
16306 117049612
7892 428543670
748 874459017
13785 865439787
28437 179096699
11491 625147902
16482 227513523
27033 454466599
25031 745296606
10253 565616728
8363 635514387
10389 24366047
11414 917276500
23638 226736732
25218 143052910
5153 497958513
21811 124918963
30634 262241137
29453 694234189
4037 629493750
9317 459450524
2188 436787797
6958 571462924
24862 301300122
18740 94225195
7426 212593874
21079 104501626
8494 294015989
8973 19526521
9031 504116457
33554 759685912
1592 936581487
26086 275026086
11547 8262459
1925 263554640
19755 443815944
33305 410036064
10058 477223399
13097 886663609
7132 444550767
25701 507764850
1801 478916447
8631 630394015
20916 836908624
27022 324831448
11355 479951101
208 266079873
24161 863074242
24416 698619030
17526 45421969
14931 325035226
26076 742701850
7745 879097137
29425 699296170
3563 959769865
12973 399535890
33317 760939132
21020 819083508
30883 55870723
10086 82147340
2248 433163132
11374 870763581
12324 383643570
13435 226515202
6427 379544920
2572 261225484
18097 128261022
16645 510174544
7258 547653048
27555 824151951
22056 834109081
5555 144347665
19561 259901069
2255 847931871
21118 725823737
20856 235471141
29486 450454969
10690 883041503
12259 963202455
7602 777877457
33461 393001393
5123 334063736
3426 840960473
1626 782806364
20284 231097529
24391 794110077
4081 538830452
27450 157831243
20636 557342482
31179 8582535
11275 69317320
24329 556530503
18286 421054309
3224 942455152
29888 521578625
24334 411543248
20579 164807881
5265 620752740
31397 79760422
31518 578628212
14876 678361249
8067 485771949
16293 202309117
10016 808386916
1197 896626713
4260 85288808
8865 305484095
10898 840466131
29971 619457154
21780 315764577
14022 853127141
11972 300235970
2382 229776314
16650 724893984
17968 245473950
27945 756594882
25309 876497573
6384 27723404
26888 488572479
18472 844608658
30547 436395182
4486 469079943
16018 187853615
34598 749005757
482 153140217
21279 431506764
15513 562508735
31698 376107098
23024 674618194
22182 411287100
10315 435388377
16483 420853376
15008 123921355
6038 983063367
15302 303883838
2665 183370951
33680 391777706
21048 374775687
4674 248412474
3971 350549566
20875 618829610
8234 457908564
19094 541191853
25854 514481684
27043 595427473
9758 257539814
31228 943206846
29797 627743773
25167 30509338
23194 847032834
28536 470047989
18823 252533796
28070 792797653
28778 376128143
31232 701391873
21122 352628464
2914 921011038
14840 221733824
6234 364135214
25092 58383784
20407 503392064
2490 900056344
25584 24854640
1454 38325151
10249 440382403
16175 658249557
25627 828773952
9313 919898141
13768 843782218
2437 633945707
30006 390035078
29193 106012989
5060 134217025
14527 835333398
18067 120161212
26755 386111547
33823 801027852
12044 501058115
21798 793769901
11649 216529346
356 442444318
31116 744496543
15063 247812418
4969 813654058
11544 416572939
8417 244496224
8454 636330760
10160 310268259
9176 930702645
17582 149815367
19355 6014251
22595 247863103
7885 506016758
10840 302610401
34387 393063940
18481 735492118
10948 514749929
4587 380510816
26940 192273243
30713 704827668
13763 290749681
27204 49414403
29136 489721375
34761 207322208
13982 396783760
2731 845724471
11020 317429440
32103 905697995
179 494568336
15851 334278810
17313 641578495
2263 61889024
1136 303018279
3139 66785333
13125 966349347
27453 10717174
25083 912691964
30078 287855017
8229 621208040
1896 407523442
34546 382901419
11977 307258910
14681 298886637
6160 572683979
29146 201971803
1415 304898826
26636 999490996
21364 752544654
5644 811342813
15673 290470754
18049 896350626
28478 4396497
19195 240061310
27220 722135203
33547 810472785
33930 751067428
32023 266661781
9719 854779119
34888 256350352
5963 167996900
26072 370180198
21800 701849860
12602 409990227
14244 259461524
26669 403938169
29283 544280692
9933 389779472
26473 202956802
5866 943883819
21343 842025230
24940 745791450
4743 298068912
1053 509971712
22753 22367539
29771 677622272
27175 344249039
27953 297730142
10111 108159915
17387 173338339
15102 619533775
6094 567493964
16812 858167203
30824 552394936
9148 831507417
9816 744505528
6876 932153769
14539 527955269
1743 259077886
27092 149677260
29847 520748499
28779 576667013
33899 354351108
22004 269910005
28235 722537639
2127 970347173
12429 129767036
33100 390644836
26038 505965470
20073 150396918
23717 145798305
22929 821129745
17394 662266352
25604 479833926
34256 867370549
7522 356643497
11572 523173147
24352 519647435
20409 639114688
21003 496472883
18617 376141342
6376 882115091
24146 504132398
33318 192671854
7098 659774485
14418 873746271
2222 472010265
27117 239786118
26037 139914816
20446 986168776
4849 559933038
17733 286672095
24722 454786852
16799 319134372
14752 135744394
9951 494088644
17037 274214460
33767 211769994
11001 585994708
15555 427327489
14288 327782045
29448 722799724
16357 24242146
27721 446537200
26655 634865791
31302 268332085
34452 125043432
15263 502971114
13428 854138130
4769 380830351
5059 177742259
29551 306383283
24907 442820636
14687 36248697
8886 514948892
34610 755783661
2119 867835896
7913 388794182
21119 961247576
10815 172269803
8967 159668656
32930 688823793
26656 434924417
25871 168043821
30420 843759244
5881 498765857
10943 484603788
5891 472268958
25246 375616927
5480 654301010
7247 496677842
33049 30754275
22911 490621613
1521 195414185
16245 298486741
17840 897860122
7109 267317842
20994 533690692
2557 158438118
13592 389161462
26007 101415500
7211 902926831
25555 355400322
18497 313532252
31947 532907036
9797 557204291
14788 69188685
11487 277250118
2639 60833704
3596 660383293
29236 177832591
25940 923448589
8542 930802208
9554 555564248
6990 472896448
21211 421165996
10465 903543400
11530 216422345
17466 570412879
5743 718956485
24056 828475629
18633 459468549
11855 749485059
2053 560358545
1703 192663998
14227 507366144
20706 313200156
10891 733030436
30998 649152923
5260 195207940
32517 554113935
27355 113834059
195 938000291
28390 753518969
13807 696117174
28349 805884557
23971 16097234
10555 778567330
12846 146252373
27322 202072358
17694 397547407
23857 64894024
17137 919141025
19760 920376921
25600 955140784
2893 22850262
16082 239575275
10287 423776588
2559 28102319
21579 510196296
21740 276788068
3402 814452504
27984 866950511
27951 109691396
32134 569142180
15886 618221843
17833 481185587
5422 867624424
11758 983395140
26849 281863357
27255 972585068
32619 568595755
23667 551883615
12105 427767483
13100 256438990
32395 531216759
26865 944360423
14434 728455297
2736 898184535
31597 943801902
31555 50589786
26802 624460136
8621 588829424
8458 369720269
22783 245304089
22755 65652124
29653 917428438
32558 717776654
7456 105431703
27636 510441220
29033 189386672
19773 348459741
9180 347096408
28069 653554624
14357 305328378
9520 222395076
21408 396928795
32210 109175980
29899 522696584
7482 681458846
15660 595856572
32989 10413315
33328 324841731
27224 126217774
7184 260363989
8691 488829017
34114 636891112
14499 794560432
16588 835486992
1156 968828957
3170 556019776
9624 370709311
25631 645600678
20443 711518038
5001 685666444
18172 771027498
17322 314640277
15162 920670908
20733 766348620
6583 876909937
32013 222883091
22058 481750893
28854 437921510
25993 960420810
33792 171765132
14130 172057039
30393 934638670
3240 997149838
25376 845172738
2827 747196579
21584 283089128
27487 31589602
33569 393651878
15817 670205781
207 438273622
15215 96903712
24119 597799470
26961 739863455
18082 45338558
20922 871700761
22120 88267477
26504 264374269
18484 865318224
11837 585361167
4348 346122864
12842 283006101
18003 322009372
16789 221440973
9106 850684893
33608 700750648
21594 957462497
14580 809388224
18265 927541883
12705 677224260
836 959370226
24252 611261853
16904 460014867
25556 900633675
6744 369782344
8785 2976942
3696 763619819
27706 129011078
3207 436173506
6059 329595256
23747 741009777
17487 234042628
19217 91334674
28043 908925349
8956 430934122
8009 509733037
25518 344749713
19941 183631343
18107 516162648
27864 907346170
26539 474262608
27641 96838728
11427 102438234
7930 568756182
12511 445210919
18507 854651135
33090 769577391
13258 264146831
22145 228744380
7695 979153478
34652 452784414
3810 180969912
27104 636114467
11843 985226302
21446 850139647
19023 983054122
20631 772755148
12403 803827388
22114 800327909
8734 823908691
18070 90146003
21401 723122587
7765 993823869
9423 807749804
1403 646716290
24392 320431245
11848 672799720
19622 69854906
20732 888104303
30320 920314363
14205 642869549
9009 953422535
32091 200146608
24102 682602246
1899 780967113
3764 749074158
12041 195917704
7163 445656343
31517 31996260
34738 170308301
15087 544182305
24057 509915040
23215 461864891
32750 719492046
12590 219889943
953 651905683
5371 875019254
4414 322756467
14018 273467150
33071 81417113
1210 175546374
25753 444749670
3685 270574272
22894 786062464
10770 766484294
19691 39115776
24723 686680383
6647 880171035
26145 246111367
18969 581991820
31216 734933051
31625 307824564
3265 987085530
10049 668467994
6262 290424429
30131 89806740
10194 508967431
974 398048300
18065 245149380
29851 377773009
17475 963756962
19367 592997379
6247 649775765
6779 122950338
4646 80272525
29255 778384857
6809 579310185
21882 65718471
19692 815981064
25833 234584844
16291 504687724
15046 174257911
2853 510031706
28684 811774099
18794 168989482
6099 172493779
11309 9998097
13612 877640198
6475 100240632
4437 435938580
5029 818972999
12619 686660502
32715 702358580
12344 507657477
22222 144207684
9668 235987921
2941 692413485
30385 171630636
19221 365389012
9740 32679857
21289 815368447
1121 433597053
30431 589007919
12476 513916024
8759 699833881
2340 238432597
5094 629123837
11367 571441887
28280 92256104
34946 645441940
22570 921849338
14893 174338976
34296 931681509
3106 274486356
12007 933898133
34461 902099498
31337 423588544
17912 138365683
8658 828330926
29144 989661254
31087 211628259
6928 971699478
12247 724643547
28651 892871647
26785 68050087
9183 78713439
33136 688834339
14796 731085053
34454 482158999
33833 900897500
28574 634641738
34979 280353847
16817 85066253
33408 915051898
34759 118289800
28587 148466855
12279 436639626
13853 313475478
13952 649358894
28206 734527471
13973 378879083
3048 411522369
6732 992594012
21521 201103814
22093 650144274
30893 121942865
31297 663266609
1890 12438539
16543 475974225
16682 524264433
3979 543757771
9778 533319916
14145 709519936
530 328666295
17828 642581204
6708 735297054
15844 717160182
21790 192111402
5152 192069433
16442 438858116
20548 435979045
1022 478466827
30188 713596486
33716 892890280
24762 220788031
14301 916268865
16946 906466187
9560 568776257
12323 833558138
18699 16140044
22438 85268130
31545 943475992
22408 217817655
18591 436598332
18305 385159070
9660 495413360
18315 26846978
5020 222212398
28515 791783539
22097 242775159
17021 762380916
29005 701707388
30956 70504230
26885 83808631
22418 177653658
4623 179670276
20947 63949819
10354 728171317
20008 677711542
11447 522200784
29266 336092534
6758 628476103
28824 804016818
34680 523224671
22893 706744917
15732 761563835
28990 721095365
16311 778062832
19540 409653691
5862 302305313
10305 636130567
6124 1999429
34710 885143690
21013 43565384
5341 304371735
17327 580210843
14042 13496189
19654 719959740
25071 536801955
9436 100458216
16090 735486389
25335 382412710
9492 594592061
28079 726556504
13417 247163212
8242 760078192
2244 481006053
34926 843401536
29889 303294335
10558 356024597
3807 604827251
29286 24864779
26688 216745235
27409 841065323
11810 688296513
25836 137557546
7323 54007804
21124 921609099
33748 502088112
9549 719935426
25632 313884835
13905 844577297
33454 101499428
5078 321737048
817 426724533
32005 995888624
20684 788232225
27686 585065923
1610 403887609
22681 417597246
24559 776161896
877 43644044
13817 127740757
15938 442726883
14677 138421317
1962 918223495
27524 806349984
13543 160608198
19035 889334341
4765 819552547
13685 719195898
5147 586604459
19318 156021555
22311 576334585
2809 510804102
32412 737605184
8676 732518828
7677 259034925
14139 405031216
13747 144972524
30733 615604981
12016 808421138
13591 402098
5254 636020243
13772 992087197
23889 924126130
3954 898245079
5756 974660433
3991 902589282
11749 130041602
10833 462793170
19799 593304175
13450 105676022
2199 125955238
3870 583846686
26737 950973185
12130 946047429
21774 303505228
1580 983550718
27766 667712063
17780 327794589
8203 673930077
31237 732551764
34299 161273574
10461 505070427
1131 319863603
9431 357918395
30725 629745079
25903 979078408
4535 878382946
22541 156474816
31419 605970108
23275 243346344
7873 804900725
31086 131092273
6632 877786841
5630 837439630
7159 605176385
30407 696100951
20451 51455986
9381 619576991
10550 957187091
3571 781676939
29846 753653087
2539 867947638
16008 682723495
34703 448730925
28236 740919518
3372 944563499
9908 440291092
21862 832233642
4564 364003723
15794 305053274
32815 580757712
25916 153344899
12731 80548318
25247 805892905
7507 961259687
865 384897739
22434 781200990
34857 913800017
21813 846701358
22067 900078171
15516 896993366
25757 395071862
31814 533074243
292 402773732
20212 396807431
19361 590148634
20455 441543183
26439 400403398
32768 974327178
34551 982532309
16537 158825481
20383 439880098
4761 746833831
2915 281041169
7606 162570384
6759 137805346
4148 263045917
15203 830649338
18909 156242494
32907 846456416
24700 778843344
7673 354494663
31117 647238751
31748 634383536
19300 387619007
1692 670609179
22660 423876310
17066 807176204
13449 843982385
4104 917947987
22046 676621757
17328 875980288
12547 746049923
11467 590228786
25199 123019479
7775 357431008
34635 42857604
25620 852846818
14986 892559119
18590 350279695
27313 996717470
2471 237131363
28826 95307984
6481 203344892
21006 571294977
28012 344844474
16300 169749565
5554 435590375
29578 354757186
21448 33261282
28327 108972408
24710 821315281
13986 485250713
22809 487060227
4365 610241842
21106 620630859
496 840695799
9340 981811731
20822 492745302
5771 516009566
10359 882788779
26228 76843857
4416 166796264
18904 897558741
25873 891901167
169 246097251
34457 551977089
22307 440952983
16118 498677017
28348 543730453
603 779555897
8323 529855981
2381 312080859
33829 140199491
18111 503662042
3287 248152200
5846 781470224
14535 729708381
4011 344567432
782 616916861
5758 501931868
32936 602498966
31450 891071641
29941 812052926
23368 315036657
27124 908877606
27118 839407858
2318 605136586
30353 756575536
26647 843874455
15443 196756649
7754 7789215
32355 875295788
28298 863205702
23612 808546417
1020 878764275
1512 824773498
813 692828807
10751 467094497
26853 285736870
32487 255938689
16310 364991722
34820 805501693
14625 649635863
16691 104794983
20185 192266214
13806 393091066
31296 435424839
29651 479404607
4538 182833493
23997 832752775
11962 915708317
12025 911660526
573 845053307
31571 824822642
2125 652191349
16097 776991219
8362 80588344
33494 722859121
5491 226410275
21392 831336357
30322 349018018
15864 88113212
18438 211129776
23943 119660399
25851 518046237
28974 146777446
16580 134595656
24174 192373907
21971 647459608
20735 483007100
20561 322422055
12412 491083389
27602 439201748
15001 910284172
4309 674038653
26824 597347720
27357 681772190
16557 393653294
34040 649633670
3072 97318525
14249 97701573
18167 228332895
17150 241493989
22086 871319615
4214 385439875
3132 686797958
10554 728033020
21130 868830875
34201 347397258
19393 168982597
28064 732923888
9819 992251755
18013 840868098
20790 478484627
7133 900456183
34488 660326512
21197 947573177
16265 925796905
32792 692823157
21038 864214203
13851 729804051
34542 822772425
32652 416242840
11471 795257087
33388 782119512
10346 305598776
26301 38704880
739 228633041
27961 73101656
20029 891809504
10403 444705687
16822 379215338
2072 577427895
22082 731573117
9486 61419402
6324 952209169
16602 92013010
7363 999050456
8735 250329900
21543 666019546
23565 187819956
15638 52595174
14975 241041129
2865 179842150
15282 544217792
24662 822111078
29705 377964928
3107 268618464
22625 962591723
7742 755370845
18224 583920334
22827 243571921
25258 137662440
9147 607557344
14308 568755161
13452 668849465
10529 875410404
25171 674249169
31912 230627439
33918 611262782
15746 46406031
1227 960671080
6396 274003416
27473 488654371
29646 880491461
14471 606614965
7728 980436134
11779 875022351
17043 92594326
10768 283971422
2183 721275011
32883 171207781
31344 639732694
15619 764124118
6191 431471116
4012 972316678
26977 544482985
12745 67891419
18145 955255877
11512 871762272
11130 176410695
34504 313952632
28186 822288830
30012 777167159
11178 287606393
24660 980445797
5114 665207511
25766 835534721
5530 586608934
33749 345102618
29837 783982590
12066 272319980
34541 766094970
1609 188117256
22 903168856
1195 873981860
2373 546567857
15594 406061603
15688 998259847
716 459404142
9314 324080360
4408 399798364
2275 213203039
11680 234914431
33441 594641209
9996 344551139
924 298137358
12419 843206162
6478 777547841
12669 157069157
17058 86106458
15470 541479648
1091 748666524
26595 471188485
4167 686958090
345 276342815
34851 196311219
10776 275674395
9215 785248932
7280 838487003
22619 218635775
23896 588466636
11926 710760749
18027 819724469
22268 824001429
16900 651562576
27500 258995941
5413 572820013
11569 268789383
26506 881798330
30302 95164098
1276 834990604
27805 619315314
32793 67736790
13113 341451308
7969 296794944
25607 783924907
1827 538793300
23027 48224014
17715 688317781
13921 639134856
13047 955121030
8801 194323194
447 229117962
21300 115053053
7906 414710822
28953 515184621
27401 374435212
32940 557933888
28920 604169559
2015 66531743
14815 485000886
1061 663899057
12701 401066126
23806 68068940
7065 469309662
28656 143927173
14623 543224843
19950 848098046
3618 694139985
18169 195472587
18069 824746190
12668 983043263
721 296309759
22921 444019330
30753 332093333
7807 18915998
30982 291832232
22078 367299563
13689 539036638
1179 525810849
9952 549290123
15073 451911341
29299 632062928
4247 259644631
9646 336382346
13925 789441178
21045 128371223
32250 757177654
8884 421927477
11072 849280703
12678 211180639
8459 720145292
2143 503960001
31418 235314
11090 296883867
13715 132346445
28808 120149273
16127 282532888
29694 428049932
12643 430751421
4226 991139756
29970 352906100
896 816387046
9547 156719312
993 577290009
3988 392347403
32737 758619730
4739 129382026
9962 287768101
31548 343012558
23493 479022546
22756 563786158
9738 702652628
13974 15580810
25398 416280926
19074 134326350
8220 289881428
7689 135968208
32179 774476422
32252 622745883
32358 40780623
32309 135732021
29207 612999854
34709 760601925
32714 29437624
33649 173814169
1114 602805084
17268 979956884
2635 823884526
33776 168145791
5387 147130859
6408 207947784
13431 945941535
15667 313902720
20404 585102952
8908 887317726
33505 143938408
14724 486565527
14701 74738132
24861 746636355
1555 304359777
34175 440457834
2138 708354773
21861 829289033
27379 115599376
17222 207352215
25350 829044529
22796 214105812
28319 395443575
5699 45767464
17957 851605249
16325 331676944
6793 280408893
4438 22526903
24631 302841119
22669 334850982
17830 433458967
28713 772690949
7001 356222908
34362 640254904
915 780719550
32544 68579182
4084 572435965
12057 582840306
15291 403292726
3800 90450445
14882 615790567
11501 847998188
18449 813096369
27975 869193242
11961 409301043
29240 460866708
20196 417079793
1654 475319430
28930 352001777
5259 407636083
2430 102183206
5444 2929754
14261 348568036
29242 644665594
32156 509078744
30958 825424948
11897 988154423
15758 273229586
20429 519279204
12984 746543758
21910 761710100
4938 123316849
25005 614996267
19876 967832765
22976 700044044
7200 178989121
755 91323191
29659 497870207
29689 774858568
5907 645310342
24269 346501273
6077 810599682
1506 784817606
31093 609234075
26497 870517366
15164 206711217
5918 523941508
1262 387831740
21744 986353780
9007 97375662
11296 799620021
29465 229669575
21863 433755297
16011 592827434
22844 23925585
24602 417136635
3888 153877035
11412 21931072
13516 178073762
25934 351224605
23081 757768697
26692 414344957
33450 752893259
1503 767476483
8786 620230915
26536 62756995
22482 208100118
24283 939129196
24117 599062498
22069 986688888
8612 568379381
31614 583935432
26806 942694877
34494 345211512
19562 439893969
20428 719158447
13466 253044762
22152 929175142
26869 617296266
10360 459878171
7248 894172610
8297 251515214
17850 766912716
29824 692189667
24522 382270269
11003 208121470
13091 577118344
2803 322854697
16928 489595087
12951 23582373
22889 474853859
26766 74051910
27904 649733205
13794 984995608
5927 431279008
25554 626550280
30049 240735610
27583 959631805
25184 49204222
9863 734495430
17543 124821579
32918 256701258
11732 833070565
7347 124807526
6319 218736079
16360 22353970
34602 427022511
15464 291182264
32911 111869373
23974 94985504
4841 81737762
13033 364005823
9811 728590520
21235 318714171
13558 161843691
8373 118910675
2420 578759964
27267 601234519
17389 646899764
31742 817112626
32144 834416890
18222 850157139
9543 833554328
10142 820066361
34811 128510462
17352 392344050
851 179870630
9318 130865910
23812 508773519
3456 345830436
26300 728830788
14543 630675801
16131 944916061
2946 131536957
27587 869784085
8400 644553990
34611 191663335
29219 452501361
13613 774561626
4850 762607855
26269 966190119
29597 624673004
26752 297249407
17316 878587376
21267 338689459
14061 857742404
21095 644775189
19863 369479279
29443 846987407
7843 985234502
23960 371674800
29769 543183526
30664 220251115
11538 287830001
33869 177302666
382 463810192
9263 622709817
24556 928433248
25890 38552204
15883 878213394
21460 392334658
14652 206005722
17634 82652694
29031 688451205
6796 203836648
501 580057680
11767 687263313
4030 171359268
22245 152550221
2871 746428854
34812 889091335
30241 338327616
30097 630335359
17251 806601890
34315 239814141
19896 891413923
29996 775544941
24692 310496191
2603 848200785
4863 273192006
29259 743647106
6517 128670295
18072 689144009
25162 761840089
13866 998126232
31206 494266109
33584 394109225
32469 954926432
25059 943772878
17342 855817836
193 519952312
8850 434371539
1014 187327235
30679 90052134
14656 628588148
842 471081452
14399 989254418
21011 216978020
28765 168438829
22781 158681341
13519 88214846
7327 236677455
16644 245711687
22312 654703652
9248 100386155
15795 435663306
32874 764466752
32136 533756145
19256 401349414
10775 152781727
3253 194869192
29691 490081757
12545 202333505
4570 837144078
32770 597903212
20478 311936508
32302 902663466
17143 912332095
4509 263303007
34773 996439346
29434 220911696
13195 696647536
30271 672442415
33656 699429572
11410 819356332
13444 935634636
27659 144372453
20209 571941765
30785 556275426
19905 304428361
23467 906692399
29118 95295002
33832 641316539
7658 774879388
28836 586357621
28193 444734338
30333 626690496
8677 828479231
22238 267373410
5474 774515432
29143 787174344
30864 600082126
14182 699422322
8010 201106171
11651 45695722
3872 292835086
31012 53744835
9144 299275170
24827 110211169
17591 649557061
4474 176146213
29853 26072104
8327 806336646
1115 568314824
19291 600580618
14554 784652900
12124 991576671
1230 424841364
15321 674947608
4490 540615159
12046 68392626
27943 652766779
6829 877904389
6205 969117838
21385 485489683
12617 298539484
6374 670583672
3887 748032732
5351 439471636
25344 728460489
1067 462796858
29235 769170151
2455 79687778
29233 242763997
14620 804059712
20637 280698397
1922 328048762
15124 17104866
27571 406577538
28126 129496948
4479 754212320
24801 113147778
2632 206817311
8640 470862645
33412 495358610
17388 326945998
9032 257790237
6252 906388637
11444 679589263
25508 833523439
9100 880638624
34774 590509973
2756 69241609
28936 234887785
28252 746534388
33599 476519505
10853 871122842
16140 984999410
6560 735373994
17477 862403190
34011 926068127
24599 180422035
32337 488571528
12276 420732051
33626 988520456
12096 631518666
1384 408752250
20179 573524829
16707 137914628
25455 385604656
10906 748599138
31049 739569055
32679 410088684
34847 182814336
21527 555260898
14639 592288855
29845 44241878
20434 492001898
29677 428488472
6620 125262458
34061 910399478
20902 717645521
20494 755766964
11537 700074316
24695 742533030
30346 216029214
24763 499094349
2903 111398397
240 435913392
31507 154277895
22513 316753717
32402 693443258
28761 264341567
2474 564204106
4123 947810789
33974 152927219
25533 177927196
18548 400719006
9654 830008899
30447 836124976
24145 845849627
24930 295216414
26513 663788313
27490 283995923
28722 346237107
22401 916669540
29042 725804786
338 261167099
5343 93245582
29696 450044322
20204 324974299
26051 498457155
9855 571870246
1981 327309045
28606 580555363
26890 960580938
18121 855331436
28189 649079057
4624 934518868
22725 859594428
32482 499698790
3814 576486714
13521 32876201
21869 716203925
15269 461880365
26914 998068197
29686 961951304
19093 16806252
9833 632877480
28441 688151803
7762 186484842
8826 822081656
17801 346377287
13834 821176676
27406 190377734
6304 836633912
711 718309478
10274 562107907
9757 152703286
12162 683949568
32548 215092857
24965 581028482
5640 695469469
23547 405866299
27423 672321651
24757 300694317
3199 170463617
23056 362497479
13748 986017365
32381 590114194
8722 952610183
10004 850888392
30283 863565698
16725 179446394
7047 113526118
18831 664148407
11621 59184791
2858 153357477
27983 210038766
3300 96255224
26857 49445283
32713 834807412
2195 139775631
4891 1386148
28446 449019711
11292 494603891
5241 113050950
4557 703504831
14774 965481725
31636 693533218
8732 997323385
20397 354328843
1921 205612340
28707 113140119
6162 60633180
9570 314223026
31688 315595557
22961 595482877
10869 166482180
7171 548600878
20648 984550123
27411 987629932
12896 847619919
6439 824329299
12741 235193638
23835 141436468
15293 10721234
19108 217031777
84 520842024
3007 525848878
1358 397490004
500 947606793
1217 971094431
13209 683531365
12587 399913492
5072 805262519
17478 845746988
6222 775967200
25792 80494345
33906 955179702
33938 812492638
11500 10361853
3775 129566976
30837 443199444
3969 736640069
32669 787265922
831 633724972
8284 90539533
10456 293274164
10470 560025898
20687 622538172
17988 702960341
5635 624694441
20891 388615909
11911 121175575
10061 243063387
17502 763114609
4847 794223570
1591 274628866
21151 74603851
2076 912473168
33701 638349382
3936 70271066
13971 297257441
10184 747564061
3494 628293681
28875 810823875
22610 543140391
26161 589712623
16637 514184084
1652 47227498
32249 934637712
30502 283123032
5999 870875437
26968 502216847
10010 137793878
29366 141046964
8204 89437935
14329 761511195
32709 169065030
17886 474517000
34993 15101759
25187 838960948
8271 524814580
3079 789771143
32701 923664874
14928 572935189
27865 932969687
2116 184747247
20256 323066594
9398 649209256
21477 5549591
32190 684225956
5748 954351879
8287 964096607
24596 675251507
10803 986775564
22996 158791229
25174 806758398
8380 401869311
1734 274894717
27455 23554913
20531 465487047
15356 780938414
106 793675276
19732 436425834
2250 78494391
16258 974016125
9114 781576058
27896 321813042
19332 707352639
29297 132676083
21607 241909422
28825 841495487
9449 97906050
3562 978857065
26129 164126118
26833 451502403
13096 58538121
26967 485454822
4812 961181071
16120 953621797
1098 265612232
3396 378520244
21188 419513547
19779 698103690
12496 82534461
24324 872405054
14304 742287448
537 116190239
18876 117782197
25293 854411410
18108 178288853
29867 408211832
6236 289783044
10878 220972081
14121 599106607
29385 947354105
25394 430734787
17289 788578793
20376 253934709
10269 4941729
15963 94467645
13297 544395974
26826 676817786
13198 469848542
8375 797199886
19959 46375699
10197 68659504
14474 574407059
29673 491724925
24996 328008520
9087 283483227
13186 42200825
11914 4448242
17200 259000928
880 60499018
7862 526651039
3493 956693346
30579 178756387
15482 913274201
30101 674078066
28928 618341550
27348 464423882
21854 168300703
34859 630805884
22870 983979235
11576 353860378
22237 125787825
28005 720228078
14707 247542761
27763 522586236
33787 175851665
34876 955615691
19169 303554650
17803 412407454
5124 876352342
34595 387168792
7470 489064378
8426 749445728
18021 870260191
17088 900258219
9186 996948710
30536 720479416
17792 235844843
7213 700963095
1956 817840550
19831 392703283
3407 541206219
24235 830355748
8560 125636590
31985 667216967
5889 448190483
20658 874708360
27856 146956419
27816 951180109
7504 755956727
24048 500575239
8014 292229319
6536 88869595
7430 598447669
14854 495202198
33256 336963892
10774 877576184
26176 114541371
24939 36329437
10143 206743583
9616 166710087
11987 71613916
20654 185831097
25967 785382634
8844 937329461
9795 438474205
21380 242452518
7664 285680201
7078 69551356
17618 436467010
34990 821836527
19545 803362887
33309 962405996
3282 123039457
3184 68518804
1247 553246068
5781 132621608
22998 881763275
34701 898135767
14231 819594418
9290 277763086
32957 529934065
26845 521877617
23208 379581190
4278 653386119
25658 662005330
25874 516214872
20855 209697541
5122 382551978
31499 10684095
13837 723014467
28654 630383267
18998 605913868
10520 352400832
22266 711728869
9643 481262289
5291 274254858
3451 472664799
754 678697483
22183 839991918
6670 254117955
5417 813366522
28675 503474351
22330 154029326
2605 625391103
17688 781390534
17661 224261276
27179 44162552
8596 92254636
15524 17618662
32719 968339032
19203 915771145
32067 366731493
33891 956470933
8585 820259294
23767 602310110
25946 16498410
32533 637704403
33777 528685242
19325 957214055
8315 763635522
1226 107341949
6190 774116366
28468 266890131
9316 602357271
6780 78916295
28016 246106627
17678 990513965
24139 612482645
7475 603589642
26009 529692336
4631 521289114
11208 437082114
8107 745094933
34960 164816587
28135 5003047
27684 911852976
15560 975893687
7923 935939276
33942 53142893
124 60537145
6691 312751028
32187 828488857
13098 671736268
33743 653935767
32728 918870410
8422 73682712
26474 652653035
3205 873900135
20718 911077954
5762 379712068
8195 469208480
21772 599738101
34400 843011709
17550 830744465
32218 235725289
25380 641467872
8344 370770250
30312 168735881
17924 845779923
19608 853371747
27516 284143795
22707 886922646
26789 269344686
10548 591594563
5603 117383248
14169 493229127
11343 211348393
30783 284959691
25698 884456778
13671 451304942
30859 451235023
78 412317406
22607 429803733
10689 448637392
7870 667817744
4527 878648633
1891 821113179
24043 705713773
9754 887889158
19323 717109411
31551 672222773
17910 446205523
13079 549116526
29880 692297653
19428 938722381
4395 419868745
33288 497492067
7934 367871260
18787 590899553
8473 135110232
646 176143855
4269 540211034
673 200453254
16096 119263229
19385 161129976
10236 420256342
24627 670052432
15397 756407782
18774 548655624
13169 202193131
5581 623605038
16906 91058543
31177 539432027
23298 981352052
1959 812495952
1074 362856767
14240 430640536
29595 265804180
1145 347675267
19938 583299835
10388 679664146
16339 662616693
32546 962910182
30392 937656041
19481 265491798
3660 13016091
25500 923789079
34161 131243428
27671 49195794
30356 765665763
27518 591104990
2850 814762716
10071 188396917
10842 15264586
22915 390073366
17201 120417940
10535 414711150
1805 774944395
24973 245058508
6992 854458134
15419 404392046
23550 36387224
22640 683538529
21164 850503895
26830 472296258
22147 173420966
9438 5690908
25022 187601212
31666 775932323
9115 679281618
4923 511709225
6851 701386868
4621 926519973
20915 818294306
19672 794215288
5729 191495729
10364 547173250
5101 87158747
16966 172883261
4487 494027620
32138 946740903
1688 404976030
1932 297840734
17047 46316318
28757 583749984
17191 202278417
492 726708222
6786 880385568
3746 826784807
18320 127657775
31889 534758043
17926 72904147
22244 266320973
31834 708157619
30976 476674546
3683 403966334
8789 94550372
20546 127629423
1481 652043537
13647 376145021
32424 556800767
19384 357937566
9269 64752232
8415 123811825
8994 90224679
33867 816578922
21027 709543866
30614 773066848
24219 727951252
4495 546396835
7581 224104762
4091 423063964
3101 908414492
19137 933963113
34119 314267576
23935 741551790
20076 70346227
12804 300083911
9425 868178792
25271 173453498
5517 695560606
7842 491004773
23598 882717503
1191 359400311
30544 764747226
21384 26034911
9891 571621694
20033 145738304
2142 627651951
16746 577499463
2308 267022897
14161 339744277
11203 360518108
23712 467581404
2057 284081673
34295 481057101
15490 507831424
27108 389136761
34388 523451037
6266 266177021
16530 127861790
26075 842645591
24867 58764183
14524 340347355
14438 980367672
24364 243296673
22483 236452818
4650 308340853
32550 641540220
24066 835390999
30795 695628574
10291 179533383
31808 998977633
11509 116032467
1467 660773297
16109 168533740
23567 859969639
28350 378550215
13680 430924637
33549 60288880
28911 882844045
11166 800230121
1224 340110100
7267 968091385
3397 525316356
29732 489319303
32170 743141290
20374 649624025
31358 756080298
15166 280463931
7667 59981294
30768 785498236
28801 816709147
16198 984490555
14316 899423115
4161 261512129
11675 976405556
24179 769242767
23073 218174632
24661 929690849
8752 183110637
31482 144827539
15942 561622221
17039 214528986
26252 928229207
15672 140894816
25007 753838809
26139 810735173
8787 771688328
15232 876111070
13454 734651384
11362 90806486
7408 113525877
4855 221921969
24848 904152186
30184 112356591
17060 173229350
29554 786617789
7486 37292698
25357 979557331
20417 631984773
9459 998445234
30591 432955010
32965 52326680
4352 888737763
18858 220697313
33034 390299028
9387 833477948
7234 428309800
21709 799921569
17637 527223562
21498 576794252
32101 796861033
1105 746454219
30433 141224949
28406 181253799
14977 734784471
8508 236518572
21697 989341789
27609 623202139
3546 182661100
9434 586142997
27699 231421869
33323 22579085
30337 497853273
19134 421579219
32102 222858728
22964 824702476
14380 429676095
25220 232645983
17508 812234331
26871 754405714
17455 114800808
12770 442845397
2646 234080196
25224 269292336
21845 268388403
34341 815474982
745 950972610
33158 622344479
2758 369943428
32529 627938538
25924 546526022
29516 877680499
14777 246583909
24510 93486028
665 895797947
282 599436132
11171 789712811
19915 354089929
13104 917089839
11777 902487992
20981 68189011
26969 385817820
6223 589470831
34694 261244863
10102 679196037
26332 182372552
32545 623403735
24367 36486569
32623 565459908
13572 524647848
13610 529764327
23840 5729023
7207 950724847
19463 231986124
33153 442797838
16886 735302374
12531 512713071
32856 686783788
3884 945281186
12494 868316618
20810 344667466
30358 457936877
1144 870897373
14118 684187037
28950 763904627
10213 958095952
26898 619271685
19372 149045513
31708 786509377
15912 752452439
19668 873793154
12315 670115196
17374 915793707
21462 956569850
8463 245093735
11495 516488345
2840 399964072
29538 60120763
20883 573177079
23077 189968677
5595 625694317
23627 609484747
1911 4816825
34798 436480206
1583 812119247
20246 492772485
31905 872125643
11136 933768202
18412 709673061
723 830148761
26620 687620699
9142 298962601
2752 956098708
26988 606252111
6599 20789902
15342 202129551
8627 838787465
5795 229262739
26982 58760938
32310 923073740
33065 440541053
21514 612566555
19360 799797501
15212 98312556
1728 430303365
33058 48537103
22782 235657768
7480 484771014
2314 402431239
33975 235499650
3966 768468015
24378 401423767
22061 751795131
8147 220601091
4521 298944461
11274 565989397
23602 663762035
20066 525092060
25923 493621615
13730 479320029
26021 916836401
32212 533411472
34950 833961093
26814 556035336
23573 524812322
9451 798805845
8371 149622897
11704 729849140
11438 83783393
15716 984369328
24568 277195368
18112 825366850
30649 527266833
23350 475629939
17515 626636721
10858 840058981
28454 550526955
29411 389949906
11237 725658230
26933 57586148
12689 42110607
1123 431669531
3997 288992697
6569 93799835
21938 846673994
16625 615825979
31692 909418459
5933 226484554
33190 283277330
10698 158141877
20467 665274105
23224 3574092
18439 428574126
34047 739719590
17569 259236805
3665 104534571
23170 949363040
8564 890029416
26553 37177620
16459 890817334
24327 721256673
27539 731412130
25290 448394399
22574 635333519
17076 100294385
11982 221236955
2380 986992213
14869 128376309
903 650845978
34468 386224158
31676 734438755
12729 812972687
14865 375371126
29185 652866675
33585 702286619
11553 981709494
17457 98876156
27577 803926274
30782 366969345
1809 98471470
29374 973676929
11068 598692481
16546 968745246
1073 622150141
32173 438828431
22109 551831824
11037 178220246
5841 358232936
27553 614268611
28233 792829205
16634 928181074
11689 113350073
18833 379215658
14326 42697324
2796 439744671
11807 998042893
7982 622297087
14260 349522246
1791 834106962
26614 31680317
32443 34082765
999 100612810
25690 735197564
290 454562887
7672 136162436
26551 529556870
32114 725054037
4658 514339334
13620 304874671
34127 812026490
22775 956591551
2699 81459588
25602 889525988
4864 936953700
22394 29817456
21287 633105693
31481 478804490
26617 27886713
9493 309525522
9752 347202693
5000 865716286
22423 453394992
15641 700426900
19051 144267274
29825 145938443
23546 517607254
12812 638496035
24756 814632342
13379 158661236
15956 42007289
22543 909566309
21678 103776735
28941 483449116
1987 547464336
27069 939450534
28324 289524696
2624 826542619
16438 393177272
21271 27022982
7978 758695531
28556 373897869
1554 947916460
8568 645185035
34713 373621256
18727 768614300
26353 697215487
1304 759298208
14461 578250559
17632 130809503
14981 38219636
9898 338363533
8128 23010948
1683 262337847
23424 297322475
29710 30564922
32664 93037452
6618 74626271
21926 173624238
986 291738005
33824 555000938
12432 54813809
18561 104593103
11687 866125108
7388 832956515
1829 239720971
5813 803312764
9987 593844678
27618 701105413
10831 449490880
9225 342608391
18568 986897832
20352 845798491
1341 971677121
34959 277331487
563 367804450
14224 328108491
16636 26812196
24114 964800900
3980 783468282
16221 348558212
15480 483394576
10338 477388197
27651 154928872
30834 640886935
3719 476148514
15081 243654666
24777 364591742
474 362645729
1989 606986130
12569 240117721
9088 925742101
8431 532594923
24948 30875769
9873 538138657
1324 982983274
11844 420719638
8613 7739654
16532 97925253
92 269605764
1762 905549926
33449 84990988
17093 722051912
26182 814429219
3428 193249879
16661 301527181
4836 691597798
27012 587367477
28723 506353040
13864 776473747
3247 867522788
7420 829722592
31773 480151072
19144 703145294
33237 807475171
856 670238078
12303 834556786
25200 297740210
20987 290213983
10683 996448870
9306 67012052
32790 283810940
12140 666810193
10749 347689860
1511 976595892
23334 129546386
4158 833876724
22613 956161805
33866 144505592
14743 375147674
11219 705738890
17757 301011884
14346 353178480
26355 840738122
12814 918033824
927 864293003
8173 626943929
182 604891512
3612 113143953
18582 277354559
12257 561958599
21036 710879897
13328 567628843
14269 31753787
32296 716445064
8002 189656417
2337 573487425
2416 794016114
21644 399735207
20442 611315107
26305 396225157
14778 883912006
4683 890108377
19501 437213253
28433 460281435
6412 179873199
34123 825281424
33617 706252347
19230 332012990
30521 146428147
13708 774176229
10868 799644227
2419 883864436
14811 105998196
31149 699112444
32636 179956575
489 496366386
15438 749080400
24840 437667312
5792 703882783
1056 659396286
9662 318000208
7669 103141386
6074 633951679
32018 310631582
30329 222544139
15607 511020619
2833 4075104
20753 501757686
32065 775290181
25050 144526838
32006 436432289
25460 592306338
33174 236220159
33307 344907972
1473 971667704
13070 938981989
18585 463816460
5617 50340875
4952 173797912
18239 722835898
14525 108013609
5290 639735878
32285 665124503
3852 661410955
21673 739913413
25064 494152528
2733 239209079
20248 968055623
22000 669756992
15958 676932207
33393 656551347
27664 90250432
3519 779045193
21363 360070695
5798 794613304
10866 651489201
16897 543880945
22337 901000429
7075 37174896
9881 769996178
9601 271961199
34688 767360931
28269 435140153
19427 224230873
22317 564200457
4783 209670184
29936 220911977
18086 259224163
10598 751560764
20304 889926617
19673 66004745
15994 971949042
2771 907139348
34446 436146832
30289 681597045
19786 279626470
3272 498256920
7834 12306678
6 222397106
20479 456264688
13339 481739732
16079 439482356
18087 368131190
4657 475283785
4145 787718131
8246 533913021
4882 387620140
34803 741762609
898 578743787
23000 332388644
1695 164543527
20418 726087526
8212 668988843
34788 677979165
7062 111506826
29450 236693280
17973 746074244
9170 859935424
24873 972258925
30601 588938968
7517 523348254
19327 96833650
28054 702094462
10183 485204591
10434 913054659
9739 937334519
4398 989626843
33455 489703915
14513 330022043
26083 478033594
22615 587733716
24822 348378364
3126 437779616
10392 551238484
10980 568173521
9465 450820441
10212 162104040
10198 728964727
3393 457886853
32233 118393169
27557 25930566
15409 977232379
32392 744981020
12713 373592331
9322 885072121
3850 441785513
17518 563265809
24341 355334977
26392 29277709
15357 685384777
14829 268751862
18950 728801320
16793 917979894
33769 609701546
17738 140123110
29808 621430263
16058 611462120
1437 885457123
13451 156822331
16492 42435989
25957 669874448
19590 722444847
7169 725774558
15418 394138483
8274 971322158
26904 934020134
25875 914213297
1689 71517512
17154 473258380
26013 461998689
4553 324057442
17312 602778012
6987 308410200
27342 425829926
13928 484165267
31729 467449057
20488 791714762
6622 382004520
34601 712972127
20578 856480120
14391 780826118
25154 3926149
19663 921952760
34304 48329450
26638 133862681
31140 555581172
22995 941773856
13828 663468000
13083 614086509
28944 40269227
6297 275349207
28561 764217482
12728 944842090
9870 737795788
33831 645867640
8046 488419981
32213 246493809
14991 392693964
7197 644567276
12528 264642955
7367 75525818
15289 387534709
19903 127373074
5687 1479822
26200 974304657
12449 756276302
5278 879359456
33366 792082681
22189 742029177
15368 643819955
9991 279258507
31733 320654062
4972 853458988
25412 347685491
21617 341485936
14336 543382378
3444 972773782
10489 427107794
8319 892016314
34834 810378530
20725 575320919
6554 585894832
17434 26495838
10995 750245904
10821 347470060
23600 409466348
2542 950648673
18646 576761024
12882 23079554
21147 278073584
12910 846355912
26778 481139342
4325 792237654
10397 562030322
5802 139315544
34751 376994735
8043 210486155
775 520346452
4457 829699529
9131 767334344
28011 280387623
21336 755593725
8934 616446538
15827 974997174
1887 795893417
1423 833544201
11323 211058422
21120 329968881
31945 521000709
32525 984728318
3621 760363640
1155 186266077
23803 838290057
3707 786918882
27949 502509852
24849 131121747
31503 839198015
15082 339276507
13520 534363038
9482 505416077
3331 740859948
12691 130906742
3555 967993618
4451 589788545
27246 578556605
24961 34523136
17495 539158231
21591 834391436
31911 333089075
18455 447944653
6182 720638034
15913 121232533
13555 588454573
18799 471170765
15246 515675861
18972 543782050
29113 801575562
5326 507142889
27681 890121886
6788 933026534
3085 707757160
24137 353920968
26412 406772747
16989 323970539
23628 670597683
98 735169682
27787 976466553
12223 232488671
25595 729302425
27274 379783161
3069 164102368
30366 837585003
15378 631343001
32217 913349504
18018 983608892
34808 482392255
9257 836927495
26460 428613922
3643 43450512
29561 799334928
9734 256741621
12549 150291161
33008 402806694
16656 464424675
7147 696535736
5313 880401587
33276 982412737
4837 106131997
11307 74339362
11180 839517125
32231 98351430
5583 316012003
27378 144005719
30945 373213915
9270 817085131
31298 132718872
20837 756815810
33426 297344498
34548 177366130
26374 721657785
27198 476970445
2656 721732343
11823 448074271
4928 301277198
18189 205087305
1648 375655979
13756 956790625
19871 906123495
9205 711166254
19179 821934286
28184 450279430
31736 922977252
33387 487540698
29892 16012980
22834 164904330
27667 649309530
16700 927399117
15698 246853952
8534 709382282
33530 224971935
28459 364639220
19241 277293827
7037 328026168
25148 157458278
8369 939512113
20306 346605165
28240 423606845
28864 465883814
20480 128985870
18505 789253660
19858 195989927
33602 753327754
31940 587702197
4804 880326920
5089 670676960
34316 221120627
28815 885052780
29672 389779372
21480 311769938
13545 918067969
17648 7871703
19930 76427375
32602 328679555
31175 287274109
2365 351627368
26461 645189948
24203 607540623
14189 438692482
30616 453256235
28711 168379657
12968 709263591
5948 31834693
7030 107257418
28698 513815074
14362 48193147
4590 764104153
11084 824238589
20049 398134927
1755 995583186
30822 882068218
23481 429759590
14941 604221083
32542 108551698
24953 941753997
8605 927125298
2734 56067857
10336 689051628
17181 481422845
30554 183565390
26581 604436945
3268 279617687
8714 55497859
16456 470293151
30962 526362716
16224 694277909
22413 371563978
33203 152439889
9969 478400370
6193 47717883
32968 643698228
32459 850110497
3561 923216620
9326 484539979
5951 465929827
10442 95484462
1778 501188598
3254 835961490
14274 59363963
19835 996851533
10471 121092884
34516 276121379
29103 832405402
7533 595051981
29391 517102957
28558 739779546
18893 240452976
7477 377336910
33903 6077082
25466 163311915
5873 464305433
10059 688631980
19175 668209711
17320 581605962
12922 706520691
3279 364152316
9389 247156591
11263 862334024
28408 48807390
16088 394130449
31954 171401069
25240 619812724
17214 810602828
4505 204441578
25182 294082232
15472 949400248
12151 68793925
33916 112250148
7704 583457394
30111 793182818
2177 373495930
31166 496771269
13728 596779303
12179 796923765
9190 382672418
3533 794923106
13783 391045823
18694 331960610
31800 37973864
22757 975467362
1530 467037569
29896 931299975
2286 240292023
23813 770027667
19259 115530946
12620 249666382
31425 712042360
30490 537032910
16254 787166677
20469 451519651
25961 2789674
32242 52583932
25837 684750376
27194 746336846
4248 352161950
9689 46379530
2224 437272079
25787 578365425
34435 207020307
15935 388501401
2669 683771914
6242 797408957
24841 20102153
15305 838281242
13616 27618654
16183 262547370
14184 832425614
16660 698602575
32021 622718092
19945 482690933
10230 211259115
22539 824752558
19275 416692943
8938 303192443
17735 995768876
29809 597307999
28225 980842616
776 549813737
20065 680422393
3875 109791276
30349 306873510
26467 562611895
33524 547729873
7441 680937868
22860 170001288
4419 50831923
21157 72659473
27000 426510195
23533 843209117
13835 256501214
10235 635824951
34043 58563531
31070 636580315
27955 327167409
11324 917870216
5857 64868800
23369 749624938
11460 639082350
21311 823478861
16945 719447858
19005 823131364
283 895568756
1952 465471864
21843 462511074
27786 820827735
18050 68434478
22006 831260607
13029 909061801
5184 556705074
7740 863254789
7353 333272025
7530 116940042
18083 405948954
27217 643891597
22845 246473785
618 300867345
1994 710801445
1411 235040002
15276 548929163
11723 247003256
20080 166900160
15239 530036222
2499 598695531
24385 676138505
7857 422204973
3384 664326275
25137 789194858
7285 810495301
14963 460887097
15109 244718600
8853 716633243
3001 580760632
2348 550460450
31370 135036966
6504 847215532
20462 937513368
11975 741415366
2088 124401558
32042 305228609
5148 991253668
29932 975332406
4611 219149354
17768 93400010
9209 547522849
18308 980848822
26521 543135234
21471 275566235
4771 473861903
955 187361771
15597 990758774
9713 563033925
13957 987705678
3153 847035978
16253 896214880
8833 842222332
1258 733177444
32108 320393938
18577 784890943
12491 420546083
16820 577151484
508 853925275
19976 822303911
26619 441083960
25391 561059224
1979 778105795
31942 374442437
17380 914292932
20158 819932314
4500 659169389
33109 608777852
5219 16020973
28865 3212998
22540 97535709
4687 24945648
9861 346857313
19706 97123967
25610 973237211
10970 853470791
24190 126664149
24747 333033330
25818 791465782
9748 365395219
18297 369294585
14551 27226214
19188 278589374
17589 815530936
18975 544379119
14853 545701791
27797 875092539
34581 289584610
23474 416152779
9311 541564176
21574 926829156
1878 913767956
27928 455032006
20698 546626844
2836 25668850
667 589004538
4332 944040925
18524 370040596
4994 360803087
1837 564719197
14617 406446142
11757 434375235
30379 965221852
5382 167144639
15763 533649195
6844 21781894
5924 180782239
28612 442404729
1811 137484989
32288 245543333
9242 836937538
30218 311942518
32765 957513855
18382 784691787
8366 669674575
30841 163744568
17304 211759282
23341 319260985
4180 977346781
13969 511631287
25899 778625112
9178 989692369
2514 717493926
15924 444779853
11795 124865914
6095 152203177
2130 654055189
3634 886236418
9950 609406836
820 723937266
33041 843964940
21216 433026339
29400 626048218
4483 16689487
21883 408756879
6801 239320673
21817 669759020
5536 797302061
8592 140061000
11113 186904199
16657 999576024
18936 143895763
19271 49873692
3154 296208225
32007 934418595
19401 294169000
22303 7852956
9741 356735407
13005 339483514
4307 669734629
1172 657190383
8143 297944477
28451 926063751
29760 478069302
7164 8049271
22589 311963612
31543 4878822
5668 172833069
10516 999464720
13144 901533765
11433 814204747
33161 332517114
32981 844058401
4991 881795255
10328 337773693
2775 912887598
12333 922767213
32575 303985579
21121 184035193
17742 671503595
10541 835404921
14781 800063161
5695 983261653
28918 461387159
30304 914470549
10621 37351763
10446 26091368
2551 175783364
18154 105048824
4407 464261747
29740 806278058
10750 545714144
18493 733717008
7128 172629991
30807 943549587
17894 536266301
7944 190815333
11581 363417580
21054 444576587
18416 623021786
5851 356219678
374 843278081
12615 305760354
18725 415699832
34514 424529779
26097 154027701
6887 388815839
30667 866276355
16303 297474357
10582 925548781
1100 27082133
22153 65739602
2049 284387051
22240 417048859
6186 59076115
15663 500284471
7779 210869642
17293 934142361
32888 509533717
16321 254757075
16941 991243408
18546 70041320
6042 146490270
25623 812297154
18080 750949184
19016 210745756
26589 270153511
1030 626207661
31162 976006801
27048 688939680
25782 270901735
10511 923743360
29159 375710910
32473 138158614
30872 6143990
29231 26174481
13314 403733016
21240 817959578
23421 368259139
5173 814499812
25920 206544309
31649 972194254
34033 431964655
17663 904118038
23144 187331925
23490 419418148
10546 371702061
5716 949755593
26810 833129753
13962 993494315
17100 944066625
8723 504302236
31765 658653488
11173 273888010
31715 655092264
24241 880312809
19205 507051932
12986 120353889
28056 866179089
19421 180290718
26859 477250559
5414 427121476
21668 131061324
21592 785945578
8902 222861334
20949 712145981
1449 694729990
33475 420602456
29895 562405865
16292 776528733
32933 251699986
7328 96814996
30110 933422746
9362 154965681
25693 403023371
18715 640659835
29775 346816948
5384 681738756
22132 103055235
21867 280499389
27738 681394539
23736 375140761
1567 84584793
17156 674146260
34036 748758352
8552 580358490
1417 436928414
28345 559689562
14427 475905615
20777 87638034
16697 740030706
9518 241906123
3739 828364387
20935 740131723
28417 958750111
2945 696722161
20337 321118122
34970 70201735
15154 64686334
26494 842685620
17972 900109018
8281 299079926
8223 543666879
6753 365690283
34679 658583615
19135 817448170
3828 854576602
32338 669052010
5069 135089742
4729 364017297
27243 291967160
19194 992219895
23080 393544732
17369 468249171
33762 772499180
24499 386169896
968 23193789
15692 797836682
32014 287321753
4940 139776039
17383 640823962
23336 420206575
17336 3095836
8377 119811851
19780 513186644
34616 680775608
6493 944298666
28274 481658630
12286 920637389
7153 637994215
15821 152067062
30766 234661441
11762 503781692
29262 87165556
28296 437907847
3370 831736248
616 576279860
17900 625412474
4033 262531043
26662 493267837
34716 776627740
33583 47374311
16238 324386810
30000 599922336
28301 286662867
33734 391513704
4697 727661611
2462 496911522
27510 168909273
1204 333917049
30209 46046687
5462 349896188
23030 246673520
30238 173485934
32109 855847712
226 882506387
26664 992360065
34353 700970976
25277 523786691
21714 986119095
24989 153627314
5014 2822553
10946 689718139
12878 302515338
30903 187426460
32477 173711645
10844 901621912
9581 798629654
13535 133517138
10087 719572954
20850 125809292
32518 967689710
13069 32258743
2093 28725013
8163 849598472
8444 125595599
12490 391306394
14998 292525539
16277 778750657
10032 584404510
12909 315544777
11766 443621708
31014 84465932
28634 441548431
25804 673747336
19253 802099576
19719 250653249
21291 634460927
21366 659325374
20723 208859698
18830 8859741
13118 471724683
34340 277586452
22658 570966476
3900 546756595
11050 727295191
11265 818947564
3507 693388605
27468 468391112
23955 959399720
13164 866164213
8488 524971135
315 427697314
11619 709369738
14556 761336340
14179 634545337
9294 751997435
11080 227983659
6511 869479996
10966 291894469
16853 958746613
32086 648462161
375 489592220
14508 416402680
31376 512152460
17087 911907655
29098 699006464
5475 867228472
25091 310176067
34266 527864809
34284 348729480
13873 18923459
20380 289300719
4499 937056099
9926 708676686
3581 436911138
11431 919080362
2322 594045933
18889 419984248
14215 800846786
22536 78985869
14472 843411767
25601 478355240
8614 331299760
16849 703299277
9619 367479733
4043 34263916
8672 863678584
1869 19669303
16977 124688967
29790 773960034
6034 618017406
34134 392730886
26801 808674039
18974 56561823
10480 526941830
33214 825138452
26962 985739880
19417 562577893
21676 442098616
30576 42780108
21849 219711554
1594 485573070
5468 39112441
3534 978973147
23956 449260787
8434 652725857
5424 664030529
19488 381511037
17311 708310403
32010 214514326
33312 960881887
13325 748224930
14627 137386367
5132 340565127
34141 883760102
1613 830772081
5821 949539724
34084 559444013
31429 957177843
9235 851999198
34211 445472491
21288 530713592
7657 989317830
26592 91228309
30151 59394155
13403 194554623
7040 909460920
7893 856657426
8899 755422537
11856 958120051
18206 454840001
5849 320747462
16524 333541194
18429 755161021
11588 762887653
9546 486089933
23648 564436600
27554 248533175
16915 138313189
11591 538692930
19436 341484538
15941 904745852
31533 374928705
8084 906722272
31291 98354190
6527 84439184
23552 148039444
15235 990776747
6140 880872674
4050 168941455
22833 934394572
19270 528827408
26470 930120189
31170 92680538
28331 923699886
10257 605226023
32240 583456433
7126 732876238
9356 888540272
21679 865655526
29357 917926548
30051 53783335
32862 591477611
9528 513402869
23047 563627646
28372 327761976
12799 923743479
29101 149971090
5074 622103307
2612 849351437
16806 881922275
2004 266140880
26941 59357695
23273 651847445
24808 893641552
729 913820062
24799 171371566
26705 323231581
2844 757729259
202 436603256
24623 716710390
19851 876869007
9965 682343908
33624 550025330
28002 354397171
23655 343856532
267 309189552
1667 371642164
20707 46696864
8390 914146182
6855 425644338
10308 264429714
32124 720814964
34556 693824075
597 431251280
21341 149180177
34313 204963392
17462 18570846
2192 398886295
1708 955291261
28430 499698223
16959 165696256
24381 802106693
31037 106983792
5130 335523536
9762 497069431
4943 177975473
13243 861772326
23364 341949897
7681 339884623
17773 686514909
32168 674845696
2262 607541245
32611 85644676
8301 947611776
32716 774746916
9772 439028613
16117 9032356
28093 910060532
29794 41752104
4019 964276433
16035 738008822
17577 948778316
15069 305143507
13512 313276927
15050 11433713
30339 953150968
23873 469420886
17610 497548333
7924 131479482
34871 360350085
21463 782184778
26082 118178158
23466 100864749
18979 392744910
14420 90784818
34928 375857285
33374 370752701
8247 579394078
19458 88272262
1483 636143968
13871 223670720
7421 835079101
19815 986885137
16435 156777801
13238 581587620
28035 205712977
15979 418413938
26880 405773370
2002 172462248
21564 156743604
21622 898732948
15175 326640614
26313 765086120
16911 502829631
10300 757225048
33917 547726428
33793 736093258
32597 652537213
29419 398368372
6512 816197161
21252 58589628
2099 433457468
11965 963551675
32891 571993659
153 949916653
33021 789043245
27561 224834947
31877 318786878
24543 982328423
16821 744768432
5296 499228558
8499 43841466
21554 476644192
1600 799669107
21125 397090644
19925 649691747
336 337399412
4475 194311174
17570 641738629
2114 379326337
33621 398678306
7778 315724236
20754 968568472
18223 123488650
15686 890467035
7192 886170349
24480 144009973
32345 616148491
6479 53959558
16462 729653622
15213 630924383
11394 414415573
28226 489304847
24035 313302555
2300 293932942
7534 524804834
24091 152343375
30689 710201046
29644 776151341
30267 214537307
28404 92661836
26154 28350547
31619 306158691
17750 629892895
13742 504911556
27197 816204495
30701 375124723
2007 337015642
24551 381653598
1350 426029228
34470 210770823
29856 689555758
3620 925286499
15541 913989508
19603 961933765
20171 992636087
2555 241866174
22361 643371220
31485 712100159
1860 512275765
19028 921937273
6336 361238334
33108 459426279
15798 12356134
24645 175675068
31469 887308216
4454 839094256
13473 263850377
9553 88259966
6410 272623984
557 162368695
13278 746194732
10779 944669084
2817 80626812
31938 379752811
15111 726408388
25992 851081514
25496 414356065
25230 341642328
13043 174031645
29220 602595739
5797 503346364
10760 782992838
13770 731130788
24652 284142366
15723 583992766
17449 11644181
24186 491541497
18156 448442276
16495 982621263
18479 476612111
11954 722080696
20042 278933944
26125 399155059
30694 901399714
4450 764358974
13196 103456631
294 780087149
28932 828501306
7910 551427173
17022 588983804
3964 148548930
24726 210027213
33735 695552819
486 327697593
7051 673485946
33963 96068035
22585 863913653
15330 553566470
10449 675702388
33451 338645878
17177 994493006
29318 177384956
15882 348725205
27773 260326655
8286 998782337
25385 637220145
33073 488837130
22328 972716734
31360 414320207
10218 97063968
1573 659066457
15835 66180217
18393 735554260
11482 965355469
29788 783310406
1976 193238660
6986 195983702
14651 459966168
2748 488993731
31909 995215493
21409 904859580
15460 528366576
12294 115508501
8435 354641954
31338 978042654
24572 282556089
26994 106426043
34823 235847301
31667 682326724
17042 942943073
23540 266473334
32689 664139974
11861 781875261
7253 276438619
14762 475067011
15244 221880754
5425 685245441
26675 533041761
10418 25134508
18166 136992739
23858 677347174
18778 34946753
20050 714118228
25657 593397404
11215 681486348
34783 304273832
17655 413224027
966 995680055
20956 299001477
9127 137159053
24800 103687736
1146 813542521
31282 345320423
6027 131130659
6472 76628864
33260 830659038
17514 687217451
4751 387552749
3599 939382856
25106 324956962
17364 543970595
3705 82644015
5225 987245872
19373 337728698
12253 964275894
24601 971944134
18024 677397059
18054 821700094
2062 635513276
27810 195518464
2601 30121109
14582 983104084
8744 919064319
16206 145693871
17344 115796179
28239 452833833
11339 887050620
8859 820839666
5782 154392118
27349 812619593
19553 569770802
32332 46237594
96 615172651
19396 192480037
32022 691112312
30069 219237722
29300 90197690
8588 305025478
29558 882265692
7134 422505413
16429 440793186
33710 396994114
2938 499512220
27549 937012043
7136 383311034
34661 57271321
24348 796911725
19694 464253792
14924 630678172
20281 483711422
34323 866777302
13291 190764029
23331 181962666
4681 182230315
30424 852330449
23061 251543839
23516 344075482
3065 308242969
6872 87655903
27503 611051624
29484 976323283
15937 841779406
21512 851216455
33715 282167204
3762 804046305
7823 764271682
19726 354393028
26846 953525135
7489 121955326
22431 738166080
23487 731698969
26981 384912095
2271 263070748
16299 271283750
13386 423155824
27051 76450568
27599 647655945
17113 229388445
14167 13512675
19551 394995480
15059 267053932
26391 134235359
16997 104943347
10232 248819189
8482 816148467
31712 650360859
27615 490033133
29549 564478978
26441 967237116
7806 547296345
14175 354378819
26282 113447642
4898 510539953
4146 755699050
24535 822036555
34019 101013826
7118 32788739
11105 317775788
10877 413116212
2236 856249361
18973 904542548
18861 817154655
17438 638702736
16731 722895312
20322 26234739
21194 759277736
10902 790639818
15115 747243254
27672 554622380
2213 206202895
8970 772900844
5270 662810544
29026 104161772
25825 477946272
30758 941773992
5971 485117888
12269 781994405
4680 22811285
18808 773882574
21247 441531461
6690 887383486
29555 489226725
5707 582636641
9723 156517911
11142 353367570
2784 608181441
31258 937291170
16009 391750112
27052 23510175
16735 697605483
9341 380728901
3131 146621288
7736 755750487
29754 123368268
1233 554989069
16048 333069999
28590 520577271
911 188402524
32454 787215642
17417 469329932
3517 762659511
25585 281738919
15327 499638462
19250 962863383
24926 899620988
10572 43379454
17307 119594675
8171 291456723
12201 723962574
33877 603885468
28163 569975489
16539 429881031
17228 287605760
32471 746076093
22716 434041860
17332 777644846
9611 991565627
30531 777445431
13578 372094942
4698 397285779
10483 572518279
9613 63957963
19628 840305669
10046 499087661
18096 425463374
8172 654542878
21012 19805934
13565 686707060
3021 366789632
4107 384978635
5067 443843617
12534 511409688
26087 97360432
2832 562139919
27087 908072140
29441 901117405
16067 984632935
10495 579962590
33674 177699457
6397 757729185
28695 29882070
34587 757662027
27560 158734746
28179 170496578
26015 494778110
2714 999643652
21058 881542064
15183 898931222
16903 579378831
2823 789840699
2630 644566535
30857 319206593
2164 941399765
25310 966544518
17745 236287023
10323 451671435
9566 13037427
11720 436712363
4178 245536656
18946 554967120
14530 652406219
819 880400518
10792 738064172
13237 705456560
30094 387130529
12156 504390253
27027 89942535
14864 693859573
13290 837146108
15718 919481724
13457 745862007
6871 445199537
14239 262988010
6712 227894459
8110 237300019
7550 325168773
9627 621675233
5724 657026395
12415 158676978
16261 413624320
5063 999256068
26114 840341708
31323 312827590
25551 106676121
12754 328325287
2543 822036515
8478 571981419
13006 296436483
32394 89792721
6378 745214268
9424 679297805
6775 957438134
14942 973841677
13289 417758868
24960 56488951
28977 638319259
682 577782728
34344 712244203
19001 724943961
3747 710143055
28868 69905187
31176 956848450
34206 313689473
5605 241078778
4023 557701411
30023 606542255
8122 413236412
18907 278196765
15997 790722952
13418 875799887
34573 685553417
32524 627427974
30573 914506686
23195 299542746
10247 741836436
21173 531538409
6415 270087552
13958 602801827
6735 180435425
29285 697862170
24481 123028255
31301 967733664
6115 575647941
32508 25836701
17539 889110391
16921 866241710
31651 447364075
33029 793936330
12358 141286487
19123 549412086
22825 518569097
512 168456295
18930 926809610
34649 619647615
16189 112058195
23472 650181344
6787 931801933
28249 737145535
33060 979313614
20005 755817201
2613 803038554
15876 354334939
14693 332329579
21190 3005330
28363 44687322
3360 409390268
24657 222501172
4073 346611
2184 122383638
22298 956068513
18521 268587075
22902 936674691
20216 785019298
8832 449349497
11102 848582252
3992 370402471
32938 67422235
2877 17344337
7845 911906787
31901 77167505
16019 19892961
24863 240383330
3447 497370825
15760 34062323
29110 913769316
1176 655457478
34725 885132192
24394 520814365
21051 169019168
6752 422581065
28738 865777857
30068 86826898
23689 368223179
11993 14913598
7880 661710182
1009 599813665
26416 408072449
23470 318342550
33839 845306038
2814 353654179
16449 174649747
7362 103321798
32174 267748186
34302 876151450
28569 437955494
2120 954163806
32219 371402219
26870 328759547
24978 994187187
9213 765072565
18119 691809424
7111 962941267
21520 509205705
23200 804364925
23 674071181
8655 273827017
18452 18076946
2473 868585733
28384 876211572
17170 879011994
6014 825917477
30613 673739719
27588 607396278
5835 5962101
19091 777990609
22545 692764941
33458 226065335
31252 487208208
29351 586548068
4218 501909081
28727 542851846
17736 711439275
33978 465305751
30588 292196145
6485 162122788
17432 704750504
11212 584896969
1725 665695037
34643 831535809
32379 222781080
20800 543729874
34729 82418930
6619 798926587
1984 620145705
19267 650286295
30098 802114095
9826 907024064
33727 400142795
4369 842260134
29712 371360234
3214 641547507
1331 849573101
6798 701191426
4663 151170677
16600 512783992
22453 299668437
23177 201382014
2081 750466897
10954 134205575
28416 26096759
2021 772106872
108 506857794
30212 271797942
4834 920137736
24797 817005050
32488 266936142
22188 453740285
28540 37250799
26816 100958499
12578 908699932
11717 551088950
1018 877777627
29217 408515086
20290 961951906
3443 393713494
25650 585662557
2730 374672348
8684 999179675
1246 697191794
28729 956890532
30020 380770150
33181 366074155
34022 445747262
2345 803994307
26613 143818848
20758 822370114
5292 237591396
4137 79274857
26767 422266588
21170 147054325
13441 324031195
4189 187410414
5032 693546942
12131 214576559
1766 56095101
30657 972356055
32312 443766059
7594 477779706
9842 742558103
14021 545136202
7702 785886785
6134 692866124
11764 68962333
4945 650373004
20814 394428559
1148 14116392
31645 638575409
19099 781785086
12928 83601562
8483 29163928
4634 130792188
13964 296122076
28528 453552469
16187 274768270
17996 174390859
1064 384418556
3688 491677185
1320 53377897
19037 192037425
4022 122310806
24386 293134356
20523 23388986
34464 76853636
27972 712301331
15453 640221766
22040 34154405
15569 763681942
11320 255550899
34760 893384101
32489 309589362
15897 226482920
16078 743210296
15347 389033030
21168 732709096
14808 251372146
13978 34138621
9252 72750896
13067 547271288
6965 151084990
34479 256381989
10889 237704124
15236 779332810
13790 452995911
6812 321088500
25382 510703944
14498 75280232
18843 109071341
3557 351938401
29655 797065365
32789 234752835
26152 691422214
4387 94381954
24141 807447548
1279 828856926
3216 997174097
34082 877846687
25948 124058115
33187 441076428
7414 902982830
27200 352479800
13382 180130374
24387 186562027
31610 540754323
6112 572694633
17977 433623535
14091 977066047
6315 586881922
8399 569745780
598 190668292
17287 76619341
17147 271863869
16378 830882026
11009 121811655
33329 560271617
29500 4920150
34743 910146190
16837 988210296
28418 647702254
11151 436357542
20289 762300805
26071 788343402
9192 230256768
17672 836004647
20514 772143589
16838 292109822
4109 861745999
32257 390258161
9655 581497514
30925 437658360
2423 532499458
28356 721858541
28152 848804814
16394 370363498
31348 890601237
21026 430191364
19377 317019085
19811 59733214
29172 399276021
27764 536981991
1045 985713410
20921 451649668
18037 644478020
33257 78877513
24945 224755203
26775 371017586
29594 209855834
34149 535658192
1641 321324176
21071 621079073
22846 520603809
13240 918033085
25492 525532492
17479 771802133
3418 5117513
20017 312521028
18207 958756762
13980 510420078
6656 467566998
7513 560431372
381 584807196
31025 745757643
25750 250327605
29719 695155163
31309 166061376
10602 100984407
33462 188109606
9020 632664661
6837 99928092
3203 102241315
3245 332240371
19514 107554724
13733 911630213
19820 60664310
29882 711985249
25888 381990776
27633 884328594
9073 818307472
12751 670040079
4366 363822468
1251 991975829
25108 2756378
23870 300232764
22406 395545650
16961 726530108
29584 347761830
2260 116162637
23452 522213995
20866 366886174
18120 242068156
18860 98532439
12656 913311462
107 483495973
14868 295570395
3460 862117037
29225 558902541
9343 182334293
12003 182375348
13253 575853300
27607 234606779
31169 730359445
25768 220699356
23633 672549970
31920 890904966
8645 708321604
10165 374394730
21028 344364990
27235 423622701
32169 996691670
5945 721403913
455 967030820
3200 612955463
27657 493748548
6766 430189327
31592 350145531
29141 322116445
29187 745430167
8506 226436416
30418 147702848
21658 506021648
11984 692264393
21848 101126183
14176 321677742
5091 765357734
23506 913223114
15042 763915613
4610 694655723
8910 576567650
27398 193406398
27546 627442985
28995 602022807
12316 352415634
14688 449599728
16818 635070037
23756 384318974
9725 791954265
25030 927744030
24569 861210528
24876 659083608
29147 539470554
32140 313031120
23431 145530095
22357 733670658
25692 861703121
32672 12895210
6306 247738104
2063 304569621
28323 716471247
15810 541108555
27046 107542225
25452 998284253
625 142084139
27164 908400563
13617 681166172
27270 534085077
14382 631553503
23223 428779345
28964 565198206
8427 107868989
10908 531751551
10081 858328113
28401 662924202
24382 575217664
20766 40806490
12850 353241685
29122 464277215
27658 896875374
27882 567917966
30430 171568329
12651 669982843
16490 526027561
14992 741157886
12801 350690323
11214 364292632
25630 853118009
14395 457348675
34727 610713638
1396 356145259
3156 817449254
6233 103921887
17506 969527615
6086 97702179
14364 564870595
26889 759416577
30625 569919925
5912 62877792
25421 484054971
656 775900738
25014 742089900
25538 183192772
34711 739333512
6093 589830884
18269 211215699
34594 632378134
16229 469680400
4349 893414962
7682 33429103
1659 501290321
31894 569236763
14463 738855002
25159 175339862
26529 757827516
19055 405253280
30871 292767408
45 367588452
24489 537198876
11683 116380186
34272 900282446
9208 920270187
24037 242214471
8600 216748531
975 832484223
8707 173573497
8317 729322606
29493 131658815
24011 653501075
10536 657482804
26257 528595651
12282 843935490
15345 114782506
2765 265691250
17266 149234802
21040 909779892
11150 236993222
26481 378993000
1514 735334078
34699 31795688
21937 403487255
10829 448358995
10396 126171491
6440 286717074
15285 949227330
17764 945299986
28423 133000544
26966 352336908
31211 623621455
19600 922882324
16288 756109808
23265 79909235
27074 854472396
1124 32518910
25794 547141842
16147 455527776
19410 52015622
13320 104802152
11106 882258359
339 213498719
26989 163254334
9872 312847780
12155 736333584
741 840985306
23280 544372586
15850 220678490
3797 879691346
10431 614876196
30403 618862796
5119 513831471
28469 20524088
26918 502586085
25791 956090054
14659 854592082
31964 517700004
3650 133577288
12431 161065272
19404 623203372
20596 427922996
1519 279291021
34001 886722972
28200 596484367
15144 709346251
26205 271573460
5760 940081847
14572 822291183
19920 157298531
705 690292351
10580 826346983
32584 910358791
13101 237373666
24581 579001651
18758 39408297
1060 364297818
9941 59250775
1332 740493004
31921 812272997
11702 752388567
16995 503308381
10331 987318750
33605 556084188
34263 790817983
23238 547406828
14843 113386653
24899 656230140
16341 388755946
17541 673896244
28611 501662384
10706 689144074
8073 997135049
30473 228797807
9366 204880649
2867 846348182
2159 138130716
14537 862401407
12278 980640749
10526 635255515
23644 314054028
34712 304311915
33144 562922611
30984 687733458
25741 714680304
17913 915807907
1886 573948746
34621 2436300
17238 939523683
6218 82820861
12579 536655899
15085 851097985
6217 341313219
6636 103950350
14375 101796028
12815 30568585
18803 733181492
16704 914085698
7453 225683346
13286 336124201
32115 393053386
11511 313819774
9069 495791366
16142 576932656
22501 769932550
30515 991051150
26166 903055624
23358 513870308
23488 598367294
33420 303464763
9182 221517816
11635 463542922
28538 680850561
29470 45963477
32295 616649127
16052 272939849
28400 792605803
23502 175952295
22250 915586758
2627 544390618
28677 316193052
13260 489563136
27663 315169681
17126 314834900
22912 736195416
18937 995062913
21178 935826811
200 895430835
25471 413944350
25829 914391033
25730 859805183
12688 117150630
26758 100475603
191 833999422
1877 60870192
2044 279545650
9025 737942960
9460 646868486
28613 509159841
5616 586849307
2749 138175255
11804 653041128
34 65008574
13942 847596604
12256 731848881
29271 276922452
653 86441327
11741 575312429
19333 916227114
29956 207410468
29611 11291255
18447 783038185
23180 947410428
32739 258181044
23844 294088133
24464 565893249
19007 102298288
16673 583299377
23881 291044696
10026 912838292
25816 151131890
19050 953747661
2317 10568623
14094 595050510
30906 554108525
13687 768143768
962 18107731
20360 593749441
31673 613072316
16276 777309849
22429 650401211
12039 441447513
16765 259007974
13329 74322453
19747 507720742
34195 701767467
19340 484270133
2724 193487883
21285 547213752
1101 810714234
3869 234466161
2690 308473187
20394 543913626
29541 965548972
29648 555939694
8788 488430997
2789 232076636
18331 958078689
14771 17153392
6474 884909100
29068 603907166
10938 726534808
2144 132916169
18264 855332447
33738 908394643
13490 843540056
21056 87677268
26873 414240852
1535 336958785
22760 950788102
2647 249182699
29860 261511723
15454 30343163
21976 865438917
1138 808243331
24847 653547387
7289 790361513
17628 818867827
945 134011250
11730 408772925
25419 596824045
33209 437603023
23392 257279312
10120 707639976
17794 18922985
2385 129551941
14940 318550562
6284 700825085
9033 127320640
13886 530213998
18754 106488232
3204 218837080
31190 453915185
33072 109764015
4372 23019003
20160 428642967
1157 744588539
6295 130963627
27613 941030504
22511 314590130
12486 285450267
21479 955322165
826 630297540
457 149606496
7539 514311715
20645 407326044
14948 868128712
6936 217048621
7648 873593048
4707 765657640
5757 122105117
13927 654377454
8858 885365264
27264 370445086
7797 241423566
11783 416938052
12378 50222543
8609 54568231
13145 188349611
15064 428484858
1720 535970298
14519 53479749
27166 844421844
16439 890379862
4 416493287
26582 667055736
4324 392675148
31148 295382298
19031 559659679
8741 544425515
23093 400120698
13959 900667208
30030 252363070
18810 873120102
23413 230863606
3833 905500878
32822 621162550
10847 961017287
28398 51902844
32833 497366336
8729 373804086
25097 9678379
5809 687031028
3779 894273688
20091 202305159
14967 344707378
821 40166257
30359 43954488
15503 132882423
15662 350779796
21430 540947454
30995 933676680
28243 101813085
1602 223687706
2268 940782626
22819 367944472
8250 689909426
2768 585629943
33250 800421783
10929 257105748
14706 201183641
2829 468428289
7400 339376434
14568 210626074
16598 334561502
20622 388935015
12816 856183545
31686 807228039
27330 36033940
10430 159562199
25490 385160894
32640 362514242
10939 732250967
4829 184865097
16370 108574125
28062 867182158
458 353198668
16436 74579035
21091 417024020
32579 227439184
31983 513911988
17612 802638776
29680 149965972
9550 560381536
18473 858822151
14891 571754299
1044 849662114
12377 58058535
6013 196278795
9479 642625468
21836 272891809
7701 731840507
12782 545425720
30161 516752499
34129 411058842
6499 311646498
2495 133853452
15499 684292830
5500 1252692
1225 352568945
26799 246406538
13025 429633536
14377 191550673
19506 826274785
34915 391047816
30974 529838591
30632 821325599
32432 607641194
23306 367603890
3354 255264251
29389 409165318
17249 6279545
3368 822344281
13327 349707748
10310 658915610
4246 438648105
12880 748443402
8167 299754326
13764 353125961
17941 589134759
24874 25230659
32311 236489754
19997 480109569
14846 814328700
26462 895805335
26199 358428895
25727 376837334
10865 949253104
25598 12033534
11225 895479978
30208 204147366
33641 969131253
19505 641908611
33211 743925890
6500 636295829
7579 474355945
15407 723244932
5350 586293007
5379 986004879
34099 632250179
34493 880011354
28856 884550570
21368 479349965
28006 353292837
31772 879317950
14103 25177638
12947 746271357
17790 874989711
16489 279363532
23663 99406787
22728 71432875
10951 414162925
10439 63079102
1789 127826498
441 289071723
16191 140006355
6201 531867159
23994 138730983
17519 636317032
10507 616991226
12725 2171839
23743 251767416
22321 279279548
12999 478880332
18176 341385690
33001 920635929
31646 580752902
7974 683452007
29545 550506619
34244 283644750
20156 675417696
2090 731594474
733 818552384
10620 135684992
17883 212975675
6733 262535693
15944 519263241
5619 381053406
6827 996938493
34985 67352923
1207 965601482
28575 297233340
21015 294915124
1997 889921899
27619 87534760
34707 695686449
13954 342823910
14454 213984922
22197 568572810
23161 96488976
26879 264320771
34477 454161177
6137 600482360
23948 418463864
19247 579421727
11998 480391753
6168 221998299
19803 721637687
31231 847683320
5263 435639274
28819 937450339
551 291304667
23666 203198302
3777 297412709
13831 430475617
16984 857638389
12058 412965132
24182 666825071
23714 802240118
29745 336630803
16210 6472943
17280 843006013
13903 96415367
14596 413925615
6846 346672948
33010 179673612
15549 241227545
2028 450551374
5810 127764799
23312 426058519
30067 685976138
13048 262949752
22682 774504549
28453 419574940
4563 503862616
13214 558814510
9810 58320519
270 980345523
22257 926540657
34432 290015590
18703 617662946
2240 467245668
8763 54689964
23254 796577878
11528 537018436
13601 123327764
18886 800136042
20685 169096460
21123 481006837
4108 700228404
12851 16099353
3032 920254221
20114 297125299
13963 242768526
27715 570906663
31746 964174708
15184 923467062
26346 260104181
5922 375663970
27779 909452161
31318 746224994
8486 907311135
7979 163050296
16721 378283941
28358 546367700
31991 641551871
16132 626467772
16086 751539555
2378 413550145
15153 601053956
13376 325255914
366 754132242
31101 669326443
12125 274401796
27042 779037203
16653 749949365
2339 424247589
13004 635675134
19658 24644931
235 440565636
22163 48624938
34855 652149606
14000 597586752
29779 60291021
32821 366871780
16270 223362590
19047 810798021
784 321892359
3047 315305014
25016 929295838
30497 770336054
431 449556201
32908 126244927
27382 594801240
15165 936106254
1189 114394459
28565 500291431
31029 784848045
29918 399423813
83 390447629
32621 670985710
3010 869479
10406 46892141
27306 980476857
24920 311406737
22925 514342456
33036 488952456
9287 5989009
33502 350275246
29512 827740860
10020 931566230
10832 611903122
18557 555626034
29326 693683366
8141 866851786
9173 317072890
12049 964161272
13767 588216216
21730 369788742
16824 489365737
16066 571244492
13784 518137743
25834 579016911
34885 249996050
21308 393707117
28915 221478524
28487 7964724
22810 851260582
24370 728868597
26090 215825495
16409 433318324
34335 628712266
2201 294923133
16908 111718449
28203 148620575
18728 114351003
11335 796614422
20957 15729770
276 806835917
22718 858007654
13492 461201966
26848 932261695
1032 164408018
25713 577042118
23785 576070277
14899 139013892
22743 370787954
11907 374391519
11558 747727796
13875 19572822
17933 140490939
13436 868817032
18926 325237484
3424 720194994
18296 996063542
12448 512466640
31880 363841276
6322 582980530
2672 625616161
11578 618429578
10729 884484804
7462 72463101
31769 718997071
15981 838822781
33842 544440853
17558 131301836
2285 544093967
23469 653335816
6910 817589260
28872 557258800
16501 888732794
33197 891261775
6071 735239445
15020 777193592
9456 507591485
33972 440762738
29454 421086850
13095 583807688
18398 899375994
9985 148565300
29401 316101686
10711 973275138
27863 782051171
1216 785493905
17095 504557110
24682 564110185
4431 618152042
17588 752700921
1260 585657505
20965 194776727
13115 607793749
7688 660531934
2434 902935070
11586 866229091
762 135844373
30542 546423438
3951 308512713
9004 93919278
16828 295407940
7569 592490151
28103 827984772
1215 135837697
13014 241757340
32916 625015146
10649 382568631
16550 919874972
14412 429627913
25449 749000243
9495 309061665
25468 848666278
27493 434222054
13564 160910758
28460 440741447
26567 603629757
7731 866008384
24514 53357923
31292 643753605
2739 43476723
18471 168459019
6508 929010487
23302 331498247
19581 717705867
8352 873826228
14440 739879570
32776 309517744
34786 356404749
15656 920383203
20632 828059419
5506 108671062
15996 947637969
11165 432744267
32949 800612114
28829 36627943
24075 466832575
17240 25787121
7010 969081072
31138 949133799
23300 548237969
8364 653964171
18094 789451757
15557 534354813
1826 948535333
24152 907908239
1220 945006900
26719 566020970
28657 884771176
32157 986001631
6833 957003034
25269 706945887
2634 672066004
32325 809767353
20435 127929271
18661 152149819
21963 47505752
6911 976420619
4442 9827609
33929 114679135
611 567908906
26697 846668795
13504 707926277
27835 466903589
28457 215983615
30373 714907827
27362 907826603
29055 379306297
21900 299850834
30082 764694181
2101 180195417
27857 63802858
30249 956858815
26157 457517593
30071 128331117
29312 512363150
21254 240634857
2677 15836528
1558 330195834
13721 365454426
4854 147088769
22928 110593192
34328 712252686
22203 530037117
11863 442963907
30215 928851052
21842 449170322
19116 404687608
33192 235946837
12855 23385317
13440 865513796
7635 593329692
1627 618832697
10617 160696045
4168 224199881
13102 713142199
6949 602015753
2595 695354215
14158 568327005
17118 421692970
8451 502141408
16112 944243952
28067 984789896
32740 486226340
17145 318047822
12351 288573179
27425 671501551
24605 743250303
18453 65835058
19655 138194385
15530 435923276
20650 372568652
30060 289045555
4672 534284246
20537 311316074
30198 360683064
6563 656873456
18238 891618610
12207 643455
26558 545851016
27262 353842159
20039 981772439
28000 21590146
6358 104549174
16447 690756206
1388 568895675
25717 253058373
5205 71064809
15308 745279534
17132 692346156
29787 624693625
2489 775825534
10196 566853052
5680 932483881
11627 924348993
20566 911303037
29563 614587724
15508 810902753
3509 824912663
31915 715291032
29877 413031308
5848 287269364
14573 904527786
9207 475489213
7877 268438708
28794 719771063
15791 553102851
1338 759988800
23101 489545362
10836 796933743
19887 512736777
22233 63727805
30943 822664814
24638 8614170
20931 621116013
11598 172851274
1033 326234041
21643 974691023
16039 408865751
34350 543200921
2998 342822589
34838 323734409
12948 198141016
15710 402023092
7541 460632251
25964 950012532
24052 276939370
22466 660555339
17724 632331676
26298 361544039
32419 575003738
5759 908552308
12760 985525750
18878 135002958
6357 601973331
19538 165733824
28721 888324132
10763 187708766
24527 722083898
6104 908180769
7043 897753481
32873 588949459
34659 273917628
12775 77699536
22450 902423780
2722 678759482
25047 80889639
14584 153798887
6669 160586072
12014 894916657
14819 572412261
16948 330134050
27585 159853779
17942 94328558
4813 409660072
3338 246687106
15631 456709628
5783 147058189
13207 649070750
1282 495538971
26062 725275471
23734 804186151
34475 467889936
32283 989685355
15797 987926722
4279 339871860
27137 754911377
2205 157386813
13629 114157767
2304 416034236
30668 310592546
21064 561182342
3669 409430995
5364 751678114
11066 195339454
30811 85292001
15858 399515423
4534 456330528
26485 512968523
10986 563902566
21212 513124832
17436 640857057
6422 707454967
22371 612345950
16595 692937992
22341 825789017
10311 988905163
10276 804116751
15367 43311525
12008 490670756
28756 225966167
4808 85487554
10 890079216
29571 492636017
2952 961106508
25715 443919061
30688 149634268
9361 189168535
13216 108747854
34626 689328228
9450 604033724
20472 290985589
18078 514158016
746 241266940
14663 348069912
15522 591619724
10738 52911860
16239 921202068
20141 999583632
1477 267432326
14738 980124478
4670 205523534
9978 193811421
17874 598704161
27768 311855190
13270 644020381
6578 485695708
25709 963833854
438 895148606
1637 256288795
1955 588874261
31041 138680840
12864 905075702
32540 514741981
11874 495980094
12724 714339702
18348 876375299
10998 177294863
34691 964716504
1328 257704608
452 864229998
6260 473988370
20923 739749452
30461 465773355
11445 497329556
6790 381046873
5882 849536520
34460 318147587
21573 384805322
812 967348192
8265 655362342
11700 121732800
34720 931393828
27367 660076330
13902 626367027
11862 223296091
31847 755574050
21583 377674131
22136 762805753
26547 686374866
2433 892206285
9363 619057682
8933 206906315
8758 958278460
18267 328416899
16713 722749903
24894 772872846
28766 532878710
26544 567917599
11709 722151307
25565 824008110
809 549549903
19412 786410797
20574 207518084
23601 104587423
7226 903899230
693 517351720
19837 190431065
14638 428552140
18923 596701066
14281 15156042
15194 475673894
29600 388779958
34544 296544491
18516 389560799
17340 649710456
30096 835161648
2403 254576834
11470 550532570
11857 742191018
9998 12195352
4443 1895543
8979 916940356
23757 868119248
4959 510473540
3981 285754614
34910 861047654
22049 26966696
26447 17931219
6181 972838507
16777 185755213
9899 20245757
15095 846581406
7933 300275092
29569 202514483
31831 670355663
33816 362264648
10386 427582252
30761 600918429
23535 730082887
32767 43105895
1412 490243344
4725 720672141
33713 638874381
1795 898260800
27547 887827980
14119 977244833
30816 24360711
14394 729448391
17857 224750750
7841 336344135
24344 503797741
1881 394147785
13930 737584996
1579 454307538
14365 333801974
29849 462924943
22612 685009165
12708 542014030
7641 251557473
8151 977726025
11637 305758036
21720 486608398
26174 36748061
32444 279163565
27289 498523127
28238 687907459
18910 747155206
7645 218698558
15738 871308948
9867 405445034
23286 192151923
16892 275455609
14230 690586682
34383 526874859
27954 410333676
20483 196784437
25811 80120580
8965 133309036
4927 593770005
484 455679515
3652 826775563
7357 889377545
26571 998286515
30488 969154739
34966 511388363
2363 57159881
8085 463714577
5357 332793791
15806 195905858
29622 931224640
1902 460482466
27195 443261304
16380 606304836
6090 442849037
32510 32063356
30972 564022233
31106 347719990
5179 260759094
9860 551491201
11772 634843369
29189 924814903
33773 84681654
34051 838397814
30270 119791621
22867 870505665
32420 983962032
4241 410951709
9264 202617765
22687 350999418
21783 700842521
8668 356722824
23349 347912612
10195 450505838
3084 401380398
20974 106859404
9060 388124680
27799 393025721
15067 463019465
34562 158772824
8076 850457226
3378 123297919
27696 849456046
10630 812915654
22140 638898660
32494 863568895
21126 633994304
6514 523623675
30185 821286335
23930 983510749
9054 65588705
10552 29129341
2689 76422802
12848 790358941
33552 545019191
11146 477151853
17721 545435681
31598 956975643
24956 585545943
11830 247391493
30482 248210202
15896 807969808
27520 988875793
33094 727061901
5993 389066240
16840 89202072
3051 196867274
22019 602032008
6663 295738347
22946 608531899
20319 220833962
6486 260540477
24758 987564587
11024 975813970
3017 610472613
29518 391780138
20508 686655409
31575 974142166
23890 735235940
27395 954832007
7319 346133914
23039 160946874
20807 659173666
5151 533245380
7867 655062236
10121 793932427
11222 677852081
15824 510551837
29875 573389731
19999 475309600
21206 162160325
22246 20761362
20252 60706582
20368 558473855
9775 233307431
18849 82275119
27369 991781290
8860 818804265
21092 509923398
34648 93381530
10719 568515260
2589 333133520
5180 580439404
20401 139909562
30790 729030917
25084 353427760
23670 123341781
3484 673389654
25001 498783409
3278 997967249
27156 6331995
18676 116424172
31433 178255924
17673 197156473
1832 332535549
26064 594937970
17382 695838197
4312 110615767
32835 416739364
20605 932065052
23733 17904704
33539 705305187
28139 984246566
16367 991069900
19836 922543437
29832 833969799
24546 451681676
17444 760216283
12062 950430920
28142 224093939
30259 513897486
33755 98185497
14040 612800601
31919 14833303
13996 320938279
7758 177693140
14376 105023634
10304 927953019
28335 632064450
30999 837482092
10466 604281658
2151 162980503
5272 427329002
23699 956821032
25959 385860789
4531 410397418
14773 845123824
28544 226973442
2148 116527723
18411 397358491
5801 271833557
30600 84681055
16646 114064729
30575 950850093
31785 49840630
19767 349047922
9158 55775209
18566 244582615
16584 809561792
3152 742261296
10876 655938933
19845 163108133
19485 536785294
2919 340143550
22903 729756078
25683 233194115
19166 825684971
14379 62110573
25963 942589885
10534 791074760
24153 721974678
7024 579358580
4118 631180061
1504 198250697
31279 629196044
24135 221507938
27300 38863774
595 771417950
30507 311672540
8348 803111990
3757 317561351
12196 592190697
18311 245449419
24620 59415009
29834 898603119
3165 283451915
1158 478272658
5903 697997293
11949 909501972
6063 263849167
11658 757048192
19756 477704026
5035 303707787
11387 817760611
17956 146420009
22770 720345828
30656 421341198
7939 722799198
19808 431744634
13116 956733648
22586 899493539
29408 996814374
25135 810300442
9750 835270392
11909 955939273
25653 786767961
30083 179449615
6200 842251959
5855 195048387
9906 229631030
34933 852571504
12516 157435781
23758 786364125
14250 537653937
21793 908797739
32784 135009099
16216 764844176
1862 802732858
34381 18542032
14510 263080403
21350 647130694
28057 287879173
15150 900120697
26991 369733387
12076 13105121
12086 751641732
24065 649504323
17584 645596637
1960 859964661
25244 352352135
20868 421495364
32903 324723587
23209 535336723
13596 478141419
33895 147907768
26884 126933281
18095 293379622
32775 508263506
7413 545994652
7185 266075252
21519 235339191
10263 196146748
34749 451259974
8784 365858002
19381 874065996
3598 529594349
28259 807255236
4116 545043733
18182 776137054
19783 172107437
4747 29665485
30847 142102600
25689 470230562
4806 422176289
14228 94578212
22001 133049627
1865 480478123
19778 845293753
24040 746547512
1565 836826696
11379 210846216
10731 53135734
14676 717779641
30881 101141354
27073 722300156
23752 34864315
15439 517810017
19036 537234935
12696 355072381
26976 819520309
27831 799536949
33955 758120574
10088 274189600
27103 89189323
18658 997622775
33291 928190552
13191 495663899
28465 551432173
24298 993266435
4002 771493433
6111 259419918
23479 695952542
18822 93947143
5099 806677239
7727 86480595
11636 573264700
13563 98914840
23787 857249628
28413 442449274
11159 127294223
7853 388051343
9633 868880971
27238 974660124
14938 581912041
5560 781934001
383 624737811
10607 912336172
15204 239589009
7212 970019890
29168 633660388
22957 600712624
27016 802172743
20555 774160364
6240 752586386
15500 941768002
4920 765662925
16720 48893330
4735 877818853
13236 654871678
12312 284213767
19032 872029191
23290 618332311
12208 95491715
16427 674184257
34181 563774763
7034 621516588
25987 135061437
930 146506550
29177 39352050
26525 221378273
33015 409200376
34552 877686171
15248 784311289
30231 802847166
22521 169140414
2241 561317545
8580 767552198
3658 668759296
23320 276991614
30590 516302977
565 126784592
20112 711763647
9604 309064647
34913 455445008
12190 37476835
12664 980298433
32872 201347475
17068 266551630
20551 60624971
11542 414723860
23152 122390915
9122 204096766
10933 849645882
24846 223006141
17856 690578354
17985 692023868
4668 936178106
31305 849435894
33130 413507507
34898 358454706
21000 977071492
34597 279977604
24433 960845336
26876 682662843
5188 455578821
18030 666555685
4301 973900392
6638 189865744
29702 98987820
10543 875147022
27162 677232314
11206 826403835
17882 50102278
31535 755723571
27335 711741273
9990 325521394
1482 47996313
19192 859126406
34437 932813658
20381 233043661
10782 13047412
16698 441197158
34197 311069256
13522 49884164
33488 207292178
17470 272232263
4367 25766745
25906 389739348
27443 360941760
5218 99902582
34740 350334381
32976 868445931
22469 503461004
25729 962222963
31549 261624796
29770 212797154
22333 81873046
31951 262800892
31731 534747040
16241 963757649
28803 353350774
12510 646231402
25971 927000464
1617 347714524
7447 285801853
12787 586527372
25292 247002497
11797 491381683
30341 391277822
11726 338121686
9765 750035199
13696 799898388
5872 168784721
34665 163497280
7960 513578596
34030 576799501
22192 554770704
34203 540248730
32582 833633795
23380 801739283
13333 29382756
18649 544841705
5045 206225568
12929 933087145
1761 488361570
18327 276524782
34214 214694411
29985 302952682
23115 125469832
9320 204183099
12497 459753
11347 568932451
15968 412106970
22050 197650008
15035 288912554
16497 534606364
5853 19904828
33281 801538168
32235 870401099
13138 474121330
18285 222798083
25641 620241031
22465 291632813
7240 472753859
5452 744296599
20214 525615223
11630 446462964
688 311736052
10344 559802897
30539 746815712
7265 760231938
9594 13587944
9211 308874614
9661 939619377
32970 547926321
5887 939865863
19868 296553933
32994 186968712
1620 651524477
28051 899183827
27846 360817274
19358 329236151
8082 182294721
3735 143428522
27692 397932459
31757 705662071
28691 308272843
13809 978292555
14177 66771605
3313 613681686
10857 861133214
28322 765853542
9956 565924559
21663 437489148
4061 778394098
29148 583051941
23617 881475134
7385 910326631
16470 917206558
14671 827947166
19040 596801242
25298 315955971
16491 364687201
28615 826460883
4469 319688329
27497 138203719
20377 635105314
26854 941072455
20126 663050623
8885 618809708
8834 342719114
15394 470741575
4140 824196176
8927 494919335
32727 557314387
30243 326520420
18885 158502993
32698 715673999
8864 84001250
28231 541026633
33385 313762155
12237 362894184
4496 215523610
5910 571502813
33396 226884220
33969 851831595
22765 891028568
34281 227907930
30979 549415686
13395 723281692
28861 566081079
23570 593233857
2052 220408322
6152 816229067
6916 756104971
9802 584136658
29758 652873505
11243 138967845
30217 598761044
1097 110979245
34003 727360289
28734 129348203
11149 858009017
25256 805100598
9174 777889250
7471 543340926
7796 928125120
3375 931770508
5790 180888133
3743 845389655
395 599443515
3635 742003377
3871 815842087
16171 824094130
17490 144890060
16829 139795272
8034 965345198
25093 952331231
7916 917461198
21918 396163410
12163 776982023
12331 19033926
18781 761390418
34936 994711056
30975 987523468
3774 992858041
4193 612655067
30884 144333444
17500 944858868
24125 371049225
33027 818474871
34107 37089903
25086 335509612
32671 853463599
23908 813861851
4003 671134465
12205 396196965
2680 372560457
14545 437121280
10914 125143735
3117 276940606
25976 831689210
9059 522619326
1871 630756059
6957 764490346
14349 73389764
21447 212935188
24221 260472017
25003 740162886
25222 169870287
20432 64402496
7938 724403050
2717 351859222
9191 901580668
19601 673728196
27460 172484112
25949 424713984
6842 136943022
23926 30647260
27944 816430551
17605 795966417
16124 901240250
19102 56593309
28793 471795935
32622 623341513
30194 585768244
9276 648069091
8162 68261171
26750 398976819
28676 150098070
29532 848469051
6867 382898108
20538 775805550
33795 969389296
12034 75883150
20195 488377271
31709 464723651
29737 451498317
23559 450036490
16993 982723215
16567 953206026
21586 163451762
30658 316280417
1402 835671163
31103 890977126
29793 958824954
13877 429002339
27737 318057564
5575 948112924
24411 974772307
11329 934199145
22711 672173398
24110 288156337
15640 315496577
13367 74270073
32290 408618214
11652 918999343
29171 182605196
24426 305954207
868 511391705
26241 153053241
13787 286158342
26615 119290363
12427 672351715
4823 91794397
26098 863105557
34666 768697227
2617 447622041
12859 510179694
10334 822591015
34194 685920044
17102 39089644
19202 548260287
9141 151354386
30054 219102175
32920 842601226
1858 164576029
9388 372743015
22823 914287700
8003 984645807
8688 461517222
5395 596302886
15510 956927761
28138 819324863
34632 683075546
9874 668949820
17963 219560737
34152 597380387
13044 965523403
15036 927691610
22514 936379778
10567 133013866
29963 540248364
26727 780897632
34640 32082167
11924 445639727
26735 179603512
12001 474383606
764 58351969
11279 888059839
33874 581060316
26060 430959006
28913 854040057
26459 444039381
34916 806208938
14911 499559706
34126 435694813
9074 794162529
24491 371915497
3917 723065979
12891 852035818
10845 119699718
8272 968747070
5486 480526314
21634 520677135
7851 332028712
32574 39609404
27475 693947253
28403 168957075
27643 135977049
16692 600857957
15511 311158604
19727 634781264
11368 670202507
23098 439316265
25141 644350447
12572 20607324
25168 116686779
2219 647868806
21952 800370044
5831 618197103
16705 930771635
28496 119199007
21558 726681846
15819 204366949
21626 180505703
28702 248359066
23705 944466375
5096 963078469
29435 511159840
1632 953347430
23618 273840377
32946 420478074
34627 4876157
29504 91454888
14449 474991685
22107 181576245
23886 794003723
27257 739824055
9189 722960869
29254 887768781
6568 157002086
10202 549521027
3206 384869904
8649 243125322
33863 35998200
24372 939797921
24014 744372318
29145 13222607
22665 434902007
10411 752174262
3328 502599858
15580 540185940
16576 230853923
33868 687634862
11378 36244841
11484 449917757
21382 856309415
34163 835995819
20011 608682336
23439 324572534
26670 109296597
20379 989781665
6784 906321670
23532 351347951
11010 876318215
9499 251463899
18343 277706978
1222 932740328
5321 881991789
11250 356078846
16679 369832832
32612 564903198
23422 128001736
3593 924173695
564 171947062
2383 491810347
2122 281752334
14621 711200651
28547 270922712
11923 210926416
26482 978528842
31209 635406862
30130 383848100
22980 838104436
10781 414516206
19362 528622517
12820 442112587
11692 195209031
7610 262769683
29720 567746508
31391 582792468
27171 498449886
25126 597218637
28388 207740872
9912 800620732
8644 215511301
31547 987374507
5199 671467765
19219 975838417
16960 841312990
16674 438694118
8425 713846634
18618 15011304
16603 133401083
5419 878042122
5164 713279158
22452 883416712
13194 241685486
5359 789158185
6079 197468059
9726 417002566
20425 365378215
12874 833967529
14904 524526159
14507 846774080
31473 238796325
17294 23533814
15191 37233420
30574 482579029
14467 253664320
25291 436344713
32361 440942399
4608 219324048
10352 581215303
24217 618880916
16536 381956095
22641 325575999
33031 458330540
24259 421294084
21023 193374787
385 779105270
32430 597231393
34418 140557971
13122 566947408
11382 519596692
23371 209852312
3794 554976784
10490 226700847
3367 480164245
18503 745650617
6143 196931117
3337 372770955
7036 82610575
6096 777666014
24305 50122116
13271 568778943
29462 718552831
28910 230641984
442 218509905
793 502866004
5319 616351440
12493 222877374
5811 612956805
15853 247454604
4568 1880121
18324 101710545
12040 336465413
3594 706517170
12406 312505623
5674 204778114
33770 390709591
32554 588058921
26414 491433132
26363 980767383
13310 369672158
15341 965077952
19924 294201331
1180 393492977
20937 350240105
32303 769461482
6609 535956888
14534 4575720
14820 288886100
14085 249474587
2760 673841995
11281 287576761
20887 339362851
31125 82779024
12642 675752703
13686 418825563
30957 134495278
11269 586958777
32155 36835340
22580 522864108
27765 377364030
8636 548011010
17408 561797795
14313 242650704
26042 412203819
14839 424410033
1953 182046965
17338 877142910
2753 654168489
23041 168086440
21061 373096051
16884 292526509
13655 532222935
13547 326964215
30014 231411402
14930 659011512
27999 10443211
17585 108759403
588 10912598
10691 327830369
10724 428668154
29989 598236717
3827 298610384
11291 490017479
19579 744440124
5334 95757051
9501 774073120
604 815975558
3544 294515023
12978 977624431
8662 864546323
31393 248139438
14166 570913801
25485 934919501
30989 563090248
6148 453763684
29926 263609748
5955 451317570
28420 480680996
22896 801724655
21383 806801279
7833 390164957
9631 483175685
4988 393524832
25082 906637548
32986 223854463
4979 75721281
2723 122042506
493 800154748
33794 164220836
22158 976288572
22432 694019691
239 152137541
32032 711422969
1120 221870083
13323 840437288
6665 888136610
27397 508985744
3530 839400185
6451 790480406
15099 351726687
23112 223859040
34723 286321467
29302 701705960
34999 134632965
32801 697336320
17645 548357300
1368 748704889
15315 746623523
14008 598330704
3952 607799100
17875 288424229
18371 897443557
30947 110461750
21423 717215878
15173 736920979
29064 612135731
7598 142838835
18955 756494634
5590 798064925
11439 146901536
30611 441462671
10589 537021761
18684 493903445
6941 697956067
12997 549933833
1066 298058740
17578 397565524
29072 873508217
16383 617058499
2162 951341882
19048 401976355
5126 293506691
19183 480934274
21450 895398986
15476 118411620
31152 388443107
12523 898053304
17845 25867345
18022 811693688
10076 44970240
6026 862808761
33293 9318084
27135 619126262
11791 420599798
9625 720829964
23593 15778367
31822 335650741
24019 30979859
15047 821218315
24384 948511721
32027 12701095
17769 514744411
24995 855624959
24544 360529015
31067 892956195
34478 762296002
9626 39987918
5318 940624203
28144 149033376
16510 924291266
34090 863697994
24715 445253004
5507 928273356
18174 253440656
13652 776795126
25571 499967093
32266 100741853
22935 859749935
34377 816311258
29517 68636889
1894 302594085
24222 6222326
32360 863439143
26390 842556044
13425 1208636
23992 272985979
13088 945216795
1920 689360546
26034 218275689
18644 727877504
7895 583698591
33432 363907069
18667 352342462
8155 403916734
5158 77765390
16706 770052850
11133 255551152
4618 182023022
2618 659022210
31374 978708031
28837 453075677
27629 333639374
1092 907606450
8065 162533328
2735 687748201
17433 6849770
20423 732901266
30685 219313302
20898 797014798
3663 133745969
20788 183160598
33807 907346933
6055 861101554
32692 541735434
11385 97501309
15259 923424855
5227 190305124
19657 818620951
5451 746663694
14607 466055219
24076 684313559
34379 12542824
24317 683434420
12627 392494872
9309 416869335
24877 467864732
34909 866237953
20581 9039091
6854 14739943
6695 417508348
21484 417270127
18110 408046465
1709 329092795
15750 605437535
3491 844114761
14569 204791275
31790 96387417
10672 185031854
18062 968608988
29105 433869694
21739 756493458
30789 825695489
33004 553657088
24845 846542872
9808 748018329
31227 591189116
23480 301298641
231 361726376
25286 552712001
7961 78180246
7443 688849349
18720 679198683
9233 722551087
15601 560013391
26987 87301495
31410 792884900
14257 923124192
11626 854242489
19542 330035304
34458 941133381
15180 557028363
599 752659720
30644 443490197
31523 730613150
2802 720071464
28622 315323889
9864 312678074
16197 187126919
21398 279010120
17355 943115929
24150 45743430
6929 406464439
4099 315255167
28217 404938228
33395 785881040
17617 206724407
21866 505540531
34423 702646837
21411 753024777
16418 740723309
24802 547345252
31379 636070835
11148 73509232
13528 15651669
29614 646657534
25751 195469418
29076 291252739
984 5459429
30441 879542718
7840 738243793
232 123149780
30324 50332709
14478 529768109
601 513281679
16305 569972699
23188 609660864
18038 152152251
18474 528997101
24812 201594096
10000 719298979
23037 74876111
18564 461662023
27304 332448881
25958 765760467
26577 237429830
9002 121436703
28340 455125785
13745 857728522
13322 81906624
29080 344754169
15903 823005360
14311 756900157
10593 374337969
17476 40905880
7654 941701127
22441 902480030
23261 797295685
31371 725810541
3802 403337417
16243 123246526
20530 38071215
19322 528753314
1879 908669067
22458 181444231
8188 949700693
1649 254605958
28228 614202562
25042 787974646
32098 518761566
3286 370683137
15599 99764682
23536 817184561
7324 879269255
5140 741896888
29923 631299063
26367 307653767
29617 494643060
32262 204219098
16190 967107443
21568 782766390
16715 656318252
10979 248467688
8984 155023145
26239 199598726
5410 698959656
15964 371350198
13027 216464687
6230 182729493
12075 281809207
5884 898734358
24836 853614547
32256 662528343
22449 684375458
10343 91945262
21370 475007932
7070 133876372
29097 992376547
7805 821028215
22774 858725233
24900 193591483
17054 900784063
6248 169931238
16021 212598531
17231 144360068
21702 96782352
26231 155888423
29526 742701224
9968 861100627
11776 58212338
22798 23458472
19591 31631130
20905 419577403
24949 677726113
17671 708683665
34569 411646191
16596 773365106
2073 685792116
25436 918699393
21871 915454431
29502 29448244
33162 636958704
27234 755871784
14667 335172697
2272 206616975
12674 890510958
4859 923443174
14128 93299966
7891 899426146
28387 119357559
3759 399212998
33987 238256007
16285 676400817
12325 221568369
1154 683872144
8198 128476747
6979 304188989
1075 720039993
34074 95392359
9368 774242744
910 627216025
2564 869819009
1188 412150961
25544 783172992
4669 339906264
23020 159214200
15704 732514489
12204 646554186
13500 389166626
27375 342095118
34118 794214224
24303 555802438
4006 558733272
33913 453616472
20088 338860130
33050 280712907
28073 160752935
7137 501833309
14557 745429921
33016 370793033
21700 226555858
30700 192250880
14526 450318957
25608 28557979
23837 463186512
34862 83883622
17086 260551543
15982 7032546
28095 117444164
34053 161879861
6629 684622973
10920 781883455
31653 602362771
5181 926010105
34953 680249392
17734 544455721
1199 249809307
10237 574605896
28472 636702186
20041 104289577
21395 746827521
10974 966492780
26874 359003098
9093 465452899
34416 139237941
872 830986625
31639 258219532
22181 434925954
9670 157693047
4051 983758749
32241 431803164
4219 770223182
4653 428930895
33005 101408651
15037 424700649
29728 9611978
4848 785549316
18504 700625683
23457 3321697
9008 519116241
17048 182387068
9030 848621125
13615 104968882
2170 695568174
23438 108658446
10030 249338706
33465 449535648
18103 471138819
12718 177950447
30821 532095665
26287 935707884
5234 596025307
13411 475101065
33413 34486767
17165 61148808
14005 897881227
10078 324430034
23880 35907931
32081 838420870
10903 891038113
25023 330958797
34026 590694286
13967 436117610
20142 862557638
15380 705838720
17908 939396616
34333 927611479
5599 483018767
24053 323624954
21855 815730837
4286 832499300
25722 606281389
12461 975784070
24550 672902571
7352 730670614
17246 72257962
5598 857885831
31929 303239483
11137 299089081
5301 690341216
28545 295348738
24120 125579537
18540 486423711
1325 221732722
9232 305125971
23153 800149429
12080 631085595
7655 729542609
3540 620033794
10222 384732054
18129 919759531
24106 201324176
33578 682717777
20057 584485904
2080 577919449
3422 341208371
30077 825864041
4471 783675651
28489 16168863
14503 212803410
24111 1649505
7394 938366975
19472 358086324
17232 568813422
10116 509068174
19618 833091567
7836 112984415
22331 118528493
3242 283555961
28733 677903297
9862 907993523
26944 604749951
10106 378104134
9083 540724705
14528 623319261
7351 465182861
30867 677233926
15725 859594757
19639 517857225
18318 298814024
2393 61570219
20463 444212540
2986 666760524
6049 653590969
8156 6783218
27811 728647557
33357 64740797
29921 138543700
10764 314323210
9498 93933717
24779 251854500
10144 72688730
12633 325983071
10351 178436728
11600 465079357
10640 656694589
11816 935112131
25549 156034087
27097 143998096
14199 31568756
31111 487232640
10285 763361705
10358 845357010
6281 731108669
7708 993300100
34329 745621230
3973 505777222
21870 625459261
15294 558624126
12825 269724553
24197 870882080
22606 156508745
32221 837870461
8411 225991530
2653 509496653
1740 556034852
25212 652560154
27634 314057564
29935 859670237
28877 938341736
20927 669458786
19045 870492478
28004 572930943
29507 744589569
33836 610847707
21542 274575688
4827 779262619
6736 87447138
18550 109551559
17255 516560706
8925 455831330
24625 653187834
32077 654690095
12074 71371051
11434 101860043
26243 388544144
28925 961967684
11480 875330032
30057 520593114
8334 791549969
7729 208273853
7223 258095095
3788 890873550
25913 931481081
22463 342777134
29451 445460347
10971 396560789
9574 844200918
19344 555654639
13605 644112353
4814 539583320
18762 877015152
15017 862239682
12932 933667534
27014 183598787
29139 902382628
10759 302540084
25043 195460538
828 882686995
2565 205458399
20413 286347230
8253 476358886
3785 530046660
332 162261904
21734 733990499
18218 561262961
10031 751353521
33655 261986040
4221 929486018
25596 819164840
8951 14087750
3978 79552161
11469 134634616
31406 600883789
25998 219299283
3914 365579287
10252 362025932
34056 417545999
5380 66043932
30767 538228304
4501 462975086
31560 35550271
17720 629696703
22276 175998565
16151 902185777
15531 709291621
24164 398555275
33682 966042037
14469 538291255
20908 29544065
720 629744407
5194 472279223
18707 777857939
4551 855351329
25250 164039076
2686 6964826
17195 865160247
4796 533183515
14473 182421658
23339 509958360
5305 397326599
12739 150444116
18952 926366843
15143 766900067
2594 264897329
28961 663804990
12094 898356563
23838 591719988
1835 227805164
24399 636997283
7230 403980689
18236 622791163
562 226773667
816 892413972
26572 750911168
31737 920204131
6066 18343414
1564 22397538
14194 383186434
3514 117225136
5934 398598796
21969 571503875
26891 16988759
24746 924611711
1079 360857134
18253 539214422
33979 745908913
22022 602193208
29160 484399306
24000 936898211
5714 131882258
13588 498125822
26343 434641357
2967 257599185
16878 415936130
27485 397758448
18349 772364390
24838 255675052
5442 660492497
23327 662490022
28114 794880450
11473 298488393
4000 682153905
30003 792474238
33492 616189829
10458 102926639
5450 260587409
3041 993362530
13550 649041771
28700 799389488
23871 109271359
34410 606365622
23333 279183623
29365 112676838
11334 846602892
1739 306897245
13602 731838469
1759 348894225
32336 489755116
24506 70826217
24292 107794632
16332 245589495
5632 879001713
17680 964876646
17650 126057761
31690 644811229
33414 853348263
16398 114986929
27828 786330043
15006 284352275
33207 99975338
26388 516026851
27276 169123656
18734 591365140
10705 49602926
29431 245720186
12028 351143011
19255 773881944
31325 846434399
17029 250713647
24201 340275110
3060 646482654
15933 95517907
31072 575771870
18057 139233318
18208 428814938
14193 225775656
798 955658633
10085 121941386
23191 557633971
22464 907327810
27825 668909039
9610 863102126
21369 872434572
26102 963129387
17679 171337644
20869 507264917
22644 722254891
19775 893979568
30137 400013652
8550 206553180
29819 439349907
15582 731944331
24679 245667398
24090 969083588
23021 312086564
12038 209243199
17006 224323185
8512 178977945
34584 624504660
28166 452818474
16639 973533016
29485 603490321
25393 855156672
1344 62264221
15565 573183170
11517 64816127
26233 872983499
7639 73560785
32036 770138250
1978 284058920
15665 464726301
15970 632549642
5602 244257307
33331 564485537
25507 528230497
19749 338236013
27470 400991337
29077 10130011
24336 364912598
5708 511561667
4936 736530227
20393 190509708
22642 905946457
23052 429758979
30770 744460686
18737 324242764
24604 376944098
24458 984071371
10424 259092543
9464 582258821
13182 337119395
19891 638612902
21738 567993916
11187 819470729
27781 732305856
5172 941897068
23783 53701411
33565 146736539
30026 378858910
2517 763844652
32810 159375562
23901 28539131
28369 373507602
2323 429519592
6364 738943387
18761 637741192
2936 57196240
15446 810238196
17486 360287953
28814 931831064
24042 891085776
20595 675322454
7372 798241941
24395 198367509
4234 445956078
23175 923255157
30263 797918323
24096 831282128
25349 406978444
1238 719239770
11917 695398421
32414 549971667
14486 411205359
30042 225281932
16240 271624843
31616 675980254
18845 268881169
9548 449603214
12396 280700557
11561 734957111
1495 89792559
31887 549381382
28899 274719487
30967 735038088
4614 910714568
25428 615053429
30092 66427719
26653 349812150
34015 416541647
34854 795349286
22462 897803576
27628 6312296
30219 28430862
908 189931255
23134 794157168
9200 618879495
26932 861028464
5858 882656661
1307 733657245
1783 738597048
16204 647076727
29142 51419256
34875 216584601
22141 657126887
12098 113115255
7087 534519879
11077 86866265
33040 469175233
8781 496925091
24834 360673736
7343 176074951
21184 816276936
8191 975115064
28782 377268412
23654 666546563
12369 635290030
4441 816449812
20719 897939533
34093 699966692
5476 96605306
26415 733946508
4195 923794315
20751 54870986
15922 491052782
29542 948589226
29382 329120818
30138 593935439
7739 522916302
33993 547930661
27391 422425353
13524 776856150
15697 242054047
5344 29032900
31586 631330307
17878 981828450
33070 345922409
9800 815651372
15910 207560433
20447 29545519
21347 630580686
17267 404945278
31276 944401638
25853 910812150
23676 59488408
8587 614413773
3694 55830907
31903 535552161
31640 190960642
7445 221043245
3061 328703622
30274 510413088
9692 304442169
7855 604169336
28500 746188948
19398 440965247
9312 662777079
19507 855377116
7191 217073257
28146 436989950
22294 925520608
19009 867266079
3113 629174105
29022 610079141
1418 199099271
5324 353465589
7861 791389639
13857 822973883
19276 90285040
780 676586120
923 701815113
21420 154268522
18310 576070653
26254 105228530
10044 58832985
30240 68197484
23978 697795689
7585 25671296
15705 366902813
23913 455281047
27441 600847817
33940 635688628
30879 326677344
19423 447065073
23925 958892519
11087 3869531
15702 46269870
31439 42953766
23390 209434531
1447 523042418
1232 742681224
32802 433595201
1717 672760116
34199 344708916
6950 804495735
6847 72359891
30681 819100418
2456 568043342
32416 303680852
27971 679712405
8520 562530674
19560 985670442
14697 698931331
21760 930803636
31873 447711910
6392 678078543
13889 399042104
27680 119784123
9701 569410415
5198 150078325
34624 40198224
30854 848031284
8952 570742755
20941 577224216
3585 81477213
2622 493856069
21736 843158682
7225 449623647
26886 916775883
25312 632570630
19604 286650221
31491 670387922
27457 390838640
9039 89670798
2033 452409312
5251 560549383
10588 148208692
20058 455058172
12524 685400049
12154 89621412
2179 519033816
22302 95153600
21050 297786265
33944 455663838
34533 684288879
6105 736857164
14321 722158942
17709 798187187
13711 804449943
19486 720388295
32985 562996689
24414 8624057
8413 451746643
64 507828292
17652 924598346
6555 188260650
32647 676932122
13731 674969164
23234 442473040
475 987203821
5827 120315471
24771 213447258
9480 247635630
29265 557682438
31056 745346319
3604 948670433
24315 116690393
13460 508274139
806 261023558
33690 932475835
23619 977047548
8510 304167334
32939 468842675
12206 378722559
1367 521174163
2058 104837986
34375 345890845
31923 952251908
32577 621527337
31249 728681941
16424 752901964
8098 125433169
556 235764835
32049 538798869
3718 124991151
18385 113271361
15405 191105032
8643 163309039
13574 8865162
12727 38679260
21515 434385360
8632 356611762
17552 471830876
18140 708982851
28970 401460942
21619 791656827
16664 382160794
157 254998000
26112 41254987
16461 861655786
11534 420858260
9910 581719313
26922 532077896
29444 632866031
26634 122440265
30965 496183341
19029 874474422
19473 153367130
1943 984034521
20969 318456283
17018 635392249
9924 214961845
5041 897476248
766 216404834
394 219719555
19751 952635587
21762 757560807
14236 243203334
27833 193318162
28846 349504460
6442 529197775
32456 51680909
16160 897800421
8401 733325075
6480 934037681
23130 340164447
31022 759908797
15683 416547175
30361 726471586
3839 914644161
30951 663272282
21193 770950137
26508 69200187
21166 759462994
9101 999156421
31734 678605073
28751 630560053
2446 986186354
10309 463951236
25128 361110275
4492 496816501
26736 344857234
34170 950243169
16565 767451926
1636 225543898
9490 103860675
2642 369679676
10012 221036473
18748 769961492
32203 832105857
12644 701875152
15527 840467084
34683 138741065
10716 295765912
23116 191737098
2469 942698602
17545 560590299
27885 811401364
802 556646098
10348 903044568
33651 175886068
12616 999069618
8766 14893851
22053 330485087
6556 501626279
22027 211149556
5741 647332972
17532 895211799
23447 382372359
25155 252420183
23351 2247620
11088 419388391
32104 412166162
25099 681156727
28310 478570148
18336 543353637
6959 526327350
34842 294301615
28450 703887873
33631 368470513
8423 649897978
14076 806709169
26026 222083456
31213 147707025
33223 752201590
11051 490629721
34976 883016947
23973 843150028
31480 21600247
6544 277461112
25249 987511061
12611 661632554
18205 49940123
11942 706454056
14995 776612831
34172 662008161
10419 799847659
14602 421202260
26295 608884175
32827 381084644
32693 944383164
6679 201538795
17905 537270172
15023 583029497
16317 604858766
8653 822340776
2663 500354537
26992 691489184
30605 811026618
19030 666046209
27985 214674414
15138 541008550
13670 862256007
33160 258109064
21669 813407056
16004 332884946
29436 393836026
3136 353980067
26676 100964680
11429 900535176
2785 300037021
1662 216827087
33889 390707468
9001 16466642
30714 233074604
29800 252599626
22487 818349234
9441 253702225
14233 857627887
19922 201006192
9606 896123990
17763 821918167
30471 82995883
27995 50523506
32962 988964835
14859 59254946
26534 814548915
2092 369567165
337 77483883
34534 207758133
5939 508413200
905 448048269
17639 471265849
4445 716542623
4092 177353302
21998 586030767
18306 736395466
7175 72464081
19446 156093031
28131 862984158
24144 101197083
29640 622029411
34179 350034110
28773 929799259
18539 360747393
17762 231542358
28212 888088284
18640 155615692
17692 159402295
2357 170059398
11418 830197310
19447 43884442
10754 695716922
14863 887514273
9433 732981749
27082 840559596
21128 804261339
31269 56044967
5814 466838408
4768 785781835
13682 960132975
19800 306785025
22917 363581411
2710 359615667
22656 303443517
26781 562302881
29836 143286041
32943 184181015
6898 559261991
30112 712802517
2742 859407188
9653 852488886
7837 318866833
32009 53221093
18705 205424401
4229 179743449
10122 376925747
7761 173833890
18982 242416232
13956 268869501
25482 919505899
2139 897574243
5100 501586960
25081 371385628
13249 816612114
20232 64308424
14278 555889945
16929 69637857
7067 851081615
20609 198033845
33375 904505160
22732 798759634
16776 123261963
14386 691827361
25331 737359548
19354 898137618
31137 924873796
21635 558996883
34498 938518087
25835 72403851
26039 822909977
17056 849513342
34590 672950154
26882 318133597
2662 971674628
32632 671575055
17260 387114289
17871 66410188
24220 99679811
3656 805365446
19337 238861461
13013 135546241
6383 100668547
22869 966222138
17776 691065145
11436 807511930
14725 575180338
7963 813447495
25196 992628971
34006 769200171
25885 165279396
10996 517699355
17163 292974506
30368 729210767
12000 805489545
32373 551063175
28483 955582399
20496 534638444
15298 415123838
18309 75516764
15056 289165714
11254 797589137
6903 211398972
34971 542368044
5839 632424275
34139 20643279
33210 655134392
15736 44690192
14919 66342364
2449 739284428
31981 820061993
22378 908543130
28706 957865924
9197 966409275
17799 372718105
22301 857689286
333 982375626
15839 943409782
29263 840944843
6768 318507763
33536 198000461
28609 143540375
12934 747748748
19852 545849246
2332 712762301
7771 204543867
33819 381637672
24231 65677082
29572 791252554
10188 380863879
996 652663923
8291 256801997
30752 323411493
22602 100102463
4112 191924837
9841 698590617
16542 889726807
34822 859508072
24159 219435254
12082 619837288
15328 547004929
32199 543318295
13739 712881814
30939 60366179
13753 829903851
14787 771385789
13229 855226483
19173 592861371
10068 475371255
15458 575814476
20251 600541984
26025 45848697
31629 884210431
4565 632204902
18629 625271563
23675 334949254
26216 242073504
11298 601090819
15629 448273599
18063 150636682
5908 335148760
23522 411530754
11086 610061054
18576 779879058
12172 51752912
24935 805236603
4127 844980754
6369 69104751
18928 774539970
20980 52116416
20302 846694283
10525 912433530
25682 277613670
5819 223924919
20265 53662928
34066 503996537
4370 525772090
17133 724744910
2180 344578871
13397 405038744
3350 691509770
14849 826810952
8715 482700200
32630 237666624
21722 326203687
14726 871118169
2881 374612147
9979 752082340
10936 453047351
29322 318001469
20668 394770505
8448 207176701
10859 347509570
13127 79009514
17308 923622556
27572 721193230
8183 789466207
6973 379858882
28572 394083376
29337 506587237
7074 647760304
12601 704709974
24896 549498226
34650 228741141
29783 42466114
34886 613624900
13633 406669309
34780 213498512
964 377788944
21682 146780250
13888 126076959
4555 952770455
14494 753722125
20272 41064733
10811 495024980
5106 507445717
25371 435809708
7793 201772934
28755 881386639
2526 271538917
13501 348930951
18092 798397905
19555 53403129
669 347802339
31293 830948936
10638 337920923
15644 31645564
19874 638191977
7260 165063407
1252 659309859
27207 580111426
35 442430460
992 347305522
3885 337760367
8298 854496989
22981 135863724
22241 865520301
12883 449644766
5025 280805799
22862 669516583
32116 326036939
31784 405224485
4082 990123607
19210 957766566
18938 650813863
1095 852610904
19965 776697401
29722 649630038
29198 414984660
18066 735356418
2512 620696574
6141 108817123
3503 667531498
29280 648698456
16616 109575176
13636 384401045
20362 83172660
15054 667361113
32431 643867143
33782 703073225
22820 50573058
2133 702842416
6036 725380543
28162 438647353
31036 779446775
16307 288120707
5127 611315706
21604 317555648
13698 635279746
28159 209007314
22704 835204852
19776 946720067
17976 799655763
16101 826249560
10171 941033147
1544 121674512
10805 645195525
32814 364175539
6586 749936259
31449 825653489
11531 118828180
32374 319738199
30398 905519669
32272 242259741
30739 872069774
24194 186808264
15366 246175307
26384 166220726
11523 237808980
34987 833632889
27625 488214655
28616 682899324
2330 28885595
1856 146455040
33498 205605259
1726 463963567
33157 745799196
132 143728672
26466 287751070
24825 861980279
13560 730696548
18440 523449426
6180 417912089
13408 632340603
31261 907009390
22421 599142442
6939 424891902
14841 541266226
19793 711610351
26162 546908306
17208 833982009
33791 367831642
21840 592216177
3025 523832510
6456 527248658
10648 789683345
28409 80041267
28264 777628399
23293 466892154
33686 637779476
25040 580706094
34566 400849520
17275 544643893
6333 614657783
15079 652186754
31601 474091467
23514 891754762
12466 512057306
7243 689935473
22091 542974192
546 806749711
21449 600218644
29781 314987684
1715 653548240
33731 298026211
16179 295764407
13714 287450508
289 6174590
10270 947082322
6399 114789538
4473 358618596
2261 469418912
11134 591948647
8305 244802045
21185 161101861
16559 346006948
34791 410136164
3968 664660452
10540 84068750
11069 942535179
21225 507546651
2948 896574563
14795 386190567
18875 561996538
16494 728934172
25897 913484195
1231 885758448
18319 517710333
1810 555880811
26774 30105132
2540 816497390
22495 59181948
31683 573749786
30609 952927321
20552 443177407
30813 9186258
12638 177993547
1508 96868415
11756 137026757
33296 680439161
19790 71534115
25519 246673403
18660 725317293
9885 714753801
2131 899609102
959 156303182
14296 385766975
14342 142039904
23382 108876881
3497 172746646
24671 559067859
19952 221246896
26744 48393478
33965 134924550
17085 486667997
9913 972311542
26092 310148225
25785 424435098
27295 701317071
19795 170602188
27288 673982893
8863 430689507
20623 206687955
29531 882396045
29060 261493928
17808 781305172
17474 717924405
1687 336427389
15785 248448883
6414 300997713
15379 810071667
14822 13712621
10319 649490292
26186 204241362
34938 830032463
27991 147684858
30439 590954309
3578 501242996
7991 48870316
8582 173570396
9541 199984147
34647 152979879
26964 415566826
28049 775339508
17160 126124086
23257 488945446
27729 454232067
14661 156378227
2990 580141510
24244 999571372
34753 984358786
18960 251404525
16771 336129822
23898 362661855
6850 603540688
12033 518220933
22579 812082383
30145 18291687
29311 667453187
7829 463806424
28415 379489079
7393 567813466
22043 803475659
26164 492496662
22688 795387910
21797 887843184
19797 478597622
7007 264102961
9477 636137027
3721 917674144
25615 574769234
15186 613455780
12663 809268108
3081 79915368
12981 158554383
7053 728322070
11724 743769278
8768 301921464
7822 384740643
18891 149809097
16034 300926071
1661 17088663
28467 677118574
22922 279552100
4261 909537617
34603 192609791
18881 686444843
30647 321850140
30438 622143977
28807 367539107
5732 64988799
17920 492131021
26249 479290911
16754 919433858
14900 523223895
16633 941702567
10694 528180029
31174 574597908
34489 876020447
12936 180393746
6387 41939042
4066 876352450
30938 992710656
26247 72390704
1290 251537917
18984 656666562
11974 293873269
15281 392504469
9889 944734515
26317 958472707
29379 401113238
956 507998988
6716 72994836
1446 266690041
11216 588059421
10874 570646539
9223 496089735
24209 607906385
21508 823608835
23525 450528700
34128 77470094
8233 628562890
27129 389107944
6031 799861704
12120 861129568
5221 232870572
7603 735934530
20630 704495713
5692 983497865
7263 376060749
10837 753119388
27434 162832739
1915 803526450
12015 973049941
28330 847231902
26207 771284051
23781 916821301
28608 353758913
2621 254684546
27252 580548930
32158 217157859
3818 278801624
30699 727636701
724 668639139
414 238649594
26406 171779886
15803 760555724
13057 686395719
11799 795580957
1509 824597565
13110 921795421
5209 996296978
31310 742519892
27412 623417634
4031 73663603
27147 171352748
6683 808902296
15754 811872468
4635 629289992
33676 637175139
22663 748407486
14898 885521497
21113 596691402
22617 12587292
21570 844855161
4402 678663181
17711 337118081
33122 465205309
12454 642895869
6774 830942584
8292 298747682
30866 187626760
25438 593951302
8642 390402287
2215 316088050
6857 637266252
23090 718460520
31288 465166687
20833 711663249
1361 932933273
3311 312692356
1770 381220568
5345 698151132
11453 754150019
14901 766642488
5430 37584989
20783 316803161
29543 715152256
1382 964104897
13288 174637022
17785 469640967
8358 128746107
8950 374018179
33939 203153239
23677 246462637
25441 568638965
10017 712311312
2987 576771461
15991 904144347
21629 901384942
8607 480738400
12808 730981112
30621 423456592
11989 209432631
27980 371087239
21284 945910774
14011 450015047
16158 781842090
25052 782518087
2008 887620795
23465 456239252
26844 65119452
19397 692249405
3516 506102751
8730 318983517
24115 880775810
12440 995069091
33453 740970314
17330 805004104
483 642409611
10587 601483930
19228 884323331
16077 732855726
234 489940421
32769 556291445
15537 24530864
6327 306200045
31238 69854081
15614 960267971
17954 830104876
9153 206153859
19936 307559725
33892 174989212
19369 479030284
1923 883668385
18636 909816549
10100 137039471
1668 824244100
4998 677879641
18459 657198566
8993 595900893
19409 281697697
25402 192008144
33386 941280756
18767 387460529
20406 978485319
29828 388568957
9680 805522445
33137 163008539
25771 894761122
30100 216010058
25451 369383469
8059 835672023
27244 584331478
12384 146451788
440 427180228
15865 900270569
17705 808046941
17852 77806321
9602 98355101
2930 592865683
5885 916252121
14460 432893359
27631 192848240
26377 876430670
16441 835075434
28546 721907599
32963 480395503
22169 207943082
34518 244420137
10704 305413323
4345 575379344
7017 989627529
27702 730314402
33216 956814031
26221 786526395
33800 378244745
13285 684151489
28628 339310859
28997 826794069
27661 807037099
34404 339707012
18076 779837070
30417 948291440
3771 806454708
34620 461612303
5973 908463541
6476 450525353
269 413380331
16182 764551335
11684 827799717
31489 403272158
7908 810717607
2712 267024395
9542 17948795
19943 749836914
28253 159884826
32964 111416884
16635 645900152
34880 669406635
15583 767488392
19996 594388818
34639 111641961
23924 909339134
18835 197422548
9973 231321570
16827 204783403
14799 493029530
23044 908976072
8919 696527068
32350 821362266
30499 258417890
11078 502244594
224 139685178
25110 286723467
24985 463413488
30414 855833122
14198 953342056
28607 134836445
5515 807635806
16215 725651893
28293 322129930
2706 194837809
20862 800897117
27860 355859415
702 636939608
26660 696818179
926 3771618
31661 753813932
25427 985556541
18165 119852716
2276 10098134
33429 832019471
17483 690438450
8719 523386808
8840 35900485
33657 431823734
1312 662566738
4039 439334598
21624 902444649
18813 978400575
13494 241381049
28703 85852362
8896 856260911
12438 581697803
6060 594971612
14339 436884851
34528 774662010
6047 205357112
31908 107609285
31059 716073790
5842 297252501
24725 509375497
27127 677254028
14110 156517765
24330 65207340
19956 637997904
6502 906711548
25075 876944568
8827 39709004
5285 518749756
2608 768666045
24313 725229480
29069 852029576
1782 931777385
33324 648783972
16743 962980371
9666 412653945
17990 911169966
5250 87126156
7162 876599143
14385 971523497
14593 619975025
4263 412996204
11496 341858186
6203 865990188
26852 666268137
17427 778859587
13084 502319441
30828 211049132
3062 29424208
15699 538235408
20896 309715654
31884 118787345
14174 142823275
31009 669022178
10734 501299827
2022 33567926
7292 189460849
3312 465949517
3351 204464237
25605 456926128
4388 259722970
24333 249307278
9307 981431928
4852 891301422
19197 616580671
29998 106348018
34943 944028293
13824 152608961
13778 430185982
8690 116632736
4990 511635706
16980 233517517
8906 65709189
1746 212319491
9682 540836852
2274 551386306
26794 61564656
1536 428238152
20917 445245934
12537 563495706
2445 87431577
12972 512179935
22473 288263421
936 995882329
16772 113812514
28318 581368080
8954 983676853
9444 185141850
25477 565933892
7945 963243093
3027 356126003
32417 358036394
28473 968146492
2011 766037774
23860 570216445
3194 869820031
4989 930617493
18451 949610952
31218 37915911
28490 831943859
30784 407183390
4715 874214687
20146 234295892
29196 270381431
7155 262968931
7646 961166857
10228 646418686
27385 13727684
1161 731491473
27273 76051802
20109 929142545
13966 284129140
22309 231090060
18058 902925473
4911 200993371
34810 423082023
27590 718789839
20906 873050275
23008 84626414
14655 879589680
25038 351655110
13472 137701711
34231 425049229
15905 847049061
14196 378048514
666 300718181
30993 628115517
31817 805404078
20037 44372858
2453 468902166
29664 937328171
18839 181081190
31540 668316276
32677 386408975
28169 502281941
21016 696300318
2227 428305583
788 112006921
25127 469321076
7381 689205497
1010 267992742
1315 187878671
28533 633510663
33627 257970875
10835 683413863
30367 797270684
11479 183139712
23922 533030750
22548 849254771
26225 662081160
27606 436917038
21742 917197511
13562 83115660
2443 135853820
21478 410075875
16283 354905616
33559 565874692
30633 952088885
20682 784758156
18513 642440243
23917 758898603
26284 118472116
5118 539359080
11103 505782755
9241 790476009
15422 738327160
3758 142594843
31068 323638705
28365 435439884
29330 912372508
11860 465896778
9304 65379537
17229 655382837
34415 815832783
4319 178275067
6742 883191418
29126 507019130
32344 861030517
30844 630045979
24471 189007701
33163 332219113
15481 163481706
20675 796787841
19907 249275235
30777 995911822
23485 708107973
9085 692163473
28105 211478783
4974 166882079
24773 445297845
7633 416147157
10448 426508929
27094 903675832
4999 788827260
10645 583174266
27437 37692435
11140 372736787
19583 133769003
4117 558395210
25019 696816146
2985 181773984
16465 451865736
22157 78424729
16014 501030100
32654 960851522
29044 171475878
8040 327058276
3155 15816063
22654 20587183
26362 102312898
27839 960974691
22399 113947542
10537 797159930
18434 661333568
14343 971702016
21955 656054557
10381 647735124
28638 347833160
21653 494624442
197 469992875
13970 345326452
30453 895727511
891 665169952
23148 762045553
28021 914294306
22931 500167689
12428 938136757
4245 256911678
9401 942127233
18425 377241895
27906 219634172
30251 248123497
28823 312154313
34721 781963927
20894 636037080
28835 602842708
5733 867745046
15909 927824130
7081 852347222
8222 244182507
19613 434937613
11287 797684871
17872 655148181
20382 297480166
1374 95074915
33046 873368448
4088 661008406
17347 990761733
14025 756915063
14032 934835491
26738 64798547
2947 78539258
6584 486092578
15719 271390980
7952 679156682
31017 59253653
2738 114142976
21757 121167622
32038 672424792
21482 981146914
22031 514681105
14700 929818488
5470 221888795
9736 705010569
2774 662038773
11162 120631307
9303 891327919
3738 44502214
20512 322566568
2178 642439175
3257 608868619
16232 129592890
30292 772547553
13856 704640204
10964 338869157
5496 632550043
20748 345167933
14729 821736172
33259 983989166
28048 878740617
632 233146431
12198 925474120
14055 845099571
32261 181648315
23723 274407761
28246 236822444
16235 366077735
27877 151914980
23105 573318481
3692 154519350
16386 957986603
4444 772029562
30492 803578883
22435 49742560
17123 164310774
3258 508518787
14446 229727477
25301 925671611
29805 154508902
24519 758022939
30207 578442704
20509 118371785
30201 360844368
19419 548470563
30159 60051015
5302 824361611
5085 776400258
10955 874340101
2460 759276646
17351 793523805
14319 291661751
19477 349288992
7558 696241529
18261 486395877
26579 49138382
4194 594660161
16056 210026613
2136 563289798
10794 901815744
2600 786345585
6418 66567437
11392 317391025
16005 708266930
12241 746514475
544 187291317
33953 523916140
29399 708875938
12970 961416508
27469 1744380
5178 422980131
21711 583188717
34989 542516969
2556 886887140
33354 794186615
30331 799660376
1375 54562605
34655 307632894
21613 346400238
5936 752978918
4685 614006204
167 442899236
4543 905336122
28155 162163109
2077 330773831
23884 42689116
14309 388102020
24889 79362424
12985 588112341
15206 268734632
15120 774482301
9099 813747524
10405 284442936
24810 254233317
25214 396007429
8464 241214117
11420 567034492
12374 766600870
34930 395809255
10736 981544126
2838 613989415
16553 420723304
6509 903635500
21896 196603520
6424 830184132
25798 886628974
33570 107251879
30861 650719663
14966 404843298
21729 900903575
34579 381188836
19415 163647418
11624 953360249
18994 528666464
33806 465796768
2157 261550448
25887 488164886
12268 726350023
11236 226418069
27396 970872651
26798 313484234
31654 540239887
2034 100223599
28980 264327311
25880 382419298
4664 152428501
13130 799525167
27202 511177763
22342 872757196
7188 984763321
8895 557116648
884 915503445
2906 118231749
19661 478536456
8461 552398647
20087 356825425
9572 808113817
25280 406942141
25197 42318729
30964 877094366
16334 10046336
29011 101922113
28464 817234344
3636 363338403
25140 627839124
30419 610754217
12116 28294956
3862 811383544
11073 806865716
30740 34872892
3195 335895143
26084 453754390
3732 680963348
10280 643003451
20821 25635537
13825 407645932
29979 283191352
15891 195823741
23147 434718371
209 988443550
24299 807321491
26237 792052175
30008 224593544
30918 462489006
19711 992632111
28419 846220819
320 900164770
6720 523654429
8912 634587618
26709 153061620
16803 984924169
13203 425872296
22087 883053226
34355 417718021
14271 85462795
34113 224885810
25622 903368151
4154 233371698
30749 614609232
6056 132541245
32551 336010617
32788 208644063
23795 487133688
17638 768561020
34046 522645647
7613 481677356
982 202007315
27829 890172594
9489 816200483
17616 224647372
7435 160180053
16041 73194631
16688 486670600
27753 925646428
7339 956837741
468 737735753
373 179726653
15687 710985844
17350 754884820
15371 26332866
24116 301167893
5803 803890155
1657 171252474
6605 412090023
1129 890850114
16933 366964171
4315 951825489
31123 629968528
5054 214779343
32746 718834223
27428 227927271
29412 998387762
40 687008878
10379 535220020
20137 804365086
21301 501795235
33353 499553565
33887 415785786
25884 858970754
18940 847252323
5362 817990157
13355 326389806
1644 386073582
19650 379947345
22737 90688850
1754 413289283
28643 745787263
12607 910750606
26955 626227717
12853 812183069
3830 39333556
4575 185724450
14135 265645886
7312 548940102
4001 968975062
16152 809993103
25748 184491768
25011 474255911
10863 191614596
27689 358577897
1757 738348882
4790 747689395
32405 168366945
32123 165363050
12556 398106205
17699 135321554
22524 793777766
857 314621736
14294 52950166
4335 845353714
19904 129929048
24971 752389689
20235 427189922
11371 859553231
12228 357144771
23706 980969624
21277 193564020
9140 504889977
34078 697678210
23310 713498440
3064 463391793
33141 836608624
32164 907212797
11560 601502286
3349 825771263
21846 921826441
3005 108433989
7318 839845670
5185 571059413
12834 114070551
11739 647568212
11938 162466041
13155 468925313
1999 886015962
19212 116586803
22325 49012258
8911 648008858
2997 74931972
18745 651935052
14833 796924726
31992 115431461
5822 292924884
18710 70848331
23129 847857345
32245 373056961
32455 828634372
2922 219557576
28742 258677753
2798 918825624
22572 719270477
25864 992837696
26271 445418073
11657 655340751
34234 534236594
34912 488816362
1004 879567879
21987 904507129
34698 48395571
19696 310684027
5588 489451623
13949 786989235
1593 992644909
5044 252492938
16162 10504434
18499 134957798
3137 117086980
10135 416392064
34614 125386509
20948 674042975
27894 337810494
22269 832995865
13299 169466220
11082 191433016
34156 97535847
12037 710009183
20458 193400183
8160 273928620
1072 499455164
13011 126962654
2294 215291710
1838 27268473
13758 390052071
31979 119330162
33637 758158545
15856 274476744
13303 66746239
30620 832667970
21313 753501296
29222 239477486
26078 302250935
4298 132568565
2782 740473661
3431 764653791
11780 601684246
19572 685284514
11076 741828794
9731 949819866
25745 55673989
31786 276533558
3541 181411673
1455 879772750
9325 86978381
21010 35491131
20942 383512081
16024 597825586
21503 724510012
26704 339077323
7876 376991477
9373 770230176
34570 731415815
23489 991679274
3626 812097933
16891 234657588
13226 446410396
14433 520381426
14516 150418686
14742 504000800
16372 805245509
15949 15280206
22176 714533059
19892 95907619
29804 943547447
5994 134610189
32110 798463653
19375 811135099
8209 525077202
19517 491746986
23895 752333441
24685 144596878
17484 445500209
19648 957226417
27286 501375096
6913 882392893
27741 830361466
19528 699212177
13926 815324448
9329 472511776
24278 869712789
34394 24452506
29108 832609394
13 31876320
8145 847228665
13026 247252891
25044 670660241
14201 251606738
12538 463108528
32196 573777426
13569 20404163
5389 842187910
27169 275162834
28591 617350587
10926 993401740
11223 826546989
1237 989427029
5169 810860338
5694 386857552
26552 485161856
31930 981986452
23887 348258521
3226 483802429
7988 319778182
12301 325826810
2497 907875932
9663 91318338
18911 588545225
16244 596254397
11699 115323267
11751 371707757
3401 449741255
11662 489179672
15237 835187158
26171 439800200
11663 760922053
21781 760257633
28244 710176460
15804 866626789
27229 496185793
17708 558362072
33926 737793288
25521 636903125
32128 264461055
1329 487522934
28041 352000480
2737 20512732
22367 241594903
25879 354655693
27522 188509621
22036 621748969
4357 471254860
6015 860625318
11101 854708163
19754 139916504
12146 54423020
1229 730702229
5374 176770600
34122 617073871
4844 625097833
31035 40641827
31267 599315122
20734 766352380
13920 68699477
6734 177474718
30744 517360009
134 388744271
18863 413383545
9918 351560300
20773 340499675
34117 309763703
27574 67874305
27019 5576413
17166 559256622
11143 567278779
4726 724711435
32884 203066176
19781 502508440
12115 681145653
27403 708572643
807 768515894
4336 666750623
5899 351970656
20728 892994060
6069 641090780
11235 812846797
21116 181309360
23841 713243212
26088 98319709
1111 582257392
18581 931180002
20320 371441196
32589 842053702
9062 724019492
29964 463514624
16392 765109075
3071 287744746
15406 918760896
21143 56985135
5405 444387405
9403 246419601
17111 561411196
10518 815558649
9919 577389344
20348 616087544
4615 968527038
5805 109835225
25180 793686110
16819 660316969
18130 298023491
12660 305525268
17974 398060608
33551 762229459
11018 412359699
20540 901755080
8821 251334541
33294 291958261
7599 219022960
4216 531458983
3801 281589982
28003 31498346
6065 854695534
26827 759989039
8058 539180348
4251 644212725
23815 33261824
15635 665038187
19725 865773667
4763 842796089
15432 218955919
23038 358982241
22888 812616924
27559 467213657
5177 32935507
7095 609438855
3905 798228081
26569 800436727
3355 223547980
18325 525313944
29884 176726855
12137 261973904
14875 41262146
27884 428654752
23004 792197772
15751 977937475
8949 949214605
3916 744720394
5023 962044025
14616 952118417
21522 932053061
23713 375963254
28785 133821022
12974 517722133
34492 164703734
23045 196446399
25348 558085066
33632 322806992
32706 915051060
1221 902111694
6225 517277710
27909 836936941
8816 283631591
29372 617888367
28440 566030269
25366 746013105
4392 564357412
25823 308702072
17122 360332841
13846 772377075
6062 696206628
897 836197322
20487 214694434
25738 647995771
12203 215306909
11698 379041149
12885 797646367
4968 557193039
8328 820339382
4640 825056716
34342 796213573
8776 242415887
8797 59958952
7760 821442188
13218 486228562
15647 845378633
9693 617448162
26316 966368918
21977 304655229
27431 43394710
20279 452786210
17644 967928260
34382 156400224
23211 883723667
29157 186814425
31155 441368232
23322 467993721
30741 518928835
26562 680094604
22791 607986136
23178 658673608
2705 256948676
11508 426940913
19038 633414716
22879 373075755
1760 277608751
26644 492475963
9143 132108519
12887 234192699
31804 503665718
31763 632702716
10416 365806091
31411 615324903
16525 146122527
206 591672176
32899 699761888
10377 538462338
24208 823915580
16295 140944625
21835 82184278
23099 954146591
11904 513432667
30193 537841263
32847 537180776
17323 662154225
13161 37901224
9084 432556116
1540 520496935
33489 989789461
33279 634721848
8027 377153703
26997 616929138
33398 559791179
12857 596269566
31670 709349221
29525 740242037
16807 28736021
23184 646676891
20152 77233059
21265 503026309
14970 277118901
11940 441424020
24393 251093822
7023 448226210
3105 904186917
6601 751137542
14669 262157960
4057 379566981
18933 106656649
1264 47084191
28614 803276240
22601 196189718
4807 820464438
32192 732556599
34702 279032497
10141 701676102
22537 263849800
31336 378033922
30697 911536628
23250 629068842
31882 766427386
6956 414901906
624 228920029
22969 369717138
34002 147032415
3949 892227011
14295 685642963
32407 298563831
14855 503352326
8333 458963215
7615 561048228
3804 437471853
29124 559961048
9377 835597060
613 472269895
11332 591689244
34222 763206614
1927 26837353
34944 209057627
16786 54820328
23782 136278359
19273 606089831
16165 107160988
5478 663714867
10957 146521479
10491 46007396
26741 31415263
10335 398049409
10762 564145056
31026 677114627
32678 220397421
6700 449315143
14982 162922441
5366 738915421
19452 182022053
31728 337071989
3322 214623808
12371 192212534
13061 586461690
16781 248840889
27290 242945001
24818 809847983
1130 934090166
8388 362077865
14626 951199710
25568 932313708
31944 605101460
15211 446979797
16854 367916595
33006 420286179
8303 657536938
7093 118556651
12622 143074582
3038 418221283
24600 489320533
20520 123268168
15498 704516118
30885 342847299
27201 982034912
28649 745887581
33935 754981382
27912 126593098
871 504212315
33245 620126881
16957 819970641
13156 983961089
33119 247790208
4303 820147698
34386 505375997
33677 191674105
25257 127453636
21509 297220063
228 828992381
9823 454157778
18838 631134300
30779 104297448
2770 619430425
10674 299714834
3937 317672623
18365 692961124
14024 751983766
19582 588453047
32712 293726198
1000 520689717
10953 701930939
20960 452312249
4627 422119953
14111 270413135
31860 640467608
16144 450923837
12766 824883845
28474 913732629
32947 500057266
17831 179553489
14793 828387201
10991 136095994
19567 40673517
30223 68388176
27838 989942500
16931 943412366
6699 463164253
6199 853338640
28385 816640801
8228 584670250
840 399293553
27679 866375503
18143 462035292
24070 622198006
12457 858998694
16922 962540254
17065 660779817
12758 113640897
7932 288138614
7014 731901892
30220 577604706
5455 166489735
26972 81992644
19819 970557890
33870 985060047
34413 333721720
30119 708033848
15564 302670147
16924 198384421
27151 53034547
32868 838521050
22647 881978011
6004 753353451
8566 908424273
15595 813229649
33789 405578743
25609 120262586
24988 756761285
18775 290466741
13140 65539162
25775 133604906
34094 548949183
1081 533419976
24467 918913461
2376 824284820
33273 918351541
26792 340935699
9845 561612338
23509 262180722
5799 131145905
27268 805588160
28321 170856987
5578 600467087
12914 893945708
19064 910624249
5499 913951226
13189 740103005
858 770830031
3420 2157128
28717 182057186
10438 649983041
7680 803986864
16710 674699238
20828 18077917
11958 363063323
2628 85433865
4629 533153816
7143 512530224
28954 805706174
9783 148750162
1059 367320346
34992 557738984
18685 606674954
1993 634702776
2056 411032745
12475 76152694
17453 569831613
29333 259955986
19686 112847738
26143 64241634
20226 72635532
25129 532146438
9474 371610601
11953 459107646
33580 318001402
7617 972295522
24952 925040776
2321 326438726
24999 111855755
31498 908374754
3595 493041005
21603 432535706
8469 127556250
3078 748829441
8199 272642697
15435 861027236
27136 504836274
21379 641855738
21007 524884259
1432 401183781
31390 166001115
30474 978794203
24257 174412575
10074 879494847
7789 274121692
20511 846854303
25777 827249715
21043 176624821
3016 271226996
20015 994056409
5624 535085314
6907 394189269
25203 651085756
2359 995141032
14946 640696967
13410 977718493
25731 526974458
46 393152228
17190 180343872
11005 442369305
20237 271258465
13213 255260917
15954 876539590
15892 908270766
23745 441150954
15292 960587921
16511 476034609
25660 163886137
32330 464304455
28124 996738598
29984 532155862
11654 820089336
3478 240347999
29218 797337109
27008 950356348
24854 867179412
20717 243873938
14283 95477743
20044 884595670
16728 129903376
21651 334507853
33958 569941545
7333 10793772
29587 309548166
27402 224358652
17567 687578205
13938 495989998
19880 594177000
20103 369388662
25213 248906983
29028 668343695
32813 108764447
2536 454063411
6166 897772614
12945 148296680
30079 527847979
29954 999209310
5081 43980157
13089 289790576
6204 212408016
27638 376029443
33319 129596309
10365 442217259
3950 4035168
20083 365057641
16630 494131367
19651 529834545
3275 865921241
17945 340584269
24837 508865131
28514 54567987
11557 857161841
33613 153386401
33973 182295484
7575 259528621
18528 517052276
21035 18460464
8477 399240717
13935 243123098
8615 990550606
22150 947297809
9828 738353558
24902 405875556
28378 854040041
4144 943698676
15412 208677620
11138 719367773
18965 308225716
19805 203486689
12343 595784720
29980 505790104
21394 137862320
19688 615875834
33270 202495907
34205 417126253
20149 733721905
12308 968964086
27843 923459465
6912 931718879
33111 339827018
21880 388412937
15756 513720022
27299 409457584
19296 133317076
11344 132313897
34969 507536675
34176 837978466
8078 892837998
10275 871255096
32875 814316760
16848 775523026
29116 972420105
5893 867922488
13497 361548795
21255 403393534
2141 649642846
18914 555207347
30877 939351749
32400 394218891
19499 566480214
10806 721054347
20358 777482907
5653 589709196
27184 800757655
30635 594845475
30408 461761804
15514 696555086
20277 582832561
31132 143890241
5592 673077444
25362 429266286
4184 406559230
27068 502911996
21865 217692139
23513 720033467
29608 405070016
7404 638096031
1523 935662821
3723 750976805
7519 985352187
2117 99126740
12422 894403179
8429 601517938
22382 702104986
18995 537831018
2500 63261662
7756 339795870
27926 782462416
22924 591135472
29922 817170747
827 428831640
3510 974993167
33251 914468916
11152 72462136
15966 312378528
27938 660165183
18654 137202425
27113 268567694
14585 956676891
30660 499266010
2091 774082116
11715 407218494
27442 936384792
23934 40617355
34724 223474912
21418 929676987
19738 56029185
5917 413610951
15337 940209964
11918 254025407
15230 648480678
4090 429528286
22062 565379427
22908 7829251
21544 35428125
3750 3295570
5356 208857112
1819 485547971
17354 736144178
34143 780562711
6320 114288855
29413 389929127
17254 365909034
11840 948837142
6587 744304935
34567 703488301
27960 808287187
23412 448836289
4886 656559855
21242 164765040
14398 387781801
10441 452829502
32583 507276787
126 217481518
17292 397415824
25396 412216415
15221 154467464
11083 259170435
27152 666066994
9691 574084580
2942 791425748
25053 769352944
1466 74708962
27994 304160623
34466 525047970
27183 740444446
21844 560135022
23777 973511781
9599 315397015
6083 541420382
20629 672593043
15670 85594187
17979 840187485
25892 922075317
3873 494752036
26471 805194115
18448 758112753
26324 35991969
19578 524147799
26380 711107040
31315 801442575
19592 424553144
9202 295001704
9551 642253907
3846 900491919
25674 993193499
9651 111389132
29592 563118258
22880 484781731
7781 801571130
10231 138118632
9336 24374193
23233 940784067
137 984296939
1674 81011328
25664 905332010
11062 138587335
17104 901126601
33200 691457793
32809 664776052
32717 729142762
14459 866444079
23104 851662892
12980 605558042
26722 177460353
4295 945569188
3907 41655280
10246 484400448
33445 556746107
4776 398484755
20959 345007915
7457 529918598
27898 21803643
5610 554560904
34879 865871000
24401 477832642
8804 599043312
18232 660288163
1360 136679778
1958 488273784
9687 99092279
24490 247350252
14611 437843315
26947 91166907
9134 348531893
8201 4028440
4159 941743207
15392 489922285
32747 634472094
17690 143152257
14692 138555748
11625 682106512
28559 813947716
7561 593027755
11481 851695822
17620 366647318
22866 649450396
22376 709108473
32441 231110231
9198 736169271
8000 478327478
29881 522988315
21934 314248308
28368 146401341
23538 957768300
20657 797486579
22817 577029510
4202 680877764
32910 728943161
33759 244660179
28992 878344642
17326 374772192
8053 482019781
11141 518736284
2354 143054092
15917 847480372
26203 815055342
14020 705492142
24323 429504786
404 938272012
8218 448627287
31330 908209177
26318 525649690
3808 877166972
27133 199520687
20035 858892643
1119 333127520
14751 882830765
22919 981684016
5721 46238309
16855 619277539
13217 861537327
10023 149880094
12714 210447070
14075 199937324
10960 464668908
8177 465388585
27112 464111542
1291 244557698
12353 420464104
8241 548231860
19635 91288080
26937 834037490
18334 244506580
3157 287816705
3787 583507491
22897 202727452
11313 807330558
2573 121750050
13683 939400297
17674 526242274
21136 292509609
23032 31064002
2807 696148780
236 59763757
6453 66881447
30257 223690713
30039 730835473
21600 1286999
31428 332208680
24474 463755954
28524 80994109
4676 527883996
19709 784920001
32172 389043458
34054 811831972
17902 127913950
34433 69214281
4892 508865178
13429 70658746
10999 547678584
21891 968146141
13308 637599083
6464 911560030
14881 728510444
5036 318943694
1857 404826544
219 252674335
2625 877862774
14666 603513724
17664 27692458
32287 492706736
33725 982007330
27006 404012831
10664 125271595
31050 997687647
31299 412418738
25652 928181024
34070 199952761
24389 667075004
29812 213109417
689 712037641
2254 618065935
12444 245783321
29816 249409355
15106 671360765
8263 164389026
27340 384975484
7732 966249485
1561 407007419
93 467195355
14851 533953602
31294 974326903
32148 591982388
1855 911773848
1868 712897556
8498 676088860
34651 573372067
10383 628521512
28499 90806527
11705 651020045
33840 232141648
29995 685262550
17157 423455300
30173 191313170
13883 817148413
20912 393920433
6849 263335349
14665 289262946
20910 45237366
13623 915574126
6255 814768330
11440 991896173
9239 855195977
3610 71841036
221 819869006
23230 164582640
13037 531272133
28272 344310310
17923 684989740
22832 728623755
19149 279586184
3144 208321248
33437 540703349
29692 764271518
3344 314840726
7255 720150641
11908 379230054
23016 802774889
5375 19528038
18032 124037290
33155 284865675
32751 733792157
5774 284165542
7058 149069852
1259 934410529
24530 791942992
26659 791534531
16387 111692812
340 235932821
4643 677272957
9484 61598153
31582 604570822
33104 929723558
24566 558042873
28907 959660356
18260 431443346
585 575509574
2312 56636069
27414 367641805
18824 253723656
21784 387999875
30891 20034948
22785 473641525
18621 803362689
18015 680777121
30179 829262611
3536 824261210
30022 488158967
2744 190477215
28876 154317269
1889 90910776
9129 898533071
1184 95357005
7117 384522084
33013 621485932
6465 628843474
22701 143477189
31403 247001428
5584 851813121
334 650880948
28314 927938208
7537 772289809
2311 685478575
30237 26618347
13256 367726262
28076 998384616
12267 384912037
20709 454637572
24450 943202207
16284 825852153
18675 800340047
9785 224291875
21410 312841438
28631 820968784
17077 636397964
2126 554455981
30468 845322912
31361 998168900
25634 914666819
17643 664491925
11524 223104618
17371 338614887
5547 856998432
24016 252113345
34861 301478369
25488 779153933
12784 178919713
3834 284905140
31146 146702833
26502 946896439
4871 629007607
15188 533748034
12786 105692175
2566 472682648
16236 277116541
21819 417675512
27213 677221431
21828 588530952
9266 889688725
15283 956050175
28181 745022177
3701 988194285
9018 460128842
4775 714012792
6748 838821198
16981 245259553
331 225474919
9722 927607479
25025 933374352
27927 924322565
8780 641920415
4143 402080253
9977 376765383
3902 263166233
32955 501742622
30562 757158940
8197 106733483
3996 187834401
10882 380177727
20153 677928285
12772 83847428
18291 908553817
7337 497292295
19665 61919770
12921 822549309
17284 689406814
4577 790262918
31432 287367360
23121 414446457
2939 445803357
33537 575696646
20792 305162592
29034 864914259
11925 412045512
647 418536187
10443 200324894
13001 511680745
16734 86406484
21031 771239479
27020 597338186
22745 350117322
4150 335427491
4098 571614179
10497 243509687
26578 251731606
23231 796188106
18209 483802517
5513 556681525
27595 766559737
10119 683649383
20263 527309428
16604 87720343
15877 841365379
25493 544001094
15645 646587611
25062 215612099
9526 146064283
3498 149462152
740 74048590
13650 951904401
3432 398055969
15376 337261033
2368 756481538
2581 408029234
24449 269639401
10292 660461626
24580 225977136
6816 566105154
30564 137519930
33019 841370991
22318 174393095
30827 610622231
28209 462335883
9674 204010751
11936 413226673
5229 194949539
10748 299664978
20255 519048283
21749 469246232
5111 663271801
15606 929816030
33480 89120506
5129 321842437
20405 345841950
5189 100071272
27772 39938898
33018 988357724
28878 995837614
3605 991986069
2848 947088247
23959 777994969
12861 721930329
11520 329071101
28957 60234897
7679 397792909
11763 657063703
18743 283258023
15825 79825670
6960 348890472
30454 171792487
8775 246132177
5852 978349466
25574 262885472
6557 311628482
9081 379644289
21444 682992225
15488 714217970
11893 950671902
21745 909420554
29277 919104003
20285 48779747
5248 625508002
13845 406130785
1453 357166792
6457 978247951
19098 650038828
8471 33524332
31980 919686228
14518 152838455
454 441759925
20069 439492750
34764 218395462
18254 311069862
16552 554759046
26791 391002542
21110 56515281
17779 43072318
6321 780175509
2333 291507175
32270 796096899
12515 963449625
12035 130907853
22829 178677732
23909 294032443
31494 602035104
6828 604254126
30007 150275082
11679 344325627
34322 396617271
17151 393018903
7099 566952654
34455 273175060
6955 872290113
27483 369714220
13024 374129838
7368 911935348
19223 267967939
6123 230207541
3861 332819913
14838 896685568
16665 810123796
11607 866793754
34042 517959558
10072 941460318
26804 945374973
13147 677759658
19366 149757122
23512 329462133
864 381914530
33573 354723036
2398 607820051
19124 338862497
9584 276620600
7644 941681579
23852 529716557
22533 630985984
7675 170184571
17918 123373579
32634 234978971
6053 480854139
24732 167276654
16680 785230790
29348 435996558
23089 159302786
27662 154324601
17353 460775165
31876 834352969
3004 115171632
32279 931775934
33011 829817695
19234 96940651
3452 819315478
287 646461012
29590 544470460
12359 533693837
15113 999162185
14730 788672445
21082 616546548
30104 447542361
400 724906760
17140 979380364
26597 574880825
19791 762929416
15309 545008361
26624 494263305
15359 882129481
20659 437016385
30585 154269611
34395 735184052
1185 640913848
30234 876604125
22426 666572479
26742 636873697
23442 825079250
20023 497113766
20584 781170378
11688 22909723
6681 275131368
6899 867698774
7973 964963111
7900 114310312
11735 10516435
23821 149360271
1747 990766504
13627 728798498
24123 446922033
17473 70629154
22767 730897073
21227 563568447
29165 956729049
30880 409818585
6613 151120659
21993 569712682
28497 95600151
26862 601021413
28052 94403124
18997 256093083
28325 877962490
25037 492205041
25158 413139645
1901 894158238
14147 840635901
13913 701455756
8196 69917371
8955 11100907
21195 479265990
24151 822441724
21787 137973031
1463 775409829
2626 155525730
11808 193460581
917 151399946
668 701647072
20683 809001496
9206 864084630
28495 743495503
32877 685461701
49 229390622
14144 488234207
14252 146605787
29830 516269126
14550 817284357
18625 192811143
14015 16597054
1631 794305077
13287 147937306
27688 31475170
2641 845184847
7012 377583288
27558 634386082
20119 573098422
4691 445119617
26268 847575507
9422 420361121
31366 957984577
1730 904034396
11391 684825020
9196 190589141
28571 825400859
34571 269911445
22694 994300910
5484 26168304
19828 749750926
26505 354230703
18880 585489781
9162 318773819
16667 549792324
31606 709500476
11499 862267290
20962 367003131
7072 701561058
18674 745965139
30496 284619009
20793 504205871
4290 594823547
2458 740482546
34676 447096490
20674 17227328
159 815527979
31970 476281803
32297 675642479
16453 254598877
12629 150672214
27168 668224106
28164 672994291
31611 743247002
24 69358724
32772 218964567
22460 961653940
13994 778474370
27796 42375454
14514 535988229
15193 497754975
27841 115623778
29258 4446548
17393 763217288
7172 725665510
15068 624759670
8674 626768493
13789 664065278
24274 912694414
25975 629856209
18751 750872804
28566 842361005
679 463723446
23524 708189203
21758 876248196
22326 766872289
14392 72303529
20305 434224987
7301 408900638
3908 693007463
9386 578604180
25599 189496491
30940 781415897
2811 254176145
9429 2411368
24871 95004091
14784 567407676
33464 653942127
6144 934517081
15780 369839230
23878 122264015
2428 242280333
11295 170512708
29903 104291228
8563 248693085
16874 695060587
21391 377158232
20202 316184075
33862 152686937
34497 682283157
12468 117986304
22560 486930220
30002 331851084
18819 232078555
18873 454174760
12950 106218073
27332 22440619
13342 364826214
6261 245175983
30637 799216140
6862 762593775
17607 81740264
33222 200969257
12675 749284584
12379 266028138
32265 711858314
19843 387236980
15484 68619542
24683 391952373
33660 452317814
30819 798341332
29564 154342854
34868 323890279
20681 552467654
31023 139849900
16115 270204832
16173 977291825
34209 772222787
24937 861363795
11163 448472041
5953 832682176
5187 759297053
2247 258653058
9360 970712648
4341 257727138
11706 864045562
30388 462275068
155 774709118
11233 127016321
20897 606231217
24811 80147767
4628 735297223
33365 596979149
14330 289610586
15202 936480325
13598 200547724
26811 477749184
18098 834259407
3363 430545
24982 745273479
29753 204446305
30114 957806612
29029 622545079
23012 414076763
26478 626707306
10780 884126964
5825 474563119
18780 574248789
24504 476689562
21268 93704850
1784 994980898
12492 478058375
1099 157685526
5459 499794746
33201 220334025
18299 891341027
21433 110917874
14810 144824420
1542 520576267
1929 579172694
1351 843104404
20396 136865101
23549 295608909
17290 69826194
9376 216396649
10039 51659966
14255 820167466
11901 840953394
32590 91454047
8102 421069131
27440 768631480
11960 935250134
16756 233467762
14993 580927199
34972 750747221
19272 793376966
25125 710636303
33934 896516067
1377 28303196
3809 639061939
25201 754923379
8812 745911776
8685 418952725
24396 681631069
34140 361766895
17868 104247237
2010 418007457
19154 358334385
28549 924034622
12100 124335606
765 543489297
590 166460249
18616 883623305
980 814423886
8689 689233054
24644 998071316
16512 695977917
21929 830070868
12235 236920115
51 50294921
306 138737987
11525 867866312
32003 996306639
4766 965739694
32505 617310299
12898 173881498
31910 391843945
25223 337555624
7670 910443748
29051 441104146
25527 856618642
26453 114699912
23504 76737930
8455 939597157
3542 994326001
5287 651404426
20730 846397538
18805 45953012
13985 304998374
30661 673037496
25458 234480141
34732 215709666
34221 674339612
8703 408867272
29320 558867325
18777 872749424
7176 622107170
18721 455957161
34539 156348047
27649 14602723
29140 974583418
10569 579102392
2755 160021911
19957 635972022
16889 656393299
34237 764010518
7310 961328735
22703 923556671
20300 789653616
10302 956102273
1517 18102982
11602 315433486
34589 241751887
12479 840936630
22310 8367127
2000 57830898
28106 958191595
3811 261454025
9875 920075107
1049 996726795
18868 916192709
31476 416843443
28180 796847396
20727 117258448
28981 702613718
24584 970017250
26133 222040335
15411 551703323
7772 649107576
15039 193154304
29414 590549434
13898 429140774
19611 713171045
24751 624576905
11485 692057690
10258 971039845
3325 785291192
23794 332523223
16499 181090914
25486 872914951
12966 940525265
4702 480991248
12047 340718206
8557 854175222
3817 873856781
12311 630444756
18126 448278202
9159 954887734
3356 504652140
31034 748580778
4638 467077941
21655 939782798
1874 238815948
12187 841993922
30058 82043397
9243 354177017
8111 747766235
16638 312876573
34037 688045219
32971 329225958
13841 707013998
16937 93307904
31584 192881812
11760 312243612
6924 507348971
439 126808405
25815 789124581
17919 433193041
23726 953169312
17227 8047087
24199 555107161
25241 124071950
24127 990185846
7369 608712358
24843 289583219
25937 939239314
1834 5619146
26454 996880822
17983 241006378
10156 107349024
17283 851068637
4210 443646979
24748 344333352
7354 149069847
19833 316617888
32216 430772073
772 574966139
21953 982917880
743 472373869
26293 176050042
7161 217799448
9645 63779032
7629 645037653
19813 506000990
12802 256299634
18677 578679554
28326 162149192
22261 656990410
5245 983695385
18375 81995575
7830 660198284
27347 708596963
11771 356427905
18356 875186944
30294 890480255
27819 396225378
31866 186776017
27044 998541678
5434 376721121
27719 814805635
16108 75805737
9136 169689095
3087 531065407
22026 563203984
10899 183849625
29638 850029736
4510 871887718
2586 477124540
16842 23240358
28670 530010784
10174 264231798
12111 464529288
13804 709992410
10905 263573081
24281 870349814
21022 955986677
26345 103502586
2231 526215566
7914 335159644
25783 534539159
15914 179023903
6155 131163201
21039 145611570
8808 468572856
30460 808581615
9636 734440732
29642 781050174
22190 957762790
15712 961700996
32209 677509967
29662 353950684
16701 809125416
18840 998316646
25100 179184002
16178 169530892
5655 697769389
25339 323252480
29975 405896488
16913 201864057
3666 125867026
9042 199257386
21318 243204681
21904 287105826
17345 138946895
140 840549791
18005 912877378
24425 179730692
25123 847571576
7588 997673638
32638 305217929
5752 173421624
21330 475891055
17013 209980094
12135 939916386
15249 980315811
25264 709876633
29854 133424239
27514 149258861
24717 992578754
1357 205632328
22849 451086249
7286 830940001
17561 759140734
6420 379905414
17980 398375406
13080 712263615
4196 770675001
11252 308773937
29191 251224766
30362 714351917
25191 888010421
12690 535594225
34884 540312022
23786 97918758
7940 562126833
9504 555642666
2558 475962706
13372 819856278
27076 988957030
20174 275291920
9454 832246709
11608 474302297
1212 570802101
33728 568421911
25318 579758590
20341 773726864
23965 979098853
14980 341357369
33771 385364123
26411 885868481
1615 67848237
9193 130886021
17548 418608582
30553 665817801
20913 619701714
34285 138504888
28104 959941510
34260 648993405
17863 450895594
20863 845763645
27209 552632988
19143 982341031
23337 724681307
8186 675157207
8516 397514683
11802 434647095
13803 874533073
18783 144659596
28664 617811583
61 770126871
718 601064780
21951 550496182
11622 536499557
3603 578826222
6117 241010219
9672 313516897
26469 47775051
29906 988846493
24932 2961307
11025 309444970
30830 63699821
25041 509844074
27697 776859234
2684 466291763
1273 497394342
6755 726905247
9463 860379513
5522 845953381
20084 225511406
30890 521084722
33193 935202940
22695 359000165
19086 816732650
19079 150940534
6731 374361090
14370 192671362
3074 458650719
94 155220899
30902 55842407
32228 711638328
4477 622299842
21822 909878631
3046 340735657
27393 775776048
15743 937434601
9146 401182435
18277 370051423
11099 692389850
32761 528581753
26265 27346256
34870 7447295
26409 998990118
19529 503340128
1391 54557711
33321 653775855
11610 176799833
6282 872813340
6435 305494958
4485 470150539
24358 485625509
26333 879100057
18978 201046557
32526 145952093
7275 400805373
25691 341238506
21618 819298269
2830 873456633
6054 772482412
28802 235427687
25810 802157742
7114 582326385
9395 982462651
6646 612059879
18427 548590028
9435 315271210
19181 34626736
2422 720240852
30284 960434084
31436 644687409
9917 21809779
9699 776286393
21266 711202766
33341 780699513
6128 743599615
7124 404064381
30674 745320816
5897 856284451
3086 305867263
17749 5980620
376 907286157
20240 809466388
27 102918123
4342 558710698
26480 954656115
6570 234652472
17531 349718549
2243 822647023
31744 351654558
15790 771033385
13619 705382955
10854 91123291
26841 759915233
32356 650257305
31470 812347957
27239 947108291
32483 521028913
5689 594896205
22943 865335566
11409 367061750
25491 817833915
15677 659839174
31270 133930730
23196 396041848
16222 671152597
17378 940149971
30382 758048008
1087 75475626
7696 646352166
15561 555472646
13586 605700286
30044 437759113
10029 850320258
862 751324447
4822 398867082
16574 252684483
31846 807324628
18572 603180253
34339 855245958
30116 867185988
27038 402127638
33376 351688629
5863 433853786
18195 429405907
32782 839781300
18865 782362622
517 796171995
27905 570008750
2204 714579582
19131 329878217
23114 453400563
18000 142790284
25456 844389980
14034 657334408
14994 643021914
17406 923094320
33928 551421213
10571 517051090
23373 267108175
25719 435672261
4838 159234197
3037 191197597
4026 459025217
9774 436859921
34363 204910061
3307 552581670
2331 889411522
33173 214641709
11565 366979249
9749 7992050
25337 145535475
14878 845573318
6738 585684958
6715 287324128
19606 645557424
5865 647534283
5381 565074343
6441 91331859
11209 466566312
21794 425206412
4166 343324682
10293 953673375
31122 744276839
6705 657750837
33798 653375915
2048 834314032
6483 125997804
17492 166647722
22101 299834198
23247 6142252
20521 441913228
10941 689744391
13916 736533960
22204 904954274
9491 739318339
25104 717667366
15613 266313866
27790 859560183
9072 888591771
8343 373465233
33586 849615629
9812 582610560
12742 141095092
12901 135351689
16246 646190264
22671 784026709
6946 578673031
2387 82144767
6156 614650998
20222 660877226
23318 851061876
30456 723628015
18634 73469251
10994 50904546
16313 53570150
20430 696573261
34467 467172348
34287 421331684
30715 999372969
22549 634197780
4722 242311920
25594 608787511
19268 202377273
12423 446735244
13361 272272929
25422 481264429
11503 37379183
5294 827873388
23384 538662117
31982 874066660
643 770683172
6978 661741053
28470 723364265
18314 11768009
2167 511878590
26259 93849714
6564 273724308
4665 434169620
9277 394944789
22283 767012731
11398 407522650
144 559652037
30261 792142681
30256 904096029
7019 657552941
5670 794435098
33148 587751129
32352 7492484
12182 683049329
19712 830740893
29309 761809097
56 477451891
7322 479822946
6455 520753486
19127 435530064
13749 222540088
13453 804512355
1793 348024186
15573 768280101
649 139211139
29948 269397947
2954 54305705
16825 197448148
10740 420609468
16072 301939727
16296 521408359
22651 939850531
19549 383731981
10189 316982790
3146 85533172
29371 490150633
30491 982514741
3837 404316482
19684 299473400
2386 768930260
17448 828580183
21172 438044721
10105 5063573
18514 404594790
28577 140651684
24565 409367837
24497 882813132
20627 606573655
27321 961664192
11740 635506971
11571 404329629
32433 869978186
14211 840870264
3553 976405954
30176 557343572
9824 667424991
10893 411672246
15669 719535734
1248 330158083
22327 198073732
10362 513758717
2018 7467704
11811 275559172
2107 547887760
34755 832397911
21990 522338404
26610 752785346
4880 318354880
32889 963683493
20926 399279896
17169 287967408
11128 335410416
25232 113646401
27007 80257729
4550 876391595
2459 325917943
6022 382354992
9629 955151864
8743 716725514
10787 764435060
25305 215005432
24897 104769415
17310 952232354
9006 158664597
26283 206973421
19085 386436937
1302 626895191
26366 331561724
10635 441160650
19305 451754420
4297 387054587
21825 437718209
6463 934640337
16420 161660256
26813 448858033
6151 463511453
13669 795766130
11935 200191830
24195 824853734
14157 419909872
28119 223303549
27170 522460772
12543 434562834
21256 576683507
2741 652909113
3816 457231638
5516 388396510
15131 456243694
31585 593046943
8705 746572898
11992 826003207
28754 187143245
20047 73669434
28405 961004525
23574 368296051
25136 707424292
6628 181141423
29523 639821803
9234 847444785
2171 764408451
28770 568482140
19244 575089407
19816 931484778
18144 60634567
21837 351166756
17499 462953802
23686 381251853
18155 623466652
30117 678227239
18726 24080413
15501 404034480
16366 357534830
29464 542492009
5485 463226840
17396 83464131
14002 346601020
20743 23511071
15000 99165753
8625 546030208
20813 969299071
8610 654946570
9920 912785207
6923 319875057
2925 88757681
13775 365813973
18017 632367556
19827 912269529
20710 620229932
30395 586783105
25039 294675786
7158 915106129
8012 814635190
20588 980768664
19052 397698666
32648 949088715
367 862627671
1518 438723907
1729 330605486
21337 431589233
7302 93483042
7983 937257699
32097 54121647
3220 508566556
8490 766014571
22096 485985324
6767 44530898
16815 310702762
19605 927923417
13105 674676436
31695 232680696
33302 349241578
21588 243967098
27620 213567227
13049 824843611
223 510325874
32284 656821269
18607 870983133
1910 671035596
2666 743500128
29471 350435676
7694 154648433
17081 653711985
29952 937122455
34188 314695773
33971 817145683
7531 149746784
18272 890825645
29714 812585760
29947 593551927
14410 122638670
13124 937030402
31388 546248694
27744 210847920
22284 887853815
26851 605411313
8367 52690065
32186 590679239
32926 171189966
488 808085918
11161 49646129
20985 349444500
22973 859034618
25661 480167499
15485 45427252
18798 30605246
13171 674993484
3655 394932967
750 919211607
12350 504664415
22024 945551837
4007 889301362
18961 370506097
34925 135000737
9732 513086012
12157 826175001
20563 615516557
11574 705117610
25744 998973473
30404 339260512
31076 728428848
34013 437984642
33134 284059761
29045 185726185
29137 875780329
31660 755928101
9647 530949178
27755 721790513
27387 211336478
14532 639172015
1780 223615499
4831 449862228
7980 785016043
22410 261509672
5656 91235622
11835 39631337
16415 639972188
5289 323059683
7041 506718556
14058 154627661
29384 482088315
26484 765967999
32520 869635838
28223 144483383
34949 442745071
9884 822534239
29632 205945798
9440 660588832
13726 604185867
32152 803997948
20809 975589079
15734 889875259
34184 953187259
14734 980855560
29332 424543979
9385 431713109
30487 435655823
12487 161340302
29579 579799046
252 396626706
34346 344078901
4701 998319360
20440 374726829
18595 809277870
4077 862647679
34997 479747736
6339 49045744
9426 847400176
18704 713232911
11796 35364506
17696 697197336
12946 742739200
29238 105748324
17999 115599155
30409 231106040
33478 78956138
19782 673196060
13779 788985188
13923 124992707
29329 836299295
4040 15600910
1235 334411818
10182 759181248
552 383580177
29919 209585788
13456 492153188
6945 597023496
27311 284013785
6448 872781621
20976 282976110
30297 659385957
19479 365037504
21440 832885504
13267 313228967
28914 26617010
30571 526816252
11653 158419398
28402 608835521
4356 469135654
13480 154487450
33320 469439069
33875 123510222
8224 880526533
23594 627877206
7665 229949010
28746 921517950
2369 14811282
23046 819678103
24465 432713810
13421 432789876
3753 294931049
2524 43049560
21371 846139863
19011 983209586
12747 64833146
4285 143128222
16256 525277761
9564 839694588
4204 467339213
346 992302587
19122 576764364
2999 88189946
17862 376893642
28315 179155057
15163 971801719
19980 670660293
8968 952837803
22741 44571313
14073 797952709
13046 493783054
24914 660295156
31819 242516144
10560 347106793
21725 665922028
715 539498130
4949 109056738
26275 28733694
16444 948018186
6811 331982664
2571 458225461
3838 334209513
26211 327759560
23528 877435578
32562 873829427
5283 891776358
26786 311479981
1693 262056240
23354 534149715
31253 21886504
21105 871630930
33550 105423663
22768 360555700
28790 711454840
29650 751619506
25149 137159283
29514 95009926
33545 28012741
13114 704667298
21656 813918599
18485 49956318
29341 404210591
27041 28562637
27578 583177237
26831 937707036
31511 143200524
3623 534309006
4406 183560393
4164 244131667
25733 894444328
1401 320794189
29637 741542844
27887 489586777
32060 87995856
26193 298256329
2417 285330863
9358 665519950
12321 174756697
4239 275508923
13704 569793682
846 357848658
21042 454315198
10260 661685987
479 702284188
18802 639860978
539 69529881
34744 46454583
10727 842494898
8148 680242578
24013 692214495
27011 191083695
8282 953274360
13276 381086790
26684 756266366
22531 561061887
24721 488362141
2234 701757079
8035 848673236
6382 303278463
31824 419228926
19985 629973146
29338 536281440
34908 886800446
16972 92857187
5937 153259442
7975 737610667
25105 444264727
21719 759301998
31870 923017644
34111 821896299
17703 146292589
5541 9198399
10084 800845637
4851 315116798
6164 664524568
16121 134031733
27504 723415113
23478 928587356
6165 577283857
14270 652471858
13729 677605780
16758 483895032
3280 245027870
26340 422977761
34401 165753779
23138 261998410
23941 60757583
13193 403822869
2988 772693096
7815 489494471
24991 475354185
4215 773015345
14036 830088922
14487 279666473
5006 215201124
23108 457226632
12193 422461578
3822 994804363
2089 522385563
18467 355047848
25175 790627640
31949 438302322
31304 907632532
11290 165623366
22882 229565173
26118 519372139
3691 492098281
2509 303863717
19735 175746187
14400 294780600
13499 83957707
5807 200497024
31937 906537524
12809 652414586
32171 877771810
26959 484554506
6984 761151889
28039 583535787
19642 984291411
13183 31827034
20095 728945365
8893 437269184
32787 390477825
16833 560455404
15364 734374214
27576 210240138
6497 157168806
28975 427448137
18445 694985995
14708 588726741
33828 55740693
29613 24392341
7330 465882736
1478 818109566
24813 72764560
33695 686683348
1813 824258578
28376 269090285
20482 327498102
25221 559640687
2977 682839630
15031 732127509
487 587702975
4079 471050422
14748 53556263
16402 326172047
10745 147542971
26210 822996343
34588 52366966
5633 848160190
27907 713911950
31434 810209457
4252 433647381
6714 290672720
26535 245588568
20000 819449905
17173 808896276
29478 291570460
25710 161446904
9298 467540903
21750 271883067
23788 66855887
19646 587680159
29267 991623857
19917 958359254
27106 234578244
27188 400850359
19152 970391809
27722 502244496
34869 927543950
4305 611329942
20059 576851670
4985 246741959
28813 360605581
31156 5608236
17209 99007054
27327 8749643
30466 96896135
22400 479053000
18692 740692498
19992 49422802
21098 228147009
12551 257990063
17536 578470489
882 720017542
23297 169221939
15456 763178571
8541 677871777
7573 414083928
18759 923627208
34583 611413037
14089 428723411
9155 735705360
6184 282817018
31519 198064192
26109 502506886
33352 548157921
25330 37967384
176 829240180
15080 141749398
19638 368183005
32372 782653213
16764 284696838
15812 812426879
3945 149333509
30743 257066308
8248 505503441
24316 785722632
6035 983168806
16991 641670336
30534 168109070
34804 595123891
20830 168874787
20532 447889979
29609 70895880
32429 556588804
19961 737839784
34028 459194301
2521 924307679
23437 108365420
2513 104797864
22207 688430591
14141 820761349
602 50722325
34819 889778961
34265 892068789
14307 634894963
17467 923010960
14328 706469199
31890 876524642
32423 27063008
16608 280789638
13389 33427153
23179 178691483
5115 262538002
11317 576732111
449 383848026
3545 963806607
8270 506304969
30746 717656066
21424 461666005
8258 124803647
25 870808623
32260 530383348
15377 583586585
10610 338497622
1549 531415334
5690 481291724
4856 58249670
30143 251632583
32377 245257600
7495 644320183
17994 661687505
21406 756612935
31408 820441829
1833 153467847
12370 886018767
27466 260055299
5206 37809845
26382 498421284
21209 675064216
14404 328215945
22714 39092889
31655 182279900
22271 257063522
31223 337060089
16612 342264336
17587 104657785
7298 645573493
26538 421925356
2849 82770604
33292 524418712
15857 289697289
20801 70433771
20560 2041598
23055 681850577
11866 212813196
12902 353475507
26546 276067590
3695 62655988
19476 839731213
34259 576266123
13448 669688138
27454 633181641
34465 905336757
27054 484338472
22047 804333056
32094 188129011
7904 339404367
20297 890053068
10817 891798401
7029 151759495
17298 725921032
19989 518973602
7589 314808496
5943 234084160
12072 633065025
16343 432912053
2282 446814504
12239 266200944
34008 975019886
12506 973415945
21333 911399775
15375 519857142
33692 821421705
27769 418852440
30165 115236438
26524 14085178
32950 780738771
5441 815971967
24668 423305551
22178 573948739
32959 169149729
31172 27664776
27053 612193724
12647 170788387
20562 907539849
11615 874330295
22828 441827573
19164 992496222
10398 456877189
25420 125416941
20590 921070545
7850 87756175
10052 713989595
4399 22381075
32568 429572780
33522 225541437
12757 629333060
12862 593827692
25340 21731496
22122 550964058
26417 288957700
16932 920222879
15604 166639565
34911 759520612
21939 555421467
25587 263830289
19683 359242542
19739 144165207
33900 884376076
33152 705583032
16167 547838021
4059 389557891
9036 683108084
18091 839122313
16852 223658985
31971 315745693
28945 576733496
5079 223317555
8630 121262079
24792 813266453
2123 952880964
23391 794789829
9086 676794665
26661 191426952
14445 39723145
29844 874840912
944 107107549
10193 597425057
18906 310706346
17836 799952470
2863 195169832
11468 497979839
19287 836971334
34956 325566986
11850 664161374
2217 643718245
20767 437523464
4995 819587255
19320 267025078
30934 229767304
34565 82786616
6347 147131202
20136 690361740
5651 574821709
7380 611388640
10927 191440727
14017 584593515
6331 796131675
11007 255216354
12079 854395008
5664 891262190
25000 735845340
4203 11613617
24015 300511569
28352 342282086
21560 235378169
34526 465481649
2006 187763292
8681 324558251
7338 897486345
26314 838648259
21649 886058738
24633 362586783
11956 969839645
3756 568506694
6443 214069092
18606 620440516
34348 967409435
22407 137788768
5562 945864889
33359 585415875
31878 955732536
23674 862715990
5546 895215099
5713 649356240
5706 721548213
23534 358923379
13381 678463553
27211 511148185
24913 467005763
5489 305477937
18697 236943825
17744 929475059
612 536749220
30031 845143488
27221 664485535
9516 159832031
19908 922199305
22187 385277438
30144 501432133
33709 417638504
26308 178131910
31488 505577057
31192 278364653
8501 899107994
29810 616885173
14783 995810239
3932 554076077
34064 937419072
20704 779709090
10596 455425358
1848 77710148
4899 370072965
18147 456134084
11986 129798338
34606 259928727
19359 331366002
28839 825908596
5646 739455668
17997 383932711
25911 126643241
9046 508527790
12243 723093891
32881 753996169
11685 194228602
12302 935982128
33326 275442819
28618 703532198
18859 837862684
18197 734473211
29062 713771698
18104 225680098
3042 430226250
7203 259180971
28337 445617431
21314 652164486
30213 903734643
19615 196319702
14802 976524083
32480 18460871
29038 863304346
13307 78430951
22668 589550399
17399 93909680
18338 261040107
25933 350187929
34198 940005257
6880 106137412
7182 447095584
19855 485573310
25410 860591691
14480 671796108
32999 558213231
5709 132345227
1951 947550954
25120 693702337
6082 559688168
22557 820689980
3116 182128110
19003 731379765
25499 404135144
12682 858723063
26913 390044646
3190 879679220
7061 136691760
1113 812064718
16624 325240649
11172 953017739
31038 856828651
3860 595696842
3 147181652
15807 29058755
18908 801132420
8538 650578989
3632 454077782
28183 29410698
12340 576346734
12648 190470821
5737 316018336
4692 472328898
20667 190341433
29388 272292819
20287 570309093
21804 402035618
30432 369702224
25229 988650455
17481 969725844
27258 657455011
28679 259774852
22592 780483130
11112 886847580
20375 949419606
3228 257869240
27421 901604849
16942 402554211
1196 771636025
30245 257311137
7871 444676689
6874 339614401
2546 846747187
13984 159981958
6118 595003502
33941 447915860
19518 667437406
9220 617194832
17159 235084628
27095 273606656
3185 926156455
22028 85148772
21675 983283738
12338 582689350
10363 806024559
1656 771442004
34428 525855867
2702 268221204
33002 364459955
17791 890166787
24610 440364968
28312 62370236
30016 459983437
2574 790729915
13445 653379108
28425 213182142
30750 375378785
19823 416058996
27018 20466046
29460 667730533
14388 867973295
2860 185157904
4603 742426588
3334 954058349
22650 696823925
3410 953986316
28688 335885333
28892 536299704
15873 214566014
6834 507248676
10251 379847303
24760 448855115
34334 599738427
3285 450995193
31753 217813240
13659 258507901
28635 532060621
26657 611189022
2290 803930131
23855 589989966
24909 120508549
17523 903073222
14825 918674292
2251 956614464
30889 930623538
25868 33613330
32705 110480446
7287 368601916
33912 953643667
20359 242682560
369 57430993
24795 596459273
28776 83639126
3008 375354861
19881 23831954
32334 699307343
9696 135976023
34276 785282613
12554 189799715
22391 402723009
13509 526542450
2409 38442109
14571 447035578
23853 741942965
21196 587231964
12288 333636522
12397 813669777
16038 230367702
12472 516994375
14750 945803839
2181 511287799
1786 461070316
2611 322531959
19671 243209055
138 127111085
15846 879002381
10345 245038135
1178 739962399
22853 887154395
25603 36879953
583 84365353
28263 930385304
20995 800684480
23491 769880843
11573 856354554
32785 42828736
8452 820531583
30450 303965422
29367 752009381
20364 877747834
29355 565171769
23155 245785064
8462 584501108
33185 811282412
19955 457758011
34535 980450544
16826 466590129
20168 139892275
17488 341813245
1938 380662530
33014 141693990
10924 111004776
1035 644711452
28300 249543220
6356 199518118
661 767223615
28600 871188443
1771 850984294
31385 891117686
32670 536734523
29570 580829228
17274 947957820
26425 925747921
3301 316203167
32748 655453706
5186 905616303
33588 923729499
17034 257315163
1419 6700714
19017 634122272
32278 364611872
27818 869395847
1502 591109712
24457 62646216
14338 722474519
6130 777988865
1362 851970403
6552 380704119
20291 918888094
26111 698014118
7387 243191030
8050 504082903
8548 595763438
21276 74359057
216 756845091
459 174036633
31933 55984072
34561 6847002
14647 133246801
1037 336048174
6101 46930865
24851 966976456
15360 91983238
20363 565315426
732 228179283
794 130732778
7232 605000853
6877 572392968
4601 927405204
14421 732498764
24928 195017262
24558 645481090
14830 861412269
32246 701083336
25822 429147240
11526 440429620
16805 2903352
32890 82165089
28671 894362237
19759 14813786
33812 971463854
22034 981660646
3163 532984186
17865 765161887
24485 67137812
32349 89820830
29132 940828662
11345 324458589
22335 425974292
17697 942970704
19316 269106207
25813 785463646
163 630050691
4606 723459373
12719 718831127
28282 949216524
17 75824758
47 704722184
1460 150284966
3336 519224843
8620 149212545
13577 464370706
33300 750645740
20498 954024710
14835 705754744
24691 41698065
4622 979624964
4777 348205536
24730 537920556
2194 986362707
4758 958214516
11456 201810747
5986 350504618
9857 380324656
3946 977384838
21550 782399006
20700 650349729
29498 509162204
19110 349155808
31851 410656636
15427 69394767
27528 426864187
19024 69464647
28866 664571552
11354 174318064
3943 397441782
25728 316084924
34692 140122023
7894 206785073
18773 716199037
2870 487889455
5788 606273362
16681 924583361
3824 464475294
19080 645849828
24262 832265902
12763 869045436
27757 690692228
15733 597700485
32944 160615635
27581 661383804
26483 953293322
33697 953566466
8635 753380377
19297 997104309
1992 515545430
32449 7587471
12563 797061246
6523 125167042
5511 875652530
23323 975985486
15680 78994661
24419 322151510
2280 600838802
31002 893916844
32736 683634689
33822 633568751
23778 14181310
1122 87447025
34473 802429114
27911 212687925
7392 153362085
15420 843667598
9075 767915024
3566 437319270
19890 480201578
29273 181110956
9284 855075640
25346 950407153
1836 511105576
16416 345750132
14468 296430907
33628 227964349
25672 630581339
7216 594090954
12275 149583357
27622 394653109
18163 311552934
16531 862194688
5075 320385643
8939 261134320
1228 738116000
12657 354718491
10661 393854468
8013 250444855
30924 534756478
30832 26417974
6701 368181545
11220 796858505
15159 710592937
32436 24446644
17805 120936950
15788 302708810
28741 268751162
19752 924655538
14502 238691817
33612 23778759
20816 205710747
11963 115160320
33764 612841211
88 5100317
7090 447371111
985 606154423
19089 893520838
8651 321522453
29530 453608637
15834 933307542
21954 272504763
15117 342773879
16917 102228079
33405 895188308
7116 164039699
18150 62201863
30563 924702761
17097 848874364
17877 103838164
32387 899134547
20582 239982798
5780 707435783
28297 351628560
11905 837953730
27482 912420931
560 391468950
6513 625511383
20765 535442363
16327 187671006
9052 36720451
19946 218078468
6108 588761925
22065 252276877
10930 999980309
5400 551434068
6377 349395515
5213 454858015
22553 639668100
8565 633594478
6633 853274121
32866 591793178
30298 220884066
31003 353656290
23284 366558312
11028 380785786
5591 397604730
2676 856690174
11880 424298384
27178 533153785
24875 920679733
6037 20853644
13868 885810537
27140 815995039
30873 588821260
31627 485237775
11656 19460933
2692 481353583
4641 547271600
18364 779765480
4719 915907876
27439 773958293
31626 110730886
25802 912335254
6562 427688124
6574 104947521
25433 721938468
26403 78891820
32184 274389375
17775 276109695
34799 411463705
2792 877276031
1058 240933991
5539 952026562
21701 956273948
21526 452581855
4573 839035270
25395 143287121
22211 688724201
8720 297357296
25680 506700451
33306 776336849
10162 617458662
26753 833074805
26419 193552164
7290 501402811
633 952686988
33037 342031621
10647 141086462
13030 906168749
33815 656529693
2047 180524112
7753 25730988
31973 93099645
27523 677568785
11556 629303535
27963 592457585
24237 19817142
15226 593266406
2633 755302251
12958 975541951
31747 157846649
30272 752566877
28777 768579385
33463 952708135
20857 122134523
22567 242402449
18788 470055993
12481 654978503
5637 150637909
11277 482090525
5844 515641165
17096 901692304
33057 384119026
17454 814359888
5224 50801489
25535 219947680
1379 703285885
24739 397348391
21665 60003647
3662 28388652
28202 413616323
16010 869820720
11773 193876971
21569 16899152
23685 444432581
27130 923803201
14548 849379135
14698 731146094
24245 959502485
25484 401254047
15735 680044204
34243 633047905
18598 456806610
19299 923203410
6694 677788017
9803 144490738
1278 322495520
23683 337110757
709 27643698
21014 240938024
18204 552658151
14578 906342557
4728 475154217
30669 927838160
19718 664593950
1380 206701212
1428 602044131
23385 176476027
19069 806326726
6492 581950170
832 138621410
20763 772476015
23202 760871015
30512 383742881
4276 20273242
30920 662050550
753 706518976
27121 634164272
7627 877050966
27312 997997404
34034 216221073
29567 94502360
21539 407588873
24699 732978115
357 705787767
30756 338577990
15957 568340763
33775 309438314
2732 480878323
393 695714509
12189 889893273
869 875985446
4759 846536136
18953 648748443
18179 783662253
27446 395980115
23159 116287003
7568 469729203
21935 187017548
21431 595737697
24586 178241109
23748 160405397
27714 768478897
28870 535412080
3769 149320492
543 698097340
14079 997574878
30369 914519829
3019 4266283
1541 171175658
8064 520169542
15077 199230216
19356 734395190
13548 931930506
3708 388189413
32704 160753146
24979 564901913
24653 395848467
14511 11431876
11218 518732447
15739 215415537
32995 655949181
26912 701707437
32073 11301622
22865 939773239
26217 113587558
24289 639775044
21203 51002449
663 892751582
13720 7105146
32605 276735974
25659 694792901
30410 192651668
22990 720357507
16939 529639928
6501 238694627
3488 451820412
17239 570152834
4835 261837448
13947 450266857
27281 916616928
1845 418405089
10838 407952507
19520 344505359
7574 291791436
6610 633696613
11127 474111436
5042 913670160
29149 747901864
20225 978680569
16549 870651320
12186 791756936
5125 683275895
9217 254645354
30236 453814429
15893 491670568
13802 948045350
15074 565545981
21773 754551274
7484 669547276
1842 617568244
18771 782771119
7661 266397249
23684 49734592
16800 583939051
13142 129111747
11594 14842169
22652 539343397
15781 29765299
32460 93646511
28988 595974353
9151 439381433
5643 419961045
14673 327737011
4865 469240908
10450 865346554
34167 917930229
10641 666743255
16163 494768571
14422 793507207
3615 369445812
24959 242379706
6896 510834307
24575 261564080
566 296204310
21272 610682366
30183 524919630
24246 346061620
23463 173881988
6221 700613873
17306 172698996
18682 197775479
24362 573196679
3111 264889975
34419 119828545
31710 392054627
6355 443277276
15489 103378531
33078 332220473
2805 848817672
25115 911503379
4481 215589792
25453 976173381
7219 371340912
25245 938511708
17962 447232611
23346 429884647
24184 306937427
22904 800951197
4035 160734449
22983 584949980
27695 942305133
22848 403620999
30863 123798410
33146 463077894
34069 389310761
10486 785750379
17027 15065581
3960 774092165
14414 469712807
26464 407246502
22709 173922287
26716 127074366
32238 578353793
18250 109260195
30869 803699001
28195 920234292
28507 25059237
21236 132612542
22773 869558725
30196 995361339
30802 892818278
23245 520075108
14739 959156047
30027 74994848
20233 508972161
20288 239890633
18 401246329
19160 640586265
3942 637599811
7909 854809078
24855 930082635
21506 18671876
17622 309052823
11543 82748014
281 562145012
8466 98917304
18028 766585227
11377 452167567
19442 790364519
11063 956541108
7296 161143078
27508 576806588
16089 944696671
32732 304759956
6726 922901588
14220 2310311
26430 216687881
22419 430021285
25769 262239769
14358 396611297
8503 64938246
3465 728224480
10887 386112451
26923 969691859
34023 312730607
25624 964928527
34917 482935547
14488 264174796
32333 156310280
28281 83589932
24783 34908393
26557 304703458
31574 936710862
22079 616942557
23383 147701168
19493 338722456
18303 446714976
9769 819741783
16894 501451756
29230 779806563
22005 12012362
10850 326407188
23420 582450092
7912 753786817
21826 241485153
14702 243067600
1866 311199466
22251 862318765
4025 340747319
18867 510993274
21949 590349991
25904 112534616
3600 575302506
30065 234207192
28873 179135101
10544 523765040
8345 54216701
11034 170325088
17740 639439396
9556 185719761
5751 167374699
10148 231372085
11832 972918467
16755 156097200
32596 2186062
16662 961997674
25559 91485152
1445 852177416
1800 956715867
33301 263777504
33878 292238017
29410 539302028
29111 413105333
19425 993156287
14066 792280635
8094 974087229
6789 278077038
15867 410970464
31414 518632993
33085 91093123
2878 647219311
30048 187093076
33582 945061052
31275 531138011
18322 962343176
1490 979031261
34029 113491927
10625 285755712
33289 171997296
29639 65317709
3645 524509535
30654 698645937
33723 435555480
16881 145841375
6019 971839654
8673 467634561
18795 606527389
2720 182857524
19569 410829756
14969 601829718
409 622108673
9981 895703128
25762 999357722
30839 790160818
8070 404237583
1719 781369157
18373 626700860
12495 478008405
23013 52339748
21293 729468090
20336 80243972
8257 874430205
8207 432158863
7229 9844863
29406 526386946
7887 573216743
2691 346843481
24515 372672241
28094 1263688
8987 908337293
10349 609019204
6525 734931482
19411 42607169
9293 40627386
9986 315597397
33116 698160751
34644 474033680
34422 946592208
8146 665664525
24236 981921466
5443 22605611
21856 955857559
22044 108169402
21402 633606617
7795 913952563
6006 35431749
20534 822048468
19172 482030742
33959 160417031
32591 228701041
4032 868979006
19573 905908107
20954 802445023
10134 939461569
30009 873956887
5657 644184946
7418 301017822
19112 255195718
9468 437308123
14276 567665886
4544 793148249
2538 437669528
31927 695041882
26450 697353895
8089 272439171
5046 271558544
17824 429842803
2209 600107642
8646 178592653
13658 542466555
30001 685649196
16651 550279630
10849 389593897
18639 965883068
30508 185695053
11660 411833926
33274 887893893
9181 881725193
11641 683475382
23051 249390267
11256 751328759
30971 587961078
6863 541173896
21944 258577288
27703 762203194
32501 103659745
11384 95205982
21137 24300358
15437 624403453
34510 838463937
5342 89110112
20804 297022843
9167 132555244
181 276180611
5048 528470694
203 302214380
33678 668210604
3567 701096865
8909 581258560
4730 271084964
18406 56550727
18251 387316967
3150 397702601
18912 718947901
11559 725954999
14001 224251388
34018 30405846
26780 832304840
20963 22343161
13766 609483941
22726 933661364
14048 491205167
30489 16049674
31479 316609762
27650 321093929
20848 405288933
4659 957162016
14768 760523441
22060 867007576
23827 208888722
12667 373307282
24097 468428552
12673 697988844
14775 563789827
34112 463538
27795 701835815
12854 641426252
28537 734309030
26410 828715946
16591 839693540
24431 382146847
6813 239357644
1109 118290999
21228 926628803
20945 987803513
22125 190893866
30105 946130277
10880 577828243
31859 267470350
33662 197243969
1407 21714822
11042 4273939
8519 357680279
4476 23748081
8836 544930179
16709 666302409
21140 116138087
11286 9167929
3843 441402119
16302 448400779
20831 321599171
12634 213027834
30910 445201110
11674 575894229
29013 699007771
21239 720888394
15550 338211666
1587 452926341
30467 333372359
34358 786187899
28336 311946574
26399 116793303
24402 724659067
27242 109687297
10123 123627159
10243 939199743
3675 119001522
3947 80495973
11868 106480473
2924 989436441
3033 312752669
18614 680602085
9591 993962319
30340 68273246
5812 887435308
33089 656782541
32415 788712263
21803 96832376
25840 82816327
15466 219183204
24944 396825869
26980 259258683
30897 749752314
30122 56562647
19662 903917402
9743 256137804
12588 455666322
5416 161934958
19984 274046855
33282 305682828
8308 245345307
21186 69474162
3641 715681426
33750 770255930
2975 204587765
20067 936329675
34068 923190198
5378 130279119
20206 614588479
10942 987665336
25846 698406174
18981 745226713
7174 947229374
19284 130522349
7718 570781429
5763 883377591
3151 142142075
3525 225049306
9641 126587831
3564 961400023
18321 435815461
14897 331650830
10603 519291450
6721 585551469
7399 911283616
12176 936829368
7256 565950702
8397 997767940
7045 261586064
24833 168771133
8667 747663348
21691 244186897
12391 858061797
21320 525064432
31118 870793263
6904 32302654
2857 715512593
20961 956663326
26356 788213742
7251 970604704
18919 115423882
34948 578856979
12976 719596604
28371 72053862
31609 872986393
19368 160923553
26772 753777097
11871 751520913
5958 338476751
16353 554910703
11664 459719947
8318 680852508
6977 157864341
32720 147844227
19118 798923609
33810 176582252
2472 58355439
7931 177376117
3489 173213356
16726 185730935
14798 468887173
5901 44032527
19087 957668012
15152 661093265
9288 645970476
960 874348513
23495 618555402
9500 606411033
9575 724516428
5065 193760886
21551 952981772
4800 377037955
33487 403799583
6675 822145375
4700 131574065
12281 332225078
22253 856372819
17767 595319967
13277 83347508
18571 482235302
22797 205788232
33507 144469238
11552 279588863
26712 852289792
21945 348273299
8193 601618269
34994 775050211
26542 245495330
11665 295239335
30794 481894757
27817 100899498
22505 652996057
10696 657607172
6655 880090124
2837 777106355
29445 843052842
32537 144604078
16867 179652495
14983 956137227
34672 527585728
17256 477692823
29205 580198697
790 181536704
9770 823286620
28046 368332496
22717 711540213
34984 673419370
14912 189308037
22009 662563664
25742 777244292
7996 48540597
18071 115717321
28568 164461202
3744 194854294
3125 595955305
17014 52048693
26053 419133860
15396 288728969
31529 492848571
16879 505656927
17943 514146525
9896 424059273
29094 283774995
372 188488040
160 73888800
9458 215987820
7818 445007370
16597 316238494
31589 526103755
12128 335319020
12144 91492464
23365 553881418
7686 435459484
15936 604659113
17215 550536374
10384 783791160
34306 80828609
1533 288714558
14226 566051899
28150 979207799
13371 585630204
16978 882123267
30698 762566471
8011 843435860
11950 131291618
30230 171484368
12093 241606312
34874 147292528
6948 555719996
11278 928457719
14737 70279572
19826 302461642
8544 18941704
32666 146548548
15199 285919711
13324 232146244
1912 496932680
27888 25558544
18403 941364236
22855 664718896
27875 364588118
11555 22018152
16257 723398112
7110 382544920
16113 974051872
13495 131187229
24743 634107351
33096 848012640
9121 927114881
34763 818199100
24084 114432660
23381 246456902
18662 976541000
5365 942047962
33797 919836230
10368 406663901
32511 563305478
18626 224934754
24742 937138731
19636 448470274
29982 375359247
12463 530513253
28550 187841373
32362 22224275
15469 896881078
5432 986526777
9922 575023851
9827 80876638
16582 621263655
7123 316460683
34009 274878678
6426 877599000
30458 174083442
30991 67354674
31013 897318049
27245 785990762
19912 138267840
34775 984058660
31256 220807506
6005 294990582
3439 786978616
5673 293444933
21907 888536356
901 713605435
21426 263698720
24532 94220451
20357 868267240
2197 471274037
20762 981799321
4824 210002844
27465 201089152
12424 492979786
22937 141177345
15167 190191490
8149 490990061
5750 528367075
25677 636253713
10422 871811228
2182 979338556
8150 908087991
5502 576447497
14049 323063292
7342 532005091
9268 587824163
25767 430183131
13482 695558380
6591 307358975
27827 877995662
1550 161434915
25679 804056139
22627 799208910
34369 432739967
20007 154754724
5730 766547471
15195 289959632
8113 891902090
6707 792815082
22135 447658611
28933 927823877
30160 740759952
4915 485630848
24617 448589829
14237 488432087
11074 138057530
20157 383333428
7026 596591705
10095 551702837
3653 968052511
8901 592518086
18294 902289080
5551 430689319
10069 644298802
30716 47191045
31914 242891130
16349 878696320
16868 111321770
26334 459294698
1722 74891642
29969 57254488
272 761332049
18533 660924383
3124 980421768
26370 282306204
27477 790458248
26771 649461317
4069 880532514
3434 293120766
30778 546670791
31637 129561816
21169 862783562
1002 475890208
30084 160667526
9070 482140598
248 322349970
8236 694510868
1108 400433729
579 225066781
25109 503689444
7882 463494523
5510 940114308
18383 167051604
20893 852291412
19612 255623930
2230 775748604
12507 791464753
33954 567060635
25417 769743532
29742 957528853
33053 792484747
4086 131516290
1944 206827101
14264 920615797
21465 801751707
23508 787942948
17564 653581231
6625 868521246
22923 598499985
24077 655736893
23669 646441471
23608 623798721
28629 253092920
1376 268006238
33884 673858676
17271 315610624
34105 265366307
31546 737743615
25365 835107137
11842 180603112
19453 164718681
31020 534293653
20326 203241077
23863 972169140
21747 421858396
10872 298456047
31274 180344623
29339 486225802
12143 542109738
18693 647042685
32331 222609349
318 562269997
32292 29587004
26500 467737922
24766 244050359
19239 391827415
5523 413068408
10387 259510179
13150 803962682
28190 377689118
12027 237647807
2953 508955489
16526 648467930
10627 271335583
18680 709722354
27821 800252529
4662 280435423
29428 256156796
412 204566821
8757 100199531
9659 425694162
6982 412238116
25930 791609806
6057 883059372
27376 517079733
27303 653062948
18404 777677727
34232 840586512
29965 584298122
17876 285376028
6658 103422226
13915 936912601
13143 717041251
20178 716134752
24738 590195393
29229 201494003
15671 585739504
14631 653476004
10581 364558100
3482 911427455
1516 641958599
19346 28932220
4846 745096366
28784 593247726
9165 817062002
28108 672645009
15228 634967365
9793 564327582
5975 599953296
2432 771136399
6050 40946445
23607 324351538
9847 34663739
10591 314754048
28392 525972099
24503 7885402
17916 757361913
13082 545331244
31787 789095580
19146 888119509
31167 941189044
22986 296598844
33761 581579604
761 575296638
21412 605945108
6119 221294501
353 508162454
13119 358294634
3371 193423693
13854 23059620
15218 792072037
4482 725624956
16535 997444067
11707 31993080
9355 262433161
24032 711748126
18599 446391456
33476 729675355
13340 659155992
25522 250591984
28510 490515106
26456 448798595
29949 652675248
23207 263347715
26222 698325795
24200 946385777
26623 677148098
2301 37392733
10056 165985569
7957 179645020
25450 651450086
2156 286222174
4374 544531882
13751 603673035
4906 259864904
19394 248525356
31280 643761347
6919 946070694
25876 852155017
14813 228752477
31802 514933690
33780 367313559
9408 227471612
17970 183257520
13780 387814437
32961 177436125
8708 634813921
25648 230318792
6416 49624544
3049 407885929
22590 511625347
33994 915902849
33556 457596429
12090 988561046
6076 500252970
16880 57469457
33521 148619009
12996 484545414
13139 995634409
6561 205061130
8045 693883062
32516 125899109
3901 304053686
23118 913025648
19180 767819459
9407 800319800
33664 314507634
33568 523758184
18152 914673891
16107 253333070
9040 417140433
27735 486604504
25457 419178734
17654 443183830
27259 296250267
3786 287218667
3427 676851272
25510 931396222
2851 1204692
24118 33013076
7009 565135087
9258 501565614
21961 373877627
23961 237561705
14772 131357037
16141 175693679
6963 774245416
16994 759878990
9156 284460036
21049 448831195
6087 301207639
31777 430513650
31286 523537652
17158 467048390
14026 893065528
17442 167383414
8728 706165406
10043 893109249
28617 290432306
9331 484971421
4377 841200754
24534 188100332
24421 66141013
24157 132506423
28294 755189193
12142 896432719
4162 10201304
2055 405762150
1085 873165994
22569 552673114
1853 96140965
8525 40122921
29088 946241766
25234 511251606
33515 564377302
2895 304093751
19865 178693709
27802 683652482
2465 209294104
28552 572922214
15146 270409088
5071 166082541
19469 384939758
17626 77557308
27822 204566240
8132 42454295
27491 215500121
6188 57787133
3250 574121322
33000 840895573
30035 748942280
5876 134176868
19078 843596902
13810 657005926
32886 264100907
20988 307422483
27656 545368564
26218 361705943
22807 985159575
21685 729850471
26468 963777285
879 345080079
22522 651667393
33888 126365381
542 818327359
16935 770370585
3309 986844035
32688 377496803
9710 501305491
13041 637139879
23614 86112987
30882 357131
31647 596542831
33523 605295880
32211 884415363
8123 289671397
1334 461938299
22239 151326885
7521 623112078
13225 453679949
18246 726235376
9535 959955043
9168 734859778
34529 778904936
2797 289442856
14441 707511759
1787 81895926
30437 11517025
23464 137184106
15653 274132334
9411 643562160
13235 39341639
29911 666764249
2362 756885167
32425 81674106
951 516472930
3244 849548569
20373 384057918
1141 392970307
34613 728456402
23933 252607818
24642 740416018
13847 545302086
30849 804505702
22351 521103412
2852 661007859
18227 603516737
2980 599689474
14766 348937115
10795 440723074
7744 556199331
17825 111947648
31599 249877317
7096 280047494
34378 435633243
24524 801108661
30803 11359221
4323 273051623
1359 623095124
23658 687741305
16102 691861019
10067 190597014
26361 314888842
34682 412966008
2911 356327389
2137 101932215
22288 363512678
17460 420449328
25779 363647659
2436 117514665
27373 325984978
25737 320612488
2009 314840869
24672 539445021
29693 480055822
12266 216512129
29182 502757941
9071 273815364
17114 123680209
17278 669016897
31131 965493320
26936 251618977
9237 540555101
25552 874384281
23882 566585349
17625 851598340
30158 641794858
19664 641574143
28919 862189228
17012 999895640
9806 16309891
19566 210917899
28396 273378245
17315 949847730
33587 374948927
23410 355566856
17707 274938216
32639 21205824
26153 133372762
14322 300688873
23651 116825130
17636 126840925
22134 894471128
27925 820764814
15280 285632555
7604 696869147
29820 766855780
23295 633930800
24438 982757198
27035 968961383
5941 417585233
33206 124849396
2112 830284319
24261 243881800
17725 995020405
21351 909634952
25132 356038190
15044 916604914
20958 539727453
631 73510939
1500 350385811
25847 209894287
32824 319455913
5159 833653456
13126 132906715
17269 803300455
30709 210310628
19758 762534461
23198 304057501
16395 230581682
29566 912315355
19948 437846415
13858 226707806
24496 589378867
9593 471798157
31869 972782073
12971 12293195
13424 870246506
18352 203304524
23132 332560786
7105 523087913
11202 306745496
29009 899915868
22940 7835895
28972 101664538
6674 997321250
9911 618463889
14430 327366888
20991 887576836
21103 949614414
24523 125419609
28579 43800553
16080 697995027
14044 896321495
14759 10127967
29818 163730577
17713 333119869
17384 781227497
26645 553015276
31386 870489074
24603 164763179
23199 785182739
32996 433892458
26061 494051926
32655 824058777
25032 589343285
29863 132233012
10373 279415793
7782 726395684
7371 859790389
874 304253334
10200 765279691
28047 945116620
14355 815386866
18190 320428114
30909 323028263
33666 179726416
5669 929383226
21335 432584229
33908 753464040
34615 299564453
15234 727484171
13534 518023730
22146 336628326
20838 772032927
2187 491227440
27513 593780706
29284 238849436
22295 845099737
6606 897556094
22657 730936920
11778 955655453
18656 451291231
26793 522354917
1365 288585750
13724 194203116
34605 956984044
6585 218907798
15572 457838256
27049 855751433
32083 169580813
33564 64440488
4914 265697949
17459 95925330
29878 902076061
569 748410684
21241 758568789
17303 529266966
22077 789449486
32919 154017405
1532 933448815
16909 922092732
6921 626591982
5281 819319864
23001 371576935
31047 503259206
20138 310188245
17242 384059007
30626 616998344
21632 832374802
19090 494709285
27964 515886568
16264 382738049
2780 848646469
25079 172567111
34443 428218079
15532 49049296
33198 607438598
8285 838159006
1319 899147580
10949 768936159
23554 882384259
17441 510577642
3133 831846907
8829 702482244
10923 554182991
34120 858223459
20313 549609556
8742 453526543
262 274598119
2599 997853514
16779 915915875
28191 632821300
21847 554661859
3121 763706337
1268 509806688
15969 684282516
23894 846523096
24573 798646257
6529 489809969
15842 849196406
4910 514052144
29154 101613487
21659 90712884
31537 908754572
8575 576841559
33238 72259686
11224 838672930
22954 668063935
29557 160894575
24947 449297423
18966 300802186
10918 771882666
17835 680792080
18776 702861886
33356 778129325
19574 303645268
7054 875062541
6943 498710449
2577 839326874
6772 888359401
15467 218291022
12783 283995429
26428 966909771
2074 666265672
16944 773896462
19341 601051899
11800 572093794
32649 271204853
5534 298621148
17842 399942649
14721 931227328
15216 621706797
5104 714021222
50 963918548
6856 943405565
27842 106668705
34164 113576702
11035 723582089
20890 824260687
24172 866443449
30953 431443643
13815 971457184
31989 603845492
31311 444151087
10324 701767529
33997 782289777
8791 422705444
10967 624402812
11634 739583777
5828 195958681
33995 893052604
20943 476124498
9308 326350904
31510 834590555
8402 663092167
31316 956508867
29295 623073158
940 492629184
27226 426149604
20203 333621980
16910 107053441
24537 770146582
31173 958997505
8496 528853613
33371 213506085
33622 641565081
29221 263100424
352 638569107
1448 956385570
23145 738842596
18470 219749614
25560 342148964
13908 111973907
11864 868242980
8921 301591372
14192 55663867
2791 998074179
25057 734478457
12614 456054399
4770 358883979
33592 211816821
7442 94833754
14622 202018359
4044 413239930
3449 522394875
6113 194926826
33659 555095861
33343 933749217
34138 433461480
26580 765738488
1057 886564067
26303 695216492
16925 376583694
20689 890235531
32011 81302150
31662 578819693
19280 905258977
31832 189555496
34025 83545766
3377 878486896
32682 244983964
7566 255580219
28466 206401521
16687 431827333
14679 158428044
3359 905906758
23920 71699789
25122 791897732
25388 420192389
9728 995707465
20347 740617760
14120 214938447
9105 749705475
12480 469246903
19534 831193860
10665 823122964
5905 9860086
20518 873482839
30072 511040975
222 95221040
10005 243920214
18601 994432836
17259 918489173
16145 706446452
2693 327414323
5469 514107786
2788 106013306
10180 885675765
20606 992990534
30282 221686639
10064 766622959
13012 588325458
29158 384584633
22877 424653742
20785 931213120
476 431448920
11638 187739498
21002 9217353
16640 719634575
22794 848056316
13922 882648201
31615 353659113
22103 158019339
18466 172599867
26209 808248556
26747 479480653
9567 277003842
8238 672364175
15943 357209286
26131 7656684
21535 826971217
14592 394954868
6797 415733606
9445 96603507
33377 987760583
20692 669625854
13321 238538143
16750 264700561
33821 892444882
17995 558006525
23542 481712629
22002 756986233
18185 316788080
24285 448093366
6930 459759247
16677 530056073
9582 671070437
1935 989481171
9851 81485516
18255 407788036
11646 5208196
2740 897148461
32665 444117315
15682 369767012
28917 541080581
7907 424935736
17318 211720697
26522 575306685
26141 739646468
4197 710713754
11321 972493206
5131 671779042
33509 752425798
26924 956598012
456 934267815
30018 108073336
20385 919188726
1134 385787184
24729 13007165
17424 877692606
21874 708199365
10650 814155912
17549 956660896
15354 554421769
2040 531219896
17755 191933752
21154 672189974
33844 221506476
15088 546031275
3171 199344193
23042 965113804
24774 201153303
12095 987321152
7691 588220820
20576 975470464
31024 615253189
4592 171673374
18302 149197028
16599 98808265
29872 616425042
11023 758479421
27180 976115731
5909 655178703
104 827997424
22138 552423172
27698 95070347
18749 190637076
28208 669187548
16452 313367025
16528 844505429
32603 672936062
23537 655928320
22736 140678120
6761 563979155
22219 71015672
28205 842270678
26148 441276962
9103 537826262
22218 339301426
30810 443286598
24233 116556981
31381 193260640
33988 403642184
23183 623182398
13981 298850112
18931 759952872
18529 410604832
12631 594296037
13378 817291070
17409 640636021
5307 171908437
920 725097193
7755 651078452
17245 453097413
22055 671426165
16133 804906872
14565 123013450
28573 777005328
8420 724059913
17186 662557128
26338 719723219
31369 994807037
25442 77096792
30532 41434997
3262 193673850
13304 149628306
5949 382484733
22095 287836924
30663 264478608
24654 319817844
17202 31610536
4192 991295664
3538 501518294
26110 111602636
11419 661051444
11915 580721483
34065 799514924
17357 828646222
23611 376810357
11340 643191613
18733 736673843
5311 669889706
20495 136704888
26023 479467648
13593 761554297
24276 563529414
13148 617813953
29246 297911367
18894 96662192
32887 880667451
3700 343696011
23282 343295285
18713 55520951
32749 66528766
22334 282216364
596 725523199
11462 164345278
32759 338178797
31245 375713080
173 393721038
32721 827518286
9058 768269361
31265 465925014
11198 517893881
16200 260050222
33088 385360230
12254 49716146
16469 915505766
29756 228872090
13121 246148794
18059 199873241
7595 435944319
27464 242748690
28857 576404500
28058 682824135
15147 102425578
22064 13216542
31062 321132400
20064 45081766
9508 700433183
9681 199487986
361 75889317
6135 78857701
32340 168986363
17746 705646504
6308 927748104
3782 956541098
18600 820257827
5298 828186815
30364 616877623
6769 114776681
14004 905806994
16885 374085579
2061 523650992
21156 570270496
12139 821644257
30182 573196414
15630 736864350
3098 293522319
13151 904495053
32248 620198599
14870 262532220
9226 122551004
8443 401318908
27438 890937646
17987 555441566
30187 991379292
25540 214358176
30894 149817472
26751 434861058
3859 381056168
9903 557216863
22387 854786586
534 816265850
34977 955355977
1241 393982007
31604 425938749
2563 546513299
33579 473932803
8479 127193540
3577 447701777
34873 573270937
19161 913128191
29761 63808855
21396 449169747
26769 266708194
10472 676437886
14664 145828174
21387 358606329
2287 859068998
10297 977663447
32848 769625380
9717 354036223
21152 659995425
33497 823864693
11175 918662969
20133 285951334
8135 79817099
24025 41327032
30332 774433698
6154 894597785
3841 574870228
18552 511686796
19084 920370295
1471 194852997
26080 989480125
26230 289991108
11210 6915885
30310 563802216
17148 601218763
14291 515367012
6224 950304718
33407 41674294
26680 163641319
15160 178202047
12232 768303545
13661 177082065
21167 930865053
23665 962179999
1928 44571250
2532 199638198
29654 410151424
27021 293266985
9289 848749171
21924 814260940
14320 387946652
29104 100898209
29550 487007364
12069 841793030
9669 117571558
18987 847848021
14984 971732895
7102 889360775
22554 620263351
25476 967593432
7151 793273672
30206 243168255
34540 189615965
27381 816128301
34210 184249508
29188 320890338
11710 871755205
4314 642797474
152 915000603
25403 626003799
28999 112455583
10391 348177603
5009 900205519
6836 388784208
11247 688564064
31324 943402449
6276 227036153
73 186823366
22786 472867805
28364 271298901
12759 891272853
19588 34841571
30197 888044377
19200 605113896
28984 505388165
13641 481590518
1961 813498360
9883 148057315
18871 844610326
11712 354294944
16044 49057846
15317 243779248
24752 921020620
10034 913721822
30731 715498039
16003 20198496
4200 33310942
18967 480032402
14641 72736391
31697 231353232
28867 58636813
12319 60726079
33421 536959959
5979 408634176
8848 227229323
21666 263946061
33467 535627788
22313 70481872
33893 922578444
15278 972116
9534 786659141
5144 180034051
15388 197000280
5420 942531922
26510 613090556
31283 581737549
22275 232219032
7607 995999002
22838 501164957
24366 389194871
30704 871231244
15766 738557501
11322 767131719
34852 295019711
9787 644874704
29092 139147148
12975 473351025
27096 605338003
4409 33239199
16006 742543567
20597 825905792
31811 572752899
9846 972051766
26609 225284836
24176 713195934
11896 463988682
28224 103071689
21625 13990601
626 412645711
5083 158406005
14200 672829421
30823 620827368
170 524033891
22952 610266795
26443 945254020
26872 323433580
6678 46763703
26626 655921071
20175 125027998
21233 210820731
10126 410503105
18337 307544750
27308 944792519
22944 649487744
20677 20547724
28101 603882238
24338 719188784
2173 374280555
17879 395357545
16338 454378357
3475 620549379
30275 206998270
29814 457859581
16914 594191188
8762 220651552
11052 865805522
29909 998208542
27545 462050380
17491 947943129
15820 194087654
14027 359888626
24614 457455407
16150 542273979
27343 578457882
21556 870463612
28965 819906498
14753 65466144
19383 336922072
31812 81247457
27775 722562574
29439 831527327
9097 913117517
12398 106683671
72 426934643
3836 983425655
10601 417403955
30307 565113450
674 267713269
14387 142734967
8874 473666662
33784 705535572
6058 459771142
30651 428002149
23025 585097327
26020 282529926
18589 663750856
9804 53678285
25124 738426057
25844 732348651
23919 867157127
5466 625192390
13878 506232496
23005 667188493
15845 801451464
30235 550341642
1055 994882048
32224 71376769
873 819436617
30472 283693608
34396 914306085
3474 61052547
20795 604619184
6634 755720925
16762 31316616
29424 54578708
13197 913429380
22131 883566554
31816 784026168
19058 569136874
31462 312094498
22285 555101908
24781 686887824
7583 311743963
24230 887975175
21273 134660035
33693 67371233
20098 433570659
30080 567288795
23647 644096907
18578 655399779
30858 940010807
11411 796359457
24754 223385223
19704 508124864
3057 106179140
23632 634032663
11375 400751945
21323 187008326
676 279925027
5926 947867644
13940 920560252
17302 933595450
4255 670345132
26699 645113218
33841 782094530
1480 811048015
31407 107187336
12756 532593987
22174 724095065
1698 327231146
23759 208983750
1261 645630379
20817 39587848
32035 767323981
12019 299203272
21390 150890715
118 259457146
12546 892605275
29037 789532771
33212 192765347
5928 690010882
32039 322246189
14957 362519964
31767 116680470
2950 760982552
10113 155588734
6290 421530685
9110 221450217
7270 457263026
4797 341634802
26782 263711373
14761 347148697
11686 104772463
8849 720737159
1590 827426630
17139 40149160
18366 363215213
16093 174989841
4417 764129755
20043 25005750
4329 187986744
28737 715832885
3094 88482857
22033 6235004
12771 864621715
24130 630161681
20699 186326047
17230 467076137
3726 473198956
33511 459202776
12110 320910398
801 568562459
22398 838812893
24302 948725526
17834 130238264
13709 400627330
4803 251661969
25995 223611970
23915 118494032
21893 311251602
18215 556094803
20661 55876671
4651 182494491
24080 656103843
10990 7774955
10150 43708988
19117 513651121
25838 915157179
11912 629953269
9677 955658919
34564 948787586
20176 963315520
34768 64551090
21422 309380544
13181 259270181
15523 259055854
4072 751284518
14082 498450202
21403 172592938
27866 372258999
20181 766584315
4523 789484522
29843 822544762
26819 802142359
15254 850952733
15078 221544286
30041 70276287
13409 289119232
34359 843474062
11221 86782157
14359 646603173
21776 441934681
1435 75421359
2527 313946883
11872 978440755
1292 713184580
24942 935431650
27978 89858226
14874 671892885
13163 650684510
29798 332894887
23805 563109980
12943 965042767
27614 852163705
26407 450662280
29458 86629076
13706 194340975
25198 568191994
16219 357203314
21721 598050426
23851 814201968
21244 531649627
26643 878132189
24712 452776222
15534 233900992
28220 189949905
5930 549745614
27287 318204653
5597 761901648
21820 402398265
23825 719949474
4675 142712404
30168 862856839
32191 68880598
24901 473096747
2607 473672542
13123 541383420
30336 65207386
29547 324743039
24749 249616267
17795 787153202
34697 92501602
7624 931672884
3218 252207568
31102 764673679
21081 816250725
31440 297266325
26341 756824076
16358 611692633
9746 879155531
34889 327478936
12944 986544968
16365 801055550
2874 873538304
26489 403368728
33814 278602602
33442 372050381
15207 697495040
19441 952495806
19215 925820953
13066 290567560
17370 435061947
804 322303497
19866 700909321
18289 981779472
25579 72362461
30050 366407494
24872 987247274
14895 408625622
24525 139171476
19471 423655875
7341 176829378
10600 461843460
1373 546531476
13300 797686003
31185 890608225
22508 109376125
12148 448019675
9255 894364540
13900 410384089
18186 417754246
22488 813808685
296 136824264
20536 517052507
16419 214807537
20283 46363504
31248 198689722
8304 982230677
19456 111482388
28277 222017959
9063 47209969
16342 561087822
23653 814676756
30610 810313882
303 773305867
4379 930928791
12609 184618798
11197 924515854
15272 93941899
6195 707793288
31682 453574181
8598 96677993
12755 757926306
34848 896948509
4956 660952490
9735 585920509
32543 794581484
4504 640962544
12564 517357090
31689 524600621
7498 642730274
2795 215874436
22758 91978557
20697 888402639
6010 368768088
19246 240234735
3092 433559666
1364 927128454
17149 964215069
6711 556260659
20680 151596300
32800 473375200
12529 471624957
11650 749224186
12785 494127136
11765 203507779
17447 369324473
15592 827930452
15027 270247046
11761 583792384
12562 760139490
19198 555094094
25288 419842933
31652 558810872
34058 180787501
20245 40963762
859 789277408
15013 9661036
13093 671498698
29393 611351254
7181 148823225
14134 564968087
7452 677773904
3031 890531032
10788 523432659
29362 949168230
11890 860282041
21165 674392506
9145 470497730
3213 435747243
8983 385821005
16741 613731034
19966 108734784
10268 428756361
23597 621284780
11670 532409046
11316 182970870
31987 98369779
9608 530935978
12831 285048178
28065 578293884
23770 859696911
12920 487129551
9262 126878801
17279 731163667
4078 601508922
33948 351176549
13375 430521454
22927 225606262
11174 198267060
9245 330339990
16423 444623072
9161 615328922
4129 105409304
22320 779645044
27597 239010211
12662 760171778
6163 948034597
26255 661427443
89 910107214
13055 415913858
2812 454490254
11693 349008551
15775 245803898
11644 629976028
8322 728942197
29334 513581787
20672 160599242
11959 994290533
28686 407084254
2208 239292105
11260 96889442
19983 253886363
14369 331081129
11891 830054436
22947 125052078
28341 683996954
1884 854131300
31224 905489495
33159 56517607
23141 694463657
23970 506411424
9427 223732765
10320 199771420
22258 655029023
21633 526642811
26939 321262756
21067 997759016
15529 682180770
12659 852124642
27337 137051592
21561 348280236
16308 462037334
12287 16046524
26140 135109814
4018 720939861
1096 187300620
8518 637574281
27748 570390207
20056 830206431
12053 70767054
16389 875428421
26358 162557206
18259 949965221
4056 504223689
30732 385037453
18346 767010120
11474 763214214
2822 53426190
27190 748083678
32870 102749016
11030 140244489
4294 289827785
12796 82278546
26835 497284307
33446 528574625
6645 888130646
9108 197128099
17078 161161982
13968 73305178
21453 342920725
28855 997498499
2818 18750128
13646 51048128
5768 782534797
6469 408552707
13332 854675929
26605 709569734
32146 770727971
1625 421672534
11789 566378577
1867 385848588
6922 889293880
29409 451149443
10594 315195652
26277 401644940
4404 494936369
27642 652950052
29245 844059081
5558 317936490
34722 811752154
26721 591773074
6345 400615010
26901 665304295
29163 304845801
6348 546616413
23518 891626160
2982 451313961
31150 342727963
12818 114603345
2038 490317441
5102 806045163
30464 727070360
23996 917378865
3446 48601637
14 826970080
16527 333354296
15209 559585677
12392 661470643
25320 54036263
5845 891217316
22422 68075559
17333 942717326
27893 337145584
23773 939713555
6860 363386335
12778 487301840
2356 778980288
8798 392361630
14072 518556558
550 587410598
26545 664448798
5587 749681071
29741 736270587
4502 845724706
31242 997396757
4424 545784573
28216 731940252
2245 902968498
7879 647051099
16199 100252604
24705 317681026
26291 719299279
6996 108849154
8760 52388418
7046 494563538
12411 155748013
6803 744230700
316 188031858
18200 506533629
21692 230315627
24093 520525049
4272 851201604
16217 804254053
3812 10397294
21309 921892810
4484 678149506
12152 205361808
360 262294067
3183 306623625
23610 48366517
13603 320857980
23503 845629938
1618 962402282
6704 331511545
8407 494585614
29577 769647003
506 432757334
11008 944578034
2293 713264077
8152 975845246
33896 95008191
30354 321235263
33630 392089822
19525 402019609
6267 143047914
9507 717709467
20391 579555399
5738 323048689
17210 894392531
8931 966139956
28931 655879909
617 799072352
5418 516282188
31558 446698593
5304 197895527
10786 941466395
22164 584854835
22362 639790169
10646 80547504
7700 403824899
31798 604624800
4311 299096971
16901 120683996
11338 243876654
12875 495444980
17008 443707584
9573 17347174
2619 110409027
451 362230351
18225 532918062
20471 825748805
22393 826560453
3512 993752240
28904 562908215
21253 695428679
31888 982813455
6608 441260623
2147 348869043
408 441517427
1080 866464556
18228 930725080
822 66832768
10873 232392255
9119 352988278
26586 288979968
28260 310150239
3748 721878518
33452 883885846
17061 98565
23272 667567684
33719 506126885
28024 316130112
31273 711319629
3668 932468979
22468 898481554
95 277784858
19150 898885224
10094 20996798
11752 231087934
9925 935668703
957 211218576
29250 422966953
8727 350686808
8699 373436485
22852 114007517
10128 792241944
32764 342086497
6966 648620206
15297 421189689
16502 141948178
33991 191471623
31178 112373905
25027 412047903
25193 69691980
6659 35662981
8537 225459814
5235 173265412
12959 831705292
6688 672769150
15890 143691277
9595 529133294
19445 321814193
24085 480609770
9421 629619833
32375 400630537
9335 851644161
6981 588005927
34147 901519665
33367 379988660
21885 782370318
14509 976625850
11399 930113074
27360 381381374
6084 922501971
13630 234466283
26493 679482227
13498 313268109
2824 768722243
23393 73175437
15374 214414063
1638 524096669
14987 800030495
14848 828672821
22637 11449912
11593 960234800
22155 403516418
17016 529962027
31826 577695004
16413 35466366
23993 987971086
19596 376773844
19096 601081934
5047 725280022
26375 67587507
11948 284370795
11813 225602055
18763 595643805
18532 628994828
9980 394943773
32129 211943206
34670 574171314
14574 502122072
18502 93322069
28174 322887368
4649 886862599
29291 503421631
11341 565654071
1737 750027488
25181 174259865
23279 419852129
27532 274621417
19682 543503579
4866 813574735
10675 520878876
19577 233055264
22247 392104905
25539 260637729
5800 323270455
7703 646446382
1496 545617698
27957 626469503
5710 931278529
10186 814124754
12158 505309100
15090 878330509
34531 707622350
23087 11020385
13184 377752424
11876 904421575
2451 364745121
25772 99404043
22037 720783104
16159 826246263
31092 810086967
11132 98810217
26925 722461522
12334 593130602
13735 3542487
27293 927609801
26917 126163403
9195 532414288
12684 128032068
33363 880302527
11300 283609624
19697 756787058
4957 377325044
15884 27973963
4712 373742484
6756 142077252
31139 759238394
23340 54651280
1313 169303397
16554 946821651
31052 594602677
16695 169198097
19289 855369005
4320 115602857
28897 324057246
27199 538755456
18769 249306417
12798 595183530
9993 861588180
11981 609636848
31513 949514049
3766 615581176
13589 665118800
17712 688423213
31019 897327426
19660 95789617
4757 834395665
2787 484391525
20006 426510941
27946 599068722
1756 612054657
4432 197649197
21138 957257864
20741 720541670
3066 776342038
23225 301014885
11331 576250519
14506 480684658
5778 834994129
11648 872479308
29014 977450866
3644 55866010
28690 381602865
16411 30702659
34894 915245896
27282 9458079
9078 873557019
32837 870014606
9330 908794039
4647 204083766
41 405100332
22662 153938667
31552 774137131
12532 376213473
32478 818655583
21483 643052535
25186 131153189
2668 516399223
11428 165370374
32298 331650888
22772 251391382
10798 669271
16203 70038142
16814 858098915
27584 275218771
5051 158096891
2200 977024795
9334 922158787
4714 73860855
4861 961371946
7520 423108728
18389 746620256
19204 138005287
8947 49366889
25799 712988882
4288 893550916
14756 718473500
22890 562538291
34663 3065710
25166 964317527
27916 759744217
22863 619474779
20613 108496280
23227 741135967
10626 121263725
11116 116731216
426 976918125
21473 42365918
19229 11812547
22267 983799926
28967 684541478
27463 765850031
16195 753486478
4110 556013532
13406 204259612
16517 164624922
33167 403273159
14389 646026631
1458 617027868
5883 632645953
29759 420517490
17843 410664596
26665 7363603
10553 926961563
23253 271656796
3874 254231479
32627 817849895
33990 853771645
28379 225164376
5606 367181711
4235 401299976
10399 60742453
15622 368956265
22992 971347995
29904 608691129
22868 627762410
33418 239190
9256 905495347
30692 372577913
23732 898513771
9415 571487964
31554 498476964
18114 888472759
25563 448350071
12939 39636985
33838 748211460
25863 389812686
24350 57583992
2102 232637205
25642 209687187
12577 718663436
5747 755337920
11430 596645395
34247 350432231
34087 635668798
27212 190336971
14974 639908571
28299 779898968
33313 527157193
8354 632536959
28283 248685550
23953 683942655
10790 235550964
22959 379675808
33952 459366713
18575 604287832
20625 440050164
8838 937007416
4516 247798367
33688 619160099
5894 2988403
15390 166084542
7407 714740658
24059 46044559
15459 77587519
14068 916396745
27563 272428819
11268 589535399
21894 819045137
9367 505405828
20030 578931996
25463 281379052
30630 314472568
15182 649412737
359 76964048
5377 706882327
29161 319379099
19345 521772838
13899 650084851
2014 142491934
15774 638868241
31838 826738634
11801 293231899
3430 945759624
717 357018630
5247 66197114
15609 649369567
686 750279795
19006 298960271
18161 105485938
32247 961076860
7711 305007068
29865 8938596
17819 542784648
29479 516347406
8134 724509829
11979 993677455
5479 72432911
1818 68521255
16671 68812475
25985 371374200
8441 486606117
13103 187955306
33389 199267882
10965 454818245
1034 628963101
2501 216397791
28010 270631119
24328 767703580
14517 801438722
30983 258417453
30037 685108136
33466 795919549
18670 669635112
19448 430861695
15612 896024051
32277 635312461
17822 872361236
31756 488326744
26063 941159507
31368 146312122
19243 791507343
19043 468360668
17011 195754150
8342 462805915
29167 420743928
16460 758229164
26119 208129158
23697 580298876
20634 32582510
25706 704819832
19750 66555794
25580 523283087
20086 577306714
34121 53373908
277 590906586
13254 584578261
719 482170430
33409 416751715
20761 270721594
15633 444518467
26731 20545007
14903 362149196
23847 432908282
33410 35852399
28080 6395898
9380 774995716
16927 357895383
27876 4184297
28435 454798711
7021 337376516
25743 387005593
21647 80464793
32668 437446820
32983 944169917
981 149494583
14826 821374130
12540 878270658
18951 274360827
26942 795187611
364 338807419
8769 515039505
2856 818310548
27823 652478116
10092 471626780
31082 813094471
9210 927085474
18361 981383011
31828 140587921
21077 93023417
11239 690987668
27001 925075776
23260 978317961
33904 468442113
662 113617241
19491 704953215
32829 265951388
7863 444812145
31400 14990973
14960 572661489
30565 491108001
16281 925426998
23222 174390234
1461 172695576
7512 90651506
13078 615021276
12233 909243492
31550 152962267
6861 802657687
23217 898167798
80 177218585
17821 639298254
11788 47149102
15861 537974190
29316 460171718
6024 659890820
8316 494872939
6526 369899428
8088 208870745
10894 831741529
28787 354948046
9730 190813294
22336 681079739
27507 895302739
11139 967434298
32426 700773538
31650 498809982
1775 567934869
2976 892000129
24349 424903673
23914 368981635
33022 474919194
129 719739426
8259 740123428
16320 16254607
27940 403149109
6354 614317601
13533 79414048
6852 957947652
2447 754115675
14515 488380931
27673 269862165
30344 273147612
8809 626049410
20885 360647097
32214 373967657
4458 347881395
28735 898004418
26057 531130107
5861 413852012
30557 438410962
16962 989085556
33401 457068477
6264 178700791
34411 139042060
727 547855443
26321 120590380
18234 899772478
24905 578241702
14807 243428040
18844 625807460
30202 10946159
6998 697286503
18958 950205871
11568 70764126
34391 610129700
27989 640138743
26903 860966763
23182 400512151
34135 26231760
32347 112041557
6882 515759229
25790 493396027
31990 72016970
5677 223130455
8891 371906155
4418 271878844
9759 72336280
1281 853733751
15695 409810555
22059 309094887
13081 379031090
29937 82922590
4678 25518886
3501 495398289
34106 435768060
3934 408930995
11104 388121750
18691 400097086
12002 762282113
10709 953158342
19033 972633716
31112 419510012
27279 793806956
29050 451428134
288 586382530
26184 996375144
15343 168872332
12167 921060951
435 202459561
15872 199143097
31500 575483350
7584 373514814
32001 568171999
30775 26494383
25095 936350309
22066 277500140
11176 502218879
14713 697436976
19994 136348187
31722 530363814
34625 97524751
16724 492734100
4124 120267602
33661 305717792
15690 894869957
1249 369933068
736 840277993
17858 886323414
33332 319932955
5816 563305735
22436 783696543
24112 77682398
22315 231366382
3550 824193832
21902 870077682
25886 122985743
15558 755748676
9393 437819210
23649 190587010
3925 346096542
34426 238521088
16905 852033994
16220 614762643
16850 647512088
24727 464105059
14765 643289266
22308 95694128
9902 120199583
1892 698047783
17244 986967811
2355 228283069
16336 694754721
28412 316468009
22683 209084677
13584 446583825
26498 514347048
15639 714379954
11928 801373741
25512 139104287
2751 910584958
23259 368438381
24473 669587727
25478 123336489
27254 842381419
3364 910087032
29420 150281134
34995 821744239
25545 949391812
20003 443153288
21609 897997604
32386 384302806
7832 972686248
17431 122703008
28626 462879499
8060 160796474
34017 116224408
27965 252471011
31207 879714860
16858 295564046
14566 897623860
9096 911296211
4767 449869039
20920 160432553
12646 399749741
4708 513378147
3523 893882521
14352 280442334
4243 141624075
7245 511572757
3335 176946737
23248 552134909
9201 800639010
20770 288268632
34576 866824992
10047 479072121
1814 698269635
28175 534820702
34833 966486099
31685 285056100
3588 80744385
29873 957940579
16563 984751818
25497 886873739
14437 25254727
26251 149929884
19644 402721115
15777 947526189
21374 89130302
25475 947816916
24962 29996429
25529 380970096
14968 646050621
11416 444759369
3310 555436850
9467 126928815
13120 798012235
15478 812631875
28113 794571055
11753 324448362
29120 471624253
12224 12687619
28895 106023552
23165 301817406
15156 583445396
7187 437851918
12535 890611303
1420 969749804
19310 439016715
27639 538417374
28370 502689238
32496 356822208
22571 591960850
4466 645303653
25375 648349528
24264 500389758
16748 133575310
27138 225200225
34789 902357637
15413 788194147
13843 148932246
2413 872775776
34301 244128215
16123 458964632
23296 785104221
6018 718613824
23656 973918300
1493 964385038
18410 994154458
14059 425068166
29945 770072093
27344 495705896
7852 996198139
824 22829432
12226 806893867
18976 707901079
429 908893852
3793 477523013
23731 551221447
847 630377604
21956 588431307
8061 411973423
13540 231308196
32294 20598358
2754 120702316
15385 163437622
18231 970331479
26191 262529410
26001 704934889
19487 743116195
26044 135659190
15024 982038077
21191 28713338
20166 731984599
20106 549221361
17365 407897986
166 258234605
34766 337526065
30905 133453644
2550 942723355
10799 671499040
22699 904418459
1193 23605859
16202 975236718
29927 913567780
1699 773571553
8005 251294164
5053 450856348
16577 956275714
33989 269069768
34939 432665155
19292 410987152
10846 672091533
7724 276147283
7433 603291050
28567 759483953
10910 949451817
15593 349720658
99 274742748
16352 755275199
30150 699004584
30107 806481999
16702 961131951
16330 744772184
23819 354002290
19155 218973367
14954 508564250
15953 723662431
6706 493865564
10624 884363834
2522 484565181
15449 103757406
32646 779451107
6149 955101862
14695 553036275
27997 367292626
23258 634119797
20702 813394897
16192 918153428
22384 907223451
17826 249113411
12103 421816995
5661 450265149
15625 871754131
8696 5319912
19814 694527959
31349 200470856
1936 108088116
11240 791174502
23691 513754426
18226 321783499
14483 761909856
14133 894733399
7157 739714229
861 800314665
14896 155718325
20641 956316673
15930 78350533
11716 260846027
16073 968770486
22792 67424445
30653 558054691
22255 694620697
23746 696663422
27850 462817696
19740 985502186
13976 61082783
16185 205200492
34166 232884329
24868 724672754
30929 505672153
29540 732152300
5195 993722091
28704 158864408
1275 934832389
18113 726203178
23154 14466183
19515 49485275
6602 802644802
7998 848068917
8711 504294966
12414 544142686
9281 466235802
33754 404759722
5659 27504803
21888 340708466
2353 828625407
11744 204418802
21298 139666774
22561 15542947
11518 200058072
10426 947088804
11108 309294840
12933 351000681
8982 979711271
22063 134558911
9164 236006030
1586 773922564
9755 872475370
21204 488353222
28682 347438635
34762 182287263
20164 141139751
32384 385984950
21305 993382751
2444 639818866
26046 221895949
1647 463777892
10153 402961061
21958 173833609
4893 840901373
22875 122353447
31284 275867806
4801 115946653
11397 613972476
11878 427378984
14035 976866510
24998 811435952
13571 934005378
4185 708077905
2778 190033537
20135 446660551
31266 531223064
5703 134255212
15477 160138846
21767 346971092
12591 565967450
33204 497695363
230 831759742
12402 649073479
22721 208579861
14051 312160465
23727 337736511
20253 881055232
32053 962794086
18292 642039860
27804 71289446
5398 614529412
20210 753252596
25237 226895834
33129 932470062
205 409688262
12733 787282867
32497 937036363
12063 288999434
8866 241578290
34417 265301500
11970 430450418
12349 968258459
14735 575393801
10940 995727043
4529 731932194
6207 789899639
26666 532391306
6091 713358648
1608 838756495
16425 610511872
5589 148987332
909 532044476
6436 189777301
4762 83346985
29817 872713070
14933 306902304
4673 628421617
7559 673612073
27158 352530576
7314 717610784
23083 931456385
25087 788178335
363 929163184
10158 765663555
6189 835429714
19789 558983751
22749 184019843
32207 638849701
10883 975313790
28882 955747968
3405 790219719
15139 805372557
31776 209513536
434 324934987
14887 672320176
23737 829062795
2649 777860200
19240 992579466
27501 803332453
3679 29951098
12056 588700369
29736 933090302
31375 184168317
7605 317864532
24782 393658806
19926 740396562
25411 17595293
28367 95529122
21909 154846788
8873 116356362
2708 139195041
29298 307488230
20082 318042565
22215 902293586
12387 297504840
32902 307048404
31405 700204694
30970 50860010
9658 702756254
26047 959035233
32571 907679836
692 998655562
5686 376357182
26452 429708081
23716 532999079
14290 829770065
16990 446358402
8278 880026542
10722 356315873
30987 379539034
13575 785411512
34741 828421824
34963 77130577
12998 542662879
10935 774593640
29375 756993060
8214 794609371
32608 693711471
17153 30848968
23968 611189020
8168 589229248
28333 719818088
34096 119555727
27762 895168419
33394 756343978
2718 592110629
14715 282214073
28461 994006118
12443 494632410
30607 637881360
5121 620964815
4147 466104512
21331 495222013
5728 640321419
19395 601861249
29962 534145050
11691 813475173
18739 541189161
15141 65193197
11539 279763891
13894 668222804
5638 104589494
10217 817376497
4961 865359990
33540 471146928
5552 370059408
6025 591884023
5336 164956070
13701 449315318
8700 742964678
34941 105884247
11396 314338906
3366 76495805
26916 971778706
32515 984041397
13221 352422954
34286 467415106
14155 913800921
26507 558042649
2779 610195168
18641 851318395
32618 812354841
5815 269230224
14861 756544777
19324 145927354
22604 858998987
10615 379011016
9332 417345436
29620 188259308
17782 179995277
6751 780743523
7398 888695188
32090 178257212
19918 729091262
14275 557929204
33765 438086504
20105 791777636
9577 224158416
5524 10240020
8737 476735250
24379 596555370
1301 449284760
25483 734260010
5770 826261308
23834 453093381
4975 361596267
9781 549513095
13252 477738837
6243 426153102
34308 105918357
25313 417192798
22455 370436502
2013 978166298
34027 33058789
12439 719276601
28852 762140091
4010 73685467
15666 107334496
29488 870259593
7079 118867911
26756 562899799
12327 305363972
19365 476735178
1663 49399670
13761 854745674
14039 997826069
18351 567715157
21737 881006672
31789 803995666
3559 762204401
1288 794066194
30053 395972316
34592 288051256
10282 803138107
30425 348476523
8357 417572143
33960 505127473
16362 648016286
24545 158674126
8666 125842439
5976 287603184
12394 438108
10718 111359790
20062 161625769
10717 206807659
25806 38229691
29799 936546033
21727 840067089
22591 449668828
14670 786236140
27231 991466516
1298 597442139
2461 972257883
25012 914750720
21824 580807328
4900 305615600
34784 977406063
15479 112323911
7209 292560581
34288 409604147
27125 695922247
23124 494923265
30247 927534241
1529 943078280
6777 255997858
6612 385408274
2909 528638683
12070 734273334
12447 76144316
11060 974925043
9238 297107143
3348 589878981
30459 38074590
16485 172989308
28255 273675416
9621 826785618
11628 394768687
18510 51262064
16864 43291377
14536 750197271
10464 770175950
34367 661270690
11049 919380023
12107 392475927
10266 222778157
13002 42071746
9034 967432489
18283 753990692
4907 919050328
25548 807392310
24046 324933011
17530 903098021
8669 389517057
20607 197725318
23499 777971790
16745 928619517
28329 754121791
31957 326424509
7697 271879509
14218 960246662
24189 688703986
9280 944646190
2270 524001751
26511 910427741
25832 936403534
33180 166542471
17082 902356567
22691 270595338
22368 698264887
26803 766709264
12048 909832412
23606 796500116
9432 359177593
18895 670946700
8799 471262516
6839 43350196
26847 590861814
32000 558718762
25956 847909772
9589 360635042
24585 24316464
11361 702447410
2161 383214673
1840 14381241
31133 717483276
8277 342550840
12695 582938136
22898 696111382
20074 999775004
13343 14383226
19190 821562464
26101 508110349
20729 461743031
30190 83139658
19317 675774556
15518 843456358
18671 202085244
7278 918177
9829 579740868
16043 426508875
17520 418333446
25953 531224976
16137 329091564
17223 868351519
11978 230850563
19634 998405686
20096 125765905
24166 166264932
18807 897724089
7204 846114985
13999 479854255
988 180076901
30914 269540554
33665 134684087
2075 638852002
21912 918512112
2202 531250671
34825 751369935
5482 202048015
3408 91334190
30255 772094618
15571 150688334
1094 376924927
27050 84557090
23128 382112296
21664 213872058
12488 926214305
183 435779903
33593 692205773
9688 560380197
9622 735662985
7320 491664773
1040 819600450
8430 187785129
16649 472798706
10656 708125434
16568 941059396
31693 715216244
16289 236270790
8810 99979056
25235 86134627
9946 411407273
25532 395922842
3531 114237154
31380 605165590
27260 652883101
79 821735893
16457 350339376
1416 293722153
26368 702062329
23792 599422889
27934 51697210
6589 207857195
16749 199903121
13891 71141081
29226 96395012
21751 9833813
19886 505044136
29994 766274830
24673 277268619
5685 623900306
23415 390042113
31354 439717105
26389 743187792
5829 713287809
2875 549231077
4242 454129723
12329 983825168
5501 580773550
1846 282989906
13861 276556476
18490 506749175
24304 752245204
17064 529006470
22623 82528534
4094 816183962
1596 348345856
31801 892523128
29350 187644529
9745 504358666
1924 273911265
32341 48592750
10708 483401680
6770 168206957
28955 198080897
25893 698770151
5577 737937219
2757 933118623
4609 327277367
2537 994573776
7662 921625706
13892 237550439
12776 118375620
26861 528417412
23548 454589939
12181 291195293
20034 507351032
32382 447577559
28623 369752267
5108 519284823
30525 309894886
13264 172537960
17728 810166910
21636 593720436
26501 260093386
32438 223384148
28768 401456990
13649 349817823
24212 373619886
15927 180682159
30643 157247468
6667 658616327
17888 236121226
1039 941806603
5197 685035434
29381 621488792
7693 671208176
13865 557805732
18549 615715495
26294 551305548
12255 778110991
12925 354948936
4896 757557247
28059 862082466
18274 821923276
26701 486159653
26730 264750079
14934 387396009
6338 967331605
26028 745736319
26533 476381773
24776 829141845
22305 357597258
3227 752881170
12964 70671945
13158 158250033
29397 807049991
3601 188540276
9715 481461211
6652 365429328
25592 544754695
5566 106392820
26352 388393760
8428 87890394
13776 65222631
30817 269078212
5796 600960954
12953 361076207
21531 124619221
7329 778498909
247 767744078
25882 186183142
19629 502593982
23774 1648828
27705 857799140
10556 495003478
9285 456169194
4291 472123195
19439 162113646
15274 660357707
4156 488292703
18428 720661411
28306 221996945
15003 293396871
25536 982299905
34291 476180158
30558 385648283
18832 212308776
387 302548693
33380 293337164
5895 560313149
32852 325626392
27616 158936306
26312 638636401
15840 472601847
22971 31950006
11357 298611395
15562 88252667
18216 455809301
5982 5429613
20794 474765996
30228 557798892
15346 961827313
20826 695388334
27834 304927076
1599 327335334
15707 811392718
2994 864184306
22575 404570303
10976 955942218
11192 119676988
29368 299389673
3362 936569054
32020 397385920
27743 889947977
3628 721613102
28449 776080376
30040 746023634
7902 546889100
8190 57088079
9532 254203845
18034 591332211
15971 143188277
11885 607033891
18666 822818100
5769 884912993
21435 45286243
5528 869893743
5731 204039991
20569 203639284
5564 964685757
26149 351840628
32842 429156993
8120 206975577
3357 375627228
2597 487912463
20231 180408242
11934 543369461
21746 110106490
18765 14879547
32119 425747687
22224 978186593
30254 111509430
10037 137748604
25593 917408157
3188 514169936
10440 972036919
28927 984050174
8036 816128748
27564 316862114
31460 362555410
15161 142557453
31778 12170102
16816 933775834
16279 527657430
7839 589911648
18620 545581417
2981 982345836
4937 247410767
19798 958765865
17038 82511671
19076 663020682
33669 702652220
8706 722744750
3784 196712317
26344 911368009
242 117283167
14658 807970064
30966 89181033
1021 238407051
19652 377942737
32315 576441696
21587 20315339
29727 766847265
26805 281467660
21388 337311594
26137 738005640
17579 672223351
27654 202217329
28357 41813530
22277 765806602
7726 541904276
11647 683022724
32876 378046239
19065 763868305
29763 104081160
28879 583738175
25088 963807660
13443 454286614
5438 965875461
32229 878174785
22713 973051332
15222 459040411
5679 112649616
18701 125266720
13347 646413309
21108 431058292
2020 914958431
26604 969069061
17867 89456128
13019 500747039
5363 27470983
29537 125009292
18101 432312794
18834 806055311
460 350213283
8230 66334562
6007 807925187
15300 825049596
26115 212671638
24733 680615136
22630 507892575
18378 376718392
29528 968653619
20573 510463857
30759 591166551
30541 190812787
14720 67044161
12596 215386018
29395 929550752
27936 879116335
6246 765882431
3765 450302421
18615 760641015
26150 921036191
15353 140375917
20077 853267138
22620 73574617
15769 431586059
21063 612370854
7440 992827157
22573 190778105
6892 286189015
32268 23294810
5168 878465120
15455 808183459
22236 307833515
17084 841098895
18957 24615831
30024 940843827
5192 434166877
22492 39689225
6363 764412729
19935 473204273
26000 954076906
20835 495839652
23292 67864795
10007 830333046
7196 121763409
23029 347460045
16623 770064751
29089 126707389
18358 114739246
28678 538659256
7965 816148252
27030 343780414
23900 221657586
8574 23425123
26371 835029606
18905 999222353
8682 416113074
16369 827819723
15116 93222769
15043 424142429
11733 8071544
28053 749670655
18409 796861394
30708 58860290
1539 558515113
23326 727902187
8616 890007078
25295 682437313
13912 717753660
11639 796493742
24380 324190335
21032 344702996
18609 302339977
4607 799329563
4738 344490415
20515 444954669
33227 292460091
15048 566178437
639 672342967
29237 950902498
26378 992769596
9529 867875841
4171 253038912
18362 416715674
11276 561448526
20296 179842203
3898 749838491
22160 44624103
12838 589414484
1900 897621758
33219 311668975
4177 491873055
17885 162539988
497 703098910
23830 933163510
24865 314386245
34049 737954938
18052 835302270
26448 520310252
5596 43718299
1681 209473205
25372 241881352
11156 232250141
16154 58878983
406 986616366
14219 503388035
17675 260237515
4237 924245799
28517 187958990
9617 910140854
19073 595707776
21991 7302420
18511 37176560
26654 723842734
8818 251234199
24923 244466816
28726 274680315
32327 209330556
16139 835899401
918 659394448
7890 734829296
32880 290812340
3710 931478548
5139 638153427
18047 498873267
8295 924811363
8869 898777584
12989 625038121
32408 663281488
13840 932434893
17630 633932347
10531 493922445
16301 346857911
15787 364666611
7403 174600830
22444 184140188
8726 855018198
34336 605985336
5003 376095893
2464 374847192
25074 468149771
31468 431471896
28912 851987924
34004 983062365
18106 585131660
16949 483598103
10459 713559310
19817 734247263
9600 85659121
7856 914705762
32024 356988768
5207 433319943
8851 364691094
28739 415778999
27479 605510838
9102 607279337
18681 404155302
21299 588965798
18741 336490281
7921 736821416
21933 475839932
10703 942436385
19842 533479646
10091 937288368
22836 544080454
19620 380703829
10407 601442071
17248 485138588
15287 526333085
30771 513855026
4326 792018641
16938 838271013
17684 590524190
4258 939048233
27535 984602410
1430 491827363
32576 853916525
12707 761863323
5271 535588704
26487 407361808
15273 265311506
6729 956306338
29209 503931088
6400 667027186
31033 834617250
3468 484811655
5579 856933421
6335 812066855
7428 987414508
27230 249505854
12117 494985808
12779 50217091
9886 623410951
33653 793739786
23291 184820494
12877 441299898
2411 720023583
9642 102422629
17007 670747941
17716 784600353
18899 900720456
12500 835310719
27782 317116139
29115 629055302
22264 286376944
1653 266621903
175 913059939
8096 522187005
4881 713744765
11875 302520627
21789 410943768
9120 435765258
25849 576003274
34719 478676219
30928 963753311
34927 991811735
21500 829833541
28383 404878172
5981 259109612
5676 84644301
18491 451085402
16500 94726309
10234 312434392
15915 439296912
15190 114221143
22075 458814599
20892 892368186
15965 401336084
9300 396766004
16252 534449128
20865 673750673
23720 579750820
31704 836077397
31795 660409183
20343 763137171
31430 476866969
8440 245020519
26113 477347849
9792 58027688
27056 618661283
2971 725145773
10685 684904269
22234 713784032
11351 667125941
5890 962959114
14132 17226887
29876 954841996
343 670516516
7854 966301064
33732 548139332
11927 254214353
17961 255399466
11346 669732255
32805 371600576
29281 790441643
5764 254997672
298 163368464
28641 308859123
213 1209949
71 984402131
34519 259176992
29866 667648811
21960 436258713
18683 700397142
7542 299994165
19034 129242998
24347 191460706
2207 482115634
6202 621300483
31879 27414254
19539 248978264
24403 672690727
27400 831206405
19580 222544589
17015 862231664
23169 583892693
4138 912577998
22739 665034723
28020 937775768
5052 957922321
8944 613376520
645 369470014
30365 709829428
2438 92153733
30268 585132652
9128 571739711
26910 41245017
20940 858329356
24796 384471889
6814 67649435
342 683941713
13821 424583948
2043 509056689
33172 870842197
33035 960598789
8803 325486016
23710 833283749
32269 603116606
28889 749719040
20459 138506141
25678 508848202
2968 562909242
27002 342930736
18943 217530615
28265 734616698
26570 811473348
4498 408366345
4316 349603346
34575 283869835
14892 985317508
13542 349828464
1880 18198839
26728 949215063
933 48958366
3630 477244584
1476 738513473
28906 87685756
6214 585621084
31477 40656261
27032 821646816
6389 98213587
20335 406154238
3054 911984490
33788 597395648
16694 44127478
13090 446416991
133 964148876
20009 990113648
9077 402730223
32490 773217721
22184 509948873
25131 163622834
22493 930774337
16468 443889899
11997 989408048
29618 286408785
2488 444169172
1785 839772577
28462 864452999
15974 152857860
16830 766312024
31687 582027486
23999 261084201
10687 221208919
33837 570776352
15879 95384416
16907 226584665
6745 413457672
33873 106643126
29716 605038807
33493 386745923
4169 263794433
5288 321249531
4862 610160066
34228 113957686
19902 287333807
3243 800800859
7506 756673900
33481 203711004
32656 227928894
7768 999068963
7349 642532325
16988 251710280
1479 23143398
10425 324912264
29223 789948593
13667 226271450
19018 390083628
9866 803678482
8032 868656659
33447 657542530
7395 127612073
33706 723751591
17669 747006518
30706 339727484
1355 954185566
12413 599268908
31508 790270044
3166 941225243
32846 870781992
31058 961141513
11189 336019702
25228 328093938
17761 303333087
22587 56765986
19013 745131064
23755 515051505
24456 573935769
26671 732980999
28516 672342638
11123 335835342
15148 148918334
10402 192868631
16610 993242251
13265 341010117
5776 455599886
26151 492771570
12871 802252996
8663 385103777
22910 978387771
10429 229591416
4394 512797598
9777 511455247
8977 817195579
6572 348758146
4870 484675279
22933 340314009
19060 100429237
31960 685458949
4452 442826329
7459 330877509
9261 187599089
30659 938985155
12180 151437869
20993 908623194
20390 690651
17743 381492361
15303 561425086
10549 915426453
28509 693026034
26089 47424881
32466 386206708
25192 773130857
11554 494979061
29726 75234146
17534 702168431
27570 379770424
10312 619987605
9026 782017118
25134 720833222
31198 896808715
22802 577115497
29868 638300246
12792 228043086
11026 319118918
9799 424385402
22248 392962277
10597 698797567
13420 435979718
30693 319650226
20267 297755440
33538 953022100
5347 959014057
33590 880575851
8533 391433690
25558 860223777
30833 214689626
3703 399844583
12716 973145860
8033 192060416
27704 102160403
32690 708397285
4383 360693431
30935 381267997
30852 892046872
22457 200117649
2991 213782618
6106 529311888
5715 907018052
23539 32690438
7309 810828988
20656 549567525
11147 62992815
11595 366979316
16373 749458235
10378 970081142
19741 623384672
5360 631292187
20161 601148937
24658 158364439
9231 563318390
25712 59836185
21671 625602879
10294 187073450
32500 64907562
23671 359202941
4950 177804817
3680 267098131
11592 615879298
16875 928404232
28292 440470000
29289 173049961
31055 674318916
2944 386682845
1306 566326719
12752 57377144
26393 143233716
8025 960079373
5701 333690134
30387 824469067
8824 415446669
25704 859635617
30850 743305202
5700 812140201
18702 915822709
32791 346260467
11968 978019741
2477 431985408
4736 655600876
7384 216281097
17537 571989256
10163 614860053
18717 174229174
21451 653625612
31754 939765328
8888 280451993
31955 65466483
8081 981897971
18133 30784294
8475 4001548
11006 845624140
34509 953170458
23429 415677396
30855 875076986
17265 824228423
13261 756488862
22787 939690613
12637 677661434
3709 122879073
10712 701543761
28394 92944176
21475 271442507
913 77470539
4045 65436769
11728 910863436
25673 532897305
2884 990663240
26560 284952214
21708 133860588
23975 546428331
23406 467430259
3236 781048154
25581 381983566
29625 269765418
21873 416175330
2645 323405372
4302 306713393
4832 51507789
25102 800187384
11312 381922494
23875 130670958
32139 168278594
13703 676491902
3068 22523995
241 981018694
19125 398068261
30046 859357736
4083 406271424
16099 178051790
10551 116371483
31018 984571774
29276 967479562
23519 215301400
514 849684023
22344 618127046
13268 694306896
3855 150325514
29232 892745814
22993 129842713
20307 977495080
1595 916724919
24958 138406773
18628 41607681
12043 400513045
30915 885302821
29621 456428339
15075 22556417
19810 337997920
33126 152413448
31084 818561087
1177 891120938
33763 753554463
20510 194627106
13820 880158402
2958 60128906
8913 100670771
18468 977232282
24156 64663088
19535 374450597
2606 678015687
12099 995874442
8751 197235236
7249 431806942
18841 388189239
5222 81117351
4244 239888549
32175 250475537
22029 260412182
34261 226655811
27981 13288399
5 233294469
28699 31540368
13007 157631738
11759 261902664
3003 978141850
27746 525244722
10586 627856768
16775 710947645
34268 252439614
3815 46806420
31225 661968904
32177 220224205
9598 628744666
12907 306235206
10117 632186595
7985 97688703
11701 27864090
19977 63018461
29612 742670715
4677 101579062
12210 109192019
23668 446962915
26286 933826806
24842 911236279
8841 743050406
3080 796555137
8543 746812809
13526 251670000
33496 678482114
5134 337248865
11404 297222970
8995 789521581
25216 888198887
12732 734140999
10728 35018634
5952 124590888
21059 677467809
3877 787131952
3638 870237888
19126 505328667
20771 10142406
21792 385770557
17485 783711862
6043 388746711
15818 675736174
21295 356295192
13384 593784263
15945 522048869
15429 335176256
1267 555565409
24204 564710856
25046 116231330
20386 869574401
1643 791346380
22892 675185439
4211 380382157
7683 855382161
268 588562585
7189 27356703
7461 457301317
10710 957260952
30856 531982570
5315 287851990
21207 428756936
28284 555485213
2615 464992166
25716 105715537
33033 277450326
18603 699580156
3059 386962842
5817 943407888
26235 470451970
20715 809328696
17420 194134403
18437 27589687
24214 847795525
8495 273288469
23741 522287872
23566 289662036
30805 722946393
23760 931897577
9066 823000129
21334 716996306
17704 69997
24207 927775805
5449 214229587
5663 458369291
22901 571941099
33435 818491086
34307 490183929
7020 931930084
6680 361168354
13099 584995571
7050 975517977
7199 470817532
835 49759335
23378 306685300
12805 846970853
21353 194337157
6310 880791757
295 883960882
22634 630125521
25238 482126521
12441 536319494
8405 244072979
13826 432180576
23577 119490431
16578 23580788
20127 900208837
15847 565839107
18295 242487666
32079 710814281
12884 937930932
30352 249797575
13479 82487725
30449 37653571
19295 876540278
12931 219235047
28149 631004021
15634 727850716
15693 642961581
20829 732802442
13087 591995967
26686 835902348
10509 510829823
26033 696121137
28833 3831195
31444 393255304
25703 800155928
24228 436517022
5877 32290075
7305 76499291
6009 366790652
11888 699487802
15155 363103624
19847 195386115
32610 724970578
17658 357483454
11325 56066747
14563 25543825
33711 932919494
2226 483584712
26611 959139359
24809 858741483
10145 608566282
28121 686210833
12927 714999060
13459 648479197
26763 218813934
1194 243396573
33561 367072782
30465 69235732
33647 342137331
13247 584441990
16513 563578066
8384 645942232
32779 902143606
17807 430999851
26825 753977744
12717 229495829
419 982238355
10326 402290
19103 783366177
33964 531993935
17777 26938882
25781 741614042
4541 232475160
22089 647201296
26132 830290133
30738 952208441
33381 306556576
1140 746115339
27849 156291813
5232 466622762
33673 304500357
16974 901428580
20040 299885987
29730 819942072
19301 707923207
34132 398274784
2414 740362707
1062 71560828
31852 430884638
29102 364699664
20503 677100915
16663 786927980
12395 645338719
21349 816217612
13621 620843962
24306 457006890
27145 769302496
1686 229263893
18939 807348211
20019 410033359
14372 130984721
30919 680543763
18526 81547041
3241 211859356
11012 537470352
8546 661764009
13179 638448965
21565 618914089
14084 589543839
33855 226603418
12774 35455388
6344 470121356
28485 645264607
34813 687449613
8918 698840227
23482 377220515
5786 71851283
28592 322015409
21083 946374856
13583 737794497
15451 59965904
12462 191730653
20330 15005283
28564 508495647
18811 39622613
13797 356423834
33528 647102974
22205 656082416
4198 464012467
8302 326401244
27970 45679874
27227 877375390
9348 137292607
25066 614535746
19840 564384042
17359 326376005
14164 215875170
18651 548170206
4845 821659348
4347 631379461
1624 109375378
3796 901803118
14925 646993144
21325 245595502
5925 648076935
3864 111650793
33239 876156997
27749 362180306
34787 7998108
17120 70719671
31233 608208655
1664 771286318
31898 65246837
6467 475968272
2643 306571928
31557 880638778
26971 844204189
10054 541895174
60 247531654
26829 309342617
29601 566494106
30537 639744401
9840 596854165
26790 906237862
976 237462024
9882 711949863
5615 855372210
19413 558390229
30313 864850659
3237 478477615
4718 435112746
22941 771768886
34151 129494635
10238 60810423
33025 282925400
27206 77732704
696 782069738
22544 418895085
29308 721299843
10885 825893619
32428 429140053
23798 1275181
8671 286030991
7600 895234463
34816 479668525
8877 615156522
19306 114165972
23143 93810944
14475 476871296
17698 898136077
31441 383873066
9914 164384170
28311 425694309
34253 729388832
10797 242502208
17837 972471990
8716 896659866
23828 664938016
9506 359882794
7621 485623512
30375 578229994
32154 291980824
14223 484665359
11661 28640357
1025 293910703
18648 145844894
2932 285001068
9650 626107725
20749 210893189
16714 86115507
26041 220506376
14504 148674801
16722 896431539
29738 211109887
20201 214047990
26128 55367819
26068 34400884
31268 567933002
9921 338299609
20321 856242132
21115 338980147
31962 384624435
3201 174926534
27861 4555501
28971 212629043
21199 616133629
4572 416275697
3609 234983601
8075 32763871
10098 1748216
838 936453678
7546 672944517
22390 500800184
27717 79835939
34076 56313813
18396 38377629
25444 536077948
27484 13814448
30171 961345618
4359 759843303
3639 793913159
27172 450019546
5087 615941427
7472 991023113
4742 862662094
31240 438125223
32418 500897810
10871 351215112
28650 316956985
32969 512457660
3191 946372798
31837 803056043
26004 77274933
3597 330407684
31738 257730764
30406 710616791
29946 623362701
12576 971806122
19424 550729722
29505 161612808
16730 710347099
8843 987316702
27646 192679910
13032 550997301
31474 110279084
2890 434997276
28427 585278239
2315 420484271
19072 963163507
8225 372909980
14090 918768489
31413 139207339
30451 108371379
22582 542573020
32860 978996571
9160 617590830
13674 674547753
2128 998143872
21367 740482426
11294 288051503
24579 606714966
17809 775772957
30343 250565317
30581 43310937
9481 444302073
28940 556053700
22999 531373956
13476 301177002
6109 717154137
13644 238504767
24443 167662017
28740 329883091
9199 468186412
32606 418592511
6934 145902392
4142 584319644
18391 1678820
24273 730134421
34275 907845767
7516 548046346
3182 529198237
21834 587451798
31164 650301595
6064 424426684
29706 643352730
26832 209777210
20075 983449070
2109 630549873
6122 951138529
20208 777844841
15993 967347371
13336 245786328
19597 989446191
4105 912974168
27987 484216604
2303 565868351
27471 522705078
3572 975574421
18316 862919144
20355 507017403
7899 6568793
23329 262502734
28448 333430072
26877 887433920
7859 243034058
29475 763142393
20484 559179931
32056 873007024
8628 419798831
32206 393370208
28068 997051592
4217 263692953
27977 536225483
23187 80960418
20971 124278742
17358 986662565
9015 788361474
7049 714722845
4300 711479426
9644 127050517
9371 476960209
5297 364428119
31204 772252597
15869 289020092
18945 913653095
29916 556524160
17089 871056811
14045 156747206
9709 587028957
32095 869739440
6832 4130027
848 329007182
11448 3870919
21407 349814942
26262 710117430
2406 676468025
16766 992229330
30348 405115325
25253 757432850
16432 172449754
23556 453976882
11326 53003868
22123 424271847
3256 571959674
28266 4371469
28099 518871980
5426 967347901
12484 813447124
786 770309980
8529 888989286
531 867247469
30019 898318095
25275 69526350
19861 250633379
18500 732567355
27181 92655097
33811 174179819
29054 96532079
28339 572977562
28332 961029112
31986 506152685
12935 420484042
18512 285994481
12555 671876142
19944 805519846
3089 301873166
23156 896538615
13870 654253010
22616 41038558
12522 889529327
30224 657635508
11242 186196076
12594 355033765
22871 947166126
34501 769414087
14745 95761831
1405 619923659
8126 651312079
32641 429396842
2843 80980011
8746 12099737
13919 946562073
15628 244583730
15940 408261953
34735 69053696
6411 970992545
30686 487708943
17535 583565118
14109 72673210
3036 566596461
3177 215981475
30640 949554197
10053 999178722
2350 416544762
30276 859472596
9028 705246522
34020 930546060
30446 844878677
27458 790376422
1945 622801322
33138 228491866
17324 358367735
27353 806423778
5120 305904572
7313 142451487
5911 147715369
11342 114112632
19689 72671296
29345 52434177
26629 276465981
26008 268875056
27552 398441903
9406 680171270
19444 633893115
8474 446762275
7052 361694422
34856 67804415
21567 127468849
22723 557732067
4411 675089107
24002 87640158
4732 860601374
15574 672973524
33448 286138862
2307 29225578
12603 949390307
34769 340103812
16585 55661296
27895 347976581
19071 536753261
19207 149025264
17233 712196934
31089 728513270
16738 802041689
20018 459927652
34653 711220015
25204 713037627
2198 597572402
4266 939173007
17503 829351129
17952 422315359
30518 707508266
8275 693983743
8194 506405563
29789 872721065
27632 881483065
16318 763560539
9854 305100318
27302 742458700
33125 213414181
9152 777290034
23771 905576979
253 915243360
25759 268052249
34636 397813007
24039 794346027
2069 299626818
26357 486574945
18523 979736336
24198 150843618
29707 729677022
32915 905230336
29992 227512235
18643 187986213
22968 45023465
10027 867954923
21916 991895486
11854 605123493
14718 158431742
25338 747505311
14452 310206554
14955 180655749
29898 24952726
29803 666395066
11910 256331653
10455 703964279
20832 219358092
16719 380843032
28652 375194002
9117 823048718
12560 276297593
11457 40758630
19733 115726044
33801 921474104
9126 560552875
767 831640804
23120 476096779
22722 963707712
24284 694481511
34507 716207913
23814 997040150
3112 610874316
19677 486376897
24388 687368357
17471 252524645
32343 236083454
32390 798453018
31892 850720747
24520 619875191
24129 207282889
28601 919626698
18025 92627662
1077 784218736
947 895258958
32025 996820202
14632 75562990
10508 215747677
7389 931946561
20410 558943475
3388 912151968
13717 282902274
2320 658541263
26729 829695863
15227 367174137
12244 392813268
33902 429029289
26423 772579887
7773 179826122
16344 668331862
18399 181891045
3826 954962293
18418 424534358
34137 651203725
7920 486082661
19669 504153974
1543 871200428
25980 859275356
10503 832486583
13266 713302017
2097 8368794
15373 118226125
17898 217292913
3174 302919108
4875 355362640
34904 592200184
1263 104824239
14078 17862884
14056 61877704
12489 287193390
3835 459768562
18035 604109288
25147 100238751
14401 324790636
30120 993975386
20342 672881444
28838 587910701
27492 953032807
32380 137946207
8683 106603952
21069 925523492
30711 123993084
8071 183151427
24482 965735144
20900 61913635
8603 410186558
15493 30753238
27451 559968328
7611 729072781
30556 413734554
28232 23879788
32795 932737991
29950 411395056
10427 152484129
22991 608081315
28642 755292624
18801 666353059
19834 91606733
15711 956792545
9299 583956814
28843 185655986
32820 583801612
30814 728161659
33177 78483205
13363 271569413
17800 605654225
12967 635652702
23891 474622054
8326 318261805
20369 11803012
3962 627063775
32804 439114434
12335 909127456
19184 360497713
27177 747074652
2346 698858838
22516 552557818
1665 55208046
14315 984026089
31617 609003946
10321 223092155
9737 358609168
31862 306676758
28982 564275057
22566 320743650
15094 336746814
4798 461535845
5961 475978386
17748 621869101
19132 310830503
3724 663553676
31451 525066436
640 901110887
18700 302481009
30786 485021605
17356 669929192
23163 495323731
16496 129036854
30503 494434297
26911 178396549
14717 783371972
23015 502337955
24562 490544020
26274 839600134
21102 854098986
13489 913578098
328 744077162
2799 429126307
31028 263333719
17846 988495420
7897 385065465
26024 328222610
28377 699161623
2816 39278833
25351 107935339
3909 735857652
15722 920733384
24908 584821066
33796 566649237
18312 89995455
14635 180311525
19176 186151212
9011 442245419
20836 699893808
21086 807856197
1850 803398501
28096 225328661
16983 316649023
1768 407093135
5401 589763945
17361 35085867
23246 307192902
13518 78973671
22116 71404303
22162 661311190
18569 417724861
19376 509155766
10732 922573935
16128 975253515
8170 955558973
24210 62870148
938 591848948
20250 294577884
16050 93580149
19328 758815629
6989 374579722
13836 3514107
15627 803728911
29582 641475743
12706 778892349
6121 670552544
8313 467113653
13412 626090140
28696 428089834
2229 917714489
1691 731785071
16351 201517451
6244 482183217
13934 368638883
22415 595143982
27937 87587882
34174 681575574
27942 49731447
21718 279251254
31638 266693146
527 721179465
13175 484829423
1748 513643562
3448 769507557
14871 901605557
24232 173661548
19533 422855593
34903 715481528
28619 16988030
6292 993672678
27701 512657760
10463 280679270
7454 981830278
634 568159303
26839 160108831
31680 981050155
19025 758585961
28922 779841010
6012 936069207
6883 417364315
18852 25423325
23545 217762604
21306 169033347
66 281539690
30363 409883570
3579 141077876
26144 652793170
7687 253400566
3876 194845264
22907 795639918
2654 426981416
20591 273838958
27208 998328350
7714 304679537
2547 467993516
16594 716908592
125 120577974
7233 366484890
17959 58604794
16523 415124594
19557 24166620
18610 71116713
32534 766933844
130 238244091
637 492571327
13008 206272974
19972 351618292
16883 721845169
14444 325712930
19213 238630632
34055 187852333
7321 970470943
11181 38398265
14764 411182327
23905 118080414
3181 285031169
14152 866500125
3358 239422002
33817 750975591
15410 776088289
9540 74746910
29156 735437538
30736 58837091
23097 961407975
31194 221234655
12306 505494409
25048 946583692
7446 123957365
5854 18808961
23173 914172677
15809 958351883
8802 114300488
18718 657586231
24612 426113762
31263 97484398
22161 195305940
33067 172308718
11065 92629628
29993 467618974
27216 664322427
33351 964519278
1988 968684059
5372 66264000
23740 39083157
33594 301017648
2035 817180211
23140 891626676
18560 997661687
522 403214947
28015 829826042
30178 395279492
20351 331750451
24108 230103941
2342 362481878
24493 803487717
8928 714536083
21129 708517234
2962 549589633
6241 378301466
32422 69978921
16065 460904306
11849 938278133
3013 432955077
29768 371469744
16076 138783092
10013 928927992
31226 842364409
3365 78561742
18191 41666277
29427 871080543
32481 670387545
15201 144843970
2405 608908062
25950 57933182
28084 752515051
14354 64080329
1492 64892598
34850 16833366
7294 212141172
28525 113335310
10433 610737601
8041 805952681
18792 143411402
27878 763251574
11388 536871813
20278 84807206
8657 77081361
30377 403153973
25796 308716461
4746 103320390
10714 468436444
658 293972509
8090 778269921
21968 345056724
31201 704260526
18160 624919257
13220 332984553
5567 200223406
14333 719237101
34262 738777997
18570 41654830
29675 149570055
14672 167222242
32366 576092269
10205 518992697
4958 318532335
17562 264003383
25526 673374203
24121 251521485
14126 849576060
15450 451242497
25265 341158468
25746 145549804
4689 356226889
32391 818379906
32845 129432043
11115 933624726
18594 941228954
894 549706083
18394 650017959
13798 472813858
1028 928739796
22956 277771546
21019 609653894
16685 142693787
32304 842361892
30898 179066385
17510 634870666
7905 306581108
7195 964415757
32133 795300688
17217 161469950
13365 384641947
18242 22453204
10950 314781904
13141 514346135
12895 671555387
31532 228326252
20078 67775667
31961 352939459
21339 194664046
16655 961793091
26990 49562666
21704 807303316
19021 37973009
10528 924150627
1340 715713035
13581 826601000
1792 714131852
97 743475356
18664 137869686
23473 640257814
12593 657457628
16670 591247455
31853 12947194
32012 853414187
31974 764518486
20930 863938266
6915 216695333
17277 888464741
15264 115483139
9568 557646464
34830 109220973
14588 574104588
33297 107393258
20849 685710440
2920 364594662
16443 200849297
30696 918229618
5320 247986478
24073 659742202
3752 827047551
25789 216266909
34608 625729493
3985 969640643
27320 130095361
22909 774270751
34745 57965309
8975 834000910
19633 228722762
27540 871058514
146 816971530
20513 703930164
22383 349778462
8260 757194282
34846 786144889
7152 44260456
29524 307492978
8465 891045201
837 560107478
30648 693189851
33642 561665469
20093 848369912
6831 412640267
24794 321845749
32573 501852436
23936 741734022
27832 488831023
6391 787905492
13995 950017982
26760 716685681
12299 419743318
34809 242410637
13793 529027085
18124 481654947
20556 54430204
19743 761183154
23496 263081066
5162 666249960
1611 873089592
12794 266367441
33030 443498654
14187 704388517
17525 725541037
3346 4859780
11359 832229236
21445 437559286
20543 870988545
31016 946303753
23229 627008180
6643 681103891
20726 636931114
28848 242096889
5064 883580586
34629 12662222
31307 182698749
17392 288539839
32075 972433161
23149 837115871
26821 86456672
1660 307975640
25076 304751142
12955 838587257
24360 479512551
26998 151227451
6409 715886344
29087 407424687
3221 358317625
13638 844939163
25839 343208572
32194 834119295
22256 525309257
14465 91530637
16428 261118788
28795 480958470
26720 511315947
2027 37256306
6081 261189904
20122 695064872
4561 261372776
654 592275908
1239 191410396
27728 385523698
33145 770687968
4602 452167654
22535 173110489
605 99922772
7660 698612375
29084 131052700
15026 491628496
18012 577715057
19111 661232551
9729 631033700
28219 210305041
3772 789577745
4612 724003140
32069 220692025
23110 263925467
17207 405964382
18619 802355210
20983 325068802
33425 242634330
17593 585057488
7620 284531454
10008 392753478
1872 310493506
32263 521201840
23672 130613835
34924 84991001
33486 867008610
32320 457166773
19667 290995777
21686 668816095
25830 53881075
15545 123817126
5171 636560321
1429 187783087
26175 585156220
15793 198819257
28985 849040357
33081 890233777
1186 952264403
28381 762383809
29780 455329913
19177 870942879
5938 738780488
34402 442052730
7365 889907952
24950 855144873
13852 407805311
16032 732688388
26490 821778338
3141 617400763
8748 260968717
28148 224902584
42 722204764
27389 985877695
26335 32696803
15563 766567454
1084 565181809
34700 457905394
1198 784978306
23040 819352800
31353 672607700
21224 205551819
21041 611306264
4067 918049632
21524 157079246
24674 239618881
6604 476871826
11442 502299599
9970 798806403
3590 662465495
34173 667264419
5607 361086236
16322 537101379
7593 275920251
19483 397385829
20967 830203258
18268 129126752
19594 730949320
26099 180148041
34059 779234690
4271 858584647
31716 306463615
28731 581976294
13681 540221157
33571 353712335
11288 364764967
9794 320443933
23213 442719191
18421 942919056
8091 585393696
11590 757589681
1036 177692718
4980 550770579
31745 769581649
16331 128343361
8959 574744199
17450 895008275
13042 239523362
3573 461488912
15381 357851049
28279 925351997
1336 13792758
17339 713406745
30582 856652796
32227 973504646
11211 954518425
16430 332190762
6362 302150665
32447 425480635
21024 195053904
9483 259442269
22427 406514075
9514 637506133
17125 468821038
28213 633843078
33339 316119652
31437 135783187
11667 533989189
33261 978755443
15444 428161569
2670 365833683
10063 921615543
23942 730266815
797 596150578
10277 150208961
21159 364180159
28504 68982175
18051 384376856
15999 824337989
29327 287433575
13788 614387279
33346 606481698
11169 953561309
7663 246667043
18464 554335717
8468 209600322
14266 896278591
6879 883659276
33736 668323997
5997 805018897
9609 273327418
7297 401592961
29057 249006150
23693 736346759
14221 455775457
23605 733949312
34356 349343808
9402 381871804
30886 242157245
30986 256729958
4525 85705628
13642 836624954
7712 86354684
29492 937564313
25065 363316947
22291 448791161
12304 168006032
30211 932338000
33654 662620475
28554 904416131
26575 703003199
23980 119353966
10642 482217314
3894 394259913
16249 810027581
29928 602296770
2249 234244484
29035 712753511
3304 644105758
20774 89751732
34083 956707310
29463 907183711
15473 793168586
10636 398116015
5463 152511734
21915 468752717
33950 821565869
16348 158322134
26915 198483348
15784 247458077
31885 439329258
25516 97329512
13948 803259044
8015 637853151
16873 609787771
29508 283850060
7710 854004063
9301 635437050
17599 699059326
13366 126219021
30086 783808902
22788 86712339
32243 668092034
6040 561318362
22451 873682552
4163 146683750
16620 131721432
25024 587699147
25645 364831453
11045 396801453
15038 96589901
25520 648382198
1684 86522079
961 696941480
23510 784840459
3259 637015860
3476 818176156
13176 668178267
6600 805445272
16951 305391763
22030 323509156
7927 368516520
2071 533769337
21230 243674100
13398 164184466
10969 780804730
33338 897048140
14280 565221342
7092 376380494
34645 409278735
4470 350774304
33517 848580120
18668 861861395
15605 456069489
9809 315165477
20939 436233649
1527 665789655
27538 288385162
19353 183405916
3927 101895695
23034 97168810
27176 97871984
14926 684761765
25472 611912012
3467 859684883
6724 811603490
24790 782151592
21677 724632060
24539 794079316
28271 382836108
28328 405747873
32532 509274398
18492 357158057
4256 243071545
6550 878135109
8157 161822649
4932 891798269
13212 733194652
10583 530177954
19724 330240405
7073 540295914
12995 904753788
8264 650536792
5864 909197511
5249 772721129
32560 734804330
34736 569558024
9939 134944509
6542 350236970
3119 719843942
12790 449107070
14246 703217576
3352 60934438
32314 524489011
24966 358639172
17067 248555231
878 434699670
8481 598657236
9457 121045999
27713 270959686
18188 961921821
8321 681351816
26540 6705766
22886 990887846
33379 348276831
12811 336352572
9442 485194706
9773 269539681
32258 657894841
34189 806342536
32604 326146937
24684 191347591
17820 514683209
22831 58529325
17288 794693582
18478 550627677
31417 704144120
33956 520156052
4545 35921170
27871 855641823
1986 788175399
437 565236553
29784 405229626
14989 612402342
19465 454399742
17925 800846233
20227 681474547
28828 177359772
11846 669675913
25907 392790783
30062 987603764
32 981108715
33061 765447995
11094 280875449
3716 657132516
19497 883115184
20177 31998673
27241 755955594
5611 597862231
4020 56210440
28831 450683784
10761 69272704
7628 60657532
26035 851375359
9364 539069000
33430 397196887
19919 641366017
19898 982699761
24286 788331116
12768 907070219
3296 251154789
2149 666216360
6394 912150114
28338 833624603
20647 551878846
3148 851165002
24844 213570230
15382 872102297
6594 322480927
23150 189572140
12295 996042185
22106 872973996
18090 292319311
28553 598943421
14262 665152926
12236 133394154
14803 363223192
25308 882941571
13830 571871391
15538 845147566
24256 840449323
30917 808914076
7411 230257230
30946 41513219
22859 122730165
25843 335842469
32629 571737966
27567 92982145
33685 391681937
16316 348580523
14918 961273202
29548 472344729
27280 396408862
2996 490825644
30088 564873529
28145 499139491
28602 543979339
11305 185050991
15786 206971492
12393 660713289
12401 946837964
14860 17110874
22742 124815526
2242 91819906
13292 399688514
13211 225195789
18270 938802222
12671 983652382
15525 465764587
19670 771655617
11486 379974355
12610 337167561
25121 652351849
26197 931224144
23235 538101993
21605 157803883
23952 853194946
30010 283407883
27506 538799583
1166 481059496
21576 209329703
31861 300323972
15642 417387980
684 601154781
33946 942247638
24984 59521119
635 991832893
23585 68924762
24063 969162920
20395 978618648
17960 602442800
30025 888662957
33671 224361894
22041 572642545
12129 333537365
3977 660489322
18494 714286958
28112 57184573
683 253395014
32118 140207890
4536 354426008
31780 909129393
31583 567770971
12417 1702340
11014 517786687
18790 191199477
26322 960221339
6746 942432300
22484 953534599
33672 906693327
31969 448307720
16533 394788244
16627 548180081
17496 14329509
3479 582206888
14348 166756995
11091 767167150
25049 306477832
30064 517377017
20614 168849550
14442 615678672
3480 255061547
14785 72355168
27329 833525695
8396 619963592
31848 278182416
7332 171746090
14393 144396348
16514 975281637
13222 258532960
32398 722763446
33684 369456322
12720 685219892
33911 24667587
12305 390347979
5538 178622061
33133 906175862
15055 531924918
10559 381855188
7586 509547932
4597 905094134
14306 660690044
24488 575383848
2910 58993521
2567 677098005
30734 555793757
699 658080794
11230 13774687
16309 232438941
6220 8603440
18929 622125455
15528 663811675
9024 908989555
24022 821626412
25735 584470153
33235 703605855
12478 973418770
10801 439512477
31340 844966636
17783 634454764
14087 220966093
31497 13182383
22598 204304904
6762 891121939
17430 256723421
20742 599428810
27356 423250244
3380 41826726
7984 520977191
18040 438989752
17528 500901381
10457 395280571
7622 581271809
18275 590029359
32106 803410733
7106 354450328
31327 694727061
12231 238511408
4462 483816824
28923 620819344
26764 71468347
13023 86144959
13404 382995370
26181 929678574
19101 983783418
28229 583714119
1571 956833185
33032 54943038
32215 350708023
29248 545922998
6687 400521891
21074 936704718
26331 844183325
852 831114959
24980 329727946
8262 761720117
21611 966379888
27830 312995857
26297 237244613
28132 434022025
17196 893501493
30936 483033408
24055 706202410
11283 901095432
5826 196798341
1335 385268939
29785 61378707
20215 255727107
30372 293477903
20933 653587434
22795 320698433
8656 87849155
19313 721916055
8817 446085444
33910 134726513
31171 271928906
11769 64165215
27359 267987823
20242 86619479
18149 158492943
20241 90685545
29725 724348261
5150 50055814
34192 533431160
6229 16251817
521 842846289
6032 172161010
8813 944670746
16463 670813400
31342 872638941
31663 739546000
12024 592365974
23026 846921285
7205 496992551
26420 554324051
31202 552212136
20130 897109838
17565 537941961
16570 613989812
350 661263853
6402 715348351
7235 446258472
33063 541176953
25355 333442138
26773 648825000
33766 609460819
12453 837820491
29353 551090687
12858 234100574
8590 405196680
31628 707206436
27676 595088043
31445 868042438
20544 77840711
2519 49011903
28555 520329537
22815 35435528
16486 444648377
33195 531494733
34352 868020822
13393 898276226
4954 717540834
21810 710557928
20422 293435398
25938 191228364
15778 201050417
29683 111033813
23330 609094311
18044 728799308
20507 897831797
31875 929142795
14668 143084454
16237 105716457
34817 17128591
19970 198731357
68 782599393
22173 901766564
20859 770367966
17815 990751050
34225 124804751
10108 113802143
12065 505628013
5473 942521498
24589 60022890
23232 432968206
30535 724947748
4240 189690270
11488 975597825
33241 410837399
32786 495355985
15967 594814827
34802 774422646
20989 734002446
180 963324536
6100 649236088
19765 230058841
26354 657556511
31442 606839302
13699 821659350
20571 542883134
13765 516426402
32528 528798931
30191 573861917
10886 312614562
26822 749340522
19998 721951573
8382 934961193
22348 23054392
5255 703714863
20353 507253633
24175 375655158
9590 700912237
12767 150020400
3473 266420694
3702 574014005
30710 484737845
18298 264517722
15129 644178405
5614 232257374
21838 589800608
21947 731088671
9003 462245027
25666 955174087
32031 531917818
27283 813991657
11241 625975826
954 21483566
3883 783403194
24404 878600573
7466 360668835
5145 413555874
1909 814764439
34770 278420061
20694 650264527
14501 638563677
10021 596102961
29778 536186124
18278 797193213
24148 865623537
24934 58817918
4008 286891373
12088 793928498
25470 902843181
33535 412317967
2979 882185844
10018 916851785
8232 153094971
16965 588854231
17613 597225225
25255 931118037
3217 804460510
8915 673835843
25637 515517263
12977 447114342
17164 651920193
17343 653140922
15860 219469731
17513 196741674
21 495522799
18431 942482003
1240 924534488
15223 450608971
27214 87998168
7749 987273258
22477 991422528
29560 9647478
32858 296492316
10099 467049809
29313 66332893
246 933197398
21517 76560896
11611 727608307
27788 357768508
5143 350216894
14432 182579116
12113 280086875
28270 524858422
3789 489105069
11450 303533081
7303 391741056
8875 743492996
21602 884494061
4375 293443259
11124 655575188
3179 334662521
5092 216000482
16647 926496667
7935 181698142
24882 525638098
3648 780899700
9022 111137273
34754 212104682
21322 771788754
117 890504786
25133 996868232
20116 93126428
22693 620648166
23244 839139551
33485 971366256
4095 221718489
32563 195701152
23218 397218904
23278 924479348
929 93071909
13204 738345701
5913 101990355
18168 738340384
28027 73968738
19882 79419751
11380 787904286
31154 637166134
726 119140365
23790 585057451
19762 736810100
25367 909330599
20448 387830366
28658 391190506
21243 584014197
27296 47669221
7545 15438619
11093 999342071
6926 97831659
25139 704636887
26694 21967406
17754 695391043
8450 922346884
2825 990339303
1468 109540959
10040 652618435
15742 156890474
15408 69178054
9791 472291597
23854 586752469
30484 374130953
194 716373307
4704 643821481
15902 29088207
16450 541557803
14842 627252256
314 998316702
20120 246611000
210 34553754
28009 319957410
28221 246729471
21525 631866453
25865 739714822
33804 996076019
26984 847934565
8530 986854615
7976 570523023
32180 442573119
9706 615946516
1047 461011697
30129 600487133
16170 354196485
4222 727251719
7057 188948603
10604 42651606
25356 753234021
25983 924611667
14603 67140132
11407 79858384
7146 851723712
12960 799855413
34792 551638969
20107 810055840
26875 876812335
347 212578978
15533 65065631
14340 556568215
9503 620540721
24147 259634988
33644 968471099
25760 758397683
1882 368998030
3110 773351751
17398 222081385
7179 437992033
18326 902083093
4773 857892073
13838 277846196
17595 95116835
13734 431865385
19105 497284867
25831 918808503
24933 747898800
29494 399729664
13349 341670759
24693 240104080
29390 180757119
22108 577776539
9466 267303938
25276 705637927
8063 870712839
26310 714787553
29083 295735147
11251 637661276
5090 72660842
1339 435712537
18258 736719257
4472 114671472
16230 233841135
18162 259311563
1673 695124501
19282 756591283
17718 179254777
11786 400384307
23475 385653469
10139 613221825
24553 423519834
25814 682561552
1904 74402440
23288 352301460
16795 440514093
6859 87453748
2703 799730087
12153 206392621
1088 488116173
9992 233110666
25671 272388838
22216 825629558
6902 125665664
14413 885961356
13168 936087280
3104 47523773
30200 481924647
3273 281812263
8914 668545879
2891 470385135
22918 194672278
22227 22217221
14862 983049223
28317 63786059
275 98878129
4207 690198203
7776 302024654
13514 622758790
28535 778427560
28781 369346945
10609 234920984
25045 454619334
17726 315619852
4542 151435094
1823 410140535
6317 843448451
15816 958692895
21464 665677071
22282 933939723
8924 210115235
8545 345874826
31872 987752549
34687 576377054
17391 518012028
28133 370999084
10988 928305134
2683 31215742
29074 89547963
9760 473812524
26691 296231701
251 670621420
26431 900439319
10639 425889738
1963 424531132
1538 648457895
15108 578944064
14606 638066976
18123 136763733
28431 882389878
14263 432697506
7144 591712119
15112 865654066
31671 765382250
15567 798291174
14601 195238645
12389 187013706
21578 337144154
704 802608722
27077 873769027
23492 271720630
19209 445352272
24970 569883602
20812 584360277
16377 390336321
12791 957559911
25960 774084524
34554 814567062
9347 448591938
19010 333012980
15310 391303236
14575 723653211
2160 894189780
32072 937647547
15198 850267225
11489 758730244
34332 386952336
15674 605215536
27003 692557373
18574 461738771
6802 702251357
27228 710737527
20238 654512339
34124 820998745
17261 326182241
17127 613179676
30278 35864546
16870 912714370
13653 128290752
2746 793840939
9871 280091850
28724 975241335
31868 562598993
32859 432310099
10860 819146702
58 550347539
4282 196258706
14917 365947526
6741 992723116
29169 940540495
162 878145332
8523 289245447
16417 753858234
3347 585667259
424 239791286
26276 553767928
21270 492735173
13961 917933151
24272 799165031
23906 412970865
30801 679314582
19489 985062582
25566 329416276
20501 818711394
23263 439626769
29938 399349009
5231 880296060
12525 973662338
24227 516697763
27102 667890732
24643 601955054
4512 991364385
27031 622201736
8024 88639061
15299 384334266
8456 888099007
19496 465289435
32411 789283581
17263 592037593
24941 877166353
5576 799377466
24321 634611577
24178 397768875
238 753862528
5625 908844342
28659 544580060
20547 572155415
24880 108267913
450 631871047
6072 68859913
8963 578752823
28580 762445303
10366 719214163
22217 875223828
31842 539892344
20747 448589930
12672 10778012
28708 912230687
11659 877137968
11403 579026038
946 53153447
15421 730439709
942 203058482
7476 447499428
32766 403752707
16832 420376737
27107 478724033
34131 297035259
7791 539265902
22072 200674346
25855 143631792
17032 600322140
4877 396441866
28422 413107835
591 621313958
1582 766570835
28176 608979184
27759 638393244
25895 693490158
22412 909752757
17702 789175715
9012 136788528
30463 730713747
20045 9616331
6256 280361243
21942 838975212
362 551388255
29773 754421690
34495 947733533
12482 285761003
4439 707076591
10488 200680959
33077 245348407
14628 571693906
19133 970033192
25259 313679259
7183 405700629
34060 237665246
9471 111945015
30550 385534595
28646 504133841
1701 189410739
14327 242315975
28667 30565508
10506 969479805
26817 496587082
21872 852199757
9618 743547913
12471 498455696
20473 729029959
20782 358672215
9767 270179037
10066 955034677
24468 442132041
7315 628137330
9673 542928052
13829 938960347
4960 429825921
21759 403736756
29123 542800603
15400 887201597
29777 214671086
3361 234810442
19315 356258537
7228 626224798
3640 341489510
795 996959883
26590 770874492
30147 207256522
10250 704256204
33949 951593759
15748 462603823
2745 140485764
6309 329454805
24308 726482467
28123 611854783
28008 57744840
24651 409198088
21816 931533119
18829 857388337
8433 669793604
18401 658254594
2239 186760737
6098 475955810
25917 931109904
28685 517361672
33003 326648904
22099 546635325
1459 498104268
21342 169531940
18522 110409924
7361 225926720
34490 720116726
8289 471354597
24008 820403134
23557 797853974
31956 501685937
7469 584009756
31347 233921338
1299 837785172
33176 138083625
5058 624641503
19772 200490566
20295 391593367
21693 416094869
17199 76070142
14910 405236730
20612 726028583
30570 708318252
6968 302826460
12112 63173356
17036 713023461
32026 589193493
310 57084243
10808 850424000
34227 222710945
553 164482321
11168 868481034
18290 331191163
16069 839444488
30469 788279378
3487 874892707
21135 807335338
5156 271627268
3922 716560648
9375 453967513
1863 129392505
26975 798724519
22225 750630263
11782 3928941
7259 704767209
33105 943108034
33542 321904134
7491 24567520
378 989393971
6044 480807736
28289 882929744
7494 989502770
1588 659957752
8712 474595850
7886 309693838
7434 79085509
21532 143857947
24291 726023753
22974 449656367
18335 472107608
3551 490307407
2295 217869465
34864 204745170
15681 302016900
7809 953416387
21419 505107171
13159 531471852
430 572042779
18818 157509207
28523 741017344
17969 889330717
17435 359360037
25734 629122092
15119 758089854
26993 580126971
127 304879180
4052 840941250
16138 755598913
22112 921189546
5995 938468946
4905 26108817
4259 224146965
10810 945367508
13697 45192394
3490 661386398
7358 431004332
11884 919635717
24029 896864609
28633 5233199
12168 156053318
25151 187992169
15350 440258671
27233 543023550
26732 3167011
32087 220951921
9267 875657935
16934 527711360
7139 196500470
8370 195356515
14570 567327144
29305 763591536
13068 789700329
12084 857123782
14689 805643705
31578 686787360
27521 804688720
32973 946743450
32289 310805388
32581 740983922
28168 100783894
17329 976800694
18304 709177322
3878 991475346
5985 941795960
26395 750558693
29527 407768985
12514 119170500
27167 32200635
28744 12687339
10306 67106072
9000 969972742
16618 752365368
20873 301457928
9657 590497911
32276 148422925
2429 512817970
27736 208702625
26555 824794724
17929 128293816
26807 130943948
14598 369926532
12433 286342038
24371 544366284
11183 194762753
26325 129572232
27494 994165310
23460 850372826
13063 158907375
13273 486315186
29721 810038084
28242 12218159
33616 431712909
27419 794532853
27111 299067998
28211 885070458
7820 450375200
25144 880638967
28582 365339994
330 227615370
27467 126147360
5888 482007427
7723 292041077
23718 631192632
17124 738652474
5137 307665605
844 376931803
12905 26938420
22594 631980892
937 508632101
32844 825625600
12390 100096666
13461 359659413
13094 974079446
7264 639514075
24957 419623618
10462 240464036
17986 254965796
27116 47039172
10380 150537013
24124 142913428
8051 203420548
1385 151858524
5215 411398672
18583 718119697
30899 279252813
32541 444360357
25364 653252385
20470 261539259
14922 683853729
16060 409954785
28210 254331044
9815 97238351
23417 582728193
9505 375617194
15025 668815123
15575 211058271
6806 790857377
24823 553495276
28173 96106128
10612 752196739
14758 4185517
29573 351132415
19426 716830970
10566 371764071
18413 970277139
12676 10380165
2593 783044941
20768 520428616
620 617904313
13604 927471821
7995 780354924
26449 595721233
34818 244544637
24033 156652260
30655 563285591
9222 429242490
3842 664168506
30327 445126587
15808 915829110
1026 494543757
12869 626249221
31579 231318208
18344 312790786
8099 211667733
6330 228030551
561 687484458
1289 741619575
27902 556642782
3343 86042341
32512 233247038
19822 248508971
10109 69660786
14140 170136049
27196 19828024
26156 179429802
20111 257185225
24974 818390076
31326 846987852
8062 661808715
16611 864577575
17155 362513918
13585 701694624
9954 913291011
8974 779967872
7377 201926320
23660 88982310
19987 42737306
21616 985866933
3096 270172531
18983 814405671
20200 120209174
22208 330927242
24310 984529973
28863 90848226
6537 786164197
8331 149275464
23059 310571173
14197 179160564
13890 816948281
33183 759880583
9014 155771576
32088 565852880
29020 925678778
9949 923032515
1682 160599202
7804 870314425
26188 116143935
2868 618358383
1607 883859946
31431 786172656
11363 372366907
32839 650752501
11734 373878313
17072 300446960
16374 130701358
13350 695513185
24331 111097079
279 721427540
25430 263206081
19883 269963544
19279 689093801
7002 914512352
25618 502381117
34737 644799369
16899 536444537
15837 923385235
24736 767448559
9544 608323260
23432 627205964
32401 159155108
34048 92161818
8021 354904277
17041 700469728
23652 485409494
26445 462171502
32071 187769467
5037 944664365
15231 568775297
26108 867911212
8794 681430543
26843 130796025
25915 772651271
11612 866116926
29914 656352162
4869 347515167
28827 737479665
27598 703116226
30269 676059175
27143 853475120
19787 66660189
6359 855747369
26698 244405159
24508 224105189
7257 318725
14913 290788079
10843 80590040
10771 371299931
6972 75993398
17443 844353652
1758 810210874
33120 938916006
30045 871125593
10333 153803778
27854 439838165
30233 24279278
6970 924911226
28949 227795267
9392 792959333
12264 742010712
22523 244975602
21457 939752600
24714 561009390
24785 864716702
27637 118003530
27061 873052509
12126 861716390
22129 359768008
23249 171645109
32162 665776866
29497 145241919
7715 919386773
7422 345344219
16823 659167866
26907 957953568
24301 393100584
29631 799284901
34158 518733746
7812 37198053
11672 315395781
18008 282300555
30921 571364647
33095 796880530
6368 462213448
30729 56668284
4811 280841022
19298 365143361
8505 51346776
21375 182866603
31587 604585910
29974 609162377
33170 860588717
22994 606246664
33115 761630628
9354 739287401
34996 641832360
33086 9609472
13924 4813769
24294 997205235
24791 444898373
17023 303176916
10220 128958291
30797 283150479
15475 980475118
17250 603358184
24325 840175774
27913 321553773
26842 514696678
33055 912918737
15428 653091255
20999 823633497
24180 71672086
8992 841493524
25663 880856083
22670 99868593
3583 7852695
30666 550252301
12214 993229047
31471 960821633
5772 31563139
2579 70515666
23343 838198183
8573 777033308
13822 126406137
6016 277706400
2174 905516351
18194 620701296
16857 695946573
2039 79377113
2228 826246297
33931 28775540
415 563355789
11933 32219653
2313 288553923
19233 927393279
31863 481207679
2064 141561773
25096 218014020
33355 252049975
21439 269022753
21606 651323673
15496 423851994
7652 55132284
19231 99116288
23962 345591867
4378 889308241
24512 18912855
23639 106733448
9592 225935831
16000 339908768
28140 454843594
21360 452830230
6942 333070285
8583 795339572
1946 851657755
16895 119879739
26651 266188677
20388 723222694
20108 60693111
7432 241444814
23201 653008491
29358 28443617
31750 64014757
25774 420059413
18784 860312445
16100 635023962
25546 92670255
31622 580931031
29645 826532105
28728 215842460
4559 952311689
24103 132806275
26718 884988335
14541 24635203
9461 817827739
3284 13099575
7149 503790919
1931 403787803
17184 112098846
34522 422367315
23581 624796232
13684 973880025
30087 796998144
17522 957536930
22347 242848219
3277 534217805
9333 152926145
7490 798123564
8619 85280374
10693 259357732
1438 865118892
17152 543254986
22476 542306617
28796 840058484
10011 78410289
32993 885740254
10884 754829139
27186 569062971
25700 6937441
33114 734069670
31527 674870018
34430 390749829
15229 194975418
12483 495499829
4760 685097909
6273 22971296
10800 194601474
8930 906238030
16393 426992939
11742 958973928
25462 348080960
13867 661797889
10048 737507924
3067 630636312
523 307452869
6429 449284939
28445 227473377
25153 584396979
10590 908855895
28979 886438385
9448 128087501
33290 958187238
10340 216797406
21775 452034717
16020 388990219
4175 971760532
33483 760017089
1051 67972007
21614 908666500
1497 302613585
29015 407433129
3803 495310527
3055 800626207
4446 289454529
4967 515666725
3398 577957037
16081 63127364
22385 858161423
9400 408355094
26951 562692684
10216 853166934
3413 977186091
1629 9689098
23357 723782127
15875 498832051
2984 600616764
31107 47866754
15731 846888960
10015 564464188
6051 439956237
34634 736821775
11877 206396546
33098 506406192
16856 982593971
4632 61402207
32631 391215805
5571 739533482
15587 92535481
32089 259853062
26163 242526887
19637 525456110
4598 930289782
18567 427158420
965 956113888
11185 775130379
15540 221484202
10901 253569684
1314 714997777
13702 387977078
30477 989772666
25443 435201835
8581 663964382
6845 965015989
309 446790153
15316 511434279
1598 362332198
4015 134666265
20499 364825307
12042 826275548
5230 445768502
24004 575255095
21705 618653168
165 517769960
21274 318419937
14741 209671045
10097 910766195
30121 476737440
10682 523246375
32281 985773097
2296 368940725
29181 314015814
14116 937363535
22489 717375016
3215 205479533
22156 11102222
28092 584814627
1408 34929361
30262 734690424
27248 67283183
32745 216472358
3383 743840926
27784 601495945
30239 606915001
4448 967051795
24895 993507999
21261 663069293
18026 577368856
15336 118670633
17397 500637932
258 24010021
28513 209995316
11792 826148904
2552 944130694
21004 949680742
20294 241017489
25315 856892691
13859 259360421
4913 780280795
22292 715351785
18381 156991511
13295 902764698
574 782538037
29986 665029065
19370 810006609
19218 934558682
4596 668929522
2258 80817814
24703 759878428
28198 305247619
26743 969341454
25597 440807072
20608 613128841
17627 449707439
31805 473146168
18653 721094185
9818 871830762
16686 547034555
18596 622939539
30561 117689526
26713 425187769
15174 775762672
10286 746079620
4626 528194740
22977 508114752
11969 391911734
11881 728435380
34525 1872156
25651 869594589
34376 422592082
10997 586555791
18825 716304127
12965 15369783
23929 393113644
34081 581620398
10804 455651110
17221 822816574
12949 883454192
7619 258060011
3582 353241392
2845 608816123
3970 808414199
19311 910181763
23251 336316812
16181 883390605
24670 281466114
26438 856600842
8261 588297281
1812 181293762
32045 189277944
5503 985517851
20870 442210067
30181 307901122
12020 105649511
3806 851814915
3892 979428908
11889 474821374
6208 416094706
30204 148554466
1603 309128017
5214 226865619
11145 752699138
25705 945115638
4694 534882192
30519 882717454
30908 298853975
7130 186935225
12013 979860430
4693 319619520
11815 605729628
6974 786729418
8484 34917941
24475 317718800
16918 798507523
34782 511581564
12837 617345208
5031 687510113
1804 87995185
12122 268841722
34586 220967021
29900 61354477
12425 696529541
33977 556177967
6830 324345130
29121 541338467
24778 851614637
4654 236644019
22547 226489264
6231 555566967
3667 530846422
12250 560272456
11041 633749889
24690 388528808
28492 746222962
24765 234754029
28938 248128242
16727 783629139
12649 106029824
32166 508708304
19784 202234665
22212 760254938
29405 980696152
34591 695163072
25758 69343799
34450 411457890
18093 361263763
22273 5250878
4257 402527062
3317 248562625
1211 652170544
17286 230612939
19187 889464860
17687 768670685
29981 47723566
15649 530321775
25858 612963880
22386 425246771
9297 542663632
14567 252327620
23301 78414642
21378 456445233
11421 255648536
27548 464172289
34277 556745180
7743 315378269
4885 153462039
29049 818760579
1776 886011670
34689 584292475
12941 93259705
11951 603545087
10164 814632355
34866 157596562
1907 237838640
6401 249477611
28147 134424626
9705 519186247
10879 616261840
20776 55980827
30154 848316513
4833 895208669
27265 472810762
10547 204645770
608 530039416
20844 949475730
11898 385780622
30589 467311287
30990 612535441
20934 160444169
8403 567934132
30043 106947884
15611 923123070
17823 946315515
17666 268624534
12307 931759655
14633 803454828
28539 841568599
16333 886640362
28261 892939731
28117 888190
23401 180761807
14714 841413549
14202 556385696
6519 978087609
5458 375730823
2223 628313190
12961 643802202
34217 465397458
24218 106629713
15724 772536240
7375 557708943
26868 138053398
914 672258951
11170 741209253
14500 181168563
20155 899148178
21264 766224641
10022 479790623
33272 435771395
3409 401644297
10114 803618616
17252 615974272
8807 163811148
11461 577016000
12764 582586526
33254 837861685
7033 201672833
969 279863944
4962 979226097
33805 686963642
28463 90790805
30318 451694298
17507 849612448
29681 903828793
7668 2681862
19699 11100899
16168 424659824
32893 624128035
32588 537088540
10492 995133590
22659 831115957
4987 898879106
27966 10649497
12085 221802992
31352 686275814
9169 58533584
6314 325143515
4630 460245158
15829 145131695
22243 239251458
27017 358843640
17917 333120773
24656 311529160
16085 284764164
20568 207640724
22281 219878201
18443 736590133
19459 403293677
24326 130229888
14023 947711992
21454 980638485
22746 982641830
8491 153433679
34671 157836658
7792 750480697
29437 63399767
1650 737494872
1975 656702666
12810 46561952
20669 441836670
23450 962014466
870 592364778
2859 667536466
34617 911032828
5704 922568017
26116 764374426
4453 523886356
32913 577314402
6662 819461288
3492 875531419
785 519706558
16136 120874940
2970 891286420
17860 647732211
22527 70522736
1167 712066695
4539 793372014
2211 201653776
16587 380498054
2727 141970379
15091 233313707
1616 487272070
14102 957221919
10565 547466446
12844 538973426
34637 347019093
6490 566403577
25870 854314673
3903 562008672
2682 468511711
32865 455854189
33691 155110884
15676 306851058
7281 89041661
27064 713076462
13178 825745219
582 467145120
21455 328706269
34800 300428086
31254 271400915
31577 795252530
34421 382634213
19888 418736169
27806 556916681
6421 147242922
27015 662446245
29987 648143649
185 504038182
30723 520710485
1753 346723384
7958 538237200
6003 987511875
34485 680105003
24271 887498676
2889 595608286
4507 654930202
8485 66149431
32178 860422696
26834 231691062
2674 99457428
29340 450741727
29328 669491234
14217 855998791
14052 499660633
6754 296955731
15646 395552650
27496 685265870
13173 191248381
13230 313206327
32861 972484719
710 956019766
32237 164850309
12734 563414003
18213 929581501
16106 971250748
8276 845086009
24628 311151945
19731 312070262
7767 758890466
22494 941106609
6342 148554672
12870 939222765
7709 626079927
22165 519467999
27445 848098716
19884 718536954
18461 253541377
33640 426503376
4756 189367491
13590 292871129
321 505128321
11360 823598970
12177 487731184
27536 346788731
2887 497747339
5574 621522604
14817 264905502
1568 29354043
24268 727201752
32113 656788254
27568 534714964
21417 293006542
15061 169073483
13369 347996520
7448 233680838
7849 681752294
14101 218949878
11017 240915674
20799 384134927
33233 589049119
31443 307218166
2083 272399236
10758 114809032
32421 258986091
17527 259813828
8500 719907075
27058 30837663
33921 305949797
8753 601498497
27499 133660854
30745 139586148
34747 57752835
23085 701841552
28697 901341350
21716 405799329
23580 545324076
14010 571842622
10861 264903936
24686 413121271
6843 266658972
32063 355546422
22015 692478880
2466 707434992
1203 14491494
9229 352334345
15651 568725948
23367 340396304
7626 226286374
2384 680156131
20331 8371849
4934 704191472
25896 960561837
19503 731107735
7266 424651240
21930 182260835
31607 770685332
12023 97854128
14740 711391842
27110 607099309
7028 229613248
3109 753634523
1236 832352407
301 337896988
27380 766482252
33459 443207206
10888 389409157
34619 645192600
31720 544419193
9021 182978285
17657 922645405
26796 236081224
490 153328204
23897 976475600
32778 499046320
2299 240485415
28248 28446108
18041 975325623
32832 390861232
6597 102732621
749 209787977
25970 681221564
8320 923797688
14559 247346669
24904 245646882
8103 671166913
14064 707505443
34327 924394967
34092 862953355
22445 131992057
4558 981928086
15176 425296224
9044 853845608
2794 705295285
3741 438391247
7819 990536449
520 597547345
19495 778182615
27427 738495349
3730 418742679
18735 211007042
25528 398563863
21967 568889250
3926 424313080
33860 796908982
20068 379260196
25326 43428195
4212 589757628
21735 129201413
20025 270241968
28687 937941439
671 725139435
19982 362786803
7015 369672010
15741 394707432
26096 447129764
8492 10553609
34765 965328500
9321 597571291
31732 181093549
32924 153874548
31395 562591396
10482 577442647
18900 722924294
23772 314034539
24548 235661390
34796 592690000
23344 704547907
25576 886969318
25004 285340388
10519 861358861
3674 267675835
26858 531124763
21499 375415284
17193 254503450
25939 116589778
1162 947771720
14356 487836280
24498 473530341
29588 65346127
7496 988578121
21612 263261396
700 945137852
28158 405103680
10669 978513823
16421 520341137
30099 921671833
9049 867599338
31659 272467909
23985 528152570
10273 594025038
13003 232776060
31142 582358442
18920 554829846
10864 269415685
20481 466898114
18442 631721806
12512 240383437
30493 343336662
9513 355079988
29359 920811044
30705 794124996
23019 315173125
24613 696186401
30036 571571467
27586 138445149
30578 202948925
23316 63801552
13051 25098028
23237 765924719
31907 647801065
2257 298913499
3329 878319786
17814 140678112
33756 351982335
4046 329571064
18031 270261966
28636 948577981
2719 18509184
29369 203801529
31735 347393141
7810 41381773
16896 44493511
17646 445020077
15658 293352377
34321 176507970
20664 847868145
29134 168891403
19570 183292973
24374 4883227
30216 937903030
4619 813688333
8881 160157412
1677 559253648
26706 112308893
23449 143104779
3625 866575852
15041 412113156
17224 326109394
5920 142946301
11205 55362590
11119 108010310
26893 146158395
34628 354570493
12407 248275556
28484 723999959
2687 637310513
4170 248175249
28891 948200826
12582 153036015
14222 333028537
26682 664799420
26224 559847161
13045 621045209
5226 378918658
28036 707368184
9685 329423317
34623 662662162
26018 180507801
12052 696551390
14305 899423250
28137 229537933
116 595800205
32547 126021930
28725 287137964
9446 73982926
20340 493734838
29112 194483200
5402 748130927
18081 969011765
13860 174949960
28307 660584280
11044 643347343
5779 170499217
1767 357175154
17368 21766547
25511 992841208
25795 963280995
22685 816393064
17017 837141887
30818 462878395
30428 682496429
32972 276723510
572 1515220
8255 930709840
11533 586399391
19792 506346788
5116 504102519
31997 590220837
23596 317723685
5580 847940361
584 663130655
33075 775153456
12018 256180038
16350 814771496
11333 48037768
11432 481260699
16361 424606084
18170 190499065
17854 290931888
27210 744220137
6265 390639407
13774 60721846
5369 455487897
14818 963549329
32357 359107284
21145 26913245
33871 962239975
7018 200960879
5787 98027123
6133 999116818
33596 192654316
4304 927521838
25861 611844201
24142 511891542
4737 321257129
22324 446199443
5720 959294041
25406 661147879
27668 877098460
4114 299709276
22322 517544670
16385 715632141
245 32558545
29404 7482288
695 777280251
4695 625880916
23793 272742910
22374 793855757
21917 46737679
8421 715666220
9753 958181008
32503 89839885
28705 514230808
18339 654434699
3249 871297635
25628 270020534
34574 100544233
9123 446441068
9382 864381773
4889 965073661
32364 482710847
708 870260800
24578 329804801
20811 4290400
31755 207501236
1400 649780986
10055 705597192
14696 733802482
8347 537272933
7390 167593152
12583 757525839
24521 158347297
9897 341422267
16287 122063026
3082 33036699
12222 348601385
1356 537982220
7003 41649928
25446 346051033
14168 593748198
23738 54903184
15355 222895438
18642 159935094
5545 166379705
5268 283094099
29432 279366892
13228 843950650
3315 828757157
16298 553953207
5018 270871337
391 517678878
10895 674945291
5896 278519675
6799 996436860
13281 957121381
8176 42449010
27675 870873406
12314 571129676
20970 344914689
8796 495694946
2899 85651047
19609 190355113
33118 340537340
32328 973600281
13058 792555173
33861 399595620
2388 968654065
18020 67978887
28921 749655786
25210 522753346
16346 620310984
33166 414669856
20815 254336275
11033 584935882
24420 986708036
12567 962055104
6381 247443764
14098 258332191
5636 295224970
3931 294244126
15521 860305336
19853 644417721
17377 77269417
29335 316064961
30548 517755404
5698 597733941
31096 644138029
22139 31229304
26463 950191173
16278 967382353
27867 186587361
27394 375547318
6132 460837946
4205 258760364
7086 915302088
2377 587791358
742 274100086
7784 611855857
14779 502925946
19901 428851604
9068 103091396
33400 881408420
33213 591481726
12101 561468710
33416 872647238
24023 76820780
10050 309140011
2776 174985203
22471 421036465
2957 386233006
31262 684656555
15389 965377366
7194 949363277
1982 841072576
34793 268994065
5806 340010757
1321 61965452
24238 677752956
10532 976818072
12434 877597366
20113 755754795
8030 504932148
494 463176256
14423 647683917
1870 600505643
32742 695952290
30900 995732267
34704 531891899
15045 478874388
30166 348851202
6173 627168983
33937 924027507
30013 431013126
15859 963354949
16592 837935143
20853 987969992
1436 652656857
30776 385005087
16471 772533150
15714 51183938
26509 935905728
22354 673784983
313 568608739
10678 146468549
13911 374259896
12867 132136833
33284 429435023
27150 332061620
16888 453212110
6298 554769993
13475 849784342
24492 125246551
28308 348057243
416 116962189
6447 991573529
20676 112074265
27973 621665241
2965 910793884
30992 739180516
20431 219301909
7917 372872579
13990 126642111
33179 456524541
25189 724763694
10896 188613158
26029 9750186
9137 524285030
11155 961199112
34892 171503311
2876 838738836
1019 631222569
33652 310843374
23505 545894493
5916 468189683
4546 977477745
11164 969722902
20299 107923836
471 799499991
11988 828039330
12580 365863365
10028 239167749
17714 931756407
6654 205179455
26974 341600233
24191 198858570
14880 918625103
20491 625326722
16119 216529269
22143 718009649
28893 372544168
34849 609370270
17052 764881445
16030 258603110
17176 519271455
28663 764255207
18637 304260327
20839 1504377
1076 732889813
24891 211226443
6616 57738491
4401 429929071
24342 51776449
1562 631337404
192 896180473
1245 695144654
24975 787449149
1505 141979966
25889 462044002
466 400113304
30047 840316561
10408 980135503
25114 1710306
12366 958424712
34622 873879817
10595 360162190
21983 365791936
5161 968658336
12141 731528141
28557 604121993
33923 396480528
3433 719547594
10289 929688447
27731 207824267
11071 196179803
26892 462379298
32867 674235130
29133 101442024
17992 821690726
26598 574874688
12650 338919277
436 127746127
6157 23128653
23409 530899783
6073 294226164
13458 224118567
31807 18250314
7268 196673810
11449 592065214
27250 110691041
19954 483573265
27754 771385917
18173 585651368
18827 443080045
19921 514712147
22747 599091811
25034 463257139
15461 287174366
24554 374419271
22525 398489592
10634 198112142
25178 957066403
24277 651547786
28373 702719351
2408 766490189
32674 41313491
27892 744586125
24320 438452056
14549 904544218
18042 235685466
8268 73565312
6985 614235165
21563 461922825
21312 540017997
31539 721166150
28424 776753600
11584 313331216
5525 319052631
6764 736128401
26010 6469048
6870 63346185
14286 623888630
9273 781140484
12170 545423873
25647 10953945
28603 131088933
9665 782077164
18638 357371359
3290 229978490
25862 492719013
21788 602319334
19039 328518394
23623 556282386
19968 567098972
33258 561117206
18520 703697190
34453 723313074
8138 835541318
26444 113853620
24879 353609088
3332 542458035
1265 357744943
22442 848907057
31512 689530002
20882 999739119
17551 566907745
9539 550244793
23616 588485194
21908 204759584
15907 958410963
16999 222209585
32492 775933064
22353 151800925
12336 860004943
31850 106486549
13799 177934747
4908 423528570
5761 640678955
30326 663095745
576 798064071
24826 716636767
30896 898849825
27517 307741282
21249 786897502
8958 469006528
4371 560058042
14790 977784327
3015 929183442
29130 809386539
2715 356220935
12521 846663991
7811 453338446
25643 405604704
13224 872547464
34218 178821661
2989 588225571
13132 858184419
10417 19941893
22411 571908881
712 692811472
27931 274801660
26734 860145576
30260 799829929
16861 372841686
8502 332534851
16952 838935550
25060 85325929
2358 601994894
22562 383744023
12405 739108530
20909 290369901
9796 522693211
1103 354274672
30004 101337590
11798 396424132
25036 854327871
34032 647975305
31387 6567793
15265 906737480
20779 477517974
26930 688754011
31184 448451262
31063 557896902
280 493529044
20454 987217873
23761 768667367
33178 868350441
18273 134685243
22948 492680898
5935 186329001
26566 728402762
19906 60010812
2302 143917047
31455 772026882
32472 714922033
21213 181789256
28730 998385115
28817 449701530
2872 467783642
32493 443497916
33308 585735968
14113 271303823
26708 556441829
19285 706353482
17257 787803441
33742 236954843
3778 309715588
3295 30655438
25685 885867241
23119 1972713
21814 585076765
29976 120384054
8665 512433003
8756 265257449
26169 187844951
10475 812132071
25688 39225091
14298 987402482
19674 930553261
16893 75591625
11199 625043214
6021 382223286
16214 652021613
30347 190672509
32587 814451385
2094 226546771
18897 299629185
5024 115625615
8862 972982947
305 904091980
23434 233048559
15431 678801180
33827 282425893
3020 108724019
2974 47725869
28905 911902110
15096 428229708
3941 177488003
5201 153052628
17197 753930292
29093 824177538
9930 56125407
22778 233605037
24062 554720215
28881 551486198
24477 807448004
27509 999810478
6198 326987286
19536 816254621
34891 213615839
10325 463619092
8104 619001468
25448 89566227
29344 139275413
1977 475936861
10041 807886209
10870 159973243
249 407292143
3805 227148633
34235 224347445
13832 332124078
6558 829000827
5264 374717023
2801 109929395
3745 863919817
5622 368749733
2168 528289123
6595 961139797
18436 923756963
9712 774647236
25056 846631931
28594 19741277
3568 442605279
18673 719883641
26123 98676508
10432 117933311
23939 454877267
3023 931767640
5385 781363154
26426 315038309
33597 606207469
17932 343134647
33890 993088827
7142 774919291
12145 937775101
33128 80411217
19388 744872033
33864 97744623
31996 506438397
2725 841933684
25914 432305102
9858 325301262
22039 977377110
20262 898052517
33310 594876877
27899 848297234
16312 562056188
18229 433426893
2921 514850171
9976 145034258
21860 787832208
26201 359712361
14654 732787720
16201 513316970
3454 760497035
5647 44567796
9292 602166360
24594 829234051
30808 108950937
17161 785922984
15770 739099793
33737 868349843
3232 732836004
4413 241575919
672 695948618
11158 72595753
30189 545761926
2637 937151208
2452 520497215
29489 851211915
32569 765553441
1991 524417158
30799 110992861
22223 829561196
27301 457367631
26253 923693936
28160 333114127
24786 269891333
14890 461511371
31766 293470188
6640 22971939
21055 704047716
33744 65869322
10830 289708622
25999 198903903
2781 601707580
2468 356725444
11515 608353064
26326 968702117
28621 251377052
24412 788634834
13208 873322778
15369 212186126
25530 676909354
10296 501948890
14619 195880412
30835 704149804
21329 594194591
28786 847800910
32794 223708392
6826 189982279
4916 362282082
16384 989450540
34839 617148705
31401 198993945
18977 826873268
15030 108778314
5471 414705739
23309 494241309
10070 10864303
24869 349362920
27345 447035887
17598 783294663
25943 190209833
27292 657723333
27700 655516916
811 272788247
21414 91407941
6116 430914532
16176 330283240
5333 84984645
7374 492333954
27083 787089002
10073 793297748
31199 911923702
24074 686701284
25809 120246339
10606 48415497
30073 825452503
17855 335098995
32555 85895743
11882 320196140
14383 727964779
21601 247419070
20819 336022872
6804 498231719
30153 273454691
9521 488235303
22936 443647716
22970 851459920
32291 266941525
29519 364017377
19407 722541498
25480 218864436
9848 40791648
17829 644817427
3722 968531951
31998 376301390
17948 934192583
17789 480350429
503 108615744
149 677285587
16566 381513237
16045 213848354
22639 782464891
1499 113048028
14299 894898169
17540 998211064
20550 231844400
17812 126593655
9877 27854390
16790 775153604
18525 367666018
24564 685867720
21889 847420138
27621 725674132
21084 702776011
3554 596350940
1854 99550421
32427 341873577
23407 435543866
15650 865378610
14029 946905325
23850 333799595
20545 280102512
8570 15676243
4992 869655442
28380 850456081
11834 171123805
8936 181463680
14789 313906894
13979 875546708
31039 799252838
22293 288148398
30670 2720064
7752 23315349
11273 49472384
28110 583342813
6650 880737466
30735 867554033
19068 887535480
32484 132438268
33905 830194898
9219 469025674
7178 958874985
27109 215413330
15363 997861654
21222 956261500
23517 760090085
20223 590805327
12005 4584695
19162 598814528
27801 573482623
23185 570233499
2548 786850318
12683 931461633
31774 233387617
2470 785306388
22142 148073831
4873 74105870
26920 572979305
22011 701382128
1849 435774290
31290 56080564
33403 564246200
23092 921769479
14682 312993889
9569 289790759
1127 839096129
12159 936083455
15332 338753892
8778 490808539
6270 462448000
17563 159794086
28267 707657547
1551 441264742
3957 560848855
11677 112749369
5190 540784677
31522 996877453
14589 129813622
19550 970698364
31285 527853391
17045 12133601
29203 49837013
8221 357084291
27029 479291405
22470 476098559
2640 904631055
8878 160831224
28491 168097251
12550 651654046
16161 727616173
22124 492839635
4434 138386375
29212 393186424
7801 52536835
30029 64325478
23210 147192234
3849 871875659
266 987254938
22649 523659993
3292 298886075
21549 7754800
31820 729497651
12886 526131936
13034 318209271
32200 834115313
7156 562005102
32479 779902848
35000 964509006
24622 177031685
31255 826516256
22636 252240335
22332 887877615
34758 358857480
26328 964380006
7972 896489931
34890 444593667
3502 333135775
5429 448744668
5258 899104202
31791 753558615
3197 70625607
22550 303553193
15266 812914379
5421 329314408
26779 922231987
8418 610953850
12147 263816159
15301 315202202
4750 559609721
8307 18878841
6672 605651797
18996 92629265
16954 992006573
5465 536191698
33894 168424428
2679 612357597
7272 982346883
8019 408914393
19248 752091080
25400 445596513
15018 949489068
14630 165094869
11067 968084807
5352 470843946
31843 285050052
26530 997704010
24716 608826334
23276 443721928
31335 536312178
7838 317349562
34511 190308659
14684 473651183
7252 832865499
14716 41786312
5322 487610493
6747 107689635
21415 236599870
10557 297926188
32735 637921488
8080 817681153
22121 873393417
16231 259682432
4667 122947747
29585 970219574
12687 818139132
29253 160653114
25416 9419557
29053 985650445
17921 507093945
32259 919227342
33364 967693343
22014 331306498
21638 227746989
30402 698121039
23715 300299326
23113 353442950
29331 58024076
34882 998952108
22729 607273189
14683 544032249
12399 72935470
29842 251626786
28017 132565299
6048 46233468
22684 352135633
23461 284074266
24079 907360771
16689 809937471
29944 791251278
25614 241268429
23940 554218846
18287 183820489
4041 194002787
19170 788695911
11493 711415501
29018 609247207
5105 295278151
12087 2244115
13491 514323305
18380 434415779
19304 85288522
23572 881102452
27998 77900592
4206 370293607
1507 182204565
28397 674895298
5242 49140654
21218 307494647
15995 229952073
21467 736353693
19804 248930693
21297 820941475
20258 268187552
18192 826110516
11372 288624808
23849 64850607
8839 101162010
17719 865397603
4440 201453372
2349 93045610
8990 263149154
27059 679106188
16446 453259540
16354 744393359
33526 111494200
23403 431520761
22702 442647261
27305 202072618
6697 183687264
33830 70438699
7104 376064442
19872 520361662
30017 239444554
18665 554166471
31803 340786524
11466 89029572
11879 280827013
32145 368262142
4922 991087772
825 938950068
4973 57604901
2576 26837942
18535 701523667
32397 90905072
13587 222003407
4508 429051720
25354 293919755
10915 789590809
8920 498596136
20599 388309320
34052 576521900
16476 233555216
10112 505655644
18384 420383732
33951 149393724
3029 740529849
26433 503275653
18424 585166275
24828 339293081
14916 756132736
29287 669978780
5110 391559537
13907 820578750
32222 660568086
18117 508352090
31121 643522370
13532 369573488
32183 343442091
1676 199430955
18178 301441830
8969 485132701
32406 126421701
19766 31095778
28842 632184764
6150 107563229
17497 143281030
23414 648837768
15125 214325967
13269 787360665
22801 749493733
11932 36012203
10919 216673206
32945 733389607
1570 30253422
22447 877590527
6373 543136412
10199 439762959
1333 602031710
26263 171853191
18848 61545952
15715 670974672
13154 999228149
32076 801590789
948 347006819
11299 809872428
4293 541294218
90 219816723
31976 867358558
10514 502057382
7814 526265468
3687 964406063
728 266804009
10671 786145412
21743 275309071
24466 442282002
28655 762914588
1802 460920375
13893 879969073
10576 501638339
31278 153436338
26095 760257870
26899 933822661
32359 917804456
1456 509262239
14411 492095384
29515 575657852
29893 149968303
28033 324673043
28588 760192781
8857 799781296
24249 112445935
18847 771921936
6516 719100596
510 652264404
9185 142335663
15034 335481609
21886 350889605
17189 64837434
19537 191902120
9571 58649426
18435 207579711
12108 67537789
20565 485095418
30325 571238975
18243 534012240
26289 296085049
5325 988724947
1219 209048493
6648 2353442
21114 523188230
16742 829346813
13677 65134023
8379 583555887
8016 415040944
14456 824061962
10963 982844240
20329 279753790
14719 78715852
17774 443600727
12513 57324035
31350 334818671
23624 331668975
9771 711095093
34220 126378931
19707 744096104
6792 895452534
12009 634626481
20079 876324678
32220 36787705
21296 474865292
24921 459859156
14190 26966922
7636 765679105
12589 61289297
23664 607819520
15920 123787648
26043 705224516
20 27646065
1572 412724501
21724 402191788
31703 114866247
17909 57274263
25942 977478836
29887 702748320
2424 389583999
1741 414655653
17982 599168048
32710 495374642
19193 757606758
5427 509160142
11297 180002368
34045 623663042
26948 226035208
18714 360012227
23613 657297950
15749 561357918
4317 563224313
26632 586992389
7612 5944676
31818 313183210
14069 940974312
29750 530106312
26515 488264175
3028 413309873
18248 163675027
29602 434610701
11690 50825082
23048 714978932
24031 992208421
20526 129983267
20298 252482515
31030 390507494
4126 842193793
12197 581474962
30926 708829278
31516 885089111
4421 138197529
24817 326107078
10993 760024198
31 513343243
24916 30705467
9286 110277661
26733 550071508
20998 358634874
34384 990706534
26178 236057906
7419 488112868
21438 219422263
9043 582558138
20611 304482795
14985 514548338
3320 866203954
34252 589392205
19338 771212751
14604 474099218
30780 476804790
31726 660423471
14643 394150500
20301 458256841
23256 41852821
9761 256556322
9374 9615428
23507 178600942
11120 811215582
29061 695888949
4415 158009579
10356 488147835
21065 677302196
14104 571644282
32054 55767856
24018 220192033
25588 565687966
34390 222745206
28718 136365888
19042 371423094
30273 723188550
4774 257409122
8332 863423210
25965 961280332
6631 821490499
13383 888887006
341 987013439
21112 367971455
2334 571960050
20992 672733852
29630 428167725
3305 298670928
14426 886008000
6428 189766017
15256 195625336
9272 788534053
3333 530888927
28693 587896466
25542 578981211
22808 882085395
28951 792612921
33753 898533841
5284 183782358
24406 570845003
2305 527922641
13357 696819064
26931 783037068
2826 181715038
2031 571767510
17619 270468272
30448 956536468
34154 604147745
34240 212994514
31542 102400033
396 987072584
4661 771791025
16046 866507142
4223 957836485
18921 75756033
7514 95115544
12571 621373398
25150 367264921
14653 491656905
1102 766694820
31010 350892758
12890 23502956
28772 907276620
30904 247432428
9697 47781193
2284 842507777
28023 741288237
8897 97663171
15721 246408527
28382 466616423
12051 104389143
14185 76176176
30948 810986807
4816 708287945
19736 176338127
29032 537104542
3704 566858256
24134 308462353
21919 3213439
8567 582325740
6673 111439989
655 926390512
26687 217995675
3570 611292881
4152 179551679
5142 65619939
24772 430591887
31320 996086431
9959 142182441
28968 961143075
1634 172138583
3353 137252807
390 404550816
18475 388138629
29201 222868728
4586 734138818
17296 425439375
26011 529175215
31713 889145527
25015 900430651
33865 343907557
17348 902738983
2003 139491641
27640 531240074
1964 217682211
34219 231606317
34109 199866606
2191 901610638
30533 996316316
15921 80909923
16445 137405976
11505 176104688
24793 323338502
3208 883304420
30136 504567159
17205 269209007
7735 924050890
23289 957739069
13678 166657129
22608 935078880
5553 592612077
11227 705968847
10653 158863298
6607 900997605
20356 988890117
30931 72859474
24446 467520473
19480 924344253
18151 293112409
12469 592432803
443 594048357
7865 536601502
23595 23724970
16752 867516476
23174 278415458
29317 592326443
3617 315891493
23074 190471004
29356 712970266
11894 777730387
12459 789738751
1633 977288340
7651 416021813
25541 852981756
23784 162946551
21278 559030241
19220 13978140
13346 158177915
16116 250447257
6684 251183116
26635 143404384
16753 584321487
26996 649487777
6370 770371757
34538 90253555
32578 515136018
13250 615166038
10283 489409158
27793 294882235
29473 137177135
30963 878641049
19509 378978276
34429 548701012
2973 252767991
1898 198680505
685 762538260
28061 899796842
30860 214783837
10856 829277985
21903 724635765
14947 341496003
20638 254139226
24618 20695392
13874 684779861
6725 6515983
1441 334520126
31595 948065157
21332 603199912
8395 61053497
29929 592928547
19391 572664000
25747 333608909
32120 542136245
22259 321515448
11129 809560856
32843 698949104
32702 907738255
20714 786529558
26965 986959578
9394 250270751
22502 963438039
29910 786756669
22507 104076974
30763 632982987
13280 418484601
26745 192112257
23127 518538179
31289 396718581
5594 331301933
31398 609785613
21073 239712421
25294 213557450
11365 246435795
34835 548553826
32450 325672286
26236 566614411
8310 814319270
1985 460459880
11036 981473489
15989 742699069
17175 183703886
13338 811420843
14345 245593779
20234 432507292
33103 978667831
19262 727026535
19059 567620475
28185 2257219
21507 103017536
31053 617153121
9166 167836799
9832 681937653
6840 227017502
16631 281590221
2440 789027208
34144 226815126
24883 911597273
9788 251109196
20118 700578186
850 399178658
15504 231394911
19610 562631267
3614 320368148
34370 908112422
3024 530925739
24964 835720416
15417 44935476
21795 147252313
28991 932091853
20172 623740174
397 810105949
21698 116685643
6351 143878108
1697 875035318
6505 168927199
13663 348095421
10825 454455314
12451 444034807
9963 861721590
7798 435883391
16515 89315568
22085 627948838
23989 39384721
26213 223816025
18623 902675172
20274 781907152
3437 285634733
23494 628572304
28806 22103072
24051 325854957
7436 219887299
26693 59226281
9339 622511869
7464 676360717
26455 159154975
21974 821262221
24549 338563778
21818 108752788
6138 82218417
33303 173360812
33700 324031278
7637 855736009
11695 484931767
4353 170102196
614 938297604
2933 569473387
25425 129770796
31312 847426276
28903 823917389
34420 321370872
26005 681436185
27161 92212832
19438 56280552
33378 327291888
17373 900618993
15103 413679099
10564 308520968
1788 256605032
9579 399849557
2528 60620985
22054 133307732
7813 210873043
5998 640796843
24954 429313583
10916 960283836
11255 375311186
28714 721754298
8887 160472721
11980 100022579
34715 674411473
30374 187841684
27142 763549006
23088 834751552
29674 929021108
21192 631959667
21641 436359544
29421 87008042
1309 652913494
1218 534962497
2861 277130518
19576 306696980
15568 121550082
16561 743546546
13426 77821892
867 96277828
9789 668795486
8353 650282561
34654 549139821
28014 961408357
32928 138887849
33255 496048284
25800 896825041
470 599644410
13370 291148737
30717 926244439
20824 817867556
30357 840678311
33520 5776383
17901 813315871
21476 255616857
7524 62018454
14642 16826574
2399 264261326
10192 345455754
21456 151100798
33781 879903844
32580 120475670
6172 909258823
34354 144800801
4119 816061491
17758 407052324
6624 482132532
30954 835980488
13554 476873963
23430 119987832
25183 233953961
33009 651888453
8439 221494431
26621 457421165
916 204271622
10499 783050067
13707 971798966
15868 652297309
12503 193444121
4048 420694521
22048 882188286
949 421798269
3423 667483646
2098 612202120
25973 794476774
25969 42170385
30530 378737605
24648 892083823
12670 788092201
19429 459777654
22007 37740200
20311 840930755
27307 276790998
5028 28235412
18941 719885283
30691 521169880
27078 435936197
13474 768579554
7085 544937878
7044 683624996
5437 363073347
22727 297044733
18547 748801392
27683 925353220
25341 662631913
12297 958052061
1888 252547094
20490 134731297
14644 32171661
13401 471870814
22629 72321122
18874 158336800
9586 645746161
3580 894080539
7299 948231489
23754 766172668
19478 101628017
23054 469658355
21911 814170211
5549 369424484
21913 269703479
27933 304242841
34441 280998166
8597 683077261
26746 157043594
24624 423300874
23462 501661971
32282 25002756
26754 643419883
19321 232309431
30285 431297076
23072 815785351
10972 743043156
17024 717638310
18724 256853926
15262 274510643
31711 744862114
12348 292225952
3210 197618655
15033 714941269
23454 513945417
3445 629912525
14879 887702173
15217 387182242
22397 247891310
17937 857196254
23964 27768553
20104 229153747
3678 385267310
22558 60822476
6194 581433317
12367 489469418
13631 174966886
12258 817923570
7277 869093217
7115 112027541
13624 731920516
29304 842299262
31306 95813973
22777 766691692
24972 955313342
28943 215919962
885 173787464
26563 231146336
27203 873800954
13773 471755838
6713 347107739
34298 891195992
2078 657085946
4888 262932423
33858 582314752
29438 877836216
21623 342466877
20211 486898862
24297 752053581
14634 114774030
22878 277604772
17787 303301474
30646 697680854
4328 760056062
8374 147529539
3689 571298579
990 677973265
21436 805759658
21470 28891822
4004 667916941
27537 84591989
10616 473022294
19990 306997864
14792 107938160
13312 168315188
34000 521813531
13622 866988134
10339 606289407
615 1966679
16126 684157606
18918 826920043
29127 19154790
29476 286076625
28045 606464329
32363 938251967
4583 666798928
7596 415493612
4713 427131711
11892 217200395
21979 646705898
299 229919663
23157 544932905
19720 272766374
11943 98453056
3014 783070752
30567 508053712
28508 170618923
21615 653478469
13746 375000195
26943 785318081
11464 902968146
32834 261094342
14594 767268646
12666 887205076
33402 986947739
15539 202859269
1174 591285728
26523 142400597
28849 512310212
24903 803795953
19374 280265848
26386 54064148
4455 189314157
10524 693303999
1280 612041252
3994 421774014
30436 13110908
33194 609065186
31633 47016103
4425 383085826
4273 210897961
14063 262663669
5335 169195758
23203 403570910
30707 795351055
12300 971710396
29511 75903143
19148 719787219
33712 34273828
2415 341679503
7488 498853007
8553 275759128
27472 458598407
31714 339782823
9359 769027146
24081 489018857
16437 189290592
20671 858853407
11249 8310914
12464 572272554
32857 226145278
4087 889689608
15312 633638968
4262 892014356
22851 617106323
29466 991283311
22016 64821839
18964 906817660
19929 48543704
20466 575354571
21441 742154125
31865 40075205
225 661274309
27253 366275020
24576 502651657
14489 8053839
22884 376924661
27249 84018497
9763 664359938
25617 735384287
2288 780167477
15241 214731915
10101 678563737
20308 725534464
30258 731282985
23443 965157916
8647 201664695
9995 53863183
2016 606647427
4842 330997562
17091 481683264
15012 632530706
24737 71884394
5196 992163488
30624 851799453
7005 661196676
20936 851033183
29447 740274400
13302 787693934
19521 152068023
6623 438862280
7503 489484583
26702 424919476
20500 992126564
26823 825673574
24619 640547931
15855 641975305
76 11573145
16621 493638832
16507 983092153
114 817713769
2651 186961665
3891 186747867
18033 657211919
7460 311561580
13373 81830249
29282 674479087
3234 743892379
28034 875432014
23076 135544057
23932 737272745
21833 655570589
25994 268332863
28692 566679984
20738 962384229
32771 798907741
33295 693749648
25101 513983307
9150 731235910
4918 871733753
7373 644123692
16166 153633393
19414 156339507
20072 121329069
25323 155824843
23220 113800736
26451 690657488
34517 294292865
1685 703951259
30411 60524413
11194 892428822
19916 986507017
4322 165478377
25363 880656372
29733 14335144
6341 481433641
18244 878123528
8467 887299698
24045 943235368
14577 199374521
27691 672875501
2012 800057702
7083 552834128
10190 542305156
30021 202995933
6239 237332231
23526 171625856
23477 98927244
34102 409645359
4805 715221132
6971 274107113
16865 965196496
3616 951500521
15755 389602480
16267 574954740
20593 506722361
9751 902409179
3844 591434705
33909 587519527
25358 32092068
12940 233089508
31849 911276340
9283 289214225
11032 677812659
27298 443488111
17030 809955998
19139 147264289
7608 744115679
15486 270833354
27223 499220626
27778 194397237
14429 745353796
1126 166729315
32923 217239094
20427 35081152
17542 97555277
34364 459539931
478 303005643
5332 767986047
28792 213239417
25361 81069202
14949 745497752
23991 605815235
12709 388630003
6388 792310899
15452 870631406
26554 752294263
23321 11552520
16061 258898565
31264 203673802
29850 31677374
5141 159086349
1696 442191626
6621 226418710
8637 923747039
33576 630639926
9901 559144379
27285 253490704
14053 885129404
18444 824483559
19263 349255955
15157 848247437
20186 473109640
10435 539416042
28107 535077154
20053 530963036
17407 145215637
14214 321259778
33330 876785715
16506 332182512
1421 183266675
23707 381443284
30476 213690908
13842 945279792
32197 509882518
24205 85953564
11015 404919365
11121 551267892
29835 153215447
3162 985327936
1398 778226384
1322 829396806
3187 524905178
22938 13144453
20060 72989524
32342 497143022
21068 450208384
34351 645473518
21513 28749836
28230 563826307
29774 247185532
20486 869444077
3303 977337426
12539 279929053
27600 330433411
10393 320581173
1694 495882553
33062 228691048
20384 310232207
989 587664880
30846 853718006
33961 147077726
32948 88785269
7529 226310835
25869 943631719
31899 965128304
23307 730569951
34482 547366640
24878 20952129
23168 435615653
13315 132444839
32498 181802618
18782 274536064
5433 454015220
30587 279069865
32935 184444967
7562 499847454
23011 178822629
32160 578414946
10169 369095854
845 524904397
11585 506227804
16716 637286068
31906 646260966
15986 414780889
2351 309904427
13433 789323954
14804 937823457
18711 281569165
815 398491974
3619 644487301
28745 590343219
25414 963394002
15919 849888449
32051 134418659
20805 216117010
12722 60298490
10975 580010510
18043 903674034
1048 960244587
21650 62402696
12612 502697264
29815 309216768
22340 252890240
22584 547896801
1817 246948087
6303 770594351
24678 892405335
31573 880549225
4780 533179570
17873 793576015
15554 421291991
13800 874833535
12652 493993015
13309 282802451
23071 834427534
1566 42500678
30300 565002189
31934 120697246
17309 622917178
1005 255489523
19617 4475659
33199 347506808
26499 856411668
10181 91577508
10240 249081808
22958 220209615
2675 298907416
34103 929737574
24453 949625275
28334 120614817
6197 432887975
14691 422460963
9345 314551218
9249 278008023
4595 986790347
6889 549252771
26195 578048704
16399 830448713
3693 201468518
21548 477787268
12178 260097166
4376 384884763
5847 942784949
33634 286961727
27515 808135500
9943 182039592
1183 977588431
11126 602687378
20464 857982707
7180 303194449
7971 445322705
11790 533943654
31576 866138808
16643 381444803
31120 114574635
17844 24757273
29129 853477522
2596 988249662
26094 796800785
29440 648375839
25638 248852631
29663 580417250
24337 469327548
11522 865293297
11191 611117026
18821 106911501
19015 406053689
13354 410064746
30594 741768496
11851 618224576
2520 140372236
5117 68629088
25098 460329862
11353 257808880
29347 268462315
18597 869560652
2569 188952122
32476 187866245
28455 362604798
13108 514345756
32513 320776098
10818 566493157
609 53617865
3740 442654880
32324 116466271
15224 796082943
6296 438496478
14595 461202987
11655 23923569
26956 261279806
15852 594944011
11601 915547437
20063 993271985
10219 822171067
7397 897726033
11748 845702612
17656 955003159
19062 495204667
31487 455282471
23885 760663110
4334 153878949
17172 361924334
33350 665622923
8387 850848427
17341 586392792
24819 212794044
33595 788616236
24646 644720119
15442 663979247
31679 494890767
7190 357864315
21037 896971859
9476 200071011
8892 387822495
14821 337457171
18768 193009963
34968 570765555
24017 705419604
25231 418039520
34041 149327326
20670 843093569
6590 8531121
3790 7112726
23436 933762528
32840 691059469
28194 357387369
34407 340576669
6179 297163883
24707 391532814
31632 831259406
17641 181392577
31115 141948529
12183 616978952
24126 151594251
22881 573216622
31796 711508500
4151 552403946
29879 977149317
82 688471670
11426 124807233
20129 443578854
24675 200090224
16268 594527619
3520 559159724
10110 385435251
8693 537918059
33417 432856407
27182 478850233
27025 704050242
32527 314355472
24830 657911302
9413 330984223
21018 859689238
1160 895734026
33790 443147775
28673 597361128
17505 273296420
17212 892092186
20665 958657089
21529 804109768
24319 818031284
7954 236660957
12832 902584388
9559 380897804
29862 966551774
33531 831853984
10038 599178431
265 347811816
31699 488439755
18731 796398985
10341 478598165
29652 507577187
23824 2783061
34550 970302179
13396 879031408
3711 20266160
27596 995552564
8497 400586911
22989 560155986
16642 77323946
31643 231775662
3763 246257615
32004 46876137
26250 476639440
1017 39754718
34212 762901146
28302 546465458
5944 380308062
9835 645890181
31669 324602324
24919 81083865
15505 295034208
24089 915411427
9447 223271136
4368 452983915
7335 152523009
32653 601567580
2189 595709478
28241 21072046
15009 232039108
16866 580639500
31621 147972413
3283 679074703
6935 414465891
421 711568279
188 484044640
1769 669661880
8922 66419686
33696 51376018
24087 206824510
12635 966795894
10453 593898674
11545 434065705
22945 227863851
20919 966376965
28407 69633745
17504 496506127
8116 48598055
12806 182113840
18534 810058395
31114 322404774
2584 954392344
11858 31439279
4843 260693801
10298 435721573
15509 370169806
5409 507377342
19564 531087486
13515 7452449
29114 276707289
10921 369615784
10592 397945103
972 602104544
12835 129897212
26683 133222462
34405 498195749
9628 162718842
24410 22345032
31195 553185008
3022 538458773
30719 128024260
4362 372046663
20635 14215496
16209 623689341
5367 510970308
23856 397294095
1383 353594826
14107 153094914
3276 726907092
21359 201517629
34801 310709494
32204 873633122
32028 781664606
32774 924711715
26204 629829604
25841 176047834
13539 280297115
20016 870482266
32195 919637087
31823 252504919
11144 780456929
15145 560759560
23404 270415649
34258 530579251
8556 631032087
9615 709000920
27174 821748272
18266 311412019
15142 843580400
29574 513387585
18496 685251467
9410 111003287
10952 501636221
17813 582160036
9525 335856374
34502 528449741
15757 513941391
5696 70038915
17167 800161664
21541 871481073
20968 69043513
20975 316626369
12408 924220351
31932 209960722
13771 186400693
4620 678782320
11929 283997088
21357 942155361
1933 848918903
10793 290994783
12220 792235973
10573 590116953
15098 369200508
22874 712284859
8480 864698366
178 180298421
21905 879621231
11781 922564749
12446 751812211
20100 287089593
20744 357618694
33208 655251715
32956 127200224
8617 185983085
29109 991367647
29890 730357755
14786 354165409
10984 889843716
34254 699199258
2885 153840451
15261 723541235
23749 904219878
32440 87645320
20598 825413199
22856 17223765
34385 893112001
29925 480093253
4794 203384424
25089 610270050
33853 942157767
32675 635588962
17659 802786983
26681 679175745
32818 193212520
2023 564406865
24026 510020835
29708 48076820
19294 458433064
31668 68530327
32697 414806362
8414 45658723
11604 564092025
25381 969234710
25336 737096939
13975 254376464
25227 614639047
5495 441977086
32799 63583578
17649 585907144
33007 572661876
33064 45863014
33499 32791380
14028 656863673
890 876000974
15589 90699291
31793 976278418
14763 119780585
15542 18346609
17737 841089335
33898 638016310
13077 694225219
2697 306747733
25281 366398473
7378 719530686
24884 176530738
9585 366685783
21492 929940072
27319 359915366
9338 367341969
34845 366795734
24071 907031196
9530 163006049
21660 279865996
10322 174108882
3770 982778294
23444 805832484
31977 765318342
27278 911145365
2030 139950353
22443 616824341
18559 494490916
11841 799353698
15556 802998686
29086 459565162
32017 421227458
14138 502512480
6765 569729262
15836 791838884
14238 860328374
34108 431823171
30229 913235681
12700 137547129
9324 75840193
1050 407292822
32132 156854155
524 937884172
9414 681012124
19339 746204321
1537 147928223
19899 714620552
13065 768337445
16403 962768768
31725 368964783
21674 348053508
20583 943246169
7165 646863346
14419 415070914
14943 8542032
21562 672421689
25373 476529015
25590 862393664
33922 786531741
22740 728171153
25262 355802335
17759 985453780
26770 63985877
14586 712045537
14209 473073837
9045 489972050
28993 889939195
2888 193650401
34185 836110056
9813 57465032
24906 273109871
3543 735848823
32694 191413273
26240 649844687
11 751036814
17376 91532242
1893 995856891
12209 87597681
3324 944701280
12298 721267974
24708 471144116
7898 534433685
19041 597080723
30253 656280501
10962 148874945
31514 819311217
5005 810577982
10089 29619637
16613 324303344
368 375491537
21932 957015946
19729 217230404
26017 779271008
9907 939031529
8504 672098241
8069 103901795
8049 102661576
17162 623847619
6666 911405872
12332 108357824
6280 696464264
23744 112567325
30728 276845208
26784 331465816
18712 368303089
29961 947664615
694 813247737
18340 478620279
29743 192195075
34380 325669236
28410 806242241
21057 401861338
20886 628741047
28665 168368004
23294 774468912
25842 963225416
20052 850638018
3239 879804808
12979 266391330
15727 526122657
11546 729487133
32050 729425046
33234 99112815
2696 710415010
16382 33977842
5956 853587892
31856 623294842
28127 588332732
1779 398378057
4921 312628275
34750 223408210
24173 873276011
24502 461768498
11201 908409778
6760 552804704
12565 349169392
113 32851541
24335 76719970
19418 716141252
15745 128194038
21428 73164348
16985 201590181
32807 265091207
8946 10353991
14553 680290428
19026 929587796
27889 783202223
26036 467644154
7031 886772331
31525 364846459
27919 849491797
31459 984099885
8112 460689339
3391 139112641
6954 892489097
21589 456911559
20371 584872839
31771 687767428
12704 455751616
28966 931204094
16015 240510006
24852 784931917
27930 863030445
14162 57050402
1175 276978396
18655 239127292
32066 427940251
5915 899048313
9109 839892889
26054 219647126
11817 666005714
22963 955256339
30916 463402137
25668 743450514
21489 583072081
24405 495960122
10001 519072364
23379 167101396
1013 125454243
23356 559395152
21001 482067760
25591 235727299
33638 601031296
32586 474125755
25883 103074721
1016 297080712
21346 724410028
16740 895287306
26765 615946594
21857 974282468
14154 868330072
9023 681542865
33147 911335598
15268 370702936
23578 304823761
2498 454656774
25058 348459100
23831 711382768
31090 487613882
26397 970910846
27678 127909853
2834 602678107
18465 520064063
26584 40815991
8299 62245137
23800 151275885
1223 941025615
12803 461346649
13072 652394620
20182 465277908
15275 931292391
28661 492201804
34406 145642424
31939 374000090
19653 609278377
10254 909290549
6932 963459132
5856 43308809
14086 116575880
26927 630269121
15904 912169662
17739 177021632
14096 151887772
24629 286138994
30089 502179262
8489 4239091
22363 314018763
22674 447571703
26091 896190510
26639 417044239
15240 695408416
4686 688977202
20328 307068318
991 149872953
28900 2189208
26583 894377553
33920 74704041
29190 961192581
19461 270996481
1895 626198527
1605 759678061
14277 335765603
26429 717671549
30444 606398258
4580 129026548
2335 306424688
28303 815471860
31567 738411919
32559 590519255
17171 421037160
33610 961806682
8056 278776181
19730 863251297
21621 61873770
23160 891855860
14284 438263830
20403 892953697
12665 999734873
33226 354028472
5719 807693473
14317 437163692
2264 137179737
19119 341387545
31867 862657017
18924 431614401
12913 22313199
24659 922030968
23131 227496559
27848 727948308
25176 628526783
24750 109611858
5393 175157640
27853 760344053
10756 516247244
11417 616027887
13075 10944367
18193 124265335
25207 719960319
34837 382884666
547 224736715
25912 233006310
23590 633471265
23833 875423601
25465 397734397
11729 547085918
7763 560540591
13716 761313660
29983 640874740
1498 783852638
8004 867263361
2766 894718642
7032 136656768
4055 919549339
12341 757578651
29641 435353792
18317 184428629
358 592121723
14012 198007039
11186 641635271
34469 910913468
25445 166068920
24398 416125512
14248 83863718
8725 924882785
25761 616078482
27734 952232191
25919 123350180
16 791373554
26815 900187125
34693 382760775
11213 267973287
11196 19130243
15805 101966970
11131 543731012
319 687388708
11991 627809349
13251 177265846
495 724050356
7455 211858073
18608 232385939
10575 787316865
27251 600566205
32389 98839237
14722 521159652
110 175769669
11787 213006709
895 38761447
15637 219041357
8709 120324734
7866 813834056
1816 173347599
17880 268072724
19349 28972027
28530 603363939
9296 921599223
31205 783963989
14129 375858071
29099 455707848
17771 66809984
16641 266810577
29480 148327653
22600 592138238
25454 320361806
4636 420974605
21690 220250120
29090 818214216
2269 525111394
1488 645752014
23186 413375092
18592 532950521
15329 510456195
29598 165161166
2391 848197903
14757 259957792
32085 732462614
14791 998479821
158 239583808
29795 509490105
6617 335228267
33151 928945429
23893 271500327
10159 19539831
13106 104070299
4131 582469992
33048 937984051
9972 789610494
16290 205828415
14680 892799842
6540 428024980
1491 425220531
19334 226365450
15238 986083999
22883 441916804
19713 904227867
11587 228300377
2610 392228539
32376 294984964
32253 172587042
17806 70395742
29699 199344263
29859 406939891
4571 738862956
27776 234649195
31160 839572478
11390 867356411
2060 903656769
10819 674748198
31916 693375652
30683 239777592
21703 886016025
30494 261980437
9583 711668132
5650 820367068
1470 62410751
27060 90903543
21221 638888173
32264 549190560
9323 591650421
16084 470750442
17677 485551197
23673 809500450
31618 347216613
14163 910967138
22568 987513993
31681 589221542
20346 301587485
8777 44264487
16839 754362094
26616 963466368
23497 509256597
21965 750705477
29272 757994324
19206 646634404
641 681347949
25820 25830761
20244 671914009
31999 90578766
32370 514899812
16055 274899040
30843 605683130
21681 621469681
4578 732632485
13762 983132713
25996 354406811
8394 579717150
19511 111421541
23100 779285361
25304 749993095
21946 240867615
12865 231192174
16571 468753807
25383 650083470
7571 505489325
31048 726309936
28630 303947376
5448 513207319
15962 972827817
6858 399981679
21060 195301471
27352 871382966
16269 718464422
15975 115208147
16083 853251566
34101 272305312
29306 820114252
25954 312592475
22475 230068316
678 552902983
20979 191044568
34456 520977671
25877 48876191
20236 76265943
20529 962913201
11952 533451093
18084 882164024
27284 252992676
11519 951006185
7692 575749796
30266 709548471
23501 7703841
13567 471206001
9135 457156831
4096 467473867
21732 485095128
10504 545256352
6538 330200650
14888 236917479
20189 206654564
19951 844830862
20273 700100028
34513 485340434
5880 465138698
25932 242742162
26970 498680049
10686 366312609
20110 897052688
19157 134182420
540 915292611
31241 159757071
9984 843300053
16703 167990202
11238 924164489
3114 513184939
17416 110806509
10327 691608495
29967 759337783
12284 720917090
13695 344918180
30203 823055350
23698 346748569
33786 224159113
9620 711813460
16801 855123912
481 526854519
3935 947810740
14662 361925408
4858 120974163
8493 456606939
7720 464318707
15661 166283403
31447 905167543
8854 925438508
21595 92755265
27727 216579519
14649 539107708
20724 445908677
638 140552309
27489 538348137
8692 840538295
32979 24204593
21645 737137501
8747 316433652
15225 595590687
9839 265177517
5212 660940316
34474 424667976
1897 515327918
9605 473886803
18678 44515740
4125 575704368
1434 741546755
7950 522373597
19382 583208836
9798 635448185
25902 91552988
28480 810589884
3394 789073101
6146 318986499
5193 125015825
27028 667526881
10890 20680148
32626 896106369
1908 516607688
22402 375735785
32435 710793424
34828 229388270
594 27148895
18766 886972244
32662 432299556
24513 467520536
3967 283914203
32185 913745396
21229 100612916
28391 497000449
13496 227873028
25931 164181179
18613 138353453
18379 833804811
13414 906321901
1168 826346776
1666 623514814
14558 105360571
18786 772213857
402 265833627
7427 193750374
25387 730578764
11902 398990465
18854 666122294
10562 687387677
11976 179071997
12245 332673213
12455 597276288
1347 693073441
902 891093818
7653 263414972
13427 620834869
14939 711776064
4901 654974091
21989 538539936
19147 581406276
29991 811037329
9997 512178301
15870 121906734
29627 683699478
17451 31578578
33039 451814247
22416 623381064
274 464487312
3374 197144013
10206 942640778
1244 904843094
5804 970592623
1390 358507159
32960 780157540
18046 745723079
17891 241412170
27088 825360384
7946 484125783
28812 286050364
7218 138532891
17179 497204926
32122 252699131
17146 651810470
15703 952827795
13503 810223560
4426 45415345
2949 369427675
9961 177342768
3659 583106946
20781 55537342
29870 588859241
20695 381147787
15779 671258296
23523 473544622
4174 992305942
14360 370010619
34196 960912746
5672 282875752
19960 594748497
22279 273853049
11040 373554880
14615 143476725
19075 190742790
23967 479431480
2494 730496863
6237 483488002
25944 344582736
3381 870334322
30510 298140757
7145 314801130
34007 326172496
29513 838546175
30627 956836786
21205 737302113
33468 997712766
29718 374790859
23722 838329068
25866 670581191
18541 797133897
31694 306928398
26625 953581472
5542 689421399
13998 989093858
11246 75019221
14629 244651970
23562 674636973
25473 143843033
8086 438005745
1546 362153080
34577 876029108
3933 465559695
11900 860532160
5840 813305008
22895 292006511
31988 294896406
8226 704515873
13016 881807573
6875 923863618
23133 281427363
17183 441738679
6614 576580978
6171 710577698
12372 527581463
30675 620488957
31664 713655137
6215 252670172
10723 353755581
20877 483255901
1942 877224010
24036 588356036
33076 456924750
26696 808991265
6952 583414707
3858 493188417
7084 768486
30205 950228620
22724 521789784
33981 237967995
24640 442929651
841 250138453
31950 478480137
5559 189438979
1389 174296894
22835 380637819
7824 847752001
29 616819383
28411 268610080
3642 25110933
8026 86536373
23662 730600904
34604 826426114
10261 914980759
24893 680276400
7100 504939039
13112 785612183
25437 707849871
20365 780615125
32937 130652321
32055 227771149
3164 909918320
27716 924568089
3471 615604071
19771 591227584
30434 165434061
9892 106280828
22950 892387943
6532 185183785
20121 524522506
18230 252238276
17026 860439617
22599 597241487
581 140089818
34016 421936143
20054 455270447
32153 42054654
15866 894103032
25260 678722725
33936 760859298
14143 604929401
4976 140057473
5972 438300141
12045 967674950
27605 359059627
34480 444789372
24368 323361958
3135 247104962
33012 104417763
34805 995382192
22552 828604647
2700 183473806
21575 775535201
15253 103170142
16251 448186396
1181 401628548
21505 441594950
26800 201125138
20673 485317293
13576 479062850
22899 338575778
3631 820065274
18328 998571868
18460 406982859
15168 180724612
21689 145276927
9172 281930430
34397 952610156
13541 174959602
33670 832270325
21959 113274972
26219 666576370
5021 150168767
30978 430358183
15765 445700306
27511 35717549
8338 491534420
6800 622716794
13611 812013514
27525 302759451
10137 697129817
30142 849945897
24698 459153067
31504 973145090
14544 991824858
2743 770149203
24764 203790938
16169 157925225
28278 595515569
11386 878169655
9396 497682275
33799 85634678
23305 718904145
12828 738255753
11676 186976284
6686 139365950
20449 512899233
24267 938642976
2146 885695600
29430 998717099
27526 454148489
34631 94414493
4139 640755199
31984 62903074
20690 783114464
19312 41926954
34361 359853407
33344 783132030
9733 209022737
22628 319038415
2694 578292459
27986 118753978
23281 843142097
5921 250326111
28344 411558040
26761 153880697
34656 905919032
5874 700135338
29943 982501164
14908 580850202
17440 309486893
26630 324003258
29861 65148309
28354 754797368
8526 32662025
912 966629273
34521 713688141
27534 529486979
9888 907280027
1422 634095031
5833 38694138
4274 498987958
12541 686800899
14077 901031709
34318 483270301
10132 929245866
8031 639063513
31568 724405314
27901 50909535
18605 123145489
23604 88336754
17258 478041723
11713 602488959
33820 413745961
30415 806109916
8626 688011310
26401 253798861
29474 558767266
11617 350094021
1750 621195187
3918 357378887
30252 846895229
10131 418466372
4867 276236623
26435 15986983
2616 154914435
24181 266352700
30355 266208063
17360 563489823
18990 159664754
13781 720064191
19120 790234617
5967 914653048
25582 960785592
28251 81684783
20317 201138209
1255 218669204
27057 590533204
23164 719380359
23937 961214078
24990 852243936
8184 611039330
33188 644370615
16785 130417825
5228 975246998
28520 391950928
27742 27770395
12744 604515294
15258 435281320
6000 615929479
34964 618615733
26564 598518089
6080 207388417
12212 998633375
31792 961995491
1410 806352142
1584 181158943
26351 59577781
22202 472927951
27114 436227351
2905 119935752
19171 573857239
8907 860825915
32932 986217406
13199 928065326
34684 701520140
505 14807210
2934 955200295
22021 395945738
13488 749085596
33982 93184272
4385 163862474
27399 988818554
30281 40120487
14297 84826183
11826 233305975
10317 758751695
12291 18447022
25440 961163807
16002 911594289
29319 247566693
25736 442999297
10469 958183671
21425 408905739
22503 563588575
14614 869054061
4420 516146894
3403 767459613
12328 963382779
13885 365090070
34180 574220095
19893 280964039
24669 726471561
1724 415746241
13946 318581316
15196 876826879
28689 590429164
34940 935681040
31959 83332717
7901 421092893
24113 393210568
25589 396878172
19235 855254170
15220 749976908
2435 710570350
24143 612740589
33886 980339198
4393 124666111
5875 754043953
22430 460806204
8205 879005552
30288 850189012
22504 775602614
25812 813399886
7634 466605884
11633 560460185
7555 694303573
3714 214870864
5166 671267235
18815 670677746
15441 721058201
24924 860822931
21107 425331922
5570 681262142
7004 669709876
33772 162085984
15365 916182408
17372 359307143
16947 475567374
7215 545377602
16033 597369075
8618 970499826
18879 682171033
34935 512966184
5354 911290813
12355 136505938
32828 755471232
22068 54384147
27426 112424427
18902 823459322
8623 190142743
17452 110486296
886 873606268
432 536581144
15932 721968210
23866 765281005
13553 292397687
4016 54959276
14731 256460573
12840 35973745
29902 190087217
2873 800872136
30718 781203441
19422 211462525
33228 92482891
20218 825557515
32896 930593006
1474 228998065
9010 335157722
5165 653265402
30628 847114915
9404 902727480
26726 398071258
16987 108080938
7474 932843654
4265 209132968
18053 249638084
16516 1291305
25252 907413338
2096 964035910
2140 800956397
10473 627181455
10755 210610159
18164 802134573
2726 27005528
21150 645732281
34311 226845976
4253 669176829
28098 962826051
10700 947780409
17701 58086169
21234 987261666
33023 375087555
25378 831668995
17606 127756035
22906 777376195
1798 742305750
19261 717408206
10515 605931936
26022 231140579
26349 973176772
27317 462431997
33143 826849464
30401 435425070
30955 456071251
30500 329740628
23241 455092250
23983 380303074
29634 983815792
33150 738370071
27579 674750280
17848 336243371
24038 359997956
7344 475037127
32681 613618813
12165 187625
29660 789808396
7925 677699053
7173 848573169
7076 161480464
14324 309552249
6953 241153771
15130 996087088
6250 105767369
19885 179641526
11750 843415348
28291 717523505
16047 287083743
1794 900382055
33020 34300631
22201 726145299
5472 731696667
22534 728906823
18131 428123502
20955 320831689
23553 3624947
1949 227245856
12536 421351481
26700 150717481
3088 98509198
33168 419420171
1702 974834183
13439 828702374
12769 882881958
4135 219922848
11022 874457909
13606 279474304
9964 150407663
30134 780316059
25606 957983743
9473 517063732
28111 203443293
10451 483469987
18586 724412318
26372 933587558
29607 940855825
15849 628526967
18991 384854259
27191 337563518
21884 331705384
20784 340376965
6461 719720500
1973 634993038
19302 302105945
5477 491926241
941 5696457
25687 514732701
2502 510666756
27685 992206509
7465 456726348
17939 373930447
33818 897159927
29324 672822761
26436 981134865
23634 872784077
4339 421239655
2216 423307823
15386 628227443
32041 850318669
25006 27314562
2400 731073587
22358 700379951
33555 303707027
34371 995969819
32601 268763205
15976 348654992
3198 163405625
13660 331685181
2115 967964963
11498 930640759
9417 412129643
17498 4548540
30225 941748258
11004 844053171
392 212913242
28883 804908459
22949 164848952
26290 975394190
1738 360793029
23811 645809490
18180 557017473
4721 769350984
14929 669181462
3006 711271524
21964 881459037
6360 872215608
7108 153198363
559 658666746
4581 934758798
30210 558584268
30338 324071822
25997 347506924
33127 678887340
13021 81726321
22370 823986857
20028 584485617
1621 999304561
32912 478079624
28083 613720225
16573 265645934
28769 430028972
34555 604020912
7011 181075454
27814 789299910
17756 197331021
23987 733682464
20972 218402610
29731 359119901
8670 654981852
12702 947337233
4633 874480728
18866 107306854
30470 251123454
32137 211391684
23750 945762959
16979 856548562
6367 719064351
33650 147814069
21089 609478265
19232 463225277
21202 350359905
34840 191208668
15311 155941908
6114 376030360
6460 701199048
3002 565081918
958 924996385
34331 931090724
13568 24132220
15060 381160857
1285 512968620
2769 73242921
18793 580296415
20199 258034230
3411 857219274
12465 722349380
26385 953894727
2545 428250997
27915 421055029
4684 461652579
19821 486386166
19522 452020091
30804 547801103
3000 127550540
4733 32839109
7396 299153751
5537 51912390
12581 883601991
28762 81962195
31095 610883428
26292 601992924
23226 566580932
30093 652756752
5233 546584895
32812 939028010
5200 24262323
17040 897616008
7101 593342033
24641 619264401
9856 121161493
21596 176756465
20580 2125084
17890 919367332
21523 800126403
29596 216493745
16455 321649084
4021 455278489
22578 19640147
24234 895022230
7638 975249402
13950 779599410
24484 49225351
24701 94296499
26258 731131303
1796 183938943
19690 413608839
6498 577526889
34580 347368231
6293 218424383
15801 329796713
20620 856255859
13390 622162849
6853 891243439
20589 973729428
23615 271701554
23766 167278862
11289 674153703
7125 617514625
23060 949917393
5149 744148409
3592 544554723
16564 604558565
27982 704284955
19676 892188519
7783 593806340
3453 795882092
24030 20124655
28316 699583787
10307 972683100
1524 501383859
19909 470241538
22951 712634691
28234 277590242
28720 776758655
32346 481130528
27474 66604245
3528 107551920
23728 123981927
1914 50966501
25118 101699826
31054 39207028
28374 696250349
2324 376036755
10045 597134592
16054 365652030
19593 695314682
6991 739238076
4468 726394797
14165 200082398
4381 651820005
23630 4728795
29040 160058259
20004 805727700
28222 109521776
18627 106558621
4720 437461520
21536 986166722
19748 912136873
17469 367824093
31384 887590693
15878 994204244
10517 730726993
10479 238990531
4817 294040488
34706 647296470
16717 41928969
18127 390426772
17998 851476953
8971 960902403
16211 723890999
14081 310264458
18872 733814919
6323 309520288
9369 245047259
6503 105929532
29153 831694089
17446 790975166
8251 681749479
11937 184485526
6343 360730558
2431 912970068
23725 828405433
3819 848355770
17400 250688086
9279 9434759
27789 463363480
14367 423233459
34515 935233334
27747 103090417
2124 57313206
12957 739200491
28874 483543453
27089 713969502
9184 258237120
15978 415484310
18877 117125572
8349 742114777
7112 516671654
4225 890731154
29402 611577908
5914 59517284
32271 632851665
32684 471258432
27481 285479682
5968 572010467
4264 438230501
32917 141007098
31531 670435061
19769 923488802
141 517061610
23739 313459256
25803 261746879
31900 673391448
9880 50111532
16834 394305990
33102 650227935
34646 747881406
26985 873549718
33601 154249798
34923 618888766
27435 43929078
15403 127677198
12373 491466098
10259 341005572
629 144283720
10563 554209178
214 462927336
32367 756619042
23575 327187304
11061 955683266
6404 308563969
8178 652489229
1042 138607155
25955 271235248
24133 369952325
142 760169014
25523 789877203
31456 103579325
28256 65874650
24936 461048844
30378 757763801
19309 506306035
7872 634867450
29192 785443481
34136 8188777
15210 504456810
8981 229316505
33852 444792473
19630 397038840
25254 181963203
4384 799951456
27603 334085906
9635 625758054
29323 687677049
20445 672426290
4254 639244151
13582 225415050
9328 88730456
13086 638613354
9118 921809996
28758 697183517
26336 375224124
15070 650377750
8870 92140523
22491 484837592
2960 909505919
8181 38833029
1828 467421875
16186 59030422
9538 159465518
33854 475154429
27826 130088676
8988 631296556
23807 141679631
10851 896242406
17793 564679090
13137 139690526
6596 199727721
10968 167638237
3018 184704454
20505 946711231
11048 542012686
31943 607202223
379 947887073
24295 420022878
6579 231729415
2155 681750530
27996 894378369
21581 783823380
28007 322317157
1316 973592110
20686 123761995
14302 128751162
1027 198257393
15977 447229536
5456 987828550
4840 529805497
10267 151344537
4639 840068370
17174 452234722
22070 282633332
100 110166874
27004 144107544
1995 947772267
215 238701656
11510 22179178
3893 112632062
27974 486345383
15208 195673912
30762 107205280
1142 168454973
19432 402916950
2277 905511427
30608 159405945
5097 543162255
21999 154686081
6653 373268521
9472 424043398
16659 425713949
27803 710051752
7424 703738329
32522 11127761
21931 14509783
33962 538752599
16844 111629244
928 484928944
19939 441113617
16355 788392213
20791 157056949
28091 590106351
18159 606502593
19136 242609495
3518 348945692
33843 806866778
26695 107067075
30927 807022595
8880 787638097
29403 297678373
29394 337796367
33419 437628607
12064 39990620
17062 361073200
9337 891974465
8606 218501493
23625 390879609
22352 246386824
16314 14263318
9649 614342369
15632 571647304
2054 940034600
12817 322332291
17907 931277281
34596 426331142
3108 702413489
31781 376791973
8749 314830203
13170 887755218
11053 134113683
21585 789570833
9378 535899201
30712 854927731
558 94938546
3731 420147568
31188 421580705
3318 279305680
4706 889263276
28597 620188930
13513 535754388
28908 583955055
14959 639777097
13060 357814794
28764 336084645
28909 110623059
22509 748318508
20944 425059786
17786 961373744
13172 134567103
34945 282262619
2747 548215263
24759 344566895
25764 717161631
33519 44575384
16464 843444073
2673 522133733
22023 307295686
7027 318218248
29457 818114833
30384 780035210
11318 560704547
33337 641591493
3252 262299394
30792 840245092
5989 647326372
30478 885500242
10907 198129517
32388 128543020
9887 51562309
27592 605314994
29749 511945714
9716 134480078
8815 472021681
27065 55459599
10355 958136528
18136 711397719
21397 248784347
9428 822444489
21572 504471106
24044 539640479
31691 475566925
25055 542611904
27645 682437377
15151 24862212
34748 301583600
24816 888875817
15169 988680529
24455 886949047
19063 966658901
22148 909873880
995 208431523
32758 413590895
24831 830383485
10904 518307861
31043 71849710
22008 853410063
32323 231073311
6873 922344797
23810 302086326
33142 630821626
2427 644625462
32552 304234749
33718 775603180
8782 22027357
17981 130689558
23769 353931012
28976 215175563
17213 436436416
15351 571931428
25909 406352477
2883 625726458
17723 684986552
25572 244386901
12575 189398544
31799 801639474
25278 233450422
25467 494496559
31658 234654268
22025 853677061
33717 346253508
9519 984652751
8697 781821099
4382 303845116
31021 465937706
26565 177697728
91 913063086
32687 182823735
12060 422733379
6782 877477910
31104 601216022
16208 312780479
33196 894932716
18307 861186179
18722 861384073
12188 355847956
4113 837807271
4480 817151465
26130 869305568
30602 582216949
8192 105366410
21547 897922300
2993 13312286
13284 687039008
5399 809955499
13244 774595857
31968 893805413
31363 751879929
22260 511086674
24322 755943439
9157 661602489
12924 829272400
27760 841022430
23584 265773889
20261 601186109
9690 269629880
18482 871920260
18971 812778029
74 144536563
10680 950706367
751 799978020
23484 454936584
24192 210124366
31073 888707460
2716 734749578
3897 655256625
17321 223422364
23862 738966575
14576 777822123
27383 279182875
2897 861503488
860 616983676
26641 978920000
13358 371136032
13983 780409058
28087 291849589
19963 84362425
26242 896519096
12274 969166284
3327 464488350
26065 492263229
31675 905049104
24666 894882386
10778 264673468
27155 374498306
28947 131891384
26045 246610128
21171 591059788
1614 828536763
28227 176758721
26637 536381532
28759 684066564
30636 34712532
16759 454962881
81 991858324
29581 982034260
20867 892379653
5133 641071995
26618 525104313
26878 221849177
29243 253280749
577 934452210
13493 832448471
16345 249197121
11304 301553319
17586 686198788
4049 320855742
11303 689082392
12640 288014231
25726 626080692
29734 139300062
12712 769338296
31570 969783589
28074 195862450
30163 899183639
11369 994069979
28560 131105350
23396 137303705
13625 477391028
25251 7034278
10082 52572314
14997 162261274
30933 825234498
34317 478407834
29095 230749991
29575 946953621
10542 590329611
28586 672651905
22621 272127946
25090 686481678
33017 600457425
28031 638739594
20021 380478187
20871 665580973
13538 376266792
32755 953701107
16248 179068353
15843 246466500
19070 560329932
27079 72309386
30034 588917483
13335 826399635
6216 925416470
19186 998147045
22526 304856433
28295 268632509
7544 305897230
12893 398897076
34389 17618315
24681 61103301
15908 585929084
4648 744305466
22738 298762352
28512 894097822
8941 396393121
21881 495236631
14397 766202670
18158 781784501
5837 916065626
25327 915063885
33501 907345831
22498 92236440
13692 322284088
32635 519013445
17936 935261528
30330 743181034
6406 199107000
6494 215055249
29004 29389916
19201 800416171
31674 180452516
12363 838208954
14648 501863005
9188 898253719
28038 95405309
31006 723388894
24365 511483585
3429 345174340
16363 935831565
3725 213450502
16225 656559063
19794 552682267
15598 786629360
9821 297370534
8554 926885302
13073 592618156
229 544230259
11985 782903228
4748 615755104
24345 607765220
30684 350667376
2326 160907748
12260 868366431
102 675449958
22939 941847952
3455 172161664
16872 467718751
29955 524222437
33643 932964666
5295 95956784
7113 977192783
10394 29132719
29131 95561648
25316 906632525
28395 918723100
16001 647122702
19504 591995163
25752 552479704
355 190959986
18363 562726035
15988 196896667
4028 973615807
18395 462221725
6717 738139608
15618 983258845
9849 435844323
21754 492284325
4878 256613508
1972 209840395
2729 987986770
6559 391748395
9352 25018300
5906 866541752
12118 944849672
6890 163249218
19498 323745790
16920 665430849
16319 176444278
2298 298590694
16391 990129652
23629 146386530
34024 738036319
19681 481205292
7048 83650293
4024 647097280
10350 759533557
19053 390217172
26603 628934173
14016 700466983
11794 957805277
33495 535320257
20213 909430716
21928 979258211
23325 375825823
23874 258650971
9349 393965906
31740 328878228
10744 152541176
12249 901274717
21806 14842028
22196 153571068
6710 146530112
17031 744600693
34338 806071888
15014 975437256
14344 718433964
15494 106829662
8381 496447536
28042 756742221
33504 282196839
19979 139670301
6639 156332541
17611 291860545
16919 330283981
14268 789492124
1093 688629916
13628 804368836
14964 460848738
16401 222578217
31677 49181794
31891 713544344
23122 12904292
24735 527830739
31641 169828032
34278 110945752
22263 432943822
420 455182147
19867 293087621
3684 854166965
1957 599639334
29275 489063302
973 447557862
16763 307712057
13470 76220471
7202 669797369
26627 984581884
28502 556926798
26329 195259506
10301 605551294
922 49936423
23205 310583222
25094 474056697
5726 20284328
32781 731022678
8185 788577280
7942 102530346
20737 331756212
29764 627794587
10743 923506239
4331 125726678
9612 387609654
20416 899823221
4358 231170017
31762 485509827
5834 921730503
13849 230466129
24542 606145355
19061 426397799
18175 703229685
18016 867422358
22830 729829395
27418 321968029
26574 305118278
22290 160228599
32096 395712314
3923 929371505
31727 518048781
15092 867942981
26066 924195993
6823 667270021
8792 801988064
4191 645077185
16971 978397673
14417 135907992
4600 369807976
32016 62457625
30568 8851799
2283 271157983
31966 218504209
4569 420663770
14845 544220591
33165 998373401
8814 7961444
1043 354046112
3269 911348290
30952 3926626
16547 165041778
1547 98064043
26135 354387125
21898 952807892
22379 362071954
29030 221414943
7500 719112816
15615 240767492
4350 635296322
3737 836727488
33411 359460743
15133 53081440
9879 312607361
14497 423524386
28215 793009066
20842 555892748
14003 95389832
5608 204851102
4429 693329184
9623 537258446
14258 476433290
20366 409271284
30413 912214230
7066 253287256
31222 986848881
27959 270431904
26492 737807844
14988 276433231
1628 544094754
12356 363161244
12285 454988269
24340 967313077
5565 634246492
34242 48544256
30888 911573771
32637 714910575
3056 854903463
14180 933324813
13662 710992655
17107 860136882
12795 120648388
34190 841101118
22359 841375830
14836 901320728
11824 714709203
26528 208554080
29059 830544456
12077 447153830
15559 178763332
10428 420401111
19679 105939520
33826 969838448
34718 100971689
4755 145384883
34899 109148657
33779 933749088
5929 141537100
1864 115470382
21389 318692187
23007 622039841
15118 62467119
32878 894357693
12202 18264966
19286 733158934
27461 364162657
20312 624896297
24275 927277985
737 891725340
23136 736378198
24689 425245349
30895 872231945
839 707786404
3853 76941813
10867 47355410
1844 987246242
26887 377672299
1700 187783320
20421 864777794
17555 210127741
16555 157646063
23724 522786284
21245 214961621
13872 222059459
28505 919555066
24441 966130151
13937 402298643
29668 303455543
14538 433591968
29589 741741241
20324 646555597
13135 776102910
34757 817226827
23426 878362301
3699 352943437
5033 931781703
30383 383668295
16356 347776031
17603 473592388
19548 883765868
4122 948557176
29827 26752409
18545 960208276
6727 847346313
1669 535694384
19953 910511801
29656 3294087
22485 551175376
16223 650769228
13529 167074863
21559 906962171
32885 640505725
15602 6882200
10814 502514421
10124 144801354
25675 743849236
7208 481094035
6543 42946990
24541 60750560
15588 497320523
21597 764789645
32078 793968375
1083 424483802
12740 783102934
10173 290981111
15053 588675333
19214 958539222
25487 214781107
26949 390342481
13895 139680648
12823 772360422
3515 129132886
26442 922473735
9782 672537321
27436 739668597
5777 316271726
12829 27539922
3464 152268350
22821 425576966
23455 211322087
8131 751800382
18688 608815606
17897 668051965
15019 881848084
27562 656664290
33124 509490676
34523 235734342
31883 966123310
11736 491558926
19371 797271134
6279 540089211
12685 770430357
20046 166482918
21652 297394930
18892 18764041
12473 27437726
11437 291097148
28916 339317398
18915 508225067
9936 518141877
348 236334500
27505 492031379
2648 777741189
16087 248007371
26394 443743126
25654 994121068
2879 932443287
15126 153841121
34439 921700153
19632 242349683
33415 38080926
12067 8778882
20151 254684719
30997 617627346
14378 298847677
24459 925283737
14242 777039825
24375 368759279
27519 691052395
15399 877544641
17798 454346346
11668 243717243
10746 963447961
22191 141855397
21748 248169987
21290 718356748
1563 411911086
2631 839789298
5276 470974023
264 531138799
22229 289360616
31000 96758492
13010 236415808
1287 735141124
28929 815561294
9953 949138926
13423 385511502
34255 998906791
3880 483602773
16541 499453842
15471 114596582
20904 195628214
11109 924435253
4965 910117308
21134 589260599
5572 6498338
23621 531949006
11135 108198733
44 825234961
7167 416290021
1006 919264136
5519 911634347
30405 792871084
15584 228872085
24807 906126760
10409 976371133
17414 352098126
29200 659600860
27452 570700325
3011 527733695
15939 19678264
5095 352435206
5408 631206444
19104 93399954
21802 802086586
3879 582753509
30791 102322234
23998 268608752
20370 200158213
13668 87479220
27626 659389188
31008 676349926
12318 311166554
13727 619645253
10347 133719545
23123 796590058
9844 370975234
6918 756871139
21183 653253658
10697 311947052
18353 738496117
31644 900262643
5415 676580621
9291 334493394
25010 387801602
31612 654070312
16898 326395140
31392 718931380
6294 814037755
9510 483036173
7631 50035245
3847 228073259
24343 282061975
2506 899872535
17297 879389329
7444 848790295
24006 185382636
6390 183203414
354 443496406
24740 465158815
17083 769027886
20134 665803242
22519 57533517
8239 607058374
11302 978344511
17847 468713497
13400 283213588
34771 1258803
14235 19897597
34674 6103738
17426 283924629
7738 783602783
3142 951522508
4917 220450594
22154 161855796
17425 355063285
21995 55907664
11852 199336278
3316 972130816
12225 62332482
3511 900904768
10862 87576118
3929 688635647
17225 282229890
34841 607389832
17264 360081716
28389 736163924
1327 95295323
18023 747041745
7737 286413967
20986 197075397
28830 961245890
32530 708914092
26379 422097678
5383 255392192
18085 39862305
3654 683694401
690 420984455
11328 100668314
177 887208141
16601 358543203
12833 989096245
12753 264366722
7757 904878954
24064 939948484
6170 761431479
27413 379694750
5217 501029130
14953 707758746
14431 791325528
21546 179334113
31372 925051487
17050 110318669
26837 198566274
25360 773923412
1352 624644163
31105 886078736
24806 947158464
21610 18751429
4355 173993665
19163 167416695
26206 69545596
15620 706127523
28044 258242364
27669 796113802
19788 5359826
789 606083862
3646 707065393
30862 797584805
4513 883660494
33299 48610273
26030 566164625
34831 870683907
29278 270731146
31314 303903654
34865 866077727
17524 157478734
12777 275431823
18857 722154117
10934 10827012
3138 559991261
2404 508309261
19379 699753953
2289 566077001
3281 529287810
20522 707924027
24309 910488240
22496 515550065
25321 573199642
32099 493857245
3167 924879258
21187 576443170
31051 938237638
29070 427244836
21133 835848628
4744 861130365
20703 631550104
24215 249345116
28710 331297123
25881 982488687
32202 526808361
20139 25830295
23389 671232144
11118 393387109
21985 758815791
9648 932673812
23031 302089034
1534 296637517
28030 693608893
8929 804438072
8296 516103820
19440 514887548
10225 378073832
30452 189499611
12467 996088596
19027 596752175
29915 967565571
26568 396798909
24680 778369128
15393 924651477
14212 242692711
33362 643424980
33069 407972876
1821 550718134
630 523353755
15192 607850314
31057 459781750
7922 297965468
19830 67218749
29649 316382258
16652 464551789
14814 419889964
4250 484162988
13791 372071305
67 921235319
21808 103598623
10584 263507999
6757 570329525
5223 663128584
7 153581249
4423 969507192
17797 419741315
16813 356790725
25263 407379859
8378 289002934
21901 684164961
31904 128539103
5978 933689093
19710 751302107
10834 977617972
13607 124838602
21791 45640339
5675 151143050
3341 584144211
17185 232163112
3323 644455386
16757 262018987
24963 281790708
8179 576215854
7295 393761685
29208 300227712
34100 565484882
24408 919685435
21302 588112572
30416 175688143
23425 79512712
27486 658976534
6886 360976925
13416 401748668
3369 59208289
2511 988313104
14597 970538778
34907 114521800
6052 603115699
26227 813137592
25498 830244896
1749 766570117
20282 510100795
17237 148929512
24788 444320143
1806 368594317
16472 878215478
4491 823353437
13257 663376776
18746 699065627
6866 500638055
29924 781127203
17911 227758083
4617 813994012
16405 135046339
33311 692567970
7656 959142891
6075 568270386
33277 293259112
15679 319253660
1913 446544800
13862 823556499
16769 887126125
7468 81787159
14770 163508378
18010 276534159
14292 41500507
29100 740215415
14436 714514339
18480 769943566
1764 339324268
14351 693203524
15134 993109250
15052 546112341
21405 907618714
34967 287317520
19258 796213165
34901 553747412
6395 198184078
22013 951516844
4791 794523333
17934 887953657
8579 321248101
15729 315197217
28859 95005806
8595 75795048
30596 402913300
17681 71634371
23966 871509386
1772 581672555
28022 855434894
16538 672261536
19626 619759638
6301 126584929
16149 899652931
20145 75301252
23843 764568305
30076 705810882
9278 968313714
24741 182795469
25409 977860176
27591 469094266
19695 18053257
15097 605568492
10161 856283951
26739 273251911
32151 895924874
5146 744041702
19875 296040639
20752 765376404
12055 853952827
351 76943020
467 987952549
1974 906554854
8329 376351233
11435 755372587
15747 575413207
26160 408464397
33315 172390607
4097 47932190
8039 941462067
22978 266331926
24803 202030401
4277 583526044
16540 586949718
31739 873494792
11507 990112692
15916 594630122
9091 489937630
29008 42535113
1206 737052598
19138 980614325
11682 317518442
3506 811257100
4460 253842689
115 784965823
19216 775673958
29747 541291469
30309 865670728
23631 65125475
24636 797406417
9704 366788893
21316 248860776
30526 430818114
17796 144169739
20952 259536314
3070 715473232
24363 972267686
22137 571118232
29682 260658290
23816 534237984
5794 886238878
16027 1301216
18538 186432351
18519 239833735
19575 149087078
19408 719488547
33859 580161892
6533 726374648
19269 950309420
14124 377883548
14823 292695396
20344 475220651
21590 254423761
14171 624250218
17115 940390134
31484 583273611
34829 981993236
6611 436918640
1171 9532205
7000 524047982
10201 685438494
24101 590963327
10826 704248913
19942 423109897
3682 498040057
29247 624469621
31343 252348207
30221 546074446
30665 228804873
23408 376138678
20575 708973928
2402 842451719
23066 402335722
1711 45083817
6070 999214302
34609 74012606
3299 246630440
14883 81390310
11582 317287341
34365 597836649
22166 518474507
32673 584918525
2372 872982053
1954 635748457
2154 588082757
25111 933748859
1378 794814801
33316 103349378
33369 36592811
12195 923238353
32147 167583477
1387 502049469
34146 300097864
28247 290764375
29669 368930758
8359 360217074
11618 973187738
24469 390874363
27812 566003271
16887 103585196
15324 658679844
1271 633782233
32131 759146805
33615 124887637
34914 864011749
25209 956978781
13929 222338383
28187 285138717
4860 395701553
10452 946730234
2344 177605529
5346 985406467
20349 988745932
10245 730140304
30650 807531812
26016 7661341
26127 757313219
22051 644987570
810 141119853
3421 141149952
4815 85726715
17390 740093724
21670 407013507
16260 248173328
24476 608070211
19757 759247581
16544 52696657
33704 656734124
21941 798491705
33675 383335358
8578 198548688
13344 897468127
18543 722136719
4337 17541782
3953 274894334
5568 25351042
27225 350811104
25173 460508176
12892 833549509
31496 231776284
18280 15774679
10107 626806765
3825 686504033
3461 458626209
5167 950941070
31897 236195215
15926 571194485
20688 731373311
25243 723915186
34681 893223822
27388 929517761
31509 509155636
10769 815485305
29184 170495833
15101 306390201
27566 646114834
11714 351741838
28476 840287090
16956 491585484
24083 707871438
24413 517345111
4364 199880151
12526 587611277
32594 693187352
5870 995316082
30555 783557933
7592 816658519
18738 519079808
9116 966056853
17574 542119658
18263 69156588
14674 765345687
2166 321816111
18423 985961895
2846 780272937
14285 2308794
22972 695214384
21966 685090463
317 23613605
32150 535196194
32019 993963428
12938 701719775
23216 74587262
9780 697629645
24611 92989140
13811 338620288
1797 436364167
23262 250299394
5987 929261812
20592 929771678
12900 149352038
24170 573302225
29472 661097383
31506 987826410
24563 507452272
24290 679285189
11366 47309360
31858 201469304
20878 520478480
15826 957880304
30838 531271848
31319 823729363
5766 991652818
11768 894400865
4876 310772938
22088 80783867
18593 712672026
19077 455891685
10784 922609205
1623 470000942
15172 392830795
23972 877261174
27165 228995311
4449 922281107
1581 489181761
6445 452670094
18376 346804745
17108 282246910
4120 660508562
5306 719658192
6582 566008817
23571 830528149
21631 596166114
14613 965611032
12211 950060213
21373 222718572
14447 333358210
11177 60063783
18056 891217276
17662 775757764
25575 970429383
4820 496036246
28551 623218922
18102 280552242
28178 328778182
469 183234543
27968 298328839
13750 794309391
23125 604805094
13988 817447876
25069 835868837
34012 29065959
19746 649730596
34506 934795325
6316 322681347
13559 342098999
17640 819586421
567 203466604
9678 409308871
12954 166882587
31420 274667998
6385 880700246
26860 967805439
12138 533981634
3130 300990784
1069 317449445
25826 477609871
21923 724945510
6642 617936941
9834 931398377
12824 248108268
9597 210305082
14699 959274520
17722 277233688
33242 317760381
7816 425750068
15495 931414940
7193 457790914
12987 601294456
7170 16419907
6078 998501274
7690 5995841
7616 8874798
31040 163929116
29003 518261181
21683 316456251
13654 607110574
25613 223664832
10168 417635125
19512 382513871
9112 609379029
17472 993725705
23353 261834113
9724 821056974
14210 222185112
27958 24454842
21841 51714577
25489 831954555
19962 649063116
8629 1589411
11046 100268325
31526 746129489
33619 246505565
34412 273040222
20506 618392563
12078 341388576
10400 217748550
24696 139006513
14366 471013781
17914 671054474
28869 838825542
10410 240338821
21127 497588932
1727 293972820
27023 318578063
30868 83632243
22643 852343461
2886 18299633
23352 519362305
28089 364572343
5734 336792469
28774 85216743
9163 591402258
17949 44380373
12765 976699098
16522 960558250
4879 99199497
13863 31027352
21176 112264813
20649 443892955
1548 542196922
3100 946392019
25161 239841021
13000 263001713
18284 593343564
16407 917170304
13880 688588777
4014 27259241
13510 676378896
31217 186613416
15955 430935649
16031 5562575
3404 224415829
1054 780325746
16068 108549725
6908 215133791
14065 125965801
22127 107649619
20696 228305209
10909 338553177
15789 308858313
14043 635676430
23969 77943619
881 221693101
30543 802733185
34246 236580019
21831 871846295
480 761668531
11609 858082498
23589 702156425
25469 205940659
13640 534208732
21481 715904683
28313 466133049
27173 934044296
1820 662787030
14191 412704026
29016 599270182
10024 557625957
3681 530266970
30280 450859456
6641 640042605
24500 549871092
7160 697054632
21699 613905389
7493 852038203
27318 371682415
23641 726002122
23458 600295718
921 519228550
4511 759159424
16448 401914966
21461 34160448
15664 78957829
19568 66116778
30170 856656103
3733 762834227
27751 609112202
1163 249473706
7220 574273793
586 653582989
14241 284889461
24518 413695408
34500 92982093
27354 367701424
32556 791509523
1284 184825282
17602 893811075
24280 635875001
21975 533518012
33760 815115374
23274 833864133
9047 332367537
14435 984180830
30396 416620110
652 655065682
24247 67983532
16787 891054556
11754 314131675
34300 571414334
11244 600235427
8945 407208769
1773 110797523
19659 444099238
5518 945721116
2364 577108426
11415 531336191
18183 986170828
8985 479215517
33533 692163907
371 328872464
24024 348399029
4447 279947420
27836 191782254
29697 921778267
13293 455213676
1735 197793184
24555 373810144
19466 279230169
13318 333817407
32661 275027708
27874 758693641
4506 348522838
4970 975711686
731 561750765
27026 139823974
10303 728662335
196 28550913
29085 800320923
23345 655182668
33246 485681987
19159 112145065
2847 200820847
28018 635911439
2328 773271566
4224 905758588
26881 616617636
4978 209718872
24266 21742194
3761 923924399
28447 972845949
7237 529781634
6808 870024830
1839 504870335
17766 402263638
32059 759948057
15457 42368273
25311 758469399
16228 490630209
23568 162727156
18014 737219639
14920 237513983
25629 936933159
30960 31365280
2367 306016978
22686 221523471
5262 891591803
26146 742614722
1192 114287756
28952 427921003
18400 765161950
16964 660964838
31788 619567959
19587 966041756
8398 494524553
7926 755315693
8800 887407460
23158 657126611
33752 881500260
5216 173548654
15581 68962788
34162 246142752
27039 225144693
12872 514074775
27218 816246282
12504 334607394
5407 161253623
25303 671403474
22213 367335687
29792 239501080
28946 824887976
7103 856471428
29957 253718465
5739 713564140
32002 552300499
13351 101256863
10062 806970385
18672 307249620
5785 343692064
3097 406097613
5253 572742754
34314 780522259
11831 395372205
803 791220753
17178 845545208
32570 841621371
27952 92123039
21062 245813520
15032 714973202
10701 827822825
32734 305885196
19988 686020590
31472 757408805
69 250711282
6312 245876449
8539 732508971
16836 279253695
24608 105279049
25894 206850229
26532 777561269
31623 294197778
14403 99821781
32319 945913969
9671 653305397
20254 137466589
19191 826049181
29852 181621641
12450 917854867
5323 314147124
5331 58551753
150 667730766
6909 299808002
20224 609088131
22675 94236650
8235 461163427
1841 678160560
21158 531137487
29288 582491709
24463 535880519
29603 711691192
6209 705542619
16304 94619443
4839 561820810
13296 678881835
9945 697385695
5286 979915440
17219 313518837
15813 811930909
31602 765556835
538 296433133
14181 275894223
30070 813429897
20167 457415110
12313 681376375
26032 279692283
25431 135644446
30826 149457091
5965 76583949
5019 673462091
2583 63349964
12134 298070409
7990 236038966
11549 143296312
23867 668051550
23023 816606060
2534 303867578
11995 192191578
34282 826481704
15972 531461245
1732 504140936
20085 663673815
5621 495483785
5404 234182528
23904 266096632
7716 297153984
33304 9044383
19403 421734419
26622 88785287
29901 211780683
11847 603154778
11478 794060728
5309 440437459
14062 350583517
30597 207424509
17529 214906196
29671 922703778
19484 30991284
12822 235856088
256 165143610
6245 783528295
4883 317654493
6531 178782755
24251 798676973
23864 67245858
10773 801255984
1469 690174369
31127 298141548
12218 558068429
26248 424516815
23681 329007153
3649 524659744
18779 537933632
22689 230483815
20881 736577475
13777 968155140
12470 357118096
17881 639786452
9064 834210423
31143 252840166
17362 988658086
11217 665590806
25900 354296851
31426 92608227
22119 184683494
17866 390387298
33514 747766716
15424 809651961
31153 769945706
33747 899043209
10437 570536979
18842 511861468
14612 946746200
8639 51083494
34269 522641326
23861 542403855
4655 671893158
24702 35400572
21639 612972570
19649 803039261
21111 135150282
17421 474229601
12800 571182779
12544 22502886
24448 516245743
14704 639107169
16963 231817916
21648 598455623
27855 220572143
22448 245017661
16846 6457710
18509 958499967
22110 492330116
21365 749112872
14747 728531931
13128 195876595
8136 861598752
592 107194003
14019 722468074
28414 230797524
25908 569477767
3399 863076549
31972 360494922
25474 390110684
27976 669999468
19314 219189734
18006 941788944
34918 782907943
5902 274634290
2475 266558269
12653 957863303
17631 836062158
11746 227965681
5049 101815397
29214 247758878
25991 904537889
33729 20460943
21182 376480022
16271 233578772
18367 946088670
21399 885442256
27725 557373220
10415 741558841
1354 878772211
8391 697543676
29019 939754176
34226 493159064
32404 953069006
29173 352544782
9523 693824371
27154 598020279
6980 349244493
13909 437063627
5244 614273212
28804 530129372
33051 902556279
8351 931274597
19290 692365406
18187 90441295
6175 490407050
30875 584680625
3470 206332121
5390 302640491
11718 331007234
18330 372276972
15815 133203630
12533 656798443
24711 295650513
25850 476828627
6668 62437331
20089 304051390
19326 618842972
15946 100168788
22417 891774701
22771 940603622
16013 735368774
14837 101001258
30612 840713894
29703 777487756
1752 817132836
5678 675519862
23872 333238265
29786 425008123
24001 800198582
25494 433796747
5423 655052126
3672 853653468
7423 284430096
10227 376452922
14542 617582607
4966 102710210
25461 219538690
12114 320913765
15887 223171484
33925 858605668
3670 280025355
26648 294009533
27237 968221630
14932 860079662
11827 134412587
21892 318732058
33581 709466042
21237 156321049
11599 322882718
15616 832533135
24665 923167558
14229 247587355
5353 72710763
12240 92750681
17281 67035499
20014 992054822
1934 203495118
21496 726702626
33404 308026219
12694 513597554
24422 74790758
5974 565244624
30652 797525056
21491 109989131
28386 410705209
29506 720605308
570 120423610
20524 241184803
19097 955925118
29138 151103753
77 382989687
10688 495543227
4660 827196146
29583 798150628
7536 902667958
30250 351441230
22905 221389151
23405 597820902
2869 412920995
24567 691449563
4299 27828273
10912 686020230
27872 96928808
1998 81517887
20880 727273513
19211 764905887
24357 901136750
31097 314572728
5208 270220361
1996 917584209
24761 972054321
31046 881108387
8092 524600514
27323 330233730
6002 424356510
23591 820573229
9838 80049612
13819 153101429
5746 655277907
28475 760258610
17028 629183568
10207 601565539
2866 468431443
3052 624495180
20266 217872665
3345 324716330
1969 685023101
7359 803611916
12904 599757949
27134 889973864
33439 936425687
32663 944300494
33423 61388787
21528 671022211
16876 229756249
18219 911577432
17947 212086947
14560 468902814
2496 725561079
20938 838369822
34776 635920910
5639 168242537
28290 295947866
33663 944270303
29623 47854194
3176 95742247
979 230205501
15430 315058450
18432 715956924
10485 196732588
27541 231597447
2206 135281643
23802 263389847
13039 14628403
22104 662402727
18495 228111363
26142 374476676
10264 127116501
15492 828192469
3458 179960894
23531 289261059
4065 120667730
3180 321166833
5300 714472607
21763 282655896
17884 239566761
23763 672739923
6750 700284775
27408 598344417
24131 311677180
1297 302996070
6905 144998849
17572 183004015
23328 711405055
6450 106800238
12435 484699467
27883 18354312
23543 493625918
30277 610465580
28637 610347936
13015 153180137
10757 853261427
16955 124808443
799 958433706
8535 43665054
5613 917462684
21879 517732471
26050 535060071
20626 537952406
31313 751841272
29047 570602549
12458 26984629
1733 885640260
34642 831185083
23868 647989195
19964 517646034
6361 171555412
28081 236818067
19386 821708468
12071 894456432
33469 921341117
17951 486901981
26440 324242184
14046 737219563
3342 853901401
25423 571001138
24706 212927339
18477 662323101
31724 265516656
24626 373682687
8783 296308789
18630 882388619
17218 334680455
5962 395613518
17765 62773100
25860 571425660
6521 972489676
12509 288608462
34730 619067826
30820 830171299
20183 984070584
4085 157564615
2371 748949662
20125 255206710
5303 198339114
12452 753279175
26863 186410211
11632 618710200
4465 235675890
24731 346989164
30152 692384511
14347 414794796
15709 839258311
11536 419373540
17141 658550209
11946 105625030
32901 569923396
21472 610938308
9251 92171926
26383 771135133
5682 233601473
11280 227449869
4275 232870491
21640 575061485
10329 812085793
21141 711857267
24570 855216592
778 548774500
34202 101222325
17046 362359208
33491 463666917
17993 381715204
27792 225568522
21219 426122783
21104 306814927
14872 126780739
24780 799777375
23079 126277650
19199 452702015
11919 289769038
5586 952036781
6976 977868282
27338 135561583
33428 994885121
7406 720204940
32819 887823819
27726 697455438
25205 308720061
32854 695653539
25524 231666780
21078 947592596
4874 672840500
7734 813033563
22220 620984571
24279 804368273
24461 916004847
14148 402354742
1742 626507466
15257 839239316
20876 481021985
18141 119413475
1585 764814260
32225 750398783
20239 739841199
26288 402505990
30769 942287386
2940 261153420
250 44817854
4518 250131217
2266 955620283
23456 612191014
27272 375107850
31182 83008201
10917 526820164
24993 275999538
20309 205665563
4574 801269477
13031 372133907
28983 182977093
9982 955732772
28605 307147134
32691 749065347
29491 541650035
27478 740249455
26238 912441943
10658 863338619
24505 520832614
4075 918604483
17276 472395119
29107 976575046
19714 747321737
13200 413728565
34471 661918989
26715 439399511
7986 554025461
18935 923272330
29605 400831358
1679 968540673
2454 725409398
33189 689035916
19380 338050999
19862 311702351
33636 229781220
38 264228348
22270 987406148
11019 440421508
19524 505574836
22084 19583859
5445 764921466
3547 365916914
17818 70678966
5818 429232989
17566 41853361
28841 465470590
18488 557266314
15083 673986887
15831 65935107
27665 791767009
34883 80873840
365 887346642
28648 89901093
10585 729387191
22200 335715426
8117 820817305
21180 709391379
27868 576120703
32864 311623131
3539 993164430
12081 143428676
20997 262833101
237 711521128
17109 579996712
34878 706170793
31874 363539669
6088 331276728
3576 700211890
11839 208809872
571 148085762
6817 591293950
6238 681957833
17667 876016796
24440 139517717
16466 785707918
20567 557661
26381 450005512
22343 971012581
10271 940889687
8638 335346541
20303 799626699
11814 603289493
20192 795706481
20275 792804267
21950 229088023
6593 605867241
11122 494644075
2325 519962465
23780 566977616
27416 641980512
26902 159574035
11678 247120017
23688 11992461
24531 288432206
28543 442870309
16148 635617585
39 682531984
13009 950907302
4656 185170348
8487 259868985
34320 193101507
18122 750221965
13805 525575178
2964 835636796
33808 776511593
6452 603274571
31594 324670896
34607 595017383
12474 932549745
28596 812911262
4068 578414760
57 743264945
23958 308889258
7618 700705905
10533 489947355
7557 692900781
30851 801924435
22690 36626874
6878 77276655
26856 420434070
8650 175295638
4034 134243818
34393 681091890
3223 739175265
28055 441578972
30829 615475605
32446 490813934
2644 105874563
20775 167811591
19088 365485223
31272 339347487
12926 256098259
6737 659240184
16693 710249210
20354 340922475
26929 186177879
21832 953584116
27820 910819227
4433 457622922
14909 256818352
3274 56198451
30606 238506880
29315 625957417
11039 739276099
5683 565082832
23576 464621777
15776 158361924
34312 161181771
6749 174031574
31590 450219627
29210 418529270
23682 609856977
17859 486683781
2969 854730446
24263 609966126
13467 644545061
13341 388783673
1305 559186227
34860 87671096
27785 654664964
11293 778431158
11282 6891923
31721 303396910
3987 499013300
31329 214320421
17693 408070765
29670 519665092
7304 677132848
11337 857581340
6206 92583542
18611 499173990
30876 944799573
29010 19125634
16275 602514305
24992 325019251
12029 574027114
18055 981895311
10629 852610212
32539 12926637
26422 522388633
25655 325047177
29036 544134543
4745 473199240
31409 29729777
29717 743434469
26576 671861224
25368 555410842
31758 12834610
18171 784699878
15022 207392755
23109 795391654
18913 147470193
31081 442732210
3202 897989868
7981 374817043
11327 931222556
1852 849067253
23845 435763220
5256 607103852
21070 937032568
26725 580461697
8511 567672917
32984 449400604
15178 406673702
31244 724110767
25236 239475885
12899 396496787
34236 187467413
13437 51175358
5544 878919867
13812 661921839
1046 723156928
25517 832896496
18723 697581100
13233 738001887
27449 610770897
11577 242595247
31303 359029684
2783 157849642
34183 965731223
31561 884441844
28570 158360678
7928 952239247
24694 578690749
34447 26588343
20101 29449337
4951 549137276
29711 920655665
24832 693231508
6488 754368986
6969 234569601
28077 575323551
11899 455376837
2441 360478266
24188 247715685
7077 699438538
3963 316641871
814 402159188
12982 372690229
18949 909697069
33983 327200993
25342 889677439
32523 435329552
8457 227933070
11833 805059791
18635 560173112
680 922091066
6835 112316918
33739 31853762
18240 366627461
7527 448549507
30483 79423346
1078 46963664
254 817548833
15463 45494882
5892 348428814
12293 244926517
34756 76478060
32651 349999789
25215 661838946
29495 613862880
23411 849970695
19449 383709414
7274 130446931
1323 747751359
21075 207345882
22446 203908043
18760 52202793
27844 727403424
34527 510800642
8996 804148819
7548 239534310
9470 548367001
23779 990586092
5386 939901571
24012 607268071
27139 418557975
600 137717434
4549 20992537
17375 275717571
11869 979795330
18565 532749827
23701 813117291
5038 987933514
20433 501484567
26928 884864325
32519 717496824
3940 351072144
21076 473789483
32975 380598376
19336 97818099
23829 367035569
19621 769359753
9868 424554834
31251 375742765
32593 665344996
26012 579487894
33532 830729399
300 434566560
8879 936595756
21139 784042985
30422 382471812
6894 211897051
24616 902066527
14337 313478812
10579 458666181
20456 525744996
12054 587511108
52 827816939
2113 340623171
34014 16800114
545 17402796
5740 199686409
32990 711118016
6637 95523217
4128 726854985
3939 837714026
22185 505255751
29806 549318215
10060 668804147
3045 749522022
30308 918718375
19329 307985023
7953 67782320
27756 94509358
17437 12119439
22115 228228166
9852 412993889
5266 667816836
17110 418842169
18517 795626596
6723 593487552
8855 484655310
23796 823726172
29314 4197019
32452 385855883
7221 120946250
25625 339432587
8773 627861650
6028 632037927
33252 908453625
30423 336672699
30287 573888256
15764 927090849
31229 710249582
33872 70321995
31918 731223941
15425 91547267
16774 778773433
21858 77450542
8227 751351531
27131 560598472
23069 954140911
23084 945175949
30901 97601909
16412 83874967
11697 840315643
11047 911002024
11245 40665339
23709 98500005
22194 229443337
33957 552254159
34685 464786858
14405 791799252
4201 317794384
17861 816345187
20907 801909935
31760 45477048
25808 154896751
17590 99981820
5886 976737016
21752 976991462
14245 466055201
32286 306336586
26548 473510931
31124 551306457
13679 116072066
9923 299339351
18986 675861594
22811 58107058
31566 837456340
15863 374257720
5261 725013907
4281 11761086
5950 743838486
26264 771112174
20823 700966663
211 927188604
9496 727081115
3915 502128155
6302 914748434
18029 220326520
32644 271777826
30248 404725791
28585 531821906
20851 625749901
23635 682148013
32308 717488134
5767 191812069
18804 319910607
32783 807680158
3574 936947688
3773 29750688
9805 386667730
3379 446541820
19541 529275091
21962 644628914
24655 701218385
31588 539085866
25531 505412937
17838 439683968
12930 933442181
2588 966453196
33325 338697788
29958 142517601
8340 781745405
15519 606990689
28428 909574199
7817 263236632
26266 373895762
10677 618519538
14106 984449484
30623 353741322
30796 526906961
1213 504339892
6692 922555078
17428 777179817
9509 229803989
21940 691132248
25185 14202682
6626 967216412
14958 132353030
27512 205497752
22392 917395103
18531 526918991
32491 242365366
22966 800117259
22841 646243608
26919 474099071
17464 539230132
12693 871899575
17053 392761463
25407 870901221
5791 162045688
22102 675903862
513 673540665
20621 137438096
7962 674515484
26958 658655196
20679 238951978
12860 256205849
33472 79218495
18506 882770675
21538 866137222
23839 83583914
23981 838339874
18301 936988827
25981 290325397
25878 8051005
25107 163283663
10823 964254445
27992 3795237
7241 714428072
31521 947409591
8733 910115327
7409 655234038
9310 862500219
9260 243416494
33563 249291550
8300 623659087
11694 446323532
33999 786815900
2831 375068596
30479 219394408
13392 304201462
5210 506702042
5293 915902258
25317 601574104
15250 415487900
6549 585644154
8872 138898711
30528 871100696
792 740101143
1444 747545455
20249 919326143
26212 149382363
8006 761601907
2685 436615117
17366 152099433
13050 237266913
7799 667400038
9983 56461961
9764 69980922
25564 155480267
7499 784514610
10239 699348753
1117 874072609
27707 249745419
12199 371459898
6740 641357955
6433 589718467
4997 249789387
10501 725486968
34633 913231682
7766 892203791
22962 106448577
25435 235799013
4526 280334656
15600 806908664
17112 452134026
28493 922870795
4058 776818473
2629 836534794
29211 983226166
12161 667935404
33740 964605392
24593 468099636
12330 132022581
5717 640743296
28511 377695581
22377 389774194
30350 554305404
24069 479265671
17804 802625739
32613 64979709
6232 47437261
12962 584151963
29972 758390765
3715 148978297
23459 180087082
24775 967906431
970 154204830
14852 378252663
13941 106049768
19363 912309580
293 679963674
29079 566611385
20099 400519114
11540 299554519
18989 720250785
26330 97021461
20533 600391741
519 595289071
27941 670453956
19288 674827926
14293 660640478
8355 285699187
14605 734482022
6434 253363795
29215 778755722
5160 389692142
23903 404067973
12059 5773380
20026 714341627
20504 616081369
24540 546206855
889 202237316
30580 533092708
22891 578189346
4532 497400065
1137 494955446
1606 434023183
19451 223690382
18729 854389485
26559 14037469
26668 469459212
30115 893376689
14520 423877304
31922 33407293
13399 488872092
12566 832265258
33314 685501379
25797 17576051
11886 908787859
30301 733221998
4233 789011583
23370 104235564
5280 117277158
16847 518940723
7808 929848501
12598 468036626
17404 740795522
34168 102707247
26486 247223922
9065 372495281
8314 481116785
18073 515980486
20217 654716339
13062 381244243
30812 727603204
147 123108397
30523 289488767
25586 255551028
3095 374883526
34133 251834063
887 187668218
7473 144237984
199 757444844
3831 54435983
7751 310187392
28456 350125935
14522 82373205
8822 477477096
25329 823011888
20197 971479954
8514 573275542
21201 804728341
19130 277996509
33976 848766745
20977 485076167
32752 170870851
7774 552058897
25670 976942822
11055 905321530
11311 473698850
30 897688311
14243 177333993
31657 278973719
8852 597674540
5447 60835355
20604 506766545
3798 173670165
19949 302212791
21805 80277915
10151 315868012
21914 487251782
19700 895279833
18370 426142696
28347 366111159
11408 780823266
17729 240441494
8392 975051137
34408 985633093
7831 77354735
32780 121635435
30800 592888137
19004 822067862
15127 329809013
34445 879942061
33705 232876363
15362 492524988
33880 539103954
26748 465532533
31191 618044627
18245 897919485
1553 256357563
25113 970978277
22672 993216543
22420 966796158
29360 770005946
17642 899688062
6353 288432545
4637 591071859
7570 850913
17501 877306864
27034 34053769
34039 619098218
32863 698060223
21160 92197449
11100 398520943
22314 240501116
19153 737315097
29503 548883851
8702 817208821
14451 370365790
15659 869890175
2892 279427879
17235 861582786
31098 965770415
32538 148878657
16877 294669419
3569 961352767
20701 301554805
13666 335214664
25379 909277621
21672 911800394
20693 472694963
4340 633369001
14976 546794233
6196 357073288
3792 424637347
8589 921132133
1363 387410388
8942 354318180
697 374986273
172 863749898
13608 732028413
31492 716725060
15623 66315741
1658 324122657
10009 84927681
29666 692974330
3093 896422256
33215 214933552
23428 112173930
19057 438207389
8109 326070709
7478 48146382
2463 667415327
29377 305625622
9080 996447943
30066 334386956
11666 508677598
27429 576771852
17841 768511483
34887 920687005
5983 549593181
29252 633894241
3481 77303456
19698 400733557
19457 798087075
22168 795130988
2841 206546677
3263 271773381
26307 224067127
11719 528847290
10299 255917723
34660 318693331
29951 941172161
8846 904599336
34677 838796215
33265 35246994
20372 665477185
31180 167497614
26561 980033942
21779 936058633
20570 269705161
6251 804536986
3713 339982917
12793 795160312
30572 538249981
24430 752476741
34159 653694031
2815 51584985
6275 585696015
20452 239929478
12866 566471711
31600 2645659
34582 365583873
8894 438131795
22975 673713806
29665 41462811
10412 879830704
148 640204724
13597 626496458
16326 69517087
29831 685084206
31078 645792672
15426 890250394
21807 750404565
13645 315915580
9703 72269101
2493 175165989
30186 102425814
8559 199154900
26278 432502481
25534 28801030
2425 738362938
34934 848439327
30516 565323995
4318 468359386
2309 542141698
33191 382079914
21504 406161735
14834 459034330
26479 809999304
18806 415451446
16328 320731525
34919 803722354
28987 784950533
10133 74844298
33345 623657893
28798 987205320
10937 891342535
774 346873380
33553 295631009
31165 265574464
17128 854593718
23400 969497589
21494 978060707
13814 735274398
757 328756555
14088 973130758
6459 981767116
30671 946706811
6693 525918768
31896 746590910
34487 792235115
28672 792832513
3466 409990993
17635 667676388
8169 582066364
32806 595666174
29179 93530926
26279 347894247
15830 919090857
26077 37660105
19266 899037059
13465 728431493
25644 813572394
2580 152580455
9524 157552794
63 484077639
7717 181523682
8515 304792063
25268 650947297
12710 8731896
3613 285534930
31855 475409290
24054 387999766
5526 299116459
27780 3481401
32998 140584389
30264 170794496
6068 654363263
17928 388702607
900 21030225
26514 545619368
14303 589527604
33460 902955682
32718 159095640
2426 22580394
5527 331208173
5532 984372796
21876 702489611
4422 185607496
30389 803898842
10633 425236185
25390 580447247
1790 275290701
31394 651451552
16675 531226954
1642 984586984
27351 46809577
31556 342340281
20420 70652960
33229 581251355
22338 62365614
13944 771113822
17732 869589257
25051 507696616
28962 792966730
23680 419422890
26260 376475497
17401 944007008
2252 377101128
14587 647373006
3485 956578368
17533 20697229
2913 269204535
16860 192842038
9067 627825645
13688 178341670
6334 504994485
25611 66650149
23395 649723102
19717 616515465
13869 746220758
12106 79180902
20982 424728236
32808 567210857
14170 879708635
23433 326596497
25951 513606687
18695 291516166
5008 699319527
16791 970738007
11589 197777359
760 305237927
11184 496357348
12773 54893860
22409 403364749
25553 218008272
15799 492849713
10175 539069856
6430 897357346
17557 47304058
24507 225000508
33741 776682689
19114 760965729
11643 423329290
27055 193153426
16025 708138424
10578 108917867
11562 276074683
16022 570514100
4971 316132107
31357 684839765
6407 554418381
6001 488895652
5984 979194203
28130 444882673
21413 651396548
31631 907801726
13149 72998993
24010 228208679
11803 639801388
4727 314246077
477 906201674
6776 705231447
18942 807801054
9203 670405295
875 529677138
34536 979550418
27420 821050451
7244 994089469
16863 165998598
2541 537126944
18116 528088682
15700 227747783
5086 825871006
33038 294778282
25577 675936310
18350 215520071
23721 604856985
34191 650054044
19558 72829291
26261 747453697
26081 313211396
1707 690978524
20619 426134045
472 685961177
31538 511259802
26106 626403384
3527 518912914
25784 9928397
29407 404887390
9315 192815370
5481 860178808
10679 783317168
8507 148835136
18198 21345821
20924 662349476
6553 924260030
4930 448071726
14523 100129999
33883 382768465
30793 540341604
30702 751689108
33609 717042852
24888 347041895
30764 916257264
26220 556619304
23921 792974143
14477 596667691
26189 998746432
8830 911491268
17676 300892062
6249 252104101
8806 769828848
28529 680708877
25020 861757181
7649 87628616
24041 662316336
9694 131886010
13740 848970429
27236 300996312
7554 35195622
33850 580681756
32763 6269080
21258 655320500
2880 532265389
5745 953061072
34980 36729824
31234 735559732
29802 241157783
19619 638959623
2819 71157160
26350 106326819
6664 553831381
32617 197586718
12477 78039474
16135 601237721
31421 919230971
10494 949619000
16012 65082220
7968 697410712
32642 132010425
18747 19436836
3690 380646372
4977 52126426
30232 625331036
24005 439390108
22752 26893172
4786 507568990
3261 787976120
15591 986652978
31917 350435658
8072 572657720
21094 152212791
4386 617335529
23285 729553980
30435 561721630
7858 431509552
3868 830932570
12364 467658611
23313 270544283
28129 366188783
6565 510280088
22083 347749231
7508 93198872
13546 667072932
31074 144852814
2481 898874623
24169 822297540
28747 555146354
3196 26325731
4522 974394725
32223 212088769
32898 338782856
31490 784721752
19109 739621450
26658 724659097
12639 267819405
32046 877327436
20457 174414556
2604 974468182
31564 983328044
9236 392508828
26272 998074762
24086 617174562
32931 148937610
26541 472073221
32070 862316453
11996 426244405
34293 658556638
25401 389491463
20932 139255015
23529 250384144
22960 876191617
17597 991712245
19519 430357401
10539 587077856
25017 408037495
10663 673944542
6307 355433003
10316 280605601
463 562174706
24713 903750926
17004 894672430
12624 754432199
12606 634177800
26319 496672267
34178 893966404
26950 983058824
34449 68598910
7659 455213254
8095 700522866
18555 305269217
502 849785964
18011 942734714
34476 842301471
33897 308589446
20542 276228907
23776 304779960
27495 277161403
23587 78663488
32306 904606446
19914 799677560
7684 709575856
31941 639133479
11527 709608649
21497 179122512
13447 137154863
9090 385430225
19589 440338629
23954 648853512
16282 465176283
7706 77681545
14122 728165862
31259 222328911
16272 870030072
9041 294945901
20219 122290487
18064 94551361
18374 747191813
17247 304320426
1353 401695404
30687 264852769
34952 925344633
17965 655279442
13487 64134342
156 920940079
34297 943283544
31953 75998104
6546 132964152
5959 204855990
25297 137378120
8701 864316645
13943 306142436
10730 514324300
16503 127865552
29303 797642794
32165 726826468
7967 566053118
19468 656566687
30351 356508952
14856 848187420
5648 821000833
5823 910726782
3222 44087333
28885 658924317
14361 362073743
30319 202635570
21713 679874625
21327 315219416
19981 98995262
10981 15178393
34104 462943800
4996 167363361
14961 823460654
9443 735829901
21801 693435405
7502 348569573
5112 205241885
14824 169487486
9552 977101528
15402 137535381
16778 900101891
4313 269243246
21109 107495181
14416 640928269
13530 744570547
4102 108223631
433 848938879
27947 420654466
33757 937561416
11775 305678166
24509 103237810
31813 986025654
8202 558050498
423 156437343
8868 784906076
31015 556202700
1640 220598552
730 284896195
23239 69782076
22731 221166690
34508 195360320
23799 30671651
8470 400496640
3417 294811820
15049 238945470
27215 148772799
25856 955972147
16454 353628075
16397 350621177
25117 468319022
11349 340707385
16062 468924179
14705 625117681
28647 110935145
8790 588399851
16632 448687798
3972 712625295
22360 216362637
32922 497968295
13690 596184594
12983 522821521
26757 696047207
24501 889327459
27459 670754926
4779 576492634
9686 298239177
12061 500445841
18968 722462065
24229 391881973
3044 732738017
10224 572481160
5113 762378541
10152 813187916
15548 391767137
27361 776236692
30108 982919071
14150 871707947
27160 396593378
6311 22136903
18279 67729189
22551 564170250
10599 577132434
33097 975919996
23332 874917831
20051 383767243
29823 394634187
18925 845055727
21823 953539
14678 292832468
11567 725484753
12552 745831156
12856 681504962
22847 940981443
32659 832272954
12888 291108908
28669 881661843
6278 792322452
34434 235433676
5488 665836148
32244 239498836
30629 707201896
19260 676788877
8047 986625432
19245 692566847
27324 925679263
21984 584012312
27047 382789963
21864 860699097
30673 891955094
2394 599346154
3899 823366633
4903 962930979
22346 936925429
3780 392421608
3416 828686227
32293 837233302
26179 777463064
9522 649536889
24369 449992193
28218 218841794
30549 12402281
28488 85943675
16845 443614669
12290 210758745
26457 52635989
28821 430974133
8713 2470789
29629 946909836
25927 538055424
1513 221666545
1052 842709205
17335 833984490
2523 966608264
16104 414083361
34463 131885262
2728 42880450
1007 992421199
18329 97646461
21887 562475074
17465 155274397
32305 546734613
13388 821282374
25503 954755162
6177 210793824
11770 282450185
17363 140534890
8694 989781162
8586 193434257
18730 305725278
14521 608783503
18988 650222362
16950 52966078
27712 538990100
15848 139723136
34451 26772346
27384 802788965
10014 57187351
18039 309433023
22666 138919979
33603 134604589
1208 145919092
22705 886281716
109 575185700
5098 396135604
20323 314910496
2821 951446131
6126 618097423
31467 879654069
14439 830096222
14256 241194901
22850 485501220
2220 447141367
651 141762757
9035 3477298
15296 278016358
23053 654957576
20315 257892066
10318 627425522
23912 338729419
6277 65880864
12011 902162920
13639 268902721
3012 768940326
25353 268520774
22664 300656454
23579 987103343
12166 153895355
9515 198947521
7210 916474288
17935 808385219
33135 674168506
29959 313588621
9578 403756031
26472 836821532
16364 637941626
7821 244887345
34714 888782849
24068 102953920
27100 387563606
22230 902998303
7410 791053253
29762 762992146
8127 977547342
22790 11492849
26337 758133646
34929 82571481
19832 364766150
2898 434391095
30977 638103325
23106 446401940
16028 339747486
14125 750029635
14794 472044871
5446 707767543
16479 713625047
13855 985925786
30551 10838413
5082 486205681
33436 231771622
15535 421139594
5348 565162657
18934 799830808
12903 923181052
17079 972473035
14646 865899396
1370 595244560
4064 524331681
25397 581976213
3178 601222515
20194 685906914
21283 192723289
22626 911984778
6487 61146025
10211 170808112
32383 558495514
3450 378083699
12326 695930550
15814 330501626
17581 636563987
22700 827003922
18624 632533482
13991 91620481
8961 748941000
1164 372363996
14457 410814200
17418 969209420
16227 64960830
445 663652281
10413 704629101
31135 858162710
12715 167903820
23646 49978709
25922 852155723
15370 388082350
10545 506764397
13651 904799497
11696 136284785
14640 201721671
5878 235653651
27336 158181722
660 89002700
16194 657966097
34543 159954247
24213 498950568
10484 327810293
31136 170649551
12584 475497741
18276 510143814
6291 687486837
12502 586575691
24885 400197362
11364 674514269
23445 796900289
23067 929933858
22873 169338647
6029 68790722
3306 724086339
7416 766283490
3627 217363456
8957 488079545
20798 511857266
8129 605212023
22481 145174711
33123 973030342
18105 668046296
32107 429614812
33500 411063023
4616 136349533
7391 420941686
25399 353271475
302 213386388
10390 2095781
24592 934982984
2 693565241
10652 914197957
32307 132233965
30540 378784954
11973 64349366
1294 379277874
19565 528621348
24529 346253111
19530 765015465
33087 92635293
10848 394932910
3160 55418121
10897 507308003
12123 687278037
2721 152626949
16767 744599897
31672 108643244
5789 333720031
27263 802513277
31214 970305535
10881 579419704
23582 726496106
9652 146699717
27709 561552388
27502 29781194
33336 581926286
29700 491551156
8137 860105697
31591 424550633
14466 358689087
9048 782095788
34035 693106696
33156 647105301
16747 865401638
28199 857130475
15691 809211484
23822 619682733
14450 219854153
20280 761780440
18647 939757279
18148 712141977
13190 234297717
12252 491941342
28486 221646131
9452 614602243
29735 995229283
32987 949225083
9419 524823911
4270 591440004
31963 823432563
22631 127048897
16400 222308728
22299 334021830
34241 689514374
25801 869824780
8068 77557629
8577 61966464
5966 666242534
4724 503392293
25612 186971852
2963 560547990
23363 105998300
25289 712864351
1001 999003448
29885 898001564
28025 667522805
25384 471909680
13795 311119419
13933 425365571
24400 624552297
19543 108636052
4671 514346805
17010 649301273
9420 963268069
13177 588067183
21628 111451043
16505 919743684
4463 172264579
6940 245974316
13192 943833745
31260 888087775
18716 372466491
34213 799225923
9391 529313305
25990 391042628
10668 508706336
32475 821376694
34230 863769155
20554 875039950
27627 447533812
22071 916763974
22843 797152336
23181 960706650
16751 546796540
31881 214877106
12918 671406190
19829 770314201
17600 560812508
22984 71505799
7549 538800203
17700 923197566
5236 497132521
7370 463330772
25786 547281634
30074 540236342
20708 752935435
6677 230130771
34031 906226226
5505 440941899
9179 829992181
112 23626952
13931 128033867
29183 635822376
34962 311979076
20268 135200229
26900 180929343
29807 412190769
18157 530808800
26905 343934156
27193 88703471
28963 807972161
26107 898195099
13486 755693074
31952 674581318
33825 961567830
9216 602609554
33335 794390884
6437 484460057
8767 574146096
33611 26197330
24724 519206572
3248 311525809
675 676085862
21850 486285190
8980 959312288
11541 720618741
31032 944483305
27070 857743161
25352 699427921
15990 891004312
27275 568727793
21328 799299066
1777 963867215
4749 795355027
17334 483829257
7987 344230223
12595 101701095
25429 841009854
9801 427600321
21427 733364338
17262 934483815
32909 900505140
11845 954423321
1680 441392234
24911 395847390
24590 671042150
7563 318419479
31483 619153351
26795 734095057
27488 132780944
22405 827893019
18079 811662530
27542 874195547
34563 177761941
16930 50634014
2025 297557962
30141 938531026
13977 817826395
10353 923777946
28250 357680424
19140 319929557
304 6513594
23335 702982391
16274 271208170
22012 575841905
30842 756656153
7401 994700689
3505 440989293
446 559382292
20325 673197288
17300 940497968
11193 448625636
25776 542112416
7334 951667214
27333 982026570
14115 331906037
13549 106973041
21897 459462472
33516 998557142
13897 728028317
14142 798005259
5330 751729118
7794 969792460
22179 9139500
18659 689221356
25501 743514429
30303 89084421
7201 120708768
21878 23224877
4696 699545736
34669 176448499
20978 894443274
22287 404422395
12442 998367559
13187 282756073
33348 115447489
25343 863314996
30545 855678105
5396 840261049
9 959400086
24667 85717646
22193 319616975
15577 22644857
15948 362455991
2896 535044727
131 316523779
20002 435047505
19467 263753198
20616 291917071
12410 507633098
7107 258437712
21303 383305474
32731 323126459
25085 169475493
22564 182052948
25284 335681754
18454 830509922
11669 719377458
18632 692933333
4199 99912160
19464 684107137
3524 887053252
22206 118237371
34098 592477892
8416 98763674
15440 767969538
29934 815425443
9384 808525354
1451 268534314
758 432327364
33220 674404418
22824 179330067
23361 350220541
12092 644322233
1457 144911031
10772 781393262
26714 425827258
22789 67947687
9893 697050437
25749 876958410
2609 752843105
9125 841952289
17285 524717554
24060 677844450
10654 531519376
326 295500286
28732 840276394
17319 9434422
20722 961584715
17009 19807435
21545 447912433
31108 373174492
29125 555190959
6820 882020192
5316 21227874
3246 367007305
32836 320169479
3053 855822268
5940 168164326
25765 247232823
11451 308569080
20092 839783606
2806 855494595
7141 963488489
22779 46367001
6651 254989444
6470 668797726
21493 518362671
31367 285913403
8989 176712891
32299 77227463
17317 17468781
11613 994747984
4984 26928267
7977 16359813
448 532944132
15520 824136761
14060 926942736
15197 293717125
23176 563182345
22113 600377873
4964 269301820
3622 336735442
2110 153578484
32413 519366900
30061 854289256
7060 719888162
22596 312134929
25021 750163990
1799 406376276
14710 918581937
18856 451969541
14886 642286252
19 108997447
6507 417840860
13345 665522389
23242 888130617
20180 16867858
18415 906939874
32615 83391631
15610 424467637
27761 577343170
20624 116918320
32457 367224428
20639 953388962
6092 652631743
2562 657534942
29678 439509517
8745 420195311
26995 517096476
8837 716405759
2442 153825953
6305 35226274
18631 687872299
26667 26696379
25509 602448106
28589 275534099
7676 69612107
11708 182486444
27247 960628038
28668 733425299
33849 853812340
19450 118906395
1269 836496873
18980 790087346
30299 306228343
30124 785326020
25028 522837367
9517 33512685
26601 395653415
5157 88384714
20437 815461990
34896 691530003
8208 772768282
17553 461476695
34153 50545320
20071 206996285
20745 294750059
28750 661585145
29841 223160053
33154 348842114
19895 163187559
27447 709730545
779 189098053
1366 745540563
2698 655502156
34324 437403375
9204 732916568
2175 818808532
34091 509778761
22648 569025410
20334 750199671
20169 714568516
3091 111051687
29667 450442491
8805 887339899
14902 420693963
13468 848377939
31215 27389078
34239 745903365
10372 892387676
27144 448608423
31821 182320618
13232 137595345
10707 475232198
19107 970974840
413 197404532
17194 316056559
2068 810878022
9565 791683826
14866 70173653
19602 487135640
3586 463433323
105 554529216
7526 529801369
31186 119124860
23448 910445804
8904 103216117
13632 68835566
1601 23135405
8900 35771991
18405 707143670
5631 142712909
26070 526602116
18422 484236383
21518 79993961
1763 399736448
26531 541652167
34893 147256139
10608 189312912
9727 683460855
10468 549342047
17802 367342259
19145 553642058
21710 669592536
2554 591953711
15462 570626999
22274 986643471
17781 972121648
4361 757195043
34832 667088238
1442 768432033
14371 981765174
28305 9596120
3521 667822092
18948 886139370
19722 676678749
2121 679624213
19342 70982439
6615 524728703
24922 842895401
9302 781946873
14265 285850836
17386 774150496
15110 946504966
4036 807761427
31478 537052235
24136 373004630
29522 189358492
30583 681862428
18698 635862997
28527 444682163
16619 153804760
15170 307796075
4925 525833033
21768 717605864
10922 496052766
10454 542303125
10684 205596770
14801 110408968
31854 770841225
20399 490206428
23836 150141432
26339 471617803
4788 985823344
7955 416883912
15841 487630101
9194 464810806
30522 962067893
25322 978678098
9254 846264045
21764 437651230
14490 448871797
24557 177285563
3211 562970569
29467 935124741
17314 715647684
18993 54446395
6603 632264942
19818 2711710
4190 291962413
10255 844379296
3720 987655377
7214 282342372
24767 19538642
19559 730033981
5310 247196517
15348 281405854
4054 23749311
12847 82895220
14809 77929924
9019 249355675
2210 428043387
13117 710862376
14776 763631477
28245 182596169
32869 457833382
30371 807506985
1851 743010857
14914 550770895
24128 557792240
19958 33502443
27045 806444072
33444 652070317
8213 863547931
14213 347887922
1906 618739351
33171 47222394
30922 735859827
5340 714403048
13085 843867039
5308 875804084
24574 493783744
29978 935363389
1765 497704504
15925 17564315
5252 659067513
15314 745860057
6588 977230511
883 739843652
12916 682443740
22635 733050209
17295 59631303
15104 840414102
7405 822804369
26710 647653162
33846 512114372
2051 888361119
11330 384613148
9502 893065819
31994 610734346
7271 899251154
31624 101078206
12750 254229699
536 222156507
8121 516902060
13525 556919135
533 61026357
17991 897717461
25307 914617754
22440 899475571
30290 398804186
22680 388689278
31806 510144265
31438 609484566
29821 199107519
21925 305598320
11107 972942312
13241 268552119
2265 354276039
20739 339198040
3143 30468188
4784 881190241
28125 847074535
17695 882955232
25695 309850406
17624 869010808
29056 226809287
17349 814952854
33373 355984061
22840 282505740
5843 154419724
473 580226671
13544 14794512
16129 638694828
25578 894548671
15901 767433272
7386 635122423
28816 227050456
32816 183422804
2134 414728213
23620 119669158
33970 520892068
4904 542928424
23637 726046851
32461 73208899
21488 197899102
20438 340467872
11463 143970258
26121 488097681
12271 359563274
5942 972127136
4284 484267780
27723 397954232
25739 543050681
13356 363981876
259 898267635
22280 123965808
8083 831036894
6822 784662096
26434 22304897
14973 786036712
7013 776033842
11631 969971243
15796 839469582
31383 864157392
29833 666719484
15132 596208827
12677 685778161
2374 365584671
3526 564965899
8883 561216630
26512 711319271
2793 211070694
34403 628709220
26003 253512551
24165 535004717
34667 895906520
8867 44636318
8445 794047524
28994 662448858
20378 775291751
18956 603938292
33334 195077232
13953 453528070
22804 777808695
5634 300682886
27969 944500092
29501 147420022
24253 573243611
7089 244165469
34326 473554958
4948 264804152
11011 390558848
8991 894500817
1968 867333054
1916 197184937
33968 664028105
14760 283705372
9089 165872090
11529 785375686
14095 130544966
27407 167701359
27800 15684640
15468 521936154
19774 474864632
30809 903109615
8133 335905001
21986 196169917
27732 505074320
26234 845895276
20914 208232668
428 779546906
9683 703478136
1318 434342155
27080 738915319
7802 12475656
29002 267831004
26180 235294276
15626 653455946
34248 6313751
25504 371675611
20854 541893852
8604 180124139
3993 151276934
34767 131274091
19878 659994961
16556 680688451
12191 665257366
25226 941559562
5820 516169166
10342 259402664
18456 963542873
30498 549272570
13718 488845034
16075 251443398
9779 213343997
6906 192444581
12852 218054050
4666 532662837
31464 535911452
27192 15691667
5573 568526822
15576 705796916
7148 332308284
11389 318782236
8324 706900077
17325 870652176
2316 40223667
19894 96756024
876 469706404
978 786739540
8678 383067897
18888 54441766
5931 49498588
36 245463223
27880 459360295
14415 818466340
32043 577142293
29997 414671091
9154 26805537
16529 311654894
8660 16172733
28066 866561465
33604 997758321
21034 343991650
7846 39302164
7449 888585531
29552 698701078
59 424729741
8828 495193554
6380 302670212
25345 826523040
987 753962249
16233 273735861
1277 120840157
12320 258658040
20474 693887945
31424 182766670
32744 288085942
33383 159420966
12445 530004311
9614 666758770
30825 700274847
15648 803979538
4792 552579960
8648 395904865
28598 473368079
6676 299637682
4461 126844624
14637 403558638
10892 703451460
628 150414515
16732 508509204
15361 521745034
18789 80896771
29216 811529257
3075 150815562
14013 715265677
19348 68943041
11167 139724296
21786 151939809
27146 968531619
11737 264340302
18696 531954196
23303 767753445
19019 969629490
17429 720378255
17117 319312937
22581 992727645
14074 868501717
25392 384737664
5107 629232989
19081 25166388
31099 954671371
9076 925934153
31134 418627364
23394 410127402
27005 603666335
29429 696112285
32954 483182923
33298 859755324
20843 939995729
6153 180933719
25404 110431344
16811 349548539
30314 744002981
27914 855547651
7551 346628325
4183 576328931
20852 170526312
14979 931888880
17187 902273451
13434 513003134
6995 417351026
20617 699656811
2592 607415204
12381 86432140
5784 165316385
29151 376026185
32894 370722087
6901 273602787
24428 421787386
19335 593353827
3271 349498514
25707 982434412
19283 836134844
20655 214203629
8460 5305179
16029 592352998
24951 654911099
23551 22571699
20243 462705305
33028 123203965
20928 670911909
20757 893914014
23700 918584953
15947 546778117
32536 624892600
22439 467811201
3463 414177906
30445 104711389
19841 823382114
15772 759785878
27009 20522114
8130 57118508
23117 799597696
32921 585095088
15536 706547866
3129 718560554
33427 652081759
30316 457042308
15717 143270708
25287 130019813
31936 761690240
10445 650573695
21231 421561515
15959 175801645
21281 426958839
14470 441510231
34975 286830378
33045 743826070
14314 987970420
18922 362737663
12923 120917920
19544 506315204
2515 56219446
12017 882582225
24243 859671121
14312 285132131
29378 481549450
16729 147043681
15657 431030601
10414 117615846
6763 325987174
17938 387054358
8476 674999275
1440 24760781
12749 32084253
32393 571091140
33629 131019353
25898 31650200
30214 73773839
13174 669458437
14335 805763799
15434 465738178
20036 432389304
27529 20941577
20259 332966344
13092 728423058
26663 244142768
30703 612849528
29067 31789630
15122 704330867
30032 758542644
30724 505547401
18347 401702113
22365 399574001
9416 682917672
4625 589675741
2828 674417014
25984 213842242
34731 171218253
30486 549616174
34806 162316750
23377 5915624
33845 626127690
20951 785091892
31705 556632659
14409 403938062
11064 625772244
20187 648239714
2476 371083017
6534 719316640
18770 333711032
25502 242848441
27630 493877117
18870 327603558
13298 567678614
20797 827590835
26364 797049213
32371 659892162
4228 595209257
28141 391561803
28709 550890041
85 67509139
33397 302805746
27456 785324675
5273 954659396
11310 823359833
4410 124497165
27611 949298476
21442 47981459
10210 977814866
12265 354605832
311 323292696
10423 657350690
32159 96239758
34250 235725592
5013 244124639
18890 138777669
11597 140179702
17615 632028644
6848 297274585
26703 617470904
26267 82117061
2108 353587808
19319 312519208
12194 264733844
16508 237302256
16684 235746316
28177 582635066
31752 223113827
10330 307434716
3103 171198806
16683 340778386
2894 337761202
8279 723750766
11110 421380270
30360 594736994
32255 852409140
28653 729378928
32093 693609679
2862 928909324
23876 134439948
34005 161043261
32825 789489675
6274 445459339
30132 697968025
13374 207338977
23002 742392535
20350 449642635
34424 930119487
13076 5675584
14406 344954267
26537 117157455
11153 374487446
16658 655694635
32037 505572378
465 45924478
26946 102273466
4778 598980290
15888 670189294
26787 68562125
28783 483449282
29342 403055156
17604 780809947
184 685406747
10932 954987013
7006 810707736
20760 916673414
30887 373368520
28188 993155717
8269 335827217
29128 232632442
6541 417602486
14491 434390026
34795 558578248
32914 800029007
9055 586611255
17092 753209984
27752 782309830
34752 660148932
5702 516058453
19331 419008596
3974 150580693
27666 895614777
11793 873671439
13478 237518195
29772 250085006
12460 466113058
20115 791923674
3749 777662458
6103 349480971
13337 26823130
11085 211544827
32141 959944870
10209 975351135
19693 494153995
10420 483496674
15448 781954492
7642 577716765
32467 436412266
17741 30311175
29058 905090990
1713 172362789
3760 314161405
15783 421173095
30788 791882288
10170 19296427
4515 993248840
34520 500848351
15526 779251320
11521 251331691
3845 276315992
6530 888073940
29713 851168859
17509 939538418
8549 818557696
24470 893226839
23193 551495038
26674 294005734
22461 713927331
10272 70703279
33648 849769521
3767 50656512
2810 660320084
6577 961045785
11027 508950580
29376 416153839
9082 991826117
27544 526715797
13316 574601863
14797 70520381
20414 976761756
20038 922693898
7532 211850557
18462 320588064
28749 451699190
26014 200352143
21829 175229769
26776 75814054
23947 997112051
34657 93957479
16831 976400714
2450 514431863
7437 55585749
34330 744041805
29534 404240984
13523 449372912
3895 975304364
12346 479553754
6417 501419213
6539 17120132
3392 239199063
25686 573164177
7643 594568816
18036 848028759
32826 409367721
28172 487372471
9822 138501820
8054 416216234
15320 792348382
31364 916782083
13248 818877540
10129 437514647
24915 904002967
24163 477855767
32683 649322196
23135 230618102
12993 481383329
23592 25926126
5736 993467155
30603 17614377
25156 464042250
13570 972640419
725 226993325
3989 346074493
1029 14722089
4579 890993170
9319 180313207
6818 391367612
26170 478777946
7331 750452634
575 739477203
34273 587475624
8905 965380003
23471 215681765
17683 401763952
16475 931453521
33901 828849973
28438 350727788
8998 72398114
14728 768890200
32084 937399146
24224 178935663
627 785209463
26953 657882428
33907 222452461
7951 274757477
8835 291088648
526 951986654
14341 144997048
263 189547166
19974 281591844
417 727769479
19516 245938376
31219 736379537
24478 366446519
17270 133480344
31011 824332522
2104 55457544
3462 543095772
34097 83352498
31415 76500820
11492 158739439
22020 66028054
5869 988005365
10502 252700216
19728 548432328
23650 122930247
17554 775868036
1200 187613936
27858 236079604
27422 249572193
26232 338463879
6988 37803553
16792 735962546
14867 291481548
10149 236070118
26270 337257546
33392 263293612
5960 682942079
29869 584184789
24821 603766961
28171 199937405
21785 55276701
6524 761860893
16586 348636552
31423 792177974
19002 828569957
17592 122769895
20412 160236526
4929 434813403
11402 25347487
29871 66167074
5494 275256603
17129 171897266
3938 302253055
14972 52724888
34547 414233291
13259 950990973
17074 150540243
14609 138132008
3472 147649359
20424 386518104
25867 239484645
25780 115818667
453 62416134
621 483237293
34077 888719940
32633 409516403
12216 488415033
18048 837099969
13246 585074377
23678 209214242
12530 615988693
6210 229548966
22010 814278504
25225 428592832
24649 794826966
1433 970704853
22916 269806350
29261 402672854
935 324836280
5671 18778888
28196 110084142
7678 500288379
8731 857489601
29065 132483111
3298 605515702
15270 389618003
19703 885113912
18019 114186901
34558 90501149
5722 706481649
22098 185116743
19849 377822477
30722 341709144
14481 388619174
21717 794666145
12246 406828754
20205 800621500
14267 827080453
4731 634722739
4236 205878183
24078 270122613
28694 859623316
30840 189193002
13463 455816243
34734 745455610
13053 918878096
1905 750571257
12149 333565754
3441 634719606
34079 821937939
24784 336004881
29580 870463082
26883 55887225
24634 711462080
24282 295268036
22349 712655879
12068 352193248
32738 294125647
23768 464603936
31701 186079887
2366 395934107
22826 486776740
260 711858426
20229 125791211
21667 788453047
33557 282500811
9790 18053568
15881 359444653
1501 523912720
9820 999315221
33996 86943879
33240 136758913
4533 938495763
30103 283649813
34325 785572343
33479 936678189
33614 7529755
14009 853339320
11393 320706544
12917 483856373
28429 224589857
29239 408938157
28522 649123280
19705 675139646
17922 713230266
6120 712576884
23453 971269264
20541 882572352
2664 910180108
1940 34638568
28978 54152795
32504 632159640
20207 707395547
9744 627061548
19993 839665651
14131 835673138
13359 363844987
11784 26688067
19227 982387822
20140 154807697
8337 445557577
2203 690275619
14247 390401391
273 363366287
13481 241300191
1465 485260244
2790 60353291
14780 73486982
17489 626497429
8245 137168084
25616 220716785
6771 95221145
27652 31011714
32628 104069420
24526 881449442
5138 631851155
24439 437769593
13566 622333133
29695 83518236
14978 191598683
24242 492638471
5175 52811173
312 914024838
1254 448879602
8115 582830976
27610 60724627
698 332424920
9638 332859211
14031 955172071
25389 624723595
18214 253777309
19092 805890671
15506 628181038
26749 896026218
1393 116252151
34319 244038356
28001 994832325
30085 555686079
3633 971358183
27105 427450263
27921 204039630
34343 188173330
10370 749511670
10913 433435826
34951 171484688
21099 681199514
5435 423150605
34207 929937737
13330 77971448
17423 77167316
25626 711767408
5533 97433722
19357 941403384
24719 714627436
20143 409929640
32082 182901038
11179 319690874
15960 556403333
24728 843990036
14484 474363336
7790 536288105
15326 996154970
25170 957788689
30913 252700817
24355 58806764
14769 570109175
32198 207762688
15219 340908512
16023 73725083
34983 824263793
9418 72033984
714 336495691
33253 49013209
18125 800451203
4306 168471030
6520 812261435
29178 90116300
5977 481057896
6781 773758637
29274 865196337
23951 152406470
28625 797611826
11967 927156801
22231 229730408
27062 849351087
25723 435765778
12692 485240420
25415 167684724
18368 449698947
22603 647931833
8408 776694864
31230 65289805
26740 354996080
16986 307548715
7941 225262468
8765 867089046
24149 625799248
16404 692844620
12421 937099071
31931 718729362
14923 541615657
21978 789611068
12004 962565077
28887 796183785
13808 862878280
6366 962164980
5629 872922985
25063 496627777
24047 678852701
18554 364971648
9511 441930710
30244 99927886
1487 610632516
33639 51126854
4187 39785607
34187 656756564
2169 997023692
18323 179386008
27063 822783600
7725 394794897
14990 820253657
9938 799029672
27462 855353378
11999 204646221
11111 905886148
7590 342509997
8940 992250290
17964 665355350
3270 472589411
12219 694737763
9107 32719171
16654 881149994
11563 611115996
752 66950397
19066 60912030
509 428090757
27101 498333706
20558 755807569
4106 407175258
23058 566991498
34600 497028633
14583 695728426
19599 970786300
8517 771563775
30996 7576206
2024 742713310
4963 391058048
14332 282322003
485 855509918
27350 845972053
15923 578724579
4232 765334141
33047 356693262
11819 881943223
33431 708642226
7379 917481112
17033 196207335
33043 520645011
257 638496662
21642 463362255
1371 867298601
19168 710409184
32585 280337307
11605 595534868
33694 934840633
32897 582274765
18927 218821385
31926 365801563
18341 517045785
29822 603570737
20191 386780385
11490 34866787
7283 713014786
7825 594317869
3995 810459568
9545 149626916
10791 13343322
25261 447507997
12498 199018557
32561 63438740
18476 304436859
6142 666339499
7364 588599488
25714 333022342
13313 319950860
24383 730045949
2375 525591461
9876 927987769
13580 94896690
9679 150364011
29325 678147142
18300 794257422
32797 478733891
14727 983241317
6794 791620696
189 453151816
28775 294155173
15918 989673950
29942 567337002
18757 248795414
32348 350710128
23957 774457614
23764 655016986
14660 100711287
3161 96981168
6325 198066628
9342 868292520
2486 160211857
12697 185025197
26585 11974845
14099 508043820
18508 310418183
22428 22316340
33422 232721034
8017 742151058
18689 141710421
20713 69649898
19008 130546697
2568 379945921
5257 362125541
5497 910949763
7261 44571416
25413 286207549
13743 626138825
20929 638714822
15911 915969087
14877 915561087
29908 625714835
33080 409879249
21029 25357038
34742 22161071
32906 914494870
3435 463737253
34814 304474896
23729 931966833
6365 918775770
33052 817572625
2773 927062251
19656 406111688
623 114767213
19274 859853155
16761 384882957
19586 966644232
19405 28802622
31189 296868949
22679 55481056
22512 294780652
16376 356352086
4400 363464767
33768 804972463
23636 823758047
18369 23013380
22389 938289563
22177 433179919
33083 236659383
17752 848808283
23418 917778684
5618 186995045
8139 805390409
6773 548053416
27908 529063820
23515 646015499
25067 507612029
30878 877504644
34095 495819906
1520 636612908
11315 557398974
2585 537004453
18579 353596517
27575 630316740
220 915398737
3102 32324436
32777 936470588
20818 13977893
7039 229097566
15871 927001539
22235 790211663
20901 978606690
20861 342336279
32040 338558274
33059 117369395
17892 468337236
32339 790533317
31161 972926675
7222 917630631
12184 338658756
31751 466714150
7345 845180130
24248 986900613
2397 306663107
22175 381930105
12031 148528927
29279 800713385
24187 183401724
30090 65085667
122 391659523
34858 477863809
12234 348343332
12388 727251178
22167 576674123
28518 843154826
28285 533446049
16773 298584987
18077 287888286
25681 337647152
29490 910476117
29468 87052268
7601 450792150
27310 148530803
7254 215584290
26079 275618383
21859 334130451
13939 41922184
32730 635652324
9187 566867350
25285 664333019
18355 697072088
10753 853798997
10337 577378442
22920 21879221
27372 371577182
13676 190325119
27358 313366953
5050 318478822
29687 87091778
26633 178600309
18137 576866801
2681 778658414
2233 75545933
18115 421876009
25013 210348703
32135 211074426
33132 810582286
26952 695761853
7780 713791916
30932 310669355
20778 773284122
31665 8292111
13848 978042695
17331 467987233
21381 728581428
34071 499967619
11941 394823313
12830 197192816
7827 961740103
9708 487407383
14749 900077430
2695 625270534
29643 521194064
27291 2762387
16869 290619125
29249 638499090
12485 543030829
24444 737367095
22667 988164387
30941 982081107
27261 708732613
15570 626248101
11383 567553890
22180 552708325
32365 106963181
18916 46864016
27377 68603100
22677 633884965
34728 272783516
14146 916235446
8404 61128659
3976 511304306
34726 975433809
14590 984094438
31544 830351623
16114 681499736
28789 273627824
5898 332915155
32723 983311024
9512 29459209
19897 79225703
4753 467221151
13769 549056927
410 234147539
10619 72018650
8664 154014572
14657 344963185
28109 585684579
17601 964244601
19777 226138526
20736 893052845
9975 243383554
33687 365509879
29152 864406437
25206 181009844
22499 98113129
18247 648729925
657 424196245
17560 236023193
18551 855833563
19095 841943270
20918 363399871
13736 92848147
8449 640231396
22967 931435363
26921 321309037
12807 189008189
34347 633137265
32871 27586617
13134 232631585
17827 492360306
17832 556852618
27325 935639089
31706 188133073
1308 901974962
17080 950208585
33945 253687625
2246 788219379
17608 388169193
20276 167339868
29755 98304456
7487 410646386
703 704119981
18850 765717280
14038 613221536
14287 127410110
14159 399775620
22090 868176785
21696 357620263
34267 571204582
2901 704772727
13517 516404460
21782 792431773
18669 404309603
19106 523014750
7025 131973473
29206 227591077
12699 695573272
22100 165871758
12227 792244344
32711 372677163
13188 491835614
12385 291345731
34010 428001885
13972 910982081
16103 459200449
19523 971588616
32057 338100368
2193 298032032
22759 665327947
2165 406145959
4795 494780895
25662 883776054
33589 432713452
5793 871586888
21756 940232927
33733 773532931
34824 484205438
32667 362104509
31569 854275387
15551 249051866
12273 50187859
11596 231183351
4717 787557624
28639 239595146
2711 57225689
17071 656396129
17412 350516542
31452 776183948
31743 555626559
5055 479436315
8960 940684886
21238 587501999
12788 809574713
22618 825713304
24615 252895111
29416 1005557
27157 607955162
31295 576818389
2820 139764809
18544 631354168
28090 540235799
30527 806517925
13914 760041967
190 447801947
10978 424655587
14885 701286511
22388 87778959
5561 946151453
33121 808755702
3565 445534273
29897 854988243
25239 330050688
10632 117219042
4047 101759822
7948 107383417
21377 60298658
6927 882607573
24332 968913800
22506 824365101
27777 351794209
29635 59199718
15325 400312298
28375 897751361
13955 61040728
499 252124652
1293 68523223
17005 431758376
11029 361580271
4209 425195335
7911 445049585
10191 662914872
5718 972063139
12418 965077732
31044 469822417
32798 899016396
32703 193903768
14373 207528941
25029 282880175
4042 632400689
20048 166917276
14828 255535855
21047 794495542
18752 967618463
12160 621825076
32811 555010445
5076 229077496
18709 141207123
1182 964918995
31119 737254750
15762 202878230
4208 83988695
13430 322902777
3209 861260587
34072 196998640
5697 804610339
9487 113958666
26607 382035559
19531 166949877
34974 209539022
20516 638163877
15880 470406069
6962 157484054
31495 358534672
14273 195014805
27730 62262460
8294 985494933
5585 38570464
31163 975173533
23708 679860880
19158 353369289
17727 441685650
28902 804616858
27565 223744928
32329 266039855
13162 549147958
4060 433273303
17747 420594530
10051 593367467
15737 390662641
29746 926026776
17456 252068613
13160 197514584
34021 601433159
14225 464644932
7186 853252170
9958 488761216
16926 293514383
33232 791096977
30315 916867619
3608 135848977
20559 87182454
10262 355588963
12109 293494805
2855 205624762
21501 375937361
29748 867791835
19770 830931284
20032 690588555
25925 215477975
670 153577503
20453 438597799
34486 925358802
14083 187123053
13274 588258163
8074 534973566
187 92928787
15544 194454279
15952 446836103
10057 301446216
15029 402292856
32052 431391872
23014 134847964
21008 945229187
33751 371057515
2995 828870085
23931 817089490
26309 675563558
21443 393945587
32280 557502434
28097 690084295
5202 218985694
33399 580999066
13965 547841986
636 183061267
31620 437362894
26673 178850105
8200 573279024
26315 695061493
4103 571545424
30199 327329200
18855 616938200
22646 11915780
28562 104507869
427 188923769
32982 651806590
21510 429900950
16156 382133075
31196 373387692
23314 197934616
18917 828784956
14493 20863823
23126 391936771
16098 650556089
18221 673991755
5392 348007633
6405 558021004
26432 289013041
12277 189074007
31427 992270175
32566 709884378
13782 303215319
17869 483222463
25299 385891066
10809 151627022
18256 420330797
17903 497953293
19492 735964470
33054 64513349
32853 653593389
1202 504005791
10828 93827557
26226 133204560
4682 193188461
23190 371590228
18732 842798742
30911 815915180
24560 275163900
12843 644908676
26327 776722
33184 993542779
18489 999573898
24704 910619487
24839 176650020
24647 742889730
30125 647635595
20519 655749535
2297 884659106
7122 925347232
9527 474637455
19934 931374709
28645 365587299
23679 813572859
554 383400712
25306 87993236
3457 611015178
2902 954276141
3415 372178506
19402 116012718
26 226128714
23228 972793048
11513 996233660
28632 828053806
25755 329891872
22433 673185306
22117 309324375
13153 461392571
1919 138100668
13275 421805451
13306 790521695
26526 255479668
11058 909526988
12347 315156363
20220 727998509
30081 806341208
8999 708052358
8594 19556703
12721 115938025
33349 989295348
18199 188489037
27417 654609410
10983 599282025
19510 842188521
14407 807146701
13215 572877369
29396 409656245
7231 6429870
4165 803205012
24486 907606631
19870 30385401
29483 822843928
26285 436842034
1266 40470609
4179 266415083
26642 695583569
31151 877725364
27315 193317970
30907 756955314
11514 737777929
34177 614983133
19185 217546242
24432 371415755
13056 213402093
11370 510674664
23986 784511134
33266 525009577
1063 136340318
16426 41043066
9399 274706709
24168 916057922
24630 413492493
18045 822445512
27733 961027875
20879 39145731
20587 601622999
4593 383633714
27813 742823016
33268 427960913
21809 215695913
34150 457719517
23096 409924186
32061 257962075
13035 979076730
29251 563953733
31741 630919756
28458 389323441
15286 618095709
22249 217209198
1311 351671787
5742 507130414
29241 244181274
14216 208100038
33112 392978713
6017 865343718
10500 260321735
23366 483333356
3754 185836397
9177 149567434
8943 983447341
29701 455109785
17849 958958160
19364 112302191
12863 532405599
4810 61440715
16155 691812108
18947 718345007
23317 410634222
4787 718194933
27277 370103983
29204 302894297
3314 970201369
27655 148640672
22456 842285633
1926 639283024
19278 117613001
29469 946427127
18397 65321186
9563 670754946
10667 290473297
24162 924048931
27917 179718340
26797 273042105
1082 216829018
26527 147815648
3602 195200658
23753 685544000
13741 688341407
15854 302217512
26246 116413904
24798 967150029
23446 26326421
21257 109939662
16478 796595987
30063 929769693
10115 833917289
19264 927342697
9768 847135937
6964 173377379
3637 738592891
168 839088150
13755 223487289
26963 901699726
34279 278706062
21530 558974711
101 226890755
11711 913421815
20361 808169989
33966 74688257
14754 524286263
17415 493758653
1190 82888521
6371 913445993
33943 75189759
26177 546057084
18836 694677207
8847 509000468
8532 186205464
28926 691314401
4464 996288490
15187 132112223
18744 516898390
5620 67183687
22813 224631466
9894 510168524
29025 699889240
16605 534456466
17410 751955983
4819 273100608
7350 966245314
29509 688000137
25583 174507801
10977 497491943
24709 570472413
15007 626554567
535 133550055
28760 700362063
23927 180077616
24435 805680573
8410 468338840
16843 30144488
28858 240260846
3671 917861461
3414 987132381
4514 481881505
425 49762946
23990 449405640
8108 753617865
32851 712932620
17019 81373600
27851 818721463
34204 815369924
14112 126821096
994 397771889
3651 738332888
15833 257786641
4489 652552193
5556 111478015
22111 739430787
10613 227722942
11964 654245783
12711 569495520
15512 515235340
15307 988655039
28942 697245943
15058 131486722
9905 512368561
28583 721054426
14927 590088404
7556 852908926
23172 907332518
12570 959129274
27694 606550979
1918 627430454
768 42514680
28136 722190978
15318 914412709
2196 779529944
22812 751188043
27740 62854834
11836 557604967
11264 32062795
29599 955376194
10875 901365935
23877 81519074
33758 57204340
14310 864993364
6660 996321988
28182 934780643
26850 938183629
24202 353179329
8724 145254093
6528 332663117
1234 666516931
23730 351416254
32817 741805224
6288 284578976
21100 293519260
9350 838578952
23399 440106069
29791 161788773
12573 389808812
26960 34371413
13360 486080328
30618 47630612
5391 927866360
4591 382499843
10900 356482594
28276 1979826
23064 257961627
23817 75367796
20549 41351069
525 194281754
19864 134042974
9037 933048216
18237 45932330
32650 179138713
20257 529436677
10611 140810311
12762 463333865
25160 138467036
24853 412311922
16520 913283481
34148 698847776
23603 746435011
7992 393665973
27433 87164915
2370 52832833
15973 87415064
33372 745093913
8622 669508139
30559 429270461
20293 985199739
26323 650352285
23586 137155080
11743 91785096
8750 826200320
5327 640546130
21174 525881181
2001 711187576
21657 402922073
27386 483686570
6129 28720553
13432 9358569
15985 302138756
19702 478636685
28719 723298525
23703 153022033
23049 607295920
16607 759336759
8142 219047447
25194 657835544
14289 770315584
1947 773426682
11623 915009128
15135 985209401
29562 493918565
20476 422787688
7580 258909984
2882 566082157
15874 211274533
14396 553108810
29874 306016724
1409 228027942
5460 274483212
31596 848501907
34630 744014161
22597 480652476
13107 555654205
32967 543086405
830 189282581
18558 598512782
7560 177257429
20061 811341880
2713 802939943
26103 75616797
11272 215817467
16040 823421511
32321 791721054
3912 884526406
32974 937905943
34431 654616266
27098 985887278
25405 117620698
7242 142245793
31946 275596862
15771 979698175
6630 726839916
19809 914375830
32803 652567565
19406 370828890
32722 720507804
17494 728037168
14645 225597349
33702 342612812
1815 101486047
20147 837369942
7515 945666311
15267 478218571
17944 473877560
26476 903915326
19715 705357787
21552 257413395
21687 68120891
963 978468133
12030 684291566
2067 127547301
16760 72002258
16581 631464492
22632 30126629
10522 896403633
11465 911433765
4053 881624976
19807 247279143
4494 67918485
23560 282125937
27410 807836765
30737 883730354
14921 916333558
12360 849310272
15744 766349715
4238 104757155
7376 535791191
20411 182278144
243 942543561
24185 569057728
34973 993338853
29953 169973325
7947 318917994
422 7828869
27115 63451309
16059 508271895
23009 577320399
27222 207240055
33074 248053730
27771 718024062
1744 175549917
15414 346894144
20055 973837344
10925 393178890
13626 330636311
10096 296875817
1070 382831668
27929 116625878
971 272317432
24211 918497344
26685 985860968
578 365298293
10487 297355261
932 923610186
15304 468646332
3077 165776756
19932 841463597
33512 727864357
28360 66003471
31613 379806673
8158 192438588
29757 333725556
29294 268830464
2907 692990545
30781 871521698
32463 851303372
32680 851001471
28541 90812008
23324 638510942
29658 787418475
12599 597959698
2767 512811148
21936 147894082
29891 993038761
19044 938029386
31696 343319672
1068 263882084
15951 747999636
25857 278643135
27086 889943894
3382 530306266
31783 194580487
22576 306634169
15862 855306328
31346 406049057
3958 799561796
33024 345095628
10752 209604110
24270 451915107
18612 629040995
21459 43550683
2864 810501607
10827 804671828
16718 909403207
2050 427803811
3768 775531169
14117 504300054
33131 32577903
16622 275611725
20131 665442774
5370 666838591
8341 766395741
22762 900331269
1173 811465213
32125 893680591
32130 134011609
18419 492338857
29729 765639181
2959 955969979
7316 71693843
23167 299062354
18652 165942365
22126 849876686
15929 556665051
33915 615531060
24307 633462435
23949 158707954
32112 117688265
13618 15234216
24577 505684332
14951 166635646
22854 686869941
30394 794291895
1745 685096295
7868 180667105
27601 603964177
7577 719549624
32385 571587514
8819 565130735
21246 354822392
22437 982242543
17751 648415694
8571 190280491
22538 838690245
15617 205953660
23801 990540014
33683 367510634
1116 222992671
26104 815177856
12655 805029282
27881 779188346
24050 484185411
11400 998199575
21046 830691079
2176 444630654
18645 81118600
31144 702757514
10695 560229412
23762 215577685
27962 509416936
19460 990082076
24122 875882073
5135 98674358
15333 54297384
21890 248218593
16628 409576109
24216 629276747
31365 159672277
9274 283496219
23103 988076801
11284 519405228
12050 549881631
28752 565770406
1510 636704708
20270 429617239
7055 129137606
21474 602527611
24824 924979492
26518 147024206
13180 26496670
1 718234956
15011 582009876
18954 522994080
18764 297183697
28471 568962973
8599 606793918
5990 516086561
28840 464006127
3832 545074651
24095 647912791
3483 327022929
20475 823520519
31530 32793073
23944 723980436
15335 847128262
30586 434343847
25972 822325249
19856 550516459
24595 210624240
26172 32097507
5103 176326949
2396 514874292
7366 73576660
30167 36951773
25669 31196557
15136 849779640
34867 163027361
33101 650463803
4330 587509297
12404 251230130
15608 977244158
18963 264665847
6592 972410981
2483 455153996
23569 726599252
18372 599206880
10357 934663460
32743 1916701
20640 382230931
6824 685274737
22497 228962656
27939 55574864
27126 5938471
23362 86548050
30055 679593172
16784 904751885
16626 903927428
20468 976011177
15792 296402142
491 853657870
11483 250394404
13484 865655264
9932 729072658
3736 967524987
19708 428426289
18392 190725412
2929 481842256
11931 391343371
13272 377641943
32841 39218434
23910 584846573
27623 685628321
29487 167232558
18402 574300183
17772 963529322
27219 251603288
12217 796543727
13754 530301226
30148 877609034
28581 140012416
23308 629002826
9357 45969705
31235 9167106
30677 84344599
1578 945337751
3340 195911581
26056 627033407
19174 561251425
21292 382754517
28753 336217552
17090 729476977
31300 818920578
8521 57752713
12839 942040718
8385 904015077
1604 579146010
8774 334569411
34310 227345456
25754 629960076
17967 549267836
32074 517557543
17816 535955058
541 267250718
32167 682653691
31605 712808696
18573 394666617
4993 813576851
983 259431402
3975 305338212
31775 305991987
6183 723508363
22754 687814090
29855 598225733
33271 10307764
1712 542490165
32474 839169531
8022 35108420
30123 558716061
34705 458889321
18210 736516247
15983 248524168
29723 912697969
5711 107216712
10478 235080822
11971 298564737
23963 922990981
14006 80787968
13136 150698488
14137 815950832
3412 545895382
25479 444533247
4589 818882299
20651 853655738
2636 177057546
31764 617545423
26895 860251808
30592 324781857
10447 809781525
19825 16133078
2531 280338020
29442 634487861
26517 858949420
6718 800785968
31502 688586354
25547 943682701
1300 234939483
14408 814226659
15678 386405449
17665 292608293
34897 534562258
32507 807527348
20163 266055321
12726 227836521
11476 936013975
32729 896740560
3558 409363365
17098 872560805
29477 123692759
22171 568699166
23342 93508820
26400 908924683
11356 454894246
13833 866399660
33169 521676660
28818 14392776
28477 958720090
3556 438494474
14259 798065968
14755 884213469
33543 188473737
11922 628506095
8820 754415324
15675 489024664
21263 165534696
3225 554471253
22306 119811296
6581 337364980
22018 133625896
10265 885103605
8654 640772988
17458 910586109
16967 443113815
31416 74426549
33947 586954262
17198 281176591
26229 404947455
33856 538707560
24511 402510046
26491 514186227
18388 815141117
24067 543336119
32724 914070703
34193 555632445
7970 232399512
10822 625004562
10138 8583336
30845 388533298
33992 136205867
15992 747653688
31071 372343643
25573 260803213
33534 605135352
21557 540753417
22744 6844046
32977 855286272
5493 528196063
20339 511246026
26405 644355070
22914 195743033
7269 78592682
30511 866824158
7308 13256233
18962 354319268
4644 268819537
33042 20602188
14458 783995661
14114 154998407
27824 392598061
1718 72743947
3212 928977749
26612 103410386
13364 640759206
18898 120960465
11228 224289379
5412 30311262
2185 718444070
28834 635918780
27847 160499277
25464 519967148
18985 781166969
4955 469637097
23765 964055375
26413 634329633
28519 801087667
30317 514620035
25282 760088680
34982 556971291
20895 390108805
8356 685570784
19839 707444404
23427 522908336
15931 371559582
34568 708649965
7883 264784217
30133 942501835
1270 509222283
21877 673785526
20827 92806209
15895 932359579
22988 456029161
32762 757013375
10783 237936762
16451 674316623
24098 179298671
2808 384982166
21812 577165367
24697 63439041
11477 561100383
21215 329631621
11939 792044566
17670 829105345
13573 76328140
30126 837672997
27950 405761405
4939 584890787
34537 985016085
25073 469947711
10221 604494709
29343 18142083
15894 220639044
20678 26519457
14318 249028737
22316 598924784
31243 588243165
3955 509049367
1392 484212457
2087 811504576
21992 176040750
18992 600715050
6703 271462480
16744 356441070
31159 406883313
16259 873234124
13876 199220565
15114 889304663
9132 927680165
12386 910434431
29973 539807104
13511 850050309
14208 756632944
7878 465949234
5163 117700982
11722 66232366
28959 923088289
21429 707083340
23192 622645358
25270 694783339
29752 983245873
22751 651259693
25525 525127820
34599 654220470
6350 581919678
12889 922844198
10284 723631796
30195 781076684
32161 24274297
9640 734362229
11671 338744318
34503 139015158
30912 22426912
31075 481330291
33881 187035761
8372 113196744
198 176346749
2478 797063263
29482 16196351
16340 51243291
27990 576137470
12908 486219883
30617 32091523
17651 951243295
403 30055254
8437 823383890
22467 356953567
31422 539651613
33606 537758122
33026 130008390
9437 883773698
17134 611772298
2761 429375033
17689 108808206
21304 13210477
2484 260555632
23789 849614388
2480 109347363
26168 528984094
6254 960026419
28850 158272110
26280 966273007
2657 803982655
9171 966466731
32696 781343790
2347 976212995
23976 395564657
14694 383315989
759 258424818
28072 858388535
9453 339513375
33231 408481334
34229 395205376
25374 205048164
24138 359147359
19443 793290911
6805 280592361
15590 449086008
32254 308561660
10178 623539065
29024 235471989
9711 689075262
17899 400302304
15415 987142121
17710 589572839
17044 805761219
24734 513671272
17395 434590364
14105 397690648
11820 912075886
27122 860870115
6403 419327103
20864 807368723
5824 31478049
6649 911129427
8721 442501542
34505 433835366
28715 980994822
13507 184258101
10961 356857253
2590 513002966
12527 9487910
30442 365176964
3425 871047215
18458 185790435
4093 974680713
32008 697902050
18869 875492418
11867 99138551
17930 299562190
20333 79688561
5240 848339261
7300 127047063
7071 846254234
25649 32755779
7919 898995175
5919 460011496
29765 268089811
31355 192804976
26808 896709328
27339 456680028
33919 891820202
30102 277223982
15072 868330590
22304 985788
14806 12648495
10945 31188609
24225 232611140
16007 293347693
1970 236221265
3169 182019460
14092 72887324
18851 435964949
22262 41066978
3469 645857216
18903 265345968
998 269678140
26424 711633172
25986 469714513
9698 907910419
19293 875441610
18142 267930981
31829 206685948
34357 539060114
3664 590215768
29043 884972897
22228 902735686
10496 901802898
33186 539248666
16606 835663710
24460 691180248
5626 181138924
25694 490747406
27185 372432495
25947 644357262
17853 862933081
26768 781901573
20173 82324421
20644 634775026
12221 123867750
22720 598876275
19494 349891758
20132 52176287
4134 855552592
26840 316005624
17094 61117469
13527 587544523
7198 141853115
10670 843644763
22800 725500337
34349 144335462
24925 152512367
20497 701942089
12089 689116403
33264 600947146
2983 713392417
7874 168508195
34085 158233882
29688 198537408
12621 908409773
21770 926928018
2943 934299640
21214 125429857
1672 439779812
30662 337203566
32208 737752949
19056 63672017
31864 797922236
10789 10227978
30672 128115875
23859 700954190
3867 31386212
25621 979858301
33802 156443152
706 518945201
20460 213262839
11406 803152923
24815 585567178
939 908334438
30296 591377750
27690 236536599
65 864762006
9212 345038183
11261 924104030
17234 493752545
21853 952503117
2661 250972836
15271 762803352
28153 661264197
8679 285531326
23006 747970066
13904 972385950
21358 411883484
9497 27642839
3288 713172251
19196 661489438
2291 730175720
26465 133800403
6263 810505496
17367 438267410
34696 483554744
24769 285488586
16053 198035374
29194 376205368
1125 197299407
5658 828690459
6496 358388688
21088 592176967
26311 60378153
23095 526738270
9931 519219742
11229 974897126
26679 454416930
30380 716411531
16518 917065553
25439 862817429
22708 172431502
28736 978985804
28890 684172410
4947 55531172
4752 951344920
3677 748319351
3083 305255388
24538 370370159
28644 798063911
20419 558472214
26215 176330255
5368 486696448
8312 918236494
31091 735155594
25721 838923809
25018 94311135
4186 22660689
27873 339765915
27256 997000859
13109 494806323
16810 704237255
28157 961990916
21593 772065972
20845 54192209
8845 803688224
27346 909761238
11114 202230983
23277 697127931
34668 373431186
19182 526228289
4645 259263066
2389 385995936
19838 723451986
23035 119098775
17516 254805267
4537 153020157
34821 998134114
28506 788537669
21580 219286390
32757 385394827
20292 643861941
30680 672607687
28576 357990814
18755 780937240
3647 181565058
5279 796842860
9138 269573145
19947 333808761
3863 104825562
7485 615662472
2479 230345511
32080 780945079
34292 513585258
22803 998593321
20973 434007957
21080 621440601
11013 275881398
29164 536074576
20338 874662375
3552 538641321
10715 908460645
31088 4328277
3959 614522819
5056 883224847
21680 76930864
22900 656120720
10172 396555741
28531 319787276
25928 530768223
15445 137974799
15372 972540521
2570 590773351
27718 535689123
6169 272520623
17682 899049914
20012 481041470
25732 40270915
26208 970133692
28886 825615220
33390 799434052
19400 363253058
17559 154163452
30950 920237394
3134 601639737
20806 72356511
32378 909804019
32044 211649957
23979 637577
2587 389284005
19067 845538174
31396 68301663
29292 728081545
16250 298141982
7497 321324695
30495 656358277
2842 732431903
21155 911928841
16976 306477041
3924 974321197
7206 442833408
28134 336238917
15423 426900077
12937 579136028
6269 806619448
18622 795557468
2153 252226026
27084 641889617
1257 477674675
22286 887512536
29510 874540592
19434 663949931
18249 546928711
27424 193867374
9900 767168955
6791 730947099
15507 465379214
1372 659183142
14425 884668350
3919 610987738
21223 440241662
6258 177590983
26707 992641258
16851 849500861
3607 265173725
3436 646634719
31886 317184962
2190 657960341
29766 6644192
20528 400243780
4613 87937771
30520 430587444
32458 67536298
24300 776724223
29052 184931497
15028 479865413
18128 332170611
12797 101670685
681 583409879
4688 319244514
2066 415585345
33699 666840420
33424 914951852
6897 23752362
18515 388372091
32657 342576121
18386 15680351
15515 456515077
1589 879818935
16579 969071305
6709 758347953
5243 236517000
10911 911462115
20772 564772863
27682 852900705
5238 992902678
20123 854276891
14186 43515233
9695 705737446
15782 893681571
6938 214551997
11472 481833690
6696 191733657
26503 731858346
29180 851489368
15822 271671085
25561 642530967
24314 490993684
28880 823974310
24533 341035057
17511 22336155
14915 484429561
24154 939758469
10278 572781782
31147 47170241
24094 936610027
33140 515444928
34499 32294448
384 3141487
6185 256628190
3034 87102917
3928 145018973
43 151233805
27067 133215114
28050 630871199
139 516388802
22805 312442863
6473 714974757
6286 11507490
6438 503721133
13407 494849847
22542 612565131
27711 118838287
32506 289661897
14850 673695620
32849 368133475
24423 449832843
7848 590775706
33368 428257725
4799 955799458
19054 580635315
23558 435367902
22254 577957362
5461 649765747
7355 659726304
33681 723252964
27798 743447435
26596 99395519
34686 684867562
31505 552911996
15123 825873412
12026 939309004
25248 420582829
15334 997933023
12248 104542360
3219 535922619
4160 643480780
32234 922746189
11096 83950432
4428 389812656
33525 717132851
4344 10509711
4942 683963530
6097 236739373
30870 917656088
29576 52856196
23435 959712080
22403 492458676
687 263237882
31913 822356943
12679 486691057
17119 317614630
7291 485842513
4793 254507788
19474 89264280
32318 303531634
16943 667823481
27724 551843211
23419 514744051
7518 73019876
31448 608985947
15767 611564308
19806 956833916
18742 739688901
12169 800869074
18837 458640584
4391 970447165
25619 634189594
26031 154491324
11002 784908007
7360 992700827
18553 219388545
31193 68644159
34436 779383364
4982 683348174
2218 862963143
8244 678914127
3904 101692261
7505 67386721
31158 969832877
19238 740233121
6340 896667054
30595 768910136
19237 598285511
21210 420786101
6825 304951801
30175 715765053
14100 59668332
25283 669830911
9227 302993664
34089 528623149
6187 357964179
4296 759725183
3294 48423235
18139 460949126
31553 826830817
31412 655434982
1209 538370730
16467 678288653
17130 556412599
33658 181674872
19556 108392405
5627 937752390
7501 800669016
29709 123400743
13691 893472890
19796 122108540
25962 181689420
18785 881115570
31493 676375153
30584 250128166
12574 471734844
2118 478096579
2037 658782491
12104 144660459
33066 100759380
4488 362636743
3920 96464766
10436 508557423
4009 315138432
20557 431752906
26049 735447670
7748 509960550
29257 445777139
26147 236287866
24528 269878807
14206 193588291
10281 524336590
8964 510015278
31520 966140339
34169 245251892
4089 457525014
1426 575598155
1545 862216794
30038 525993319
6219 180725585
20572 568537435
32105 75485833
2772 628243056
6495 596437298
17136 315461958
29000 832038026
7307 554435537
5838 284591074
33508 761931475
34986 941902296
1169 365654824
26187 824022091
5394 385594218
34922 452099015
7994 519348665
15543 876121238
24427 884338355
32625 433524139
6993 525476961
25827 312774966
11642 404530433
10075 712122530
32188 880167144
23050 123496269
14547 536677240
16247 594859982
10090 977975030
16783 466611698
31608 520624921
4390 125544739
15701 487823255
6030 429807457
30727 574880066
21321 705581465
23264 893710369
27932 899323171
20602 28040122
21259 457709999
9702 913269635
32121 948880384
1489 920777863
12296 959362092
5237 627487818
2598 892698402
26783 786847239
14067 50020845
31007 140460320
29616 413434038
33544 248946396
29197 727550200
34895 23236360
8686 179769366
19734 235670723
7509 436502944
11097 828197562
25208 749931996
32882 592397938
3159 708001374
22395 384933613
3267 128518994
24814 222323177
6547 119015271
377 226280213
28309 971166607
29373 731217169
16205 506768811
31759 540418595
31001 760580037
10003 316554533
33967 758275113
31130 888825813
33730 443027529
1531 613391139
13462 861334268
19967 633126934
26906 869039262
1153 9590783
3440 788200008
7578 638077918
9240 578886466
27670 203535398
30682 586052269
15140 384873752
30730 949333885
16474 80155412
28201 176418140
7844 355349454
20600 203847196
27604 927746301
10215 206556505
6819 696405647
13245 686706414
7129 390382525
23398 701813523
29150 693911873
17002 317269482
14334 957484337
26304 965933018
34900 368397227
25267 674512577
14599 691643306
2273 865333807
5246 153760957
19257 488226128
33340 57165311
26281 169189426
33600 283064657
33099 960875561
25763 821507946
33139 505007344
6994 976518460
24969 691504888
5314 423538855
30524 8139579
1345 287211991
10959 983237333
2602 816364269
121 806397239
32645 418577812
28973 476097470
11883 710671497
2926 224573401
32895 683064426
8825 13039561
30279 46785801
27653 841902760
11248 610778927
18679 763655120
9756 736648404
5773 707501129
34442 968221130
29349 289537387
22214 279752026
32442 199884993
33117 274436073
11459 160583954
8432 226233225
21922 920062759
26421 588131485
7786 901337874
9346 111302587
7511 604496384
14381 278115486
33679 962422343
13823 552770442
19454 862872700
1003 852620131
10813 860646685
30400 563007895
5509 335149188
8389 172083944
34690 545750457
19546 314501384
22698 422300258
2232 101236501
6139 56069074
9580 687571364
31208 426393142
32275 862264291
23171 254245795
21731 647348747
29176 270556803
6884 307170423
31993 32940826
9133 190875168
1462 5716818
10421 917508861
24597 366270154
14232 422794613
17583 407409551
32300 910547363
18132 461219009
10839 181656929
33848 882019421
2045 53537615
17538 399801640
11258 616240085
6228 448940533
33457 804705825
22653 323531368
33286 316143725
7582 506702052
7439 475323595
13637 109673584
34062 374452009
28320 139033681
6352 649573417
12992 631663087
8125 730959863
8555 24367335
16095 965902405
19165 137697240
24351 593804811
31404 883054281
3854 467384492
33347 497243547
22793 148558891
9092 227836200
1107 412041390
2482 70653360
7564 90117868
11957 272110927
31857 830916705
7451 409814508
27687 940362075
10992 182825896
5183 175025968
9786 929629920
5012 904554157
13719 946709696
18134 789210562
4310 178150255
4436 768816238
3115 262453550
13352 176416450
18469 603329174
15247 210999950
24109 645030321
34270 838883764
20332 948131457
34708 309561817
16968 653651178
5277 143634820
11043 945068319
9353 7141113
26190 489949764
3911 756595576
14203 401278392
25068 562250378
25070 639803337
13129 921239907
6145 926942815
14464 209400182
769 610604305
11805 826248772
30577 244088986
4825 491902342
18196 466015600
34075 96406965
25172 559635832
23899 202937151
15696 864932748
2267 327580533
8572 731916534
19675 269620501
5947 482884103
17686 80516332
1149 461717948
25918 603530798
31536 685779864
31563 909233923
37 77698483
6458 542182292
23823 427034761
21684 968541635
12645 928924949
24107 101669424
24547 89430054
31005 645718077
642 800986842
30321 38752766
4519 264685438
1597 510160248
34662 172168260
28956 949416108
18357 64487864
18883 895969286
7787 11968577
12600 789039429
10401 593332777
11262 900232812
34545 762224321
13896 536477811
4981 817345270
13664 522220636
29886 71615686
30755 446006636
12641 724124898
3499 102357732
21868 423673738
24718 286095436
3293 403078451
10660 288149009
6864 338944172
2100 505368368
16335 262224553
12342 562307185
26165 64239769
13157 597721390
5062 663710112
32620 282703140
13759 990823916
17116 384870743
22073 269337065
1152 464184530
808 776986783
33572 991948057
18433 692975832
23359 901875519
6011 73791317
15252 150125860
17633 232516084
5155 720175086
32230 492235137
29066 823688264
16323 598563526
325 919870625
20444 592641077
2835 448045028
25143 232997311
25945 473411056
31844 232799466
11731 42399541
17379 657257068
25720 368435881
2017 670913831
32232 154042183
7759 414184005
18146 534973347
34186 122406967
23268 147909802
648 338399982
22857 257100064
14962 436791559
20426 965093974
2650 313594627
21175 714501241
15800 517899465
4412 386236503
21017 689346905
2065 716563906
30836 950590874
4605 154636919
10147 104755641
2336 584262893
10742 986375622
29931 186107701
4503 703323517
11441 286548323
25002 338730029
22926 417270926
29162 994825956
21688 431951287
21982 280332291
12761 114663472
10676 93443514
7741 512266306
26477 675484495
17188 506682771
33110 766467977
32149 389577262
855 452650177
23541 407556683
6891 260692285
3624 933004577
27569 851151290
15205 416505052
12994 329151042
12354 319065811
8037 395167311
16708 593785782
22076 746509228
15338 949611837
26299 748299154
10721 923117507
8029 835733656
12561 951028141
17049 531862693
34264 320886521
6213 241851292
8761 704495914
8442 377169779
3260 780878781
22676 563042265
833 565101715
6975 240878539
16953 977168544
7685 915779230
9831 425299990
31331 78823695
26678 290635535
14709 113738307
34294 405556895
12150 3352203
10702 673039228
29619 250945267
6226 803893847
33847 475310071
30619 178474389
19913 912738048
1484 106073580
21485 43647381
5775 372162453
30726 587654867
15200 113801096
32403 655773262
7138 50178015
10512 803189539
19873 397081443
8360 68115704
16583 151428566
27612 305344435
25035 305659833
28443 557565534
2186 186958965
20860 806366100
13326 941204243
21262 653921089
30772 737373753
5563 199169480
25968 186419358
22472 493494245
28262 29518667
20450 746425786
25636 981894170
32609 782167287
20128 858318485
23086 417303083
30973 783715056
11829 459482906
10699 650602729
9029 211797858
32925 38783252
24092 498681760
6967 922251284
25279 247960047
32958 97692997
22530 425056781
3549 716800932
15313 300863051
28862 980384757
29352 894157975
25266 446073233
7625 861936825
8717 342527928
6920 884436700
31317 742869464
15339 44545914
3965 417756204
26646 994863398
26631 42514262
3376 119156535
9637 477443032
19595 63097899
11031 932531048
33473 562484844
11629 690543480
6545 397575415
10006 806576861
22319 391812363
11056 471483507
2026 981310252
29610 438200975
34988 136702820
9016 716148841
3504 24394028
20653 866587579
17864 702126818
32163 444721547
24007 846733145
10521 119190634
16797 654193652
24100 853764948
29715 183342817
24407 188501004
8240 877089846
53 798600054
7463 325213000
19430 877286457
461 348050430
21352 488366142
21344 494944487
14505 586145645
7999 720736591
24437 433563535
22017 979913353
2992 913866485
21796 935244836
8601 578896067
7008 250894695
21906 142483104
9027 764004497
34641 679193778
14323 713014604
11955 446013749
24177 986927004
6730 518307117
24720 860127099
5665 477688791
2530 457929247
10643 172243332
15404 891567218
23544 368470351
13502 687511216
28399 896788224
31871 275454142
23498 107756816
3297 162181727
26549 981373927
21755 926783394
29739 712105380
11502 126353418
32434 171028594
9475 636029204
23530 181972908
23111 110410145
4924 650994080
10820 475337470
21251 761893862
31541 26968594
12623 518115562
15465 404368305
33620 375566388
5765 128106674
2341 756346738
24424 121618348
7746 15227234
25718 440974049
29046 318016245
33360 105258866
26360 551358444
29073 886917282
31382 830854358
25891 726934589
10103 24556480
16669 276089976
16733 24445136
9053 343287705
1286 33069159
2759 553305275
33548 933776923
18061 510729347
19614 404198622
21553 825369945
4360 295286468
6743 299008911
8558 960527512
800 524524637
11425 434845192
19850 189439673
23386 528768976
11350 461551029
18201 844872520
25319 923839028
30569 36332908
4699 364690322
8097 743278803
13210 7776221
8531 641178573
25982 733044965
20367 955094425
27852 608749346
23911 1787753
1404 340311023
23797 621044136
34781 10931390
7022 942312483
4076 165207472
6161 202291282
4576 517270393
26347 908897047
26398 132129560
18483 688978065
5557 28588242
10644 795395794
22195 836419997
5093 962193674
21208 183364613
18360 637626922
34932 68935717
8680 509854521
14496 11280972
31836 275918111
33541 321607654
24312 840112015
6722 345809916
11580 1280666
31187 538922307
15898 363760544
8562 292381218
28013 328694444
29606 244814032
16064 972220890
23527 307809979
29698 994362165
19859 790186290
26519 135671653
13760 526241830
8217 49148894
19281 164054844
24582 661769573
33164 78650975
2709 382049486
26649 733940931
15358 320682786
31501 309686054
7896 578264230
31220 55074641
13673 567621846
20097 115762898
24997 845335700
8903 327476474
12780 701669823
19014 850797574
16609 872317574
26608 646096264
3829 174495233
33082 921952231
14204 87377907
27153 141481507
26836 30339742
3419 163235224
271 597443087
26938 518862567
26437 418478420
6868 110133328
33813 831901708
23846 25600801
8513 7665458
34130 486952470
31141 795115133
2059 836263291
25640 729470325
34155 219687117
2070 373653362
2361 862255513
3186 610469079
24898 557109764
5267 884043393
17226 996347933
22074 355914066
1425 129121691
21066 569635308
32934 693364530
1655 897222224
27148 66710895
17216 950875586
16226 955753403
3496 308684069
24104 220647132
14282 311533945
26196 452240212
9576 564850279
31463 991694665
30291 143707979
34863 396958751
28275 147886007
1330 840325567
28287 917002219
24820 835365258
34881 733767497
4074 493465099
5832 277710216
22696 23906791
11903 727707665
10367 72269398
21895 742691777
30981 530443314
16862 389495523
12437 532798877
17059 423172517
23561 889524528
24635 117498491
5328 551253270
16094 267197611
756 485492432
6313 95304217
26926 341130825
21096 82293294
28791 982236913
18342 998321974
11838 336093840
8770 524631016
21765 246636903
14234 214985562
11745 78323154
15005 190078425
27924 110326770
31895 600850377
30754 159997305
12542 855800653
15387 241368988
20389 614337728
15578 497599132
30180 482554031
15002 953772464
26202 833212637
8273 500597369
19435 232055020
5077 63479283
24753 393119467
25550 260223488
4327 961656698
27758 138852177
6329 780056335
19801 285687746
13146 532538432
31797 934804701
11373 99524275
23033 571011913
31465 719786565
34283 740276286
14529 178757802
31085 528297034
12518 641741804
23946 714693323
21582 255953970
13052 640646204
12192 762793326
9259 967554614
27328 168475077
25190 840141767
3673 594772389
15395 874662802
16841 43183834
21487 640584724
25979 359952360
31339 356670138
3390 751376368
6259 39171255
2106 752456533
5203 244080125
9439 769781844
14950 714648513
22559 437781895
15149 190554282
31458 269819872
29321 409628687
3395 988446573
10176 875171744
16196 71044372
28799 247605212
25369 278638572
27040 909953526
5932 249199920
10042 668130758
18241 683984732
21777 871550619
3611 357480969
26427 839378326
33527 529519002
20858 837691362
33263 408422071
23017 629880328
9057 729180990
8293 242269880
14996 685400157
12990 758399526
28896 431842210
15015 703747914
23609 651972487
3073 456116183
11092 287207947
3676 278554679
17105 936166397
8675 911866205
22529 54622621
11095 954000280
2412 640233944
2046 855127885
29796 598437854
23640 709472036
34116 219359347
31634 568264736
32904 206498404
29917 132809598
14160 964080105
