25000
140 427042842
9636 25029360
10385 859637619
7294 513270008
472 186477822
15758 788687068
10073 753938679
16047 278700707
2144 794051230
18209 766522183
3871 708393863
19469 959040639
8542 860427043
9532 841266998
23306 89002893
5917 908669576
14901 859048734
9543 337403524
5137 28994441
6358 565850725
18927 293095887
17952 425993731
19482 978204217
5782 376618498
3829 295434302
7131 935896125
15840 10837501
5973 871429347
14086 477691995
16204 797575436
14072 64978078
1634 100154030
6629 209538830
24471 865556830
20462 718723550
17393 773437297
14377 84205626
13544 103174413
16871 13168470
7802 510558766
8293 205769604
17060 342948568
11620 52285643
14651 418545690
13055 771727882
15681 426927785
8521 916051995
6505 191503809
5945 195005097
15615 578311648
14077 923550025
12565 972223689
805 497332233
12183 540745865
201 407465859
9842 348275135
2619 150839873
12130 653718826
7932 457035547
6647 590160399
7011 200063154
12263 753146381
18555 401010819
24443 479663589
6392 163349302
1296 827007017
13642 462092709
2505 205081107
23188 286359225
12521 308076015
8168 543553427
20414 605367786
17851 123388152
7001 208377059
846 471359744
12759 48765367
4987 91332809
20465 357944946
22585 648431872
13035 113312103
15643 516459189
7563 100395445
18001 599875276
11730 985528423
10223 634447587
15083 841364677
12841 500974228
10524 358000190
8047 240527092
30 999975447
6641 557595407
8033 788069064
5300 86430537
7504 830271452
852 387998380
478 780697961
12288 367265741
19018 787383083
1210 48624717
22021 325434555
13574 317876161
12720 504838997
14226 347650212
1930 318780530
396 966804985
824 743000746
12683 177016442
2707 956657361
7770 791103282
17594 133010456
505 815885099
10609 327990089
11666 644898742
13178 800752530
11041 60890071
670 426828828
11607 374783529
20027 381695257
22898 666488099
16845 757373402
137 249055995
21164 383712007
11298 164375744
12785 789699862
4862 970719097
4160 422030432
14890 239113097
10459 687785760
19471 299102496
19859 127730566
277 740069278
7654 457970998
12302 654341809
11549 306690879
24717 536600037
7573 670781346
12018 961297900
5638 30878128
7402 71911403
23241 561660226
15124 373748830
9895 230943237
16302 340522865
3939 45649140
10153 843875376
794 505382945
6288 445056298
7102 481229865
19737 931513203
16123 388446090
18367 748809979
998 543084648
12243 242090263
20644 605200264
5874 509427370
5504 305750412
5961 233773467
5596 954098157
7671 281573688
19076 383111157
7843 65530631
10936 702690064
4972 779536802
6755 162126461
20931 118815997
5985 770866285
10154 837789292
16498 498607044
14302 677494633
1386 184710436
971 480061948
19351 962851211
16495 619548538
16511 41518288
8999 18349968
8383 39155544
14641 606354804
6197 107227716
24642 403057975
3940 133929331
17316 224930900
3826 170105422
8514 460401823
2047 327617543
20088 193760047
7795 116032043
12241 618281424
3285 261546869
19837 833857566
7138 108661908
13475 910620777
22940 210437578
24965 534402643
20439 953930572
3127 803038448
16003 473784499
13267 973318417
20550 595283923
9011 670681801
14024 914897555
15132 293256969
21995 837396694
8967 330176806
2531 59571202
15901 941109484
7469 260278556
12905 888554794
13694 837540853
12643 90262260
16183 998370759
13563 59627318
10809 949177988
6311 926703977
10055 499212764
22779 120938684
17226 140776257
18598 250736101
17121 140537925
929 875312432
4593 387945618
6712 389987973
13825 147379231
17695 374520576
1560 365987246
23606 37848041
24084 746791896
24139 240878834
14456 611701348
13040 698160316
10666 233545514
15415 620811067
13317 803887416
6547 610880269
24667 49018185
645 53978810
210 283607538
9083 46772571
1259 676753683
19500 665972953
15891 268223190
23920 452217296
23309 982735136
21878 485940561
21362 273340588
11087 904895773
5113 990010997
8873 771896696
21533 409254199
18783 113572362
17560 997992014
15294 536137157
1389 850587987
16346 835628184
18348 351540684
21630 414946295
24240 579419184
16635 439344828
19726 16437428
3070 323083487
12224 893400661
5454 176126013
10234 890563541
22967 643436058
4352 979888840
17343 701063300
5624 163089546
8908 837344495
17661 6809986
22530 476431886
7343 615766542
1328 153787701
17790 123451775
14436 180711346
2599 684525044
4561 200294165
17382 63741653
12915 515527936
18069 941570005
18157 719978985
24235 260335176
16435 898112025
4336 503612209
16722 265078318
5760 909849028
1063 430737099
7993 631682468
7318 335314374
21979 206152902
14473 826273599
19132 428150487
23277 936131457
17255 848687216
1597 799316855
14813 81563362
9320 516010152
19567 460404193
19143 538270501
2481 478450032
21105 492309506
8083 854371490
1805 999523924
15557 142768650
7694 383621418
2409 167385830
2105 314865505
14621 877743325
10448 477417449
14094 926093569
7462 611891589
12192 442801943
4717 468064749
13434 991729429
13754 215440579
22711 599878747
16577 305742710
12261 718190867
175 326054119
6809 53761992
14784 278398670
20472 179732953
12568 648773731
16962 978623163
4965 425818374
5655 939190259
10865 482841943
21886 55606958
23044 139979322
16060 799518923
17792 258819186
18544 248703980
11469 285326594
12995 150040492
12959 406558930
298 473351991
10271 75789448
11290 10723476
19199 698710800
9453 467399898
9999 939231067
12438 404029813
5099 685521372
8426 864671711
22556 870031617
11942 47499538
14613 190215094
8750 645330516
9875 434804662
733 960863348
15082 691359654
23205 96504638
24327 777588776
22244 22538261
4314 936590797
14012 749947668
5031 115950830
3821 766270628
18976 353219266
23672 252702469
5176 346477352
18371 17957286
17596 985066856
9671 653128210
13550 975534848
3974 424492164
11161 904326628
19426 717493969
22923 844404112
20050 122559843
16874 399358464
7202 766911518
15429 597265906
14570 457021624
15536 400423114
6085 410170424
8368 515955566
18250 627162319
22194 459468182
5651 410554851
4537 49586951
16205 277002889
6343 405813959
14162 64312540
7754 47275235
1150 69342213
20434 238880224
15043 489089991
1434 470474188
9246 606804772
9350 646082095
9918 785514539
1759 616268184
20339 310153695
8409 264348191
17096 233753738
17390 797738908
18097 264437682
5379 226773592
3191 286682123
1321 108709602
9937 792200195
20425 352211619
1505 983105960
14140 824783693
4036 457396625
285 315442548
1636 718442402
2353 850347223
20568 632734521
14021 113123251
9274 160439603
11557 481148290
219 17699929
24782 646143165
3915 360136060
661 349551275
24120 763969450
8631 802448740
20418 487610458
19310 508755210
4367 849294969
12180 675354916
21090 58035588
16136 522243689
19996 321892637
1629 973584812
3257 144403657
22832 72597305
8665 658939913
13077 950300749
21735 535765226
18755 116902578
22189 412289829
4685 705814119
2928 252878336
17093 318111051
4204 158137034
2833 826723628
2301 955637336
3672 141438579
20841 767837137
15278 196311924
16591 766851583
17963 533125266
1912 202092544
3616 881992323
12409 620386394
4051 164008523
11698 432103511
2994 784183850
13024 215604582
11359 711058788
4577 336955278
8546 278167845
3405 588967550
15375 253994505
2949 920284696
17159 704372334
10281 854954809
24835 461647318
8763 987848447
12669 820388754
9584 508384544
5018 706539049
5342 654272283
19438 296871089
3112 873440233
14816 173348178
24832 463181460
11032 990248288
4622 666607276
1402 417867457
2436 274048912
22942 996193034
11149 947461939
441 284528047
6794 933338761
7566 123278848
17664 472914022
16322 165438741
23506 828903270
14620 329041053
9865 81889362
16448 731820573
14913 986512176
13470 554257376
12791 339613166
12480 87605829
15075 44042870
21135 395904147
21813 309749669
24305 268970614
6569 636524896
16011 745124657
15427 255119953
21732 632393482
19865 854731906
6132 653318996
12943 972707442
17365 701223481
24955 158093658
3700 491264215
13806 515288339
17144 734775474
20380 967078647
22772 483522440
4699 80291989
20854 512577469
20599 318507806
11650 449785799
18215 328890235
22181 801687207
21236 412324646
9462 364863699
1466 919161111
4433 711799813
12682 197748053
9373 278397516
1271 257014266
13049 268446505
10495 677335166
6225 646954582
10087 883923235
11366 867670931
13392 124327851
14667 914470761
14689 943157274
14486 101180544
21124 483495110
24290 451708831
21464 453462241
652 140194401
22698 642946685
14982 533399439
5111 109923854
12165 581008691
13538 55402746
23681 403631730
16126 135067700
16405 365113122
724 653570053
3867 943065529
18216 316015721
22892 384792027
203 867397779
18170 988699042
6481 296248832
14493 933021971
22280 732909748
14326 420918379
12578 763125721
17999 478257883
22706 711697884
13156 793632307
17422 647366772
10990 919156070
13648 711926333
20700 264082791
8475 697788348
16481 569814579
18163 230103017
16662 426770403
11994 352547772
20964 329273060
21167 932490608
2005 522187140
698 179184139
8880 186067735
19657 180475066
17196 202903178
20916 45011121
18946 939732611
18134 728257637
13879 128722201
8693 671734573
2388 253485974
433 341990909
4257 769532500
9888 267526102
8021 891268822
5395 949286487
16356 922628246
13745 4365293
18775 551232502
16186 451273538
24141 604646704
14028 984867261
4206 509261831
9081 132262169
9214 883891642
24977 509456575
23803 959813544
12837 469696068
11323 717789086
24509 156351302
16218 942154966
23374 922864507
7756 391760121
2072 891030420
545 374133022
5557 536883889
19103 26709627
7110 56722746
12250 508284127
18032 196956401
16442 107615783
4888 31933091
14902 967436746
24775 304610118
11457 658005171
21821 535374848
15989 32392864
9166 878258293
14238 739350722
10627 268154815
18920 202841676
5481 835091899
15207 368488010
15685 449441854
9114 659032554
771 847058146
2828 411208999
20228 697738909
695 252414368
721 114405394
12833 343013502
7974 126727666
3602 106505036
17333 449998422
4430 730590026
9109 783827046
4603 286040943
12216 465335465
22808 206889237
9984 331005837
18074 748321281
9518 417070521
18115 407197431
3418 179523378
17058 758595480
17218 825754258
14799 960430252
2339 15713246
21438 42360708
15816 547659877
16215 87537980
3416 955824805
17654 340548638
21333 924367324
3423 141153862
14060 136865555
22689 762083535
20393 602561021
1199 514501049
9180 972741728
18164 378134590
19860 725804877
23839 81945907
7746 675974856
17028 989345340
15571 677405025
164 88252441
1195 622536178
592 599069606
23650 899887902
9432 113568954
7945 235774620
21609 760331684
6214 465829231
8054 478935574
3120 407867422
21032 875109072
6477 622112051
20998 922490958
5747 733785209
16578 151040795
21580 458219303
24880 126720688
362 207830026
2663 524105049
2642 502667076
2658 229161747
6498 939801555
23229 995484186
23149 412861665
19540 802120189
10429 871334668
18593 62992140
1082 953816394
20224 522769663
13730 665938060
14596 847658636
11294 627853801
18165 574426154
23458 898169421
19378 554762770
19662 935842317
18764 531250896
10162 775198707
22717 216215640
6572 720362676
1089 217647099
17398 364454010
12047 748224039
17368 943280764
16225 306150520
24219 120817140
20051 830481924
4053 67130492
16568 446790775
22611 825190143
789 463080694
24304 785126535
13015 889704796
15045 336856370
15750 407736406
9211 134331762
606 892384979
20824 536715428
16631 541566948
5671 49733563
7287 915532161
16786 458245248
14951 746768947
22562 103196627
24121 437798222
18993 259914431
17479 206769759
7564 486275521
11919 777033971
2775 536270302
1149 777791937
6659 380501631
23469 762385520
2223 302401786
1511 313431440
15905 79257032
17114 91832351
24866 656558285
13462 784458131
10702 175726272
6556 58027030
10874 543572314
10583 713660704
1223 384428529
18770 790857386
6283 674374492
14091 987930933
8336 427930807
3661 35170831
6353 48048757
7766 976947404
22221 123834989
22917 747601761
10196 268771822
16116 212420275
23441 418291401
2746 194539938
5891 378769368
569 168172520
12786 554895608
13758 697689280
12564 377544622
4369 623296524
16372 627898474
22093 510322863
11463 222865478
17442 974596607
13045 269512433
2137 756896569
1852 103118233
8609 693424080
6064 965321763
19301 966200968
1070 654002049
3981 111137717
1129 469689217
20672 331535462
10628 417355743
12603 81011706
22344 492155707
23989 439722425
4329 663283615
21375 761432609
4239 504971325
19343 140120860
449 960081522
16838 710770213
11579 386258315
22248 488132245
476 814070588
3097 989370540
18733 420675912
13996 720222193
5115 429652979
19193 525480306
3042 504750728
6613 894241384
557 460557429
1487 352361957
10398 847404576
10805 131342329
320 818785386
12737 215299440
19613 693946186
19387 82110374
23002 515271915
4303 643242911
10333 585597912
20 804223590
18421 339088443
23393 817268966
582 903994654
2357 461050901
6594 577744127
10724 856053434
6726 470206421
21594 714232781
22346 581820493
5527 532950947
22700 264304449
20029 774411782
7350 899308612
14224 522607498
20635 871306260
15504 743178043
18883 941602786
16903 13173170
10109 114258162
8406 338086118
17948 976576908
3321 107198721
11741 364154837
24679 892653360
13286 281165804
8299 351056049
14142 7394634
16337 27623797
13937 491345034
1390 414298740
7316 699846434
10578 747205284
9190 238266961
13917 80913020
20242 202779563
13793 287327786
525 403151159
23078 345471791
22537 150365457
16449 43821441
70 301195721
16473 344162030
9913 981734413
1814 496863870
6068 613164437
15055 392798048
13349 947481532
19545 246328616
15196 46444565
24190 200645563
5535 886391698
8208 318171924
2035 955950548
6503 740304578
19687 357964669
3036 166169637
6238 433875627
4476 38483738
10282 712633213
135 702973722
16197 854124335
18917 374794515
18426 549099243
21115 967159340
10806 320093281
3304 895298123
24233 937255777
22583 921948915
23361 866838114
224 341647895
23499 713759293
6665 112208894
11044 853456057
18100 844580880
19328 882648179
10773 976427011
15053 586317885
13438 808415759
1250 921139674
16959 442515172
131 544650502
18627 665540869
8691 796595125
14078 941428012
10716 176321067
23410 977538078
5465 798164750
20180 713913114
24326 961518281
21486 976983621
23651 450841502
10210 429704264
3710 735603112
2033 887560692
4704 414210293
16146 512531071
13676 739269446
22451 662583170
11581 549835106
19917 122992513
15877 155062477
19621 138699356
3794 484070568
13659 669723093
3181 737222220
1284 962052655
10945 189008104
13823 755516135
16948 819289401
11421 320231112
20330 393126745
3001 946267850
1970 359102847
24808 894926800
17446 692900704
19263 309910795
15284 326389451
20357 424783844
17455 542483509
24333 922448975
15057 88629975
15801 598926491
7157 113650732
21279 145280839
10718 220195578
1962 988117550
15350 499816460
21330 170250783
8369 371505238
8307 935333643
7015 581650752
21749 174419144
19583 249279681
18101 805647160
24505 216971878
20211 983221135
22879 6943047
12463 424039893
22797 852225626
13855 260191720
8845 466336269
10407 226237104
13205 864039840
22327 379859801
9726 392543667
5682 896838983
22762 469507163
7226 232795931
19005 452025757
8941 842554570
1971 665428758
10928 313186752
4301 615217019
20002 599456619
14050 321987283
8402 478635876
23153 436687194
10635 112285543
2646 643531405
1002 835414119
24660 882376474
2465 2860602
5964 282298899
11915 281428227
12994 409515443
13472 244442329
728 522111715
8458 124715261
7273 195738031
3023 564651756
14052 686665648
5841 494934731
16880 842054498
10239 569258536
2729 769894308
3397 863722513
4356 546673978
20891 362084094
20078 735473296
3133 253639558
16339 79837420
22851 789212911
6307 847818335
20221 87517323
23984 935088980
10964 874923168
5148 670083260
19166 93492344
18897 931193817
4413 621835033
187 995691338
9657 170059103
20145 928124659
20552 58990414
14540 540507460
12817 81376172
16465 30498681
15079 635257933
6974 219925560
2125 935244215
10329 708459762
3912 821992890
6715 757922437
23780 868949744
20983 205689385
16320 796913616
9266 655784339
5343 965615338
2408 189989049
20642 763815944
17776 847315206
19270 512461599
11651 984704016
15539 901046150
16412 494228051
13308 390816851
925 233613231
23565 828464110
1267 160058095
15628 979226965
24696 346452152
24507 138540063
5672 874500276
16095 101363406
24341 636081860
12977 441467110
4455 64212886
24282 4821066
24881 279125114
21232 169965851
12624 951618478
10077 460281472
17779 214487697
9110 214718210
1361 922301670
17063 553799212
12601 410471379
5756 250857153
19539 50122417
10906 327876620
21409 472915285
9012 678578859
22228 266329098
15119 417670020
21087 268533824
11195 499511186
14401 880460995
13425 769422305
6125 427852613
7530 103166282
14263 842349169
108 988488716
3307 571381997
3194 147510574
1933 599863116
19727 499734413
13610 927154117
1443 930194629
18639 442195279
3211 748015120
10289 996319532
4316 958251789
3268 5504797
22764 864123029
3749 855351744
2748 626049447
3963 106613380
23042 127513927
6829 238021231
15602 301962642
23114 651943993
21006 265340329
22438 397757542
5779 956389601
23959 578180827
19843 469984119
8976 572216332
3515 664143904
11045 28317601
21954 263835701
11133 474110239
12897 745558778
11512 753158602
3849 747327555
20216 968084760
16509 706289532
17124 540254285
6991 580128462
5059 61276543
3149 835614960
19098 877631019
3938 10218754
233 765340578
9355 160399274
20424 105488139
5718 283200408
8857 40416200
9786 99060626
7869 959782508
20873 867263087
17171 302262829
7302 922514048
18684 390689523
9694 78390981
22340 534999525
9538 59500681
4201 843005192
9296 363994539
23739 835027445
24487 104900801
19563 452922971
19179 800848917
19316 866865423
4343 950079052
24043 387930637
14909 826377513
6415 949769193
3743 19669999
22520 361155070
20755 72870638
13627 863417745
22237 920583851
11255 211484729
1658 765094783
727 881086013
4759 479217315
8735 467398185
16297 905294829
9293 271019238
21554 434139257
22847 973264805
14422 783088135
1640 730600109
3712 720890408
694 210772782
20681 514581975
14074 865001989
14981 719785418
6145 690000078
13217 375281174
15210 987809778
9891 390735333
3858 835871555
18880 979010068
18574 896212037
8423 778532466
17960 284265461
12170 465408184
81 383647585
19230 652609197
7946 983670191
18794 378146322
21286 178658213
21040 379144907
24864 513814770
7175 764968955
11435 841802768
10502 706394584
9645 169833399
18588 152501123
10641 467371739
23519 207814383
9303 525835958
8757 919918117
13352 766067781
105 896225462
8805 120908742
5438 840758141
21600 637222838
2532 634932560
24 42587535
8713 619545936
6418 568175638
18499 948724511
5368 772976816
11251 271530700
23752 193359768
6279 795131939
19885 39675042
14775 697811606
1448 633767223
3383 668358496
15878 24476340
8151 497885190
18262 429883917
19008 319133260
11784 467820017
20063 498554843
18124 813653826
18087 723599885
17850 884368037
22276 251318647
18511 580633862
1483 439948694
22505 903968064
21360 462401465
4923 873561900
13453 805925801
8686 778775157
11734 906472570
2613 834626426
2474 767712028
16505 910848572
3947 370922128
9243 720355826
3373 741480451
19725 62160984
6953 235273540
24614 932000288
11800 556022392
11951 244091764
9195 677852490
21521 457474476
14476 326473759
4033 183248928
13711 8719094
22829 119984217
3137 356864865
10631 251177812
4902 559142677
5708 671968932
6035 260254063
4813 61531791
2536 581653630
10538 317410458
2831 311917418
21237 426834090
15587 802530809
13087 162314899
16169 692566840
24851 70792915
2692 419429475
18906 488469315
14801 550181993
2372 974213008
3292 609022853
24372 791064462
5849 80409447
13203 333949589
21876 366231187
8710 748264494
14895 188345226
17092 240096569
6746 106739174
22757 230774855
4079 61320925
24540 925069321
11840 911454456
8467 549799168
1377 994778557
4023 489519613
3941 727138812
17034 943103194
11240 48220674
23251 2226397
23560 200754689
15383 390594164
7327 65545029
16393 729969566
6737 63433924
24513 153432321
12008 406945709
19699 814303273
1306 949924056
4528 231266560
4985 847590241
15769 902367587
8994 926063593
24088 4561146
4890 505562215
19855 129994356
19610 790980760
15269 430500173
7669 545884091
20576 61127340
22306 431801187
21114 47584842
5903 245065501
4089 992118688
22742 144961292
3201 694238444
4198 859878039
3853 905555576
14883 545817425
16422 696600975
6470 637664522
17490 856945276
291 245980416
11534 758370394
9893 256159218
7500 65837305
2008 809435521
21099 167665099
7502 422066596
10468 538854946
14252 999811262
4545 149753484
14614 171546708
10364 28273076
20325 994681582
1775 109958542
23659 727780005
19210 183186586
19544 997013756
16973 575032937
12032 305394212
18330 633636214
1582 604423656
13116 582425407
390 552648898
10924 129576761
21259 38387313
22806 331556226
18875 247435671
15208 986847184
6956 450864935
14720 596646105
2059 674933746
14704 679652772
16000 935795907
12516 364946102
21773 800110829
2556 972077530
16216 852717652
18942 319422406
11455 712599182
23226 980174550
19515 579811952
1366 986374030
24284 658517522
24479 200234897
7452 83523234
14753 334226730
20679 301285561
18130 713806816
24291 866344122
14962 445637947
1829 98221515
16024 459420181
15888 833210905
12790 508905185
4097 496555717
6596 546750974
5507 329632828
1092 730872375
13720 137173986
8825 443994908
24621 230649807
20715 391085719
10685 386501038
17860 919489390
4042 595171132
7719 973867897
20270 199218006
13910 887168739
22373 383115923
6815 126093136
23159 230639199
11191 883168572
16736 520535800
5012 941921176
23855 307701831
12662 932884461
8657 639442481
22254 956827243
5455 405569875
11600 461756458
2936 303317278
8071 257019936
2662 389856180
22526 173283900
23852 412681120
21923 355114184
14111 280907775
17352 568053634
6549 135109408
21710 552141552
8405 546573759
18727 623467041
21042 408297450
23513 675135367
12095 890370626
19950 90560440
40 18827238
14396 523896496
12494 295162964
5930 82262329
3709 258854399
12964 877658513
10409 786562628
11654 821360208
13007 372802720
12188 458842318
12084 878051833
11628 245384358
20455 753236405
14843 839123023
15550 961981021
15144 52329666
3135 421931185
1230 763122755
18406 569081410
15620 716078504
23616 189930117
20698 556286504
11279 888968412
11806 765528883
6384 483535516
14269 353995754
24006 989838060
17536 521689518
10080 878605525
21770 905393324
3183 874786689
7814 421441373
4125 620988785
14222 261007760
1985 561434260
7917 553662134
8388 892235
11865 873008187
3914 9177418
16004 974831140
9616 412736990
22630 879900255
19472 966692814
12232 106905891
10152 290131329
18303 519301385
10354 366311311
12048 455001350
6079 664504138
23202 616226764
20912 288365321
20464 758683687
5509 8181342
9592 242042643
7722 757716758
9813 685365550
20896 734650805
16388 985441549
19084 973055435
6962 75007701
9620 871195616
9439 297857934
7074 937861783
9442 288892038
4327 819955628
346 33095233
12475 844618493
11356 181023151
10826 678540039
11260 488502710
8749 212110423
4095 549820286
15289 861361313
24375 241180164
6094 450553223
10840 126152153
20608 52756033
18378 136853409
11196 218694983
19686 114370062
23850 390992956
17399 60012917
17597 687261587
21920 468771645
7231 517476661
7426 994095500
16452 794115688
22457 561522058
4904 866811524
5478 144009019
7980 227484699
6266 848419366
21882 344324200
14922 80501520
315 477188484
6071 378949386
6137 164495052
19133 895245503
12254 991325394
9231 156365326
18469 637066242
12357 882784995
22915 312030944
20121 968093348
12382 720371634
16781 690436753
87 505079939
23702 432617376
1251 111548004
17339 705647686
15220 615356796
5929 15569472
16430 453879239
8254 604879150
21083 485472727
22787 128061744
6494 638975958
1234 476191398
12298 946520914
886 463311878
18895 648220257
22143 559451186
19496 721150853
1005 383039352
14884 673656187
24869 303741443
6690 979618381
5603 963426018
24340 461968467
3420 258744015
18581 915702292
24394 697691155
6057 975617841
2490 630457020
8672 469788597
23788 228254099
12090 577095850
18445 737226157
15660 997870598
2240 169700016
2314 449794144
9615 12699269
8366 953577873
2562 422729998
400 966134618
13188 572067651
10116 204572145
9075 899559950
8921 958743109
10176 663165917
6360 755981429
6895 397184103
12077 977421349
23283 86313023
1325 373274882
16386 142378437
16592 770130024
9019 960965393
288 624724875
870 377839344
12097 705523835
11077 369355485
22043 261409438
9102 8652645
12351 801607135
11101 535839140
15849 551159639
2816 58781119
9461 655606419
2451 876150683
4026 722266959
4508 734784108
22000 199909556
4228 775509674
7765 801981323
2810 606901686
8871 661527082
3654 95464635
11187 273424388
13499 366533896
14132 200927904
1227 918613738
6923 222408657
11199 127306060
24612 516214366
2803 235313937
23162 598526026
9379 364652297
1867 650409828
8827 458519836
15757 710674624
19064 113064528
18719 710512052
7386 547297921
19360 96204872
22144 169412489
23655 156826229
2991 570073887
9349 384500570
18007 771422121
8848 842774773
9023 424332225
7627 87001714
16869 901649004
21310 539899761
7723 956145569
1736 12235682
12844 724048921
11063 296328967
14191 104173809
22185 446965650
23576 115333843
7812 642770469
5883 435749809
8077 1524566
16248 113998015
19915 591057665
3171 550141548
7640 913683293
11250 711593871
5266 549575862
4688 581743514
24857 498025504
10827 84802176
5797 632161313
23720 860598075
11232 645367244
12653 34583654
1071 129208246
18576 920458547
12927 597639799
22163 321075564
10346 699193878
15923 615334635
16831 462117969
8202 9244784
3466 100614309
24547 454376783
11580 807871407
2362 479660909
20043 930604052
24873 21509055
11258 675186071
5868 418169419
17748 17038806
2051 641228122
21072 826343161
14847 999439432
12676 77012378
16490 570707878
19713 557424751
9034 551324253
9818 954334246
16213 104370213
19574 388622584
20052 528394564
7531 148717820
24273 705973182
12580 111775497
12100 175214661
3270 409930132
9150 867884385
1716 600840125
13693 646839907
21556 635636762
14202 651382893
21059 943806910
3988 81786348
5351 645136890
8708 846514497
24964 944282452
2737 913899752
11122 767593124
250 209318717
21260 340220809
15110 602310334
9351 884900230
11126 180144017
6030 952281524
365 546416155
19194 440913889
16603 51455383
20827 623957811
14552 748283108
24014 281822570
16191 203014846
12199 374386518
19696 391599897
15528 267103757
16409 312421571
22450 940095506
9915 966543794
2880 964322478
13124 340954383
22171 278064513
19820 258571440
10350 925872497
21514 418862840
14426 895950367
19949 481870786
13619 534969703
13650 57905677
6655 451261589
20887 960569904
617 211683620
19550 268378742
24445 695042747
5016 417666417
8795 758335397
2108 368895885
22573 598398846
21711 57122866
10482 258740687
16317 937075588
22580 866684906
5275 928907882
3864 817332763
19335 244640303
7857 216641614
13148 960506207
9626 808101075
24651 909781631
17612 307361045
17924 348311830
13092 329680266
12348 681361928
7451 589633789
22162 603882203
12089 578716472
1564 340923939
22120 595638787
17136 894436730
6696 262554625
20706 966307092
6069 770652043
8957 57664970
9669 479918642
10156 803452514
9007 269910020
21567 901988105
1874 634517562
5720 570016665
5298 89011783
13633 97055047
6757 5211941
22660 691290813
17547 338862092
12744 716460147
14991 630249644
23256 42332588
5071 905851515
3948 601424464
12608 526556831
24641 223204642
10332 309133688
10098 403045274
15348 254637167
18054 520349673
10192 875353616
7547 966240562
4513 714302386
23253 658532104
323 485042477
12569 681367570
11192 759583845
14949 445069615
4634 603344567
7222 313376572
11288 144564600
5777 972887757
10818 183214473
9948 982613088
11365 422603209
24840 797424490
2324 69352409
1988 919161461
7872 857835902
14739 529891105
22647 18071809
19664 86528270
7889 739297095
19914 388360366
11453 605282061
12748 536758194
15955 25484325
737 293724586
3249 40915904
17564 669730138
7312 235845881
12201 230357935
3145 672159459
24033 516625078
13145 93625342
18135 180241071
16063 617158252
10215 713047730
17814 288710354
9877 901160780
18263 572990280
19258 937763519
20539 166717967
908 604306244
2140 61884234
16192 207213798
6769 209540138
3208 323650641
18028 963134000
14788 31891851
22124 113212215
558 499089078
17666 289284572
14206 734962424
18640 561116135
24029 483757227
10438 368285103
22614 838504857
16156 610097238
8170 47062220
3215 61215178
19284 150409776
14197 984698456
16685 275831067
12765 217287925
21545 211311292
21277 921362532
15534 821399123
19147 91471048
20026 885553987
9903 780694998
5091 387776023
3851 170586155
13543 589332314
988 497592683
13297 575462766
1291 548254348
5796 429139082
812 870638393
18246 418357224
7184 227998582
21113 868875161
5986 749859252
21382 697669709
21002 381007667
7089 853921887
635 365080708
16482 712884992
8030 551956488
4426 117133654
10830 670997181
5221 498422211
2195 525138294
3169 655472808
4953 156382001
16562 99164363
10172 425273814
5463 3289048
13549 97941742
4140 238520831
15445 770668236
12798 792155967
24615 692410306
5185 655595132
17847 819419180
15123 207255046
3626 852589777
13322 877037112
7559 55720041
10275 448074755
9563 999239460
20407 57316002
15039 928622872
2953 8809357
5442 28732248
10484 355522587
3348 846216772
21298 288389662
5495 438091727
4187 996766992
6942 989342344
23265 124393662
468 161078943
8846 526132409
24738 791667811
6821 324235458
2038 713702122
23988 663765922
1625 826756281
17359 680273193
17499 888372717
22864 325138798
22920 181685221
3977 587045027
13435 577388933
24140 664377241
5526 336739018
20893 782162612
7141 684663823
21226 193889630
22472 311867095
23730 725673788
8916 960603528
12062 751046628
24678 443631458
9967 758201958
14298 64039152
8027 896959306
12646 133102670
22524 723642939
11027 919586849
6264 953670800
20332 509446092
22058 860359259
22599 785686424
7639 352590187
23144 985830901
3465 615554275
12257 464406044
282 43862572
5880 618909654
12346 476097537
2747 828940378
15639 292195762
20795 360207304
12558 982767749
956 52045065
7323 733044834
16751 850402544
18761 676367279
977 375894121
8664 322673203
8982 231634338
20819 289926168
8493 515248244
3806 320989885
321 539874196
17256 490260819
17164 767521655
10469 35162241
6309 534636351
22109 621635184
9953 638156414
16634 930814950
13245 943548358
23010 214154458
24007 880016395
12621 557633860
1690 183582585
649 130367091
22684 962753275
6625 163015198
12145 529597987
20713 20342668
17976 663580471
3863 975561336
8335 625726794
12525 256312840
21921 489980493
17169 635330713
11758 542739936
16051 362239242
9390 182582415
17417 780661445
3491 459324990
17832 13366575
7379 456380706
990 374592963
16794 464282522
21347 878082204
16728 528523740
14888 535568693
14403 292499809
20340 691444936
7176 112420640
5330 677310409
12949 687805320
14032 883362311
3424 53120667
2193 907642139
17231 212620808
17772 307923505
18104 833675050
8701 652546172
13014 703022621
21945 697623070
20364 879964086
16777 846501660
24378 487150024
18894 756646292
24280 205876985
11477 292863284
11050 441970482
18705 826692215
9510 275375105
18578 144755674
15227 65574662
23280 252770435
1684 6269315
16080 475564895
22151 233726722
24430 754055990
1757 162367724
12684 449070469
9905 286150345
19647 963858723
1498 331021992
21623 750886194
7736 900850073
14141 375773116
3217 666466377
10645 155552907
11702 953057086
20118 83009799
17759 673192404
1427 989752062
2687 985188544
12181 951788510
15834 758656018
5480 435498177
7963 666091561
4453 97349529
20400 811912564
20148 898855085
21191 298649949
10580 70705000
16503 401634954
3790 742004398
22548 115534032
13058 984746264
14764 471644610
17843 942843651
4039 889237501
10286 775944977
22146 343393152
13309 742941735
10403 449911896
7597 568648624
21528 628301670
5278 713544839
7419 325103802
22525 23512920
6398 142483689
16328 951938215
19672 224525111
713 258333161
604 151972080
20541 216177456
16421 665990619
12350 767346654
1891 643509346
5470 870999663
7137 862586381
15805 947316789
2159 369567773
10128 380041464
2630 978439743
24637 967310170
15072 17950108
2859 62688074
16546 898084031
17543 347647658
351 513501695
23390 721378078
22482 128427840
10542 362828508
21262 107106949
11680 537571617
16036 663144065
19619 531656396
22959 516530800
11034 975160234
20729 671786664
3132 275811122
8165 864764820
2956 730843681
3544 848022002
22843 192621770
21339 395352671
9122 381545165
21047 576909579
24764 632373431
24374 275096221
12493 461274114
24549 527278208
20142 98266902
14361 703583225
24269 550684698
10761 888744142
24942 415103741
17268 433360551
13491 88166847
2851 422532582
20895 853270104
9170 687585874
19304 724165301
4276 229559689
944 674612073
593 940628992
21772 107809840
23475 309632852
22896 845798086
20496 80139649
23046 342141639
9104 367658406
21511 983258941
19514 226225732
22013 317554292
20214 482550703
12413 449129785
20186 714862043
24607 282840178
3275 114659527
16472 572780396
7092 395291501
21745 564277362
21575 146933768
20384 803204635
23382 118560343
12339 629038179
21598 376970215
3356 619215656
5980 777976687
4031 644692082
12088 716248431
7725 436561994
6067 420089895
7996 81843293
2485 555572760
18368 474874342
21617 537966167
10530 89175065
22342 362165109
2276 545239494
15625 483000192
23193 722516687
16596 288612209
20495 711181501
11622 307390213
5828 710221169
4348 539763148
24368 652054768
21518 363639683
15416 425793606
21517 952119692
7292 905716996
11160 595608831
7884 964897762
19171 229358543
23110 253142376
2773 746255610
15474 347908762
21389 334500129
4467 880186975
18878 43851163
19215 821135083
24993 651497685
4745 622873292
7439 31376104
2333 112422573
18637 686498249
14854 962800491
15762 843874910
12227 727460809
11079 421490459
19060 20107540
23269 740391894
21416 501341183
4735 627082322
3170 516533657
19723 382708625
163 887630755
13799 269547052
6176 679587623
4502 239967685
6220 769274481
6321 898242303
23602 998689063
6813 658016216
9061 829859319
13187 631777695
8512 269131505
3908 251118451
21774 440342113
5329 779592934
6474 237541844
10668 348195018
23619 145033186
15859 878859867
17312 187201727
4836 772037029
13042 319713293
20720 464341351
5620 430360280
3411 48353836
15186 62526704
17459 654262742
20329 753693579
5896 461670654
19511 590696997
3538 886364592
24051 62068959
11151 212663321
6580 489789700
23840 233400577
18980 912007835
14685 190727551
17179 557109450
21646 628101819
10993 944876284
15087 466464938
992 375775380
5234 304132078
20763 839284796
1204 693827335
24026 661140229
7726 437415735
3725 301427567
6553 894346827
2026 43704804
9245 20371
3609 260645344
19165 624451591
17922 668608904
254 88701930
24401 756664943
23844 721114533
20193 729479558
12401 889920161
24172 884899146
14157 916071182
16420 881135307
8003 967688645
11846 21722790
21608 966132021
17717 458572137
22980 902097833
8245 797540035
15344 54029500
8345 98427986
2225 542166983
10415 478195915
5898 919010037
12966 339308247
13740 392799235
11684 128606947
21664 230379831
5194 767250022
12672 966219485
22665 7788489
7291 896762365
24098 531005532
19262 252384078
16171 27373468
24285 360002442
10368 734395249
17178 275743613
22032 12137771
24404 612053158
2078 505386559
20399 812262832
9974 918803075
10352 831761970
13661 306191197
2580 202703305
12542 362740547
13155 787375006
7048 151084875
24995 403433921
3880 4953331
13273 184072376
23234 792173227
10228 394153660
5157 667849863
7155 966950288
13384 242298221
20304 162388531
17672 259316289
15299 866721957
10276 21861758
13635 841110209
2673 810797808
2502 90706280
20758 832551678
12118 127853957
11144 459719210
11516 395334974
3894 76804143
2899 716184837
12344 324822121
11991 245995033
4984 899386743
581 429134973
13079 678241773
20995 62391539
1051 980788361
1770 718467770
11350 494107712
23147 311602883
21029 105187710
9425 817565571
6170 565783882
556 599682352
15765 901687159
22113 182540626
3540 395424123
18958 241018540
5543 537786012
3599 668156657
19116 148264481
24208 957489031
15638 43275661
9502 834358482
14115 300271430
20742 700945427
13872 300178543
4579 173873671
17450 636059821
2329 270620675
20053 525294856
12244 490082990
11483 767814650
13081 4457497
14399 749131386
17195 315106184
18102 7375966
8779 767877495
15852 148549940
19970 376809971
15433 540591990
4127 603440955
20042 932537256
20159 722021929
523 964501689
7569 685359511
17903 626293595
8543 620567009
18398 6593522
12439 204806835
8228 845897000
7783 403347242
18914 526158292
13608 41653947
14235 512582518
6491 279109131
18351 181575048
6987 326171685
8025 893665768
16202 569726687
5007 562815335
9772 332114753
10392 76182508
21388 907555528
3569 10473230
16968 992647767
18314 581033813
14666 61699219
17633 199231984
21433 283048287
16054 628961381
24917 431638000
5919 141487607
10596 869808673
6781 763415508
1244 249962811
10934 708277786
14237 274680868
1056 519996966
19188 392078724
12333 46915472
3197 811279973
2181 223481495
24934 527327036
11201 467013030
20933 581440556
21470 59895350
8611 285839586
24173 962782252
14423 147063613
5304 794200951
13706 74250228
16093 731271152
22904 196369267
4887 163651523
15019 584020516
12911 278522491
5801 325740803
13861 84543438
9139 726319784
24054 331449207
4362 653762897
10135 795487322
671 337304602
4285 931238545
3329 177139925
1411 101320347
18863 191292270
15644 830209611
16006 15066266
9721 1093502
21574 822024879
8989 868314793
5656 190189378
10300 600458273
2345 49260471
8109 76249912
4395 619019911
20871 624058795
11699 844012328
17863 119988779
19612 757206012
8282 69388940
3960 518015809
3180 132838140
17375 461074218
9757 186954715
21292 996474565
11001 216101807
13353 283876763
8539 979305961
4679 995058504
20446 286691704
16784 894891349
12293 42079664
12080 527417477
9727 370029594
11588 572882741
22945 202976853
23514 903588071
16809 504737371
13709 776808186
7981 778304306
18233 40809904
12545 701400732
17317 61030674
21825 937004429
1373 610142519
12228 481366365
10726 514399815
14644 671402088
12870 726595489
14189 538546907
4630 566371089
17022 234159657
23323 28738216
13169 985363702
14118 217921729
2453 590079300
54 629774030
7450 418760495
20337 749843492
5819 237057025
6146 191197075
21709 757302877
4702 95164725
20149 386219337
10373 267531958
17276 292957079
2971 669130908
9982 884617764
20502 602800529
4223 758044108
9529 837241027
16896 208719487
14008 832973361
10797 669031518
16672 57554047
11378 907256729
2947 497233665
15667 661750047
4692 765091154
19202 935059495
14342 100541222
8398 623858455
7213 431638657
6379 533520196
20415 721838718
7193 235817359
1155 712513019
19792 297837780
28 481547409
24674 153041423
20189 904613633
9327 473583489
23820 884148090
4797 993376353
7186 39005461
14049 869712642
7337 887021256
1894 166034223
3192 548991422
5067 417042563
7668 170872953
22014 517555549
14520 24357826
14124 427324668
13246 851478925
20521 109291900
5859 714090079
3588 740697313
4551 396054853
8008 495761872
19101 170924308
10919 173333902
7443 983065064
13512 621554387
16428 681351784
9797 184304415
23238 684483264
7836 584636709
5118 544152542
6857 186058192
17027 848618740
24741 918960008
109 357434692
18149 435183550
21655 988438016
9782 479776765
9424 879694095
24522 856984160
3614 387986238
2423 896880783
8396 124924093
22881 507303136
21530 870776539
2305 776875957
6500 49540282
15279 31920142
3802 903026791
3350 317417222
10427 847730212
14665 921861433
18658 261468614
10279 281757230
21794 462892052
22677 81064668
10340 105012660
10858 753391828
2843 563400299
24903 680019042
7336 754111082
5301 793924226
5394 403500185
12557 428389929
1667 509581362
18752 206714175
12741 881059072
63 73510188
19784 170733539
22686 387928329
22210 822351640
7908 474656704
7660 397041532
8355 165152416
20872 399185864
17192 131181393
21240 31540103
6689 150785761
21524 201114627
3841 307242689
12696 622233372
11235 565994424
5814 769125393
20842 746300144
15102 936510634
22186 123004762
17909 12341969
9420 394661031
14379 42126364
7518 943154362
22791 608566873
23958 112373738
9008 471919312
17047 66266067
8363 938386526
3346 917364019
24431 422945760
9978 916362706
7728 395054330
23221 816989321
11745 459775091
15288 308391812
17088 196341114
18686 95896259
19283 802428887
483 76496156
19341 536025766
19449 549616093
10908 600387862
23801 723829302
16324 663433014
19094 780184740
10986 846848362
2398 997628970
17511 521736701
16719 427729554
24428 669364930
20565 420197544
24095 865693766
774 630374952
1107 872285917
8320 878945798
15940 785459549
18924 808001627
5900 174711039
19582 271114943
9522 871956026
13805 170127251
16235 866970714
6065 262320153
16852 245633688
21231 639764014
6652 464153800
6929 314704795
13216 454064920
6638 793097928
3777 31365004
15323 855317097
20752 944733636
17303 296740126
18292 989323169
21280 203000410
23797 142448148
16739 258811514
18243 934500720
7434 562354073
899 800854585
17340 625299497
14519 28680350
11555 333372110
13158 735382338
3394 519122829
1666 461202793
22325 889432487
10491 88749381
5580 156322615
24732 812946349
5167 376552805
18203 931923369
6059 922260516
1459 638357419
16710 846503654
18600 187357311
14321 427066395
16261 380546155
292 274677677
3361 391379209
7207 65522887
10533 816995164
16873 219559728
8592 50606683
5004 569072424
21238 239523532
18238 353281078
3025 615229915
16772 362765645
4812 408028452
1160 666708794
13782 720868475
24117 921915168
1110 582423233
7243 451827000
19901 762832606
10590 303206733
7962 276495012
5095 691423819
21205 838708406
5435 407884312
10301 965975325
11217 556721473
22683 246027785
2091 577584979
6910 588314572
12117 341928580
22484 644398163
1192 454065765
1556 75240773
9742 765800922
11853 433748688
9133 786082391
15239 382694295
14970 229034302
2489 217581489
14958 305244202
17348 352538609
1527 805813361
21287 681746745
23324 485978086
7966 353614140
14325 609493387
5612 884227619
19631 986810244
1712 723897497
3986 535464006
2948 659145652
10638 751761601
20991 495337330
1837 766131847
24182 217870934
16665 415410102
14421 313785222
16285 275437646
18051 644339008
3667 679492808
20764 340314600
6338 656120927
16656 882906788
3150 598612422
15447 369790559
21103 604804431
5785 532351063
19489 235972394
8274 964138954
17510 718482413
24991 192817617
9550 334324549
1565 792621827
16560 292374514
5303 685286208
22 590519813
935 489039775
23335 579262520
16258 212618817
293 45751425
24922 428292456
3247 780933176
16398 489321831
10764 458358859
13557 472605553
14555 302023758
20388 36724005
7672 412674737
23244 586751319
21807 425294385
11316 566301168
13522 674854325
19553 12598935
1438 74202114
14588 512709530
10848 42003256
16343 315525634
24960 4809364
13594 199294498
20543 237902133
15720 248756851
17699 413870750
14227 684411679
11860 794613317
20084 39975262
22395 476908068
16857 958113596
5447 708073975
19264 222422366
5056 756311315
7117 322574639
7112 466995198
14733 772651183
11849 874525058
10269 1491695
16344 532409307
15707 14796317
6660 701182778
12948 355554737
20813 753101042
8489 732527190
15097 435561925
18439 69506891
9702 800382992
10146 483633938
4427 325301185
5328 205724941
22558 745990844
13296 132983656
4525 669099780
18081 472202962
4601 667523745
11737 575759559
23759 384717731
13601 920885854
22199 675357813
17313 108497432
13575 152931334
8596 535116079
15364 784393822
21474 81966508
9567 463690017
18680 888305684
3502 514510227
16440 677472231
7613 732194653
1562 595836162
18582 228587716
5881 349336673
10066 207259559
24523 437557136
20282 496489219
19682 251269123
16349 789244305
13519 861062058
14007 873540971
6846 152722663
5070 273586998
15586 202328631
18868 510283157
24061 300898140
166 71889782
16782 251924252
953 867876680
1099 393656766
22652 392323003
6988 990566706
7823 832003562
10862 570519179
13890 581510823
2164 375250214
7179 99625549
21786 35619838
2058 654216609
7277 990907908
19428 555715641
10191 251710431
22891 310013846
11601 616321854
6558 159917963
7612 683340355
23444 769171599
15266 73049327
14920 37069777
1817 773550205
7114 56044702
12770 545512601
20786 454467009
8952 341204713
16365 846479261
19038 935672325
15238 236561593
18792 646112252
22088 704800871
1135 319892935
13756 885779660
24005 467419543
18020 324741790
13344 136663496
22487 971555078
20849 834221684
921 636184606
7169 286438415
13139 941946925
2711 889669131
10059 678255560
11527 977000769
15948 873459883
8302 862129165
21672 274195573
123 756822902
2449 816415540
16823 598348479
20834 926359874
20081 708752239
23767 805429920
20897 462910850
7067 439151341
8651 739582014
6840 509549419
22216 148597386
4076 875960905
4853 767731817
9503 202771363
17711 142535313
3525 666451314
1554 452648183
4558 674063863
18787 140223606
4794 474166678
20966 658146950
17791 388961017
5667 27730962
23516 806522647
3779 899108082
14348 558991551
4680 576791644
11848 12017121
13666 359990775
2767 587088299
20215 923907566
14657 645714522
7075 190443681
11967 866922638
1713 383721468
9807 753272573
19039 93550917
10248 270865783
14243 101902522
20422 644072906
24193 836916406
20102 248175998
6773 389659024
18523 544175197
20033 547359775
15197 716215687
516 9381501
16303 938699610
17412 840926641
13163 472823779
8453 760011577
9163 303702759
14690 167218147
11493 418181044
5933 139407042
32 982990914
13866 819141507
11965 325582687
8485 531975182
15635 218395894
23378 805177062
2578 369484878
19762 572559113
8231 241655643
23497 784744489
15277 230215530
3719 368725630
10094 161290106
17250 128592472
611 635726002
10421 976269074
4142 180236353
342 606268874
18504 226669115
103 569335747
12468 493071431
24697 126792490
19465 537741445
3096 899460106
12706 992968871
14928 77084353
561 749649445
2605 763782972
23849 193121215
6703 272627859
13988 966968268
14629 377147819
1417 35258461
2753 942616187
15885 244603704
10607 408825880
23973 3448344
23570 338782815
15374 138169373
24206 25595153
15736 786980470
9317 982557766
1278 93966526
22680 656891276
3124 978582121
20366 150277749
8716 674515497
21668 128172715
9531 375046196
2491 83823284
9071 959461018
10168 556911946
155 607055230
7751 322809975
11491 268794798
18448 123351221
7512 821292316
15596 818359471
22657 799546615
5821 361854894
3360 707574565
13904 597163413
21469 12988612
4154 501105747
13606 334293565
4496 348460030
15172 587813546
20331 696276532
24089 610216485
266 980000626
12714 151962307
13036 950242241
14919 505329050
6387 965312646
3855 697554018
3422 806796630
17989 585636481
19138 918786979
24129 54076770
9990 613348666
195 802219117
16352 959679445
15740 71043940
13931 34704131
12738 654883342
8014 566258785
8584 144205126
22038 563054441
20413 613744477
14261 705218279
19224 616081919
5002 767285004
14390 160998271
12106 778169590
18732 256855498
2726 947950929
10388 88658002
18110 415097835
8788 438192085
23171 763582093
15556 552316146
19938 81921912
3702 751462766
7519 45513765
10941 260980329
4898 189349672
3844 48197678
2106 589605205
22453 41974408
5953 892192550
10121 19072557
3490 351273173
4297 267812105
20760 235709604
9067 844215428
7355 270164603
21073 663473785
308 16364745
6206 872893885
17606 239173533
12435 695262513
10093 664087223
2918 270877096
8683 212552668
13498 910597875
21195 833436949
6592 218141030
20745 547597156
14747 948433659
8689 931531457
24464 809352871
18923 547591992
14979 339208944
4541 295794398
3299 435797566
14277 92727083
9497 200673596
5650 182874510
11328 907638367
125 915164288
24786 877950434
1339 853097692
13587 225351478
17977 802024696
6545 415468590
5089 578387448
14969 923078146
19126 769974472
4621 19446900
21650 141934348
18308 4218418
4401 487923093
20196 775854879
11856 632474908
5519 246015538
15274 441599057
2589 447493391
4354 379710251
20301 76907141
8937 939397483
18041 600713618
12427 758113721
6284 585539088
14779 115603632
1899 126814745
20823 362800777
17425 143054034
6954 627525625
19298 733017958
16020 928819348
15146 289906749
3726 352568289
12773 543242696
20244 790603442
15418 523281132
13440 713068643
15861 221605628
2883 364815153
13965 747711451
18397 727202369
18603 328491032
19534 452749298
13310 386089396
11982 136855654
24294 497667558
9783 792845183
1559 886462606
1977 679750913
11752 535731351
23199 164539919
4109 535435679
1578 883919165
3425 883394044
4295 951591519
12369 379588580
13907 583574247
18550 838062596
8627 753973176
7322 964804227
2275 741923177
21381 401652
12187 489039666
18350 999463628
19055 854329975
21916 736363896
12014 582851896
6533 948900473
15280 794266104
23454 315953205
15815 431177020
2855 184164892
18928 533226418
18360 924735016
955 6665385
16643 558265490
5611 196958239
7631 497760142
16027 397875150
5942 838049431
13316 58251701
10779 746071943
3188 444932458
715 776210337
17400 486886585
3575 347854586
11569 970109602
4474 360509568
23860 503839033
9236 762274777
13090 296121087
20717 833291682
6027 577580544
24019 976530862
11904 658464936
3489 586456945
20333 324919350
10657 147846027
12735 669203029
14054 408648324
7247 403889042
14742 624236919
21081 562983206
20288 619624794
20105 200164865
17452 353073304
24110 883562235
14577 175994060
9634 34932254
6088 809247260
6446 108495951
17462 123580355
13351 741218665
18335 142949603
2407 438576172
20082 378765464
17021 459843090
2626 583324610
3144 550771463
12301 690235348
20431 641286792
1855 327504879
3823 79769209
5932 807196689
2745 456988326
11692 127013005
8330 800497480
2118 502809599
15780 19231379
6097 610291367
11452 179435296
20665 658657324
22586 68916707
9099 892977750
10784 133276662
8295 67930644
20165 292788345
16989 380154179
1336 360858961
22826 632310176
24886 49593739
16791 579021044
8250 666532174
5259 625888459
6787 253805903
21039 949103269
7501 422972511
21585 649800649
14062 27552921
21875 409973194
10594 71180290
24440 973703332
1248 797122654
18185 557001663
15240 291239298
8235 547751958
3601 503149722
2983 865018314
19708 758428243
24330 945039077
22502 920835317
21542 613852503
21895 680906887
5218 681463981
23734 778513441
8826 884598619
23344 427795824
6329 914432064
8987 841274827
6749 637239470
8783 324762848
20080 317153984
2257 389555240
2539 162934491
8824 894863770
12281 568771807
5791 617345570
22287 854253168
10793 814875664
19869 400154204
5209 648541238
17220 857625522
17414 726412061
4319 829980962
23049 420496019
1730 527341719
12138 584171258
9654 944993026
18859 159507769
23112 870270869
20990 407648455
6120 770015785
9649 310313644
22890 887317543
10767 986753884
9344 391611497
24133 649632881
14826 152808497
15544 596035220
138 995294488
13979 811298435
23286 978301172
7246 292307776
23168 549903063
307 274486420
24670 757793667
13643 487620570
9307 396026875
3184 533390767
14185 997887381
17323 902441225
4572 315991495
7440 887128721
21799 670615195
6223 212789261
3756 560777553
4425 657788116
3657 910347655
15671 32098667
3543 677726102
22681 295689861
24467 792280312
8745 103026525
17943 460606919
7827 784896060
21602 239870535
16946 334612415
17154 797326082
8855 224603406
8414 656843829
23095 165472610
16916 612318646
12042 988794886
18473 99755600
6371 183889563
24209 896354398
9291 132242414
22442 251700802
21332 346081856
16979 148440397
17042 910915888
1763 576057230
2980 288150947
12955 589613785
17246 693716484
9299 306999697
18650 609926629
11708 533141960
17680 356116540
23079 55286218
9151 159660363
21408 378848557
12373 702482253
7911 968015311
13653 457620782
18207 808841915
10432 964563724
21417 368720376
8772 602295533
16574 289950667
11337 82817029
11033 837611819
5642 648008116
4380 342066502
12860 375240552
19620 781413002
18669 281650046
15535 356291017
14043 833520629
8646 433255822
20226 841577015
21062 501002690
6611 864049902
24494 277383937
6501 179553653
7303 674979932
23179 20044068
836 349463933
6525 902888549
10442 91881994
3796 174320342
22939 768555297
2252 494387801
1081 552516339
12329 370223609
10845 448640171
14451 258928213
12024 601117607
18437 275048759
13791 332530149
18393 300087458
6789 32814008
18176 93221656
8891 744752951
6571 554639139
23120 170501122
20986 989393540
11802 768311048
4236 283851009
4120 597764357
8266 44896607
16487 832912288
7577 513824729
7989 499504287
4083 658060385
6668 828948617
3773 34875709
14980 618088438
3098 293859113
13794 123979703
5079 314325586
218 929441815
20719 515247933
13755 24421986
9755 234625834
23551 460060136
19336 46034110
7356 847097443
21972 883860392
9474 654721314
4192 326604063
22492 464833808
6520 694081519
16327 197494833
24847 883875538
7283 89615996
4134 93196104
7984 414779782
841 401204572
20908 848887392
16273 898010829
7391 917571507
10897 884133740
17685 303478389
6273 18197374
11842 689460094
16223 648599516
18131 351461995
20000 128539235
23385 301638840
10506 917017812
9837 917442614
9193 468006477
24059 780884455
21023 530660237
15399 612927638
9666 960377673
17553 618665210
23694 585479472
10255 311856947
14601 403233796
19397 479192221
19974 180587500
6713 658146018
22092 564566880
10856 566391326
7084 841931524
6198 394177950
10365 828572040
4933 292422336
1052 826615323
22067 572593816
18560 284324622
13902 497996924
17100 782647752
5092 750545988
12555 720216227
24478 723715159
6262 336251348
20360 367553846
3789 342331122
14460 397174952
15136 775129231
21119 442649353
23811 936863778
20562 441324297
11751 600193110
12513 181234257
18694 212853432
12399 586767815
8084 896964089
3110 163242934
6880 278228022
5757 194342208
17301 353323475
16920 734086740
12518 378552539
21693 867440685
14163 671743675
13429 622189269
23189 832567762
1806 950790384
19804 437055859
23670 268728432
8644 653569493
21335 371393480
4928 710321461
13108 742785781
11238 839733692
23116 847540212
5844 15858133
4090 808184085
12109 995896619
9491 715311711
5970 679226943
4661 777033830
8692 758916489
8906 16215691
5585 198746067
9112 182136530
4939 995513069
2024 218255552
24560 856774437
18155 414188108
1959 546926430
20326 43125031
1919 868634195
17724 93640521
10173 754330556
50 548685456
20172 795388371
17864 397947938
1499 992266873
7687 857948800
9608 433372898
21687 20474655
13948 705833396
2320 587714077
14194 932988116
14805 550614138
17346 533997982
16259 87428319
12352 200378292
6389 481084872
23233 386837402
23712 332429107
10505 1377525
5168 339637362
5605 19326371
21326 252750223
23293 741195406
2888 471484654
20857 964865367
9477 430253231
18925 549259590
24276 831363398
12276 946527479
17386 428607875
18607 612992981
3279 276290924
22515 215502985
7680 270168983
18860 953099462
12210 556103631
14384 274311734
16392 960482196
19480 991543474
19788 341831780
14410 230920264
11940 340837337
6426 120967300
8128 25904364
24892 894993303
20655 843156146
16457 914533187
14018 14779766
2009 678184594
16553 96393218
16284 130297032
14096 93372778
21909 648203318
5654 570453104
23676 657918693
7939 641724751
1820 352215380
15498 597172509
17694 903050567
8523 388946708
13658 950061112
20054 657155646
9186 308228771
6649 414966308
4895 162862016
21278 653718617
4946 774454805
16805 210963598
6460 941483180
5489 139079768
11613 917736786
10236 74877178
21421 268664737
6021 520500602
7489 617511823
1073 691014927
16640 725512164
13098 803814492
12559 605872604
20249 630424293
8498 943645000
1 470492078
15984 483511726
23588 84284829
10545 633989269
20169 477150350
3567 202161534
20835 623057935
2206 354382730
13834 153598442
14748 285991522
12285 823583893
24707 693184092
11367 103892055
20659 210162047
9426 796408628
15551 230048777
16040 302095160
17271 117876367
7835 522130661
13244 135998044
11052 16179069
10261 378446390
20903 100625414
19999 174771918
19122 586798559
21704 715992869
10337 791594371
15187 458919510
23626 613119666
4964 241816579
17853 9327630
13881 845105369
9747 551303866
23481 417893426
23901 208435657
4742 437666502
23535 193422002
19533 87317840
5811 686342240
17701 852664874
2230 545276476
1685 413001077
8877 89251969
19626 70948284
473 58961597
12247 114734289
7180 595601767
6603 984215161
6033 661733321
20658 654165338
8350 598361251
11618 366852571
14606 698600397
10096 659238406
12492 709232758
19828 258487213
4460 106341078
5895 776740746
6126 435248007
11311 45140160
3484 573216010
6234 195538496
11236 949100873
23025 614216900
22535 621311075
22486 106204892
7992 498324066
16135 981072540
8194 355559430
19148 438790147
2298 504031085
21131 946843050
21016 565716094
10267 437035562
19941 874865261
10062 432432579
23540 772850454
18483 279266519
13162 436597996
21763 731481055
20419 767936633
23206 489084867
19868 945223608
712 440430744
5236 908425297
16589 937533409
3276 627810026
10134 19031621
9304 510892440
10456 999190790
5432 308393322
12583 432590765
5989 223914381
21097 416502566
6990 221387541
24456 911390914
22427 285645516
1256 283091642
10894 813030086
19240 406342175
4323 261331261
21592 72909332
394 458970815
14508 959536172
22862 637099096
23284 867425278
4462 406055636
15582 16803268
20797 693616622
1869 247861513
12780 66160630
22605 540907326
15568 335111788
4200 987033294
8640 749447160
10360 812172076
22123 534182201
20792 825031400
2550 228733175
12671 519149671
24884 873981946
19663 110131785
20019 375737255
23986 626652133
16404 828199778
22801 949726097
8639 169386802
18390 446878107
2056 682064760
8139 835902569
5802 324050312
7976 714331663
9506 707473241
3008 675271183
2416 989336187
14694 139466134
3342 836700750
10226 777994961
1882 205002050
23512 959450557
6194 43933095
24562 874871046
24907 181676445
20444 559739722
21833 364318451
7029 575900813
23793 218962362
12184 801690654
4123 227163662
6435 995908231
22316 661105972
1143 215535952
24565 170297438
11283 389939118
8649 292075550
10682 17775703
12561 214458643
4170 491769044
14424 141820916
7262 22967967
6294 216709518
9220 8465685
19653 885930196
12353 77409779
17031 406497040
15766 230070773
4402 67610359
94 176653590
10606 128207169
7679 718552585
1115 389179556
15265 441365200
7094 925307130
440 184897324
29 991065664
1871 182921178
2929 841655590
15626 280356372
19554 864202859
20110 667733685
7218 884734210
9217 817067806
10225 312445741
24978 810903171
12217 606917851
21645 175524691
20622 671706074
23004 7746896
4662 792026155
24066 585476497
24439 226237281
18768 531883694
9484 368084613
12984 452683203
14198 386916182
14924 213852310
9796 158624450
2517 263753074
9280 798771738
5376 224296174
3323 147212571
18239 734800039
11909 250866568
8209 999330868
24930 592601165
360 455469938
13888 605713360
18337 351494475
22330 990880223
11803 340804384
22298 216055241
1975 946759774
18664 159426686
18945 126730496
13082 467432299
7574 628371980
18177 720461216
12752 299127252
12102 57356130
5657 239479891
5996 724659848
4616 56499737
22135 158529325
22538 36329100
1050 374150054
15612 351929748
2346 448475643
4118 35978163
19801 433746200
9683 369689009
16760 250465493
7803 704451672
24787 954794506
21613 629092772
13564 396373868
9591 368193039
12850 660245414
4979 343264958
10902 394122662
24205 752914120
1692 870518498
17652 560608692
9106 974103634
13689 709070149
5136 329190409
2073 658733435
4574 514412210
20129 602693341
15085 881970603
11798 383334847
21522 937792053
6490 648711131
23646 962037230
19551 398753308
15892 219061434
8238 7249817
16180 345926699
10795 81723079
23558 663515999
8253 205019180
10049 776771988
15093 283504605
3585 193364531
23363 208336592
16250 914585487
10016 198381749
6535 6676001
10472 552029493
5214 59208497
601 655733595
4178 53532368
17423 942130950
8232 996658829
21747 536601514
1341 578225601
11186 865203673
12760 718824571
9156 414270667
4077 774385765
15153 290666426
13959 381340832
13591 663562300
12169 53312369
15844 916564789
23426 489406813
11500 577022557
12822 897734124
19065 95388922
10424 70816207
18741 305278202
12361 59647105
1500 375029045
5052 918131042
16451 962697013
19455 715722223
15957 533908882
20747 137116863
6162 685449234
9733 778533300
16630 880407583
5872 877440958
10933 485254667
1395 273735372
15728 9716106
15143 808452920
17079 93464829
17673 677126978
12711 733677011
20235 289640707
24609 230311643
2887 487024687
75 137133933
8876 4792617
19754 768251937
10240 449881752
13565 645746160
3507 566089966
18835 719882258
7717 705473089
15485 288308028
23791 702889744
3785 38273099
7953 795760728
5041 983943306
12826 816276618
2972 77186959
13846 885627036
16470 709508988
5006 862750338
13947 756411250
8946 732681148
10982 22214082
2121 865182228
17424 913767722
21447 290082062
1111 470754243
9785 440266345
19627 744964412
491 596586032
22588 188684873
21553 778798728
5551 967605227
23562 684095730
14290 298487931
4250 494859503
17410 655360700
14006 438561033
9242 524133560
13936 169192615
6824 491221678
20867 677070991
11374 282031567
5792 345733968
8977 201866860
13930 853797817
12134 310238240
13302 458556155
23878 353703327
2190 682164494
6512 666938017
18530 752351143
19919 107149305
4194 868440163
3153 489700526
4697 86615676
12040 17627888
13074 781444793
766 349875248
15387 439199469
19257 727585812
24726 546424475
23763 447438122
4489 960212276
19253 166158206
13293 669257094
5835 367161310
9275 738605365
7841 242622412
2603 244465979
11533 629608654
3680 186760389
22447 604260960
12160 14804394
7107 976303573
21264 566365322
2891 888167521
12110 747702474
7493 997116937
18012 563670622
14506 650474206
6842 220232489
9526 95686230
8303 65328575
5582 422576180
12323 364672292
16335 141828487
2310 969238165
3893 681519085
16557 111094011
10876 378056877
9617 623224795
4606 215633768
2534 515971822
19589 809165773
21230 794075946
23413 282426127
8899 888358316
13783 779152379
24415 794822741
19981 456551188
572 820685598
8191 737489911
24022 314233232
23117 637082136
18016 329805622
571 145294691
18702 594228849
4153 940282212
6448 193252654
21172 502906916
19220 65587367
1781 299834643
10630 173102902
9124 832315201
15819 94083487
13265 998845276
18320 578393453
22310 176412296
5268 706015597
14851 295901230
12141 505633387
18932 685478371
14103 741886621
18889 646499906
15471 902381794
7339 787293679
22238 76479858
19618 725740685
11116 12019517
2814 876861333
24582 131476454
24953 1210389
2782 131545919
9401 638831777
18738 984188468
7372 938279913
24586 518860563
9663 638215841
1922 355223963
21569 243122558
16198 184477530
2680 337476380
14556 676316565
7076 53636048
20429 950043844
6270 500207851
20212 57029490
14908 529939330
13887 200960473
21465 202650946
17636 674662318
9292 511036111
2179 835147488
11528 789774051
23146 706652406
15068 459429019
21461 624693965
12020 671944874
9138 91740306
18321 482336519
6107 55142642
2304 389008998
11874 443970902
23090 494359051
24693 415444989
15533 47831632
15423 487346052
18703 11067570
18896 620139938
24400 856463164
24046 915872301
2582 93016444
9460 588647148
16127 758628022
1357 756221241
4804 464210868
18961 526438685
1992 273426733
1040 437945640
16731 8348096
24963 394827085
23122 532740114
10769 945420005
11480 611071658
20143 239199606
16502 44623199
8593 685592852
7485 376900914
13889 682708085
12654 73033597
17842 215463902
10359 824260555
16686 18952418
8850 978545876
21701 562498490
9723 285350270
4164 330799357
14079 552350782
12398 616138028
9752 611084523
2411 735628315
6195 255410615
5063 422462105
7390 978001854
6463 610295191
6627 439976114
22708 44159755
10031 500357118
3739 273246145
9609 380587265
20219 624872904
9966 230415357
17563 56583159
14698 554940614
14076 679542635
21212 483108384
3469 216002145
9652 426920554
18718 327809056
21455 82466126
18720 149649883
18254 603633964
3235 773055349
13236 436183995
16573 269286135
2527 915865356
2651 600144272
21352 171795383
19048 184968889
13718 977902488
12036 539746090
5911 192429933
20336 184943467
14876 426249294
21499 693317372
7763 346407672
10363 435991153
20497 492768891
3899 931247322
24040 957686898
12467 899414216
13812 647653767
15070 773006905
4224 223924385
11226 939135238
1281 710144674
6061 685273304
4847 87172330
13030 660612906
13851 149841847
6630 474822703
5378 144109539
8533 94425221
12598 897751949
14653 661950400
8862 736281769
7926 712885899
21883 599113457
2942 222277973
10467 888100735
16598 758620897
2471 164782313
16275 722112001
22745 206463568
22670 598850345
22956 545285782
7314 572343585
12894 760572983
12903 503947123
10321 406080386
19853 15360402
24706 676184171
2421 358158543
15992 412703514
6886 9609076
12416 508557183
2710 918961100
14548 43860284
11218 699824175
9222 905552485
4382 878755946
15125 878341253
18425 649244749
8838 879121143
8522 457235495
24160 776351296
11813 70623703
24849 588391547
20448 968121308
11075 380801764
23411 387306323
16384 938012477
4736 736646545
4655 853046014
13645 174141894
14740 29012227
9315 38263383
10367 250149437
2659 772862784
10850 36006644
22626 1549247
7684 471951458
13019 762885097
14604 13866628
9413 784173560
14697 518394167
22384 709282199
17723 496430992
24900 608143208
18899 134581518
10617 620176471
19246 566836338
8726 905513704
9799 82185155
10621 255339453
5102 14407717
17470 273780843
24537 173397647
23026 926994924
3012 165707905
2545 2599983
22616 906173160
17991 790617123
20041 973028476
11537 154227480
16366 708485536
9022 563546754
24107 759597699
17839 93177779
6834 94084742
15041 510073593
1350 951623060
2591 337990946
435 781956999
20776 565435652
24766 609538294
16892 72890013
17119 347698304
6090 781134332
10841 343820721
17394 243256731
9688 510737353
3386 36885642
7659 458611547
5856 226146310
1185 31440411
19839 83705516
2976 889865754
17007 997512266
24468 352199694
4855 776558294
17738 833795004
23717 532482270
6897 289389649
13345 270475363
16447 696578771
10111 332755880
12103 811421396
7021 997141663
2165 646338877
11372 68487872
9223 571454740
12269 116465118
23954 206309121
11441 927740660
12071 882621221
2386 501303297
1989 627200498
17984 11071859
15814 128802509
21671 578336239
22105 441159857
2094 255939730
20796 917182159
6599 314668810
14324 906439026
20721 844536984
5818 349666463
13971 510025039
24796 695064345
12536 931346946
18599 991676727
15160 349380143
2295 21008183
11673 130051611
3503 480004777
15150 954934237
16296 307232177
23592 16459741
23856 512921026
14808 874063685
12240 96364506
4191 91223793
6115 688978075
21468 117959972
19388 498707990
14380 484266980
15846 201968839
1322 833257779
597 884388149
2522 903268734
13824 459328380
8268 185538336
18999 363607465
14268 499127930
22386 7868943
17662 840666649
1018 811406613
15513 182235174
14598 928910235
5759 543549891
11731 916424740
21555 997503931
2238 645206744
12543 782749959
24255 507860499
8404 878467455
24708 892001882
5609 216594071
15600 663486457
4708 636626728
5036 604827565
9094 60167082
4244 473572628
7724 743910044
264 115113259
2650 142416203
23320 293999100
14432 438522102
537 457308769
6851 449587764
2902 36422001
16267 46864108
21946 630172378
5090 370334033
4133 92859051
854 200637158
18306 860646113
19878 342811821
18871 866935437
14998 467791778
341 622292094
19174 332007571
10527 817104573
14156 110715682
11828 9036154
18264 601435573
1140 302543688
10671 440401730
19518 464481471
4913 33530278
8480 899944731
11474 842044725
24962 361492854
6 746280641
19690 503400165
14429 374409098
12076 782625255
10221 342578253
15260 934280150
12289 457235546
17139 628010252
16056 480918107
12454 726441506
12766 447566259
21859 373515673
16842 816595742
2606 428289101
12802 566570867
19674 796844677
6252 122264704
16348 460422290
2908 801061922
23086 381760589
14036 162341557
22510 386538745
13294 952286017
1216 754231634
16411 850922890
24559 917416355
9308 512012073
3594 801323803
4873 511156804
20111 548770798
2841 596084384
22490 147323249
6140 840213345
10170 39270596
20114 339058695
14557 128778731
9306 512220928
15817 231739570
12931 68971419
13186 628144706
8695 357824032
7576 255931700
23675 995484176
4497 299483624
22320 340182316
12499 798009015
16720 772809685
5242 312886231
337 464817611
8935 899279107
4671 528223597
15020 290490170
10837 943789796
20334 614522814
8677 35403234
23963 636161603
5178 724837347
12414 16496424
23289 822665852
1362 555358552
2100 658467810
14874 6332184
5786 455442805
1590 537845897
21055 421601334
1022 412121005
906 574513900
13792 844192475
17309 976715462
18802 781880978
17133 294428385
4258 286411429
16629 442520218
15396 226030620
17194 310273737
11596 781679927
7036 465186951
21371 601762936
21968 510939027
9713 497127687
15688 413324384
17469 229043331
16281 416304069
16415 244447487
11926 536523340
11163 189845788
17 176226172
14313 497093361
16426 668536344
22765 558104858
22697 271628348
17419 34905049
4085 564788314
23609 717737942
1957 94416441
7688 123628170
23270 463384047
19186 163412257
12233 25325070
17165 820903043
8790 938353611
12013 427746337
23538 895386490
13415 390808052
7123 824446389
17238 814218862
11466 652933964
12449 974758220
954 916720785
21520 483448537
23096 392200921
23471 497733969
23658 820571799
6830 364132254
24836 161002416
22750 837010474
3161 177386967
17766 536507784
20294 424941438
5851 960428768
16888 582272759
14260 886153223
17932 244249333
7702 853711256
24079 599251407
9760 28789563
21405 132674828
16957 728397416
17677 480152570
13240 917656439
3656 862918418
18647 89566310
6355 502722838
4454 360964296
20707 330696303
23264 846324667
7900 429028457
12879 734016161
8157 989276477
7614 889822542
14240 490506281
1929 659907976
12893 309053119
4776 845100862
15649 529047926
1433 455104484
3807 299592375
7748 575086291
19120 278944653
5815 403515442
16032 467457828
22730 225381568
3516 814196042
5913 782996844
1310 331722605
23607 806467227
4046 818737797
15520 66813640
20601 577724833
9392 893259968
21283 225895318
8810 472501261
3904 872070644
12856 439062626
12998 953400661
18803 15415235
24024 916804705
14810 290284559
5586 381845872
15285 732667100
2923 154012052
11816 41625845
9544 117073624
13765 365425078
21510 713569352
7260 488008813
9675 163304768
12630 252752862
13747 420289544
22769 307485288
5599 84982670
6363 853348887
2497 108268676
2006 225210990
22184 748283689
15708 491624789
21290 87757072
6320 201396807
20694 90197498
14362 878022021
11862 721896802
9736 42639640
8454 134188918
10665 756175699
9263 713393334
136 373425685
14636 390300123
19206 387889039
22557 624232068
17825 768032284
12074 626823851
9297 965722640
9827 590263507
23895 230594343
15206 559104066
3162 750827050
16015 449794234
10132 499044356
7590 839063608
12875 326550395
7628 153833839
20782 648817919
15634 21504323
16651 59144775
4861 266545353
1356 851652780
3600 947418504
6747 170912982
7274 545332765
20234 610245596
3679 498245370
13868 941785540
19649 30682421
5947 635875488
13404 647733618
21378 923430034
9562 503011729
1477 459350524
21656 914785398
14802 168815808
17988 938036641
8486 924259783
5946 91077496
17460 264843648
1878 232054203
24237 939728375
8843 864991603
9788 290185604
15747 902544399
10326 683390328
381 782507278
15709 267626391
10316 47114243
8807 113316893
10725 338779809
12368 423043005
20097 569807386
22403 233892183
23613 167142
24793 613951133
19381 365464110
15112 412960517
22596 303739226
11912 112744270
539 29026071
13796 884824645
21590 69131102
16423 188713104
12434 548130674
9187 800895684
16830 458541857
9802 649389785
22385 173121581
18345 178990005
18438 130630725
1646 755343069
19989 98933671
16326 781358697
21587 621352803
8893 405953836
8567 286146426
541 65734074
24395 479231463
11035 402868959
20645 865567708
7279 181343556
6357 608433520
7983 745410538
11790 319378847
16689 769249182
4232 528283017
24203 688530292
24360 478994382
11843 12607201
20852 617453596
18972 770450784
6729 790474998
12831 225718881
9661 981917144
14917 434247010
8276 95854113
2961 729500477
8771 375438582
19150 485145906
14818 664307737
11420 573212212
9101 829888177
20287 960284058
4940 559462867
590 56247162
22544 895458285
3804 102762016
5107 443948284
19104 287324761
15397 238431278
5658 463431484
23225 25827646
4912 264386137
21046 164667925
15987 178993180
23131 770178691
8959 81063823
5207 302396586
6092 706952728
17838 792913491
10183 989548053
24272 310103252
6995 629808613
1764 364539374
18831 392394258
23341 198165940
10492 814769054
687 920511518
799 429988938
6518 376294494
4444 947168608
757 757054416
2706 800171271
3836 349848118
16514 237366519
6316 110577330
8561 743420677
11150 630601267
9323 467803303
10959 976529361
20680 767006346
20175 278576337
9006 273403511
6608 735323191
2027 510715516
24830 61235568
11682 571476185
6552 410006933
2210 888177458
6221 516045159
17024 372529183
23298 387348091
17580 890942602
18370 37897913
12063 446096968
10391 437548933
12440 176649109
2781 723135027
4334 584282028
4920 417733788
16997 318781520
22268 74254372
17074 592009800
12173 342487765
6833 186031973
16245 527206093
1673 962802324
3463 614885147
11576 519912771
1963 714770364
2725 566171412
18527 784511323
8671 331517147
6590 71931948
14499 535980496
23930 326312470
10498 676647608
16069 345604467
19095 69744360
24879 903736424
24591 846356216
4415 681248797
20062 181524557
6322 436926908
23194 26891842
22398 470617913
2519 464469319
23197 328868014
7810 120958756
19721 357741132
12885 784673909
22848 431767281
9052 855388591
15376 75315043
19935 467773869
743 225013069
15404 143572485
18963 143913954
1134 814333313
272 272796235
19131 771968637
9670 935885725
9921 2752246
21669 574734490
3586 138265566
15301 810889778
3252 327041649
23758 743980297
7793 994922170
6626 816899344
4040 90377995
3324 616955739
8973 5876845
9898 901225797
19870 388569933
12197 62864874
4186 3410335
5044 161865061
10208 951531255
13660 534136178
7321 800713977
11268 254717924
5742 436575532
24232 2087100
19296 810864233
13992 56384664
17816 800578670
15384 792887478
3115 747989135
24752 757492176
17315 862437136
16905 795499786
16045 556467789
8038 884759980
18178 961869735
3628 545616842
13820 967913626
9148 992385400
363 154204403
12275 915114638
9429 288850175
14083 59572424
4611 850854828
8328 451801140
5094 577216111
19431 818590834
8802 566673743
17869 185009976
18175 113852367
20075 464893177
8218 503633174
16538 994510082
23812 773438478
2973 530021790
23013 606353880
1315 292984608
6243 84411486
5318 671386567
5600 864683802
8583 123678375
21398 992019271
10824 882400534
2349 107181284
18689 664239778
253 521143302
24064 382946060
15388 691616342
2309 331139939
6578 929558337
17706 786509079
16298 620303177
493 481858727
15272 960380324
19640 873083809
23750 645303522
1553 147433567
3175 490031523
7829 656197057
16641 469367956
23709 176774452
20837 129021279
14483 393503968
1888 63927670
9088 753231992
149 937579691
903 269721793
8255 784942914
7006 218039798
8831 364178641
20737 600138946
12246 137233112
21599 679624822
10085 510664751
2156 15447064
16221 369857341
3116 836460232
453 118612646
17388 64759025
9998 844996238
15034 905462305
14415 183568206
15742 791147077
21301 734070975
8663 738411520
2455 599833958
24447 596767055
23523 243961069
11968 547662000
20503 146539909
369 301273583
24861 775474181
23603 326661865
21385 622981971
16109 200504728
15209 782993483
22498 174433942
23058 184388314
24435 408829242
11548 157764188
14009 359903255
12828 466922680
1530 207522213
16499 64403719
23373 614832745
12907 272541006
8545 414522516
23245 719367027
12852 858084587
9086 736593444
15347 531809155
11406 711133805
4210 782622177
11207 444554312
10879 158974277
12033 571379811
24039 819525039
8557 608629989
12456 757816867
4241 824006346
4050 629938398
19578 906635803
14029 498705409
22292 23034870
13364 660428186
10487 870382766
23183 277319497
24588 467756599
17122 589171108
19177 547171499
14274 200130399
3198 77833915
3862 631246842
2563 778503173
17205 849553636
306 43070940
8241 443998880
10070 973356553
997 814348874
14533 746036682
12093 124549819
13397 727760177
20311 296132547
17887 607565530
20256 133704316
2723 795264129
22799 245356329
6072 708870984
3571 626482073
23488 493729727
3944 545172839
6149 968756245
15088 599627279
18090 832136173
13350 501325599
11472 437507312
10453 981368241
4815 369662914
16310 177424995
7098 973453175
9276 140588287
1788 209972899
10872 343941851
2244 620871483
23809 256406034
1986 670574999
19751 301014138
3311 819929301
16306 567492545
10785 673262715
154 835638208
15630 503934348
4130 718170430
20850 715564171
8898 263812331
678 331902144
16167 125897214
22054 799388346
14642 494982961
13460 893430785
1924 75353991
10753 969230605
5776 944202310
7844 433880171
17610 145361528
15476 3301517
23351 529313185
5428 297316342
1539 763117194
6960 338586961
8436 402890714
10370 203153664
20004 802469017
2640 797079621
23493 393232152
10341 100553928
13843 880906249
8751 23955844
7095 747685504
18031 985829720
14055 591631587
24828 306880492
3537 906400701
12806 254915441
5072 864013743
1938 243561048
9619 944127330
528 949157507
15405 281513356
11694 759403542
6095 669944212
24118 812260058
5974 776356116
17467 691092765
5473 917478345
3039 849160239
23741 981133786
22935 632153702
21879 399747170
14716 718661791
6931 374650260
14522 809628199
5701 220999824
19556 446368016
11346 633395566
17899 282616879
22979 402560936
22592 169546694
1068 303608540
17925 769375245
12908 151055231
16783 722125111
14161 967117877
7696 59650697
2716 945532814
19692 975550538
7713 99109316
880 174793228
6618 308427932
24825 139940422
207 508559041
9573 479401187
1808 432687739
16994 720223912
9524 930562602
19235 31369482
12734 880154059
23036 395431514
5311 14911908
13033 832688006
14376 997617398
20220 207183008
23685 106939075
7183 483478291
8177 532862689
18592 434096663
3117 390773869
3579 232580130
11653 917903996
10417 821996684
1253 689438190
15242 889517177
6269 749016599
6203 146383887
6838 354860849
12990 533191464
230 520781750
21862 82732791
4752 126592478
10904 623012163
4122 303234289
20768 614295625
8725 769262839
2807 752864254
11198 45326902
2109 590317443
10895 720099022
15802 857999446
18644 791051101
16608 295397746
3062 15677080
19767 966059192
19598 73582415
12487 357914754
14487 496515140
15104 129748117
18857 147394195
10825 7826234
2429 172472115
15130 510005925
8499 752035839
8066 713322790
22511 689147605
15401 149508672
9866 682925877
18014 354346
16122 640728142
1674 667167082
1158 412748591
23292 18046874
10750 277560343
14020 983618870
4970 696285063
16746 588325784
14339 326704438
18674 41570198
24264 59036430
12514 470468248
2480 399229836
22359 789182313
20386 314391914
18278 221794825
8023 690294916
487 529437200
6908 130335413
3560 527816983
6812 977531786
2404 558295793
9239 35544052
18272 425462574
14305 584138322
49 284279969
15074 394524508
10384 127730261
22377 589799179
23753 687717292
20954 160699049
16312 356297790
19221 313672939
13389 555520275
11060 190392333
20243 437287731
3704 517010895
9692 195970396
4226 893108439
8680 115245529
15705 32491864
10654 408335471
9465 831667815
23387 952499619
24665 577397918
19416 357731800
23530 98633541
711 58948243
11123 85415584
20851 519153344
20534 336869573
11739 844373876
18568 832322579
17475 405850490
14938 8659277
13276 238279848
9030 593672054
8415 299516032
17561 238277779
23069 522356821
20932 832600938
18489 34866707
8297 350311363
2869 983940135
2302 414056103
9481 114982060
17215 169453514
24387 880012545
9076 972001408
7328 58373630
10867 147395618
19847 462989674
23897 547612265
838 149633525
10977 890894029
8869 125499474
7111 915295522
3447 135247324
6023 475539901
1080 223282120
1442 534721590
13967 957699303
17456 486829647
19823 553579521
21478 501357210
22348 441574781
23679 349062964
12582 988734688
17082 276587912
14517 308334557
4008 577268675
796 968455289
1884 166234455
17084 39554111
19066 17038673
17803 625608018
14294 714872052
15744 309908821
17197 706317040
10616 289476335
16692 389406851
1481 160636049
14255 689454717
13110 407125313
15722 39781981
18742 814407560
634 599488120
19023 169525642
5286 610090939
16595 559306636
2631 657416000
6405 543778103
23596 616535373
19973 889100074
10710 694329021
21764 148239614
8260 584912378
7937 235252847
22659 820779472
11608 284970179
12114 167162299
20395 909458394
22809 272524028
9889 364599986
22048 91395144
817 830761946
14435 738063865
8727 74034709
10280 522275198
3053 478440048
17875 655590672
19920 819582637
12340 88127977
21070 591699679
3801 525318737
284 835644186
21595 737474308
3955 616452339
22010 180085339
6066 923366764
22452 358051769
4304 70149265
12865 49789313
9715 742365354
2290 319179442
7330 725514252
8548 553455257
7562 183197377
2846 535619118
10706 766886104
7418 184711216
577 421794639
14828 889038150
2592 478430224
7905 844153498
11524 973010042
16385 616962048
10860 844394352
17819 621626687
10792 639786024
4540 807049270
17306 851404159
5869 156985186
11623 266558540
22863 568392880
4019 545280789
13912 805039520
8044 406153320
19493 774094651
2632 526559942
1409 688040987
9841 445767801
7972 525724294
3281 655334459
1032 682742069
13152 43994986
18493 995221860
1405 133089737
6356 730592563
24080 233080566
3850 516863960
8141 558512166
23211 814591759
5615 512063047
13985 413461893
10674 505185652
3220 423953052
5161 127432645
19835 442449984
17351 154565052
20254 859562155
12932 122967246
23181 88444948
5533 443746643
273 334386626
13032 84090270
18517 227976117
21263 140741171
15382 140442453
18834 58044025
10810 887533500
4542 385742202
5902 806091519
4845 965211927
9751 284140664
24412 96002552
18188 159896823
8878 743680421
23687 517210337
6161 699681073
22933 594354990
20830 536146072
19044 840416693
8205 906702414
1100 183106992
5827 208662806
12069 689456740
21463 740179819
15327 272530243
2733 745759303
13708 562087217
16549 653215149
14737 799394226
23943 404634284
2577 72722890
2648 305754457
17427 428162935
13129 445944286
24225 681075233
21546 938294919
15581 692428918
8310 723226573
2116 743509352
19972 978690345
11113 373204421
1454 892401992
5282 92011077
13925 784051467
9026 1816490
17234 271732741
19087 436084589
10973 927809870
1563 266568940
18950 270935612
24301 697412211
9237 710572300
6185 720484803
5577 375380757
18955 553786051
20153 470370268
21741 332574857
11038 394604751
8312 880685026
5653 981578158
20398 658018219
7581 84323466
8136 959562026
17757 913780818
23822 640719409
11834 447891379
15217 848596445
3157 38696991
2865 702475332
15512 388118723
8555 118055017
5384 433701223
24649 744759662
11908 906212962
17535 380482911
16079 778393129
22691 517713334
15161 630891980
13651 537596073
7414 58450381
12529 456462760
9505 15606197
6015 840599996
17056 400125155
7278 819057211
23783 177787424
9680 47519205
16300 621566077
3154 249843177
18168 716712598
24116 478050531
13358 470085082
24575 180977173
14164 274439859
11716 425649764
3176 374567592
19780 162501080
8865 553672334
9872 803087214
2122 589373737
9456 321942139
9202 407365999
5365 100430441
18900 184670210
9428 17730925
6620 464159734
2644 680830976
6805 526919474
19297 3790492
973 978541259
331 215094786
4096 575327801
24611 875660723
14622 200705627
16199 479829546
21122 950594336
6566 535150550
4439 759028584
11331 175633782
9932 612432203
461 655367669
20633 956665568
15 198058229
3611 588064599
4950 343098171
6328 273501027
22755 330711758
4744 122908603
88 887180944
15865 690346851
22341 891611651
14507 118808375
10759 347793674
2136 520066957
10943 233451519
16241 182666373
7720 905833100
11821 169608317
10563 219051908
16053 470499214
884 689656547
19772 939202509
10669 1832432
11379 341875889
20265 31078760
21171 345243420
6619 297150587
18479 714645003
9541 386394058
3214 464819230
23254 613509633
11956 254144784
22024 561303983
24335 894293303
21955 593611699
5174 267996770
9068 767665271
12325 888749037
16251 515910972
221 420119778
18317 403515278
16257 210786875
14482 658015089
9587 789411789
1738 418525390
9565 5211618
12686 728397918
21754 734060630
786 222153419
14687 535628209
3971 149812059
19107 178159976
17025 972806051
14503 990597865
4785 266566166
8942 557206142
15400 553468475
11080 610480096
20371 584826225
22913 498451102
13605 46029184
23400 613126185
19373 584981926
5453 508532781
11105 385363352
7093 946306272
16182 600588138
7240 468345711
24358 788694669
9586 571717436
20965 475278033
1723 460237634
19824 774132153
15191 808959545
12205 193987010
22154 319652962
5853 759104403
7837 812567379
18088 467773376
19697 62397879
21558 428351771
3353 726537021
5190 209003655
10991 15743164
10782 494680314
6582 996532789
12253 837944663
18423 655111024
19156 129765682
374 530495683
21157 184156864
14640 75903110
19890 470656028
16703 738170864
7617 5127439
24489 280112488
2499 353023028
18470 281940006
15411 987726781
5498 329636299
23446 969788640
24654 438584460
6898 924903718
1457 478782178
17043 166874520
13151 695044452
6480 856104843
11016 916685012
3519 892869434
13850 372049714
2207 644327623
17623 724099159
14223 192639598
5588 652589634
24515 181057302
11809 653609224
5444 811894232
11511 209828041
18061 750114738
19418 967997287
21344 223010793
22273 871412108
22225 945390675
5493 382271049
2881 97337983
1455 889139606
21810 703044444
13886 82588607
15619 535831019
8509 441427116
14295 798916675
22382 704124070
14872 468965875
690 977948847
11633 332781717
24427 891588583
6246 180371697
14244 391657743
7817 217338225
15225 846165651
9957 952647547
3856 45442298
1504 611945992
13118 22116199
640 757855982
15781 456893787
12104 78251982
19995 528833996
14089 498151773
5009 794687576
15851 881866768
1329 504085044
4360 206699499
6167 664502200
7000 709102241
4619 435469819
7929 834433807
258 530636907
17739 907709533
10249 990712934
10521 927964971
1940 775563157
4332 244368003
9199 481223912
2910 737743213
22570 31757335
14304 589331843
7305 682475818
13637 794061792
10075 711248043
18310 96625863
5559 848313033
8900 694460876
19226 209391451
8910 726202166
15393 810608914
8851 591128912
17374 865651374
23504 219694100
9830 272336385
17752 458352117
19097 975166583
2460 284202451
4392 406222
16918 352069177
14531 482414009
20250 241107626
18912 325528267
143 746728737
5539 996900399
21318 938529865
23222 993156039
14123 591763960
12178 670519302
21934 152317509
8516 90680675
20718 126749652
1254 318571999
17222 201340657
24469 678810697
22253 958606108
20727 133073169
23929 204958053
15613 936609373
9959 743535501
1879 843965986
11073 755588078
17781 577031640
14865 641947806
21294 746331131
19319 706986596
13056 463677543
9017 654910599
1983 981718329
18063 269340451
14343 369593312
6467 971899745
10401 355516872
1314 991135298
21430 548964729
13437 911116173
4137 720603623
24682 224626844
17682 546793639
11300 535474227
15245 160008601
2774 580339593
19911 883487289
13168 612223878
2142 248110763
3438 309343947
3306 927061875
23704 772598169
14135 820916894
10402 516503134
11004 862978875
7930 619669950
23468 128559720
13264 189900734
9659 784996955
3827 18459538
12704 509776932
16885 832912500
7442 517410804
18383 505705936
14210 293505883
16911 580376528
23833 730480564
2296 864104164
2322 914341404
12840 815394233
23622 92451269
20517 928643520
17982 709065618
23579 67500193
1452 361032976
1997 602217022
11343 747431551
3314 589510954
74 262554640
15233 640043029
13218 349240210
4801 441961453
8635 405651013
21765 234753517
23303 672237725
22860 159501777
18027 509848165
23522 393151641
15753 406248760
11212 969729769
17357 356905272
2634 623961964
9774 328057405
9381 210207373
15249 903092180
4586 214451270
24313 486600568
24156 214273459
4377 555465264
1211 168209349
5229 894474094
15064 452172518
12226 957614345
7705 908845097
8534 201386773
11264 349182840
21024 869595945
5525 30533295
1881 258132313
16058 841149196
11922 147845736
16851 980937332
14153 776668540
3919 432994063
15349 29258947
14442 52064473
16609 131201540
23039 55115206
4911 427843494
23353 923322962
10916 918738994
22018 982797506
3450 561648425
6378 472591435
13867 251801526
23263 740029014
18418 837872891
20603 465181245
8262 653578128
12699 853802031
24683 185657231
1079 745364044
18161 865818268
22041 113713019
15036 419649888
2798 942420780
22470 555679637
21914 598590556
6087 837132695
19668 373597456
8836 945516950
24554 620076722
7772 480786329
5960 634268434
10532 913411808
10601 782145507
22900 126757352
13107 794652709
14534 5160065
4727 950726942
11062 132943981
19255 353783855
14708 74876714
8620 101489420
14878 966548644
20292 737134535
18385 571251389
5448 165078817
3901 526467587
19413 305969827
24081 414425242
5175 282782609
23249 88957594
10347 684769324
6267 78612108
317 386693862
4989 321681202
23796 103459172
10107 838180445
22071 412842374
8429 253698031
22841 265426375
11295 72929757
1743 843341825
23486 235501660
22998 305175161
10396 268805405
186 526367217
16001 128469640
10299 980395714
4259 548682079
10224 271737762
11594 452319229
12073 98098033
19681 769013322
2052 667528904
8687 862445307
5015 845568120
20201 580570339
11357 174466510
9899 499735188
18285 414565511
12258 977152606
2189 773738211
13830 10738133
22354 284319230
22299 164469744
2820 854940619
5145 116796027
22600 384255306
18516 481491464
2834 801892112
20014 22726596
10748 705147821
8674 151318389
24596 866151771
5530 131225871
21356 805722990
16432 643920307
1178 177830673
19256 882305515
22857 624642972
16140 717767578
13640 489400756
1509 207899508
2982 275163552
2457 619672881
13140 89083012
19329 433179106
7020 580870096
9678 469376722
6739 745371496
20416 246916178
23033 752840740
19392 452735425
7053 531425481
4199 743341537
7755 483214959
10562 55357467
1351 351311343
21213 35861340
22658 31834739
8085 424096441
22815 279626912
17120 954432516
9281 439956973
10086 583390859
23764 19261414
19355 337820
14393 516790414
20123 718896413
4108 684448598
17057 693156058
15311 201626256
18566 401180553
15194 984640049
15229 309971598
16778 449279248
12154 999987819
19247 339867906
7304 793124662
20886 736058341
10704 535952997
36 554616955
20558 511995500
23392 829448130
23718 672359939
5882 898834171
21581 440535320
21197 579554455
20759 781528586
211 237520261
14369 625048998
17516 4323092
3781 588385153
23384 486540351
8449 508104892
3152 581966246
8230 982101860
9638 476755516
2616 967144562
15716 69432039
7472 992006853
19963 606541417
2809 656686574
1221 859261892
226 388309743
7354 285160520
10593 170005318
8849 44435274
6037 733237485
8437 360920882
8815 710173504
19466 506265595
13680 407548215
1944 90251595
447 370015184
3226 379270002
9062 15397239
6753 799449909
24704 457369822
17849 39383697
9339 323386225
21450 423830413
21993 25126189
7079 956719333
3414 930608513
21857 717323666
7747 351198797
19769 506053613
14220 94849694
5743 410775519
11131 882993863
22813 868652998
16544 68662365
3972 164756952
14147 699950605
21418 620100121
10204 143853228
17526 772656811
3786 967642697
1009 864045342
5769 486050515
19182 124143213
11263 113466777
24292 417417100
9448 71217312
22172 579523938
17283 971887917
17771 814043640
5704 850081948
17956 207234171
15754 452072969
21769 321897707
9213 386361313
7487 101097545
18017 174581917
22639 274191741
24170 646849937
23255 56030428
9624 595367316
2890 468025896
14773 525058958
7638 862874264
15038 208442141
4106 709304700
20245 363653138
5765 526994995
11430 662281720
9520 956290026
14391 535796817
10634 471012149
15432 450781446
14301 154325327
18052 318364438
5604 244415293
10677 600138819
9374 218229918
3436 206116704
9596 669733408
4726 96092216
19415 335264547
18374 776734995
3979 556904645
5309 764805181
23312 254646815
8643 657435846
15631 682728312
9558 970565509
17156 938676928
15163 82255596
5337 704003283
14749 616711679
18427 617274498
22164 60648148
16292 136057884
16371 812690695
18153 794378904
9064 577518359
12408 263727580
1906 574206138
21235 815270317
18384 202536657
984 262370965
23455 929925975
17581 941374788
7055 888547200
7154 943204244
742 635078372
13488 749473152
1349 823303863
19026 465922161
4084 412134881
7143 939108613
17555 777669917
10428 798885976
1269 134998110
22249 596580251
21513 119067477
18449 721919099
20098 266522058
13614 692060530
21743 894974475
22994 715532876
7405 688058250
5684 22181631
9423 794808550
23099 66801231
9985 125777468
11562 839136593
596 94233339
22202 989238156
20423 3703625
11056 921858229
20318 988402146
2554 536854562
24630 78417690
13749 994658703
15051 852223656
2713 789339934
5499 822041548
8186 121832533
3141 995690542
10891 551181084
13230 169290901
14940 281954752
6797 908014520
17062 817066768
11185 147259241
18315 381887666
15302 801821976
10319 186224412
6584 158025218
11402 303494647
9468 837280843
16759 735413492
17741 20968942
9097 479268409
14375 669562755
8588 507510928
10776 961045385
7686 27992516
4743 418787591
5260 161077139
4866 43465946
24102 515151111
16541 789375914
4821 251746149
4829 617926032
22876 375323585
9348 982115245
22059 216268319
22650 117388660
10010 653045098
16533 998624657
19135 13656638
12218 828130922
12002 77954023
9706 594990855
9155 435742133
12604 808612389
202 973853851
18743 744295402
22467 120879248
21964 213011972
23297 247359996
9869 480168911
24302 170252521
504 685792659
12661 235669479
4669 702846005
6976 251546119
12783 155007310
5537 417243290
5141 395493023
24495 424696111
1215 401037635
3406 800219635
1883 309662303
9267 35231020
18404 567156313
24940 370394627
5341 123736949
13159 150677309
11053 2839478
8126 939105589
16159 592820649
1513 536492868
11307 936192077
13338 72558456
13172 371356150
16744 496797382
14082 180645586
7811 837094067
7144 590601277
12574 272278049
3697 599723614
5261 623734060
11505 710744295
7677 382152227
19879 139446600
12942 731983906
24262 869343101
15013 482710709
24949 412027334
14152 285604040
16659 197974970
18458 875718687
23697 568402859
17509 550760845
20588 395567671
11944 392666874
22245 896514715
23919 11655579
6217 749125074
19526 336323182
24647 936293433
23376 569599604
5119 16477972
17160 752220593
23913 205645585
6686 654259939
19501 665103660
2743 172236352
10051 172646882
20474 738111563
7742 606711178
9095 590272175
14388 733212494
3340 625869146
11990 75783726
19675 455953849
1066 81433698
22984 605351207
17262 900447246
17236 569591765
12101 783234671
17936 877496470
20770 172652915
9210 597198036
8787 445875329
23700 378560195
7130 30650377
7890 511404013
9965 981044581
5405 812957463
12305 847667274
15488 845755272
7721 428123346
22200 503517781
7949 277546482
7891 1551270
21031 231694631
860 989346974
19741 260690390
20733 555301732
18005 81896868
23974 347725121
4151 459656413
3533 417510097
6425 121749607
15008 374477413
24543 793697899
6980 306608112
12988 82970580
4253 348827704
6636 204733303
816 608481658
8259 768040692
7172 287324445
495 149645609
11467 395925433
21165 943459520
12162 159612849
3873 183602968
11905 528743211
17981 68054919
15818 189549964
6211 583682906
7582 827103589
13926 758268366
14497 759975653
1587 890970249
20636 353443055
12799 890636324
650 984730604
4960 484938314
3766 799130240
189 858469449
10313 151170014
7743 779682175
1793 810985899
22052 446402400
15813 572344607
18485 988325474
21935 334083465
12736 23820784
9970 606738952
15293 31925913
20900 247375261
22754 734473199
18091 531095702
2086 399044592
14674 288021493
14647 382433721
5641 473088949
5281 528493431
8992 816052247
13023 95439353
12768 665946340
14178 716408247
22255 332650672
23631 230993751
12195 5763961
1753 341106672
10379 198677121
24281 617918043
11836 985120993
20412 142788362
1047 44842595
17854 128821685
14480 245804195
15438 250045599
5014 472216704
24226 551273750
19858 643909955
8544 307842554
11568 607692524
1626 469581774
1776 741982632
13080 457713177
1789 889202594
1968 337499068
17448 587660234
22099 354431572
3187 226378108
14472 43272886
9447 431690509
9525 118220735
5026 364252472
14293 335539003
5845 847941928
14352 901552526
22884 49875190
3467 563775176
14257 906350743
7270 278750058
3016 986956638
18747 17582084
2958 499677885
24662 103522070
19639 412963637
5839 944536744
18623 902067500
10296 364302117
19208 1087032
17437 307839197
6282 662569070
489 63693139
15737 721522585
12779 67082640
24729 693701225
3581 34397260
19897 822676845
6511 929711607
24951 384917344
3407 722972219
118 344717249
9792 942474946
14887 19985596
11015 258940864
22432 195698895
11805 498488519
9834 479185877
4811 290535080
5711 883007338
13819 127729056
9136 564406589
19530 287050196
15574 926722379
4028 724839495
4896 644215560
11864 472274254
10864 997738615
18693 976733098
20190 423975040
10485 416560644
18858 941588281
10323 221537009
21336 460299377
11065 48712278
15983 209208570
22619 160670864
15371 842527602
4831 258301961
12925 169983006
23502 742821871
15937 625809529
24774 612713710
6653 523170009
16491 278877043
12375 343295584
700 311668142
20675 772627497
19338 45120486
23436 169048558
6285 511544114
12135 373076768
2201 774896871
23582 401444642
23735 844901045
8814 502166024
24384 293049317
9859 385579265
8723 669916279
13638 256574016
23260 934189850
17224 851208526
8556 973131882
13787 811602757
5567 49382202
3177 671322952
16214 127927801
787 249604948
10514 115498410
10899 726406695
2169 443063925
9748 984744676
16536 860914673
21244 403867051
15839 2876894
20809 62171996
16085 223232219
680 379759614
3633 256470283
5005 820500104
20548 214641159
10025 821482379
22338 937751030
2111 633512085
4824 381410526
2892 802722334
11687 886771407
15864 468440511
5358 724601266
13128 265818391
16853 264477027
12231 12119498
9227 432435269
10496 76000340
9668 391718830
2034 954109618
1429 570257513
19948 506136398
22193 427058222
13164 261603795
23896 884285227
18805 989519370
21245 961693077
11184 420654776
17994 298760321
23656 864741345
3464 898944668
5326 12456469
7958 708076829
5140 21069762
6531 560057135
4374 870526564
11227 467667350
20280 8046251
4029 428772301
13771 604655301
13744 700224262
16707 175516069
6661 804543367
2898 127994239
2590 173722690
4864 630000376
22433 768761594
8887 831508532
19641 833878743
10927 785260139
21374 73034378
16425 573981496
16166 517265011
15481 685592664
5673 545997176
8204 35204475
2103 534241605
24805 759856209
18127 536846486
9728 226163050
3592 834591903
16909 752772239
24800 722665274
20267 350194922
8347 358761566
18699 382935281
10612 69022526
10054 743966955
14087 950836658
13849 290576975
9767 425150188
11398 456299797
24865 524822338
18565 704323832
8145 878744013
4119 273484559
10966 381640799
2654 148233700
12421 462478677
10358 921276600
14017 988583305
19827 652981783
17073 20631251
6859 512393070
7401 298403992
13883 186096743
22723 403759678
946 931026105
15468 171116458
3044 848025945
8124 985757770
1025 413875312
15033 199831411
747 761094230
14154 603586908
7100 822161674
4723 393444629
5915 219847511
18356 963317230
16294 886078305
1468 286694834
20020 767217790
18590 743980875
20477 787996157
3338 828417
10257 334119436
22774 204896231
521 258284591
14842 640632642
11894 270306560
1400 771086363
18626 848526611
5652 438866199
17252 629908557
10209 419398333
751 896632989
17660 580015327
16893 194668866
20678 576871404
17223 770910576
146 813701187
17282 316402016
13373 912346472
15199 846466624
20749 337244717
15884 600347372
13083 59331457
910 263300072
11808 928986330
15942 268642926
21971 566894913
22156 970583517
12946 305800104
3140 736634068
24526 169248089
17714 250470180
22326 505230486
43 354085206
5733 434177629
16446 393787018
23065 835908407
11748 370478238
17894 433281495
3225 507881885
15152 629452263
7199 813952346
24413 751435945
22878 767795644
2434 338466814
21079 289669290
19565 119942573
14700 240919441
9416 130423798
11397 847815484
1431 13403606
5349 219799793
1217 552703068
23133 81466345
14366 732605939
13165 351835964
8331 221327435
16607 739192416
3333 37092888
12527 480827783
10369 208035868
15333 40342832
767 227751458
2232 90088830
17204 932973738
9521 740396778
16765 474577001
5490 178690369
7335 374086503
23815 38010176
4715 836100761
2874 580614457
13444 711806845
3872 899472649
3932 39915956
10345 484581957
4071 873467674
19357 351513403
6930 260427208
12215 807720404
21449 996035687
892 736825121
9366 250221744
14990 52465680
1406 171505575
11663 241932084
18624 861495705
1862 509603305
12980 270428913
5155 945707234
12041 39989202
9975 10406414
21300 281136012
9198 448842252
745 372036712
24115 372631619
22233 280875471
13012 943100231
784 939339766
24473 982627795
9852 491505032
10705 579426497
4100 710440684
3094 277010888
5644 224280125
10720 949388662
6253 908065844
21208 801868722
20711 823725824
98 172548996
16091 333787712
20146 557676654
7555 346361651
12560 569561278
1179 732381589
3885 224865706
17901 239354287
4447 926582375
23539 35000
8715 574731769
15673 489572099
9816 266722156
11870 425938434
6904 473891465
22423 375249789
21643 136675397
14630 449185722
414 967971123
23548 987456418
16856 273800979
9599 854594483
1368 182685115
1316 644583511
12406 916284238
13238 695002107
9969 105955090
15372 446596224
20805 697929097
21931 761241148
2130 264114631
17308 730040612
8430 374881826
6324 10892988
19029 588431693
464 434689400
19510 425311317
142 201317959
10661 341565576
1913 583566847
9177 958455136
15982 445684448
4818 238556002
4615 798913745
2176 377824772
24909 578510784
20437 192704832
6172 141260369
21440 422897985
12379 874260968
9681 107945444
21607 933874417
14662 7686311
16622 641620844
9394 15121532
12265 483688354
4828 529354597
10211 114296044
24860 952519723
11724 370951753
6662 98978164
1613 634687538
12220 982686602
21586 395604445
20087 686291733
1346 486597127
2358 449124760
1599 81825146
6108 887175143
4819 590247011
23417 736098529
1425 812030582
14250 318142461
17570 407974177
6365 841177180
2966 29917543
23473 842796742
8580 45004885
23001 2925291
12607 471389571
7507 294994022
11558 275814495
16121 589589895
22416 485166385
16617 756987242
11954 517214934
5773 400393900
20959 863295500
20902 364009759
18214 548784108
2836 528856598
15226 183874198
5610 146589636
4251 194905258
9020 608736731
7416 487609730
20869 890435912
5694 673025117
5348 923465929
10728 258743721
24429 74843340
18836 106359141
23228 909503793
1233 956594955
8532 603041026
13138 615246979
15440 454056764
15006 687772581
5703 399236356
14113 502152725
24928 785373770
10489 159401879
12571 973728674
8016 249045241
4778 894959875
22946 505401130
17868 509318187
12813 647383089
11647 884303168
7040 403523553
16101 604869448
1664 225104275
7704 946436953
6430 832964630
4403 145673566
5918 943583334
24393 753850403
19411 664750158
19380 941257800
1724 804553008
23467 102170339
653 347577986
12120 108083531
11780 248246036
22894 634055400
19405 969228870
17676 465733432
24123 357903561
2741 187014833
11291 401187375
14868 9393785
11190 713257331
2621 885080859
17970 905926983
14205 258903445
7700 860237880
7505 541461636
19010 400777229
3245 150754912
12278 220088441
3449 14998343
22604 414729897
6385 91418025
12059 74738263
22612 75113083
12633 748022271
2516 246985774
24278 627049304
12971 512730789
17480 930324211
4557 690729731
20947 20810070
9708 590385322
20232 692438580
12811 222908399
9739 756589126
19547 117846775
3927 803058792
13071 531362132
22197 147307581
1627 699981588
17385 359781681
3720 601825756
17037 607107829
10406 686594679
79 940007116
21111 564766287
15483 304610659
5690 638803048
7281 944115438
24601 407955738
7261 811586742
1117 774669173
20273 820463704
6440 925913191
15419 328465432
9125 361778186
12913 997376249
13466 84227925
9154 528973531
14044 311973894
7515 584513261
19747 72975225
14019 729537997
13249 306705
22211 937146199
6349 457149695
19967 474430202
101 540150096
10056 86363096
12349 789653482
15700 944600307
7611 751034323
12849 294353872
18109 750843851
95 851958277
15444 694527562
9902 595731597
11829 670007772
16176 468537044
13624 512406333
15511 584125691
4340 236982289
1748 598661902
10463 786792174
7 706480657
17801 117731406
15804 738538770
17186 342427895
22947 695794183
6373 662968120
22404 691215750
12502 463036606
21806 14046592
16264 433170113
65 402055523
17445 931972784
7973 788382386
660 113190639
12968 267469672
2967 680705375
7913 846100943
19665 571625247
11532 832945106
3390 937055717
8392 307194735
21830 875812264
21074 146523417
23089 613021399
8495 384302932
15812 221528296
10026 41047677
1761 28749484
12836 611960771
13789 141218701
1937 328984049
12918 725075307
5225 863521418
2940 9647992
16694 492344045
21983 529556115
13125 824968726
21812 841195777
17013 641605549
4667 265085350
8964 181768112
1037 490341003
12788 233306371
12223 539554267
6274 620462050
23167 541680062
22905 722182859
21625 230563380
4921 354111385
12049 760601466
2935 663650178
2825 34971104
17534 215801861
19313 947528195
11612 18250780
9479 499820584
5486 864203527
14563 611488692
14628 278930017
22918 923738812
387 635485590
9927 802445938
5332 215316542
18468 118076426
13005 720688462
17435 735248622
10443 537626102
1534 202490912
23925 779032227
19677 396027474
4416 701495661
14431 430260597
6993 568446387
22397 421049116
21811 248280575
18457 823987804
6442 371510967
11224 793963507
19184 555226093
20072 282405178
23615 691718498
1783 802909932
1035 722677198
18290 835828180
22031 334440974
11152 721372744
11884 818367120
17775 845751028
20593 399592916
22552 349289444
11147 989633153
16497 38191905
8041 622856923
21476 298647859
23673 635887019
2356 531521544
16230 197570365
24848 190000026
4872 565725654
11127 764054185
10910 251851636
19491 161793144
8654 231968883
13913 770003317
20731 35733203
4493 287435749
22111 957760595
7673 697504513
3456 200690046
18698 686189526
15413 505863486
3504 407248411
10507 852535440
10441 789053331
23931 487250058
24149 313929545
9120 295103953
15545 880876507
16340 756045493
20358 706725081
18222 336464243
11355 638096797
12593 990392319
9719 703311500
24063 940855139
3195 382193066
14855 833049016
612 765156408
16604 851153693
12594 774030845
20229 440970629
13762 748579533
9622 764498289
19459 337261533
12548 449936239
4803 583837678
19189 649728236
21783 811374266
9776 950970557
8587 996068119
17482 224556854
24592 474357418
14385 570748845
8645 20638074
23311 874493608
9206 741883581
15590 255552336
15027 783378450
18736 324637125
1558 213463940
17004 656006781
23905 459073623
21666 584122827
1435 810757330
22139 98810
22590 358571903
3635 64766811
17548 425965760
84 718197026
2795 498774191
20953 509074907
23213 399053319
7997 606051847
14671 342136837
729 877285271
4015 811184187
428 787349114
19197 910740380
11387 976546027
7606 495121652
22074 202732510
15637 898385214
12198 580653778
2540 341143644
1593 799491115
3433 248540210
11679 323030956
2209 28981916
10312 445532543
20569 805935209
5046 35215370
3832 541897467
5313 265026449
21204 541356699
1145 32206268
15573 93521027
20684 867329441
22986 28787085
12113 369970058
21194 342147934
21369 434850786
26 492655547
2063 114941910
3731 997589129
1923 214857173
20185 981970486
9784 290415795
13166 910418335
2068 811108543
22259 478624694
15978 216038893
23695 960322675
14192 243635567
2384 364743155
5021 208353206
21975 547981355
19277 957147312
15843 598859488
18122 601397581
20578 471962548
19353 798332831
20653 256998019
3229 748800173
8376 574058437
24695 951740958
13698 671096035
16600 709982685
6927 486805727
10940 825498944
21256 74367443
10893 766140171
18510 587938004
9881 258912802
20436 266265037
24349 114206084
4770 686660060
21422 801433898
20812 701260541
5803 177845807
8148 206989770
10576 15046164
3430 985765607
6738 941867356
10180 356809001
17145 709522395
21412 113800998
13104 617929607
5678 828706476
4162 799593411
23186 407809954
23433 527193748
7433 67955860
17987 526899994
358 189902586
18366 4390742
22796 509986058
3057 322097953
24716 861046036
6436 444600091
24460 481959087
24108 476802822
5203 45988558
17290 833585941
3845 14479867
11914 497852415
6112 783335812
8196 460557157
16935 612851716
15537 35959177
3064 722882868
8421 959005814
2886 451949625
23969 540816455
14566 170228744
17089 608133413
702 565059659
2454 684978785
20790 528974748
24168 427967430
16670 967717545
21138 421843452
7517 768645355
7408 257372551
3303 997007537
19430 478030287
13413 585311519
22030 199972685
8819 288180320
12771 915764186
15933 412400820
18532 582868333
16462 221123272
8535 860255675
14262 656130191
21780 423749754
17137 89473216
2573 64218909
8222 575861274
11498 318021996
15918 482674382
3388 886036802
2466 194244307
247 654597171
1750 233382930
9916 675295407
1159 966411391
8198 782014870
22868 872364834
4070 965194802
8944 541928893
18443 233097037
9972 844040567
4482 44897391
1790 772371502
15470 257908539
15931 743731081
19089 264870144
14584 243795879
9583 308907871
18417 410782982
1163 760939513
10958 98654647
4231 791312054
5156 56671767
6561 337979714
6574 492833575
11970 303752583
6818 54479230
22675 309122563
7422 939740890
15223 52219495
2537 365564234
19025 947717869
12776 197059850
19137 629978258
14088 509058905
15502 165183654
8765 471184000
19715 601135503
17053 52530582
23422 788959298
15869 5929915
8175 476700451
7449 94075776
3357 247525008
9594 419037219
6040 445168924
14308 796354948
7661 840738643
7741 692252762
24391 893830119
2379 75159547
22106 472064036
23949 658619590
17040 196959765
13692 448495838
1439 328520306
15636 858789269
993 770992997
510 32830370
9480 961535086
24453 715591405
19936 45274438
7503 91931811
15532 660451481
14126 90478468
2361 351882678
500 738274264
19698 668646466
5968 401582082
24388 403980699
23352 26486687
9135 132938432
6581 627829377
12726 128235269
10374 68026015
11935 284057943
5109 267146582
15134 554203108
13266 746368358
10740 597491586
23542 596006504
9396 761654152
16556 972975118
10643 676924204
18559 758837700
14501 776916484
20266 278576088
2013 199798708
22449 203520108
12469 808845513
14977 292477005
8037 764240210
21446 22584862
9347 490448163
329 507397810
3833 786786780
9958 103912438
3621 408481580
2445 667892615
1041 726749748
19506 794577188
10387 445826459
21731 41543249
2378 16162785
3305 108568859
21424 688399583
24157 280385354
19603 644756300
24638 16029899
644 876007947
20674 228456085
4968 345844803
16683 443162023
7658 193375883
10348 333933907
16978 562952861
7740 639767957
21564 247945575
7796 660184331
3949 836003078
19059 296807750
12378 776155346
14455 57390950
2286 897240184
6263 937791605
5511 941979244
3814 634129850
20468 806586118
6249 876617618
21367 185821219
18184 482428948
9165 514124120
4576 8307068
849 634986592
11262 395792176
638 984432114
23404 758906655
643 172127119
18910 213687846
11124 23042201
2127 866543394
3888 120946977
16354 647436094
18191 860685060
20155 716111059
21020 41379041
4391 174802636
3130 985912148
20692 546906834
5457 656603802
8374 541805725
9073 201303696
222 737360007
10283 277083007
14897 537056808
16194 221173400
15425 281412334
2867 906314910
9241 344255409
14713 19773740
22816 832206533
6669 536537942
22508 702393225
5626 761151666
7771 493122589
1020 983371423
14367 161625525
19821 683247832
12588 295535638
17349 923822735
12043 527568201
10820 624128487
21565 428574806
13314 280864645
8675 941864808
23682 921879417
2856 992630497
5198 582362745
23916 119377411
7445 779688107
9961 634004483
21078 309279989
22198 470383378
17703 319164386
4523 775759189
23904 300525972
17742 363634461
14956 198464276
5377 404977223
20832 279101442
11763 372582397
15656 565704560
18952 549488675
697 565483088
5363 4773120
3703 513343697
6116 923782918
13914 513729402
18551 564258592
12873 704516758
89 257917596
683 281054705
16645 741130745
7883 698267219
11882 30986119
12953 400200780
20085 267780202
19238 274833313
24843 822605495
16402 837779396
7109 500573202
5643 806402841
17618 347115705
8990 796452210
21894 574960725
2406 725738755
4282 441259585
22086 299292903
7263 777723181
18826 578332852
4145 683065709
22138 109567962
20561 244028446
8062 467947864
7010 26753272
11943 10123929
22644 520804126
9823 122396249
12650 607901987
2740 93840236
15351 676675409
681 260468466
121 642284218
11946 803985377
16660 194177215
1214 34560967
14664 95337020
15848 724466467
8901 898047616
23126 598526362
7834 945496055
19181 281145594
17451 777386499
12793 790269295
12743 448032728
18771 798026976
2291 153852890
4464 103620554
5497 866294333
7881 497413158
10389 941801895
22529 974989069
22591 873547768
20970 987108023
11259 60534970
13699 366936580
16632 471580876
13449 16499093
18977 470753373
9606 170339885
23559 937778757
6045 400958916
16991 516705968
5251 515922620
10772 159382434
14400 641586424
15094 963327238
22713 913137259
3838 704888012
12359 192250181
12898 709767050
23063 492268836
12670 344387926
9268 491280141
11156 684895462
12189 659374465
23479 417256861
11473 943600047
21948 733669816
18902 34750995
11764 569818863
14710 366331544
6725 723681563
2941 615254017
2607 915296469
257 285622299
7797 256720819
3676 755122984
10266 141637848
1598 194891466
16483 625979651
3385 398027424
7118 847212315
1113 143468060
18431 238956895
12936 595716501
10829 948264036
15611 850957980
16033 598334076
15947 201415767
13690 38364318
12019 521325559
1087 302446155
3404 106992409
15786 775603217
18343 4593472
9712 616593920
22260 718366716
13008 883075436
23158 656656001
9976 156674988
1141 630241434
4977 670503583
4141 867976282
20583 927787293
19813 594478471
6692 353244516
13584 706637370
20056 329964073
1813 784145664
866 491572692
21436 73055428
20546 991471713
3809 106705490
4595 708839641
20263 889255079
12724 778260442
1900 69498437
12978 86189727
3740 412284468
5937 914429919
11051 717277880
15451 968488183
1767 500361661
7325 220625462
15778 522614296
21938 55845949
13764 636843577
9405 966828204
1114 564405613
3978 616164206
17687 182733585
214 837704844
10947 364054921
4443 843287362
24520 464971376
3296 198152799
8774 930648304
18661 398095155
13567 655061572
2635 145405550
12328 360936356
10079 229407448
20227 863045750
21918 300687248
16316 175317634
22370 546861846
17076 720988765
12660 783809708
20240 436111666
1201 829606208
10455 741491759
5199 524088728
857 364863622
5421 186019652
7781 393355380
7352 983675102
4368 28448481
2572 937433345
5193 82769265
5180 597051046
22132 387103064
4858 161311972
14703 413441619
6785 327108462
12511 961257342
19896 774756641
17258 243494755
8031 694776782
6767 940507521
23525 127188808
9418 580985974
11817 903571027
21386 878669342
24199 987843499
14005 416376485
8420 312502867
11257 935768205
14631 727478129
15067 103059825
19695 773042998
21152 212513496
23287 667098770
20005 820098221
21965 784114433
21348 10346340
15320 658736375
9312 613649773
15131 879880910
8179 172569716
9717 620513989
3970 466009056
7816 599631833
9950 172955647
24902 897043757
22462 267720007
4636 785918008
2579 633476812
23532 380422546
17788 95055432
11439 917856614
12383 926926565
1470 674088034
1766 780234611
24288 536699668
1897 13409448
7511 537209658
4600 356411222
18146 462377147
18872 232646285
19809 623775011
2220 706537029
7412 187454869
9342 626514295
18276 516196809
24020 702747750
19396 222397044
8393 542355634
17109 358524601
15441 179257068
775 740908288
379 556765268
16477 425251003
112 583080613
3564 726517317
22885 149384091
873 760134978
13202 53016203
4105 836406015
6215 985697050
9793 803152738
2097 916557614
4339 625948224
17141 375671136
8070 810541910
7916 790091856
2518 771665369
11706 30382656
21899 248943463
2173 332938241
9553 696081980
1212 482586381
1669 331385559
19560 562595115
3160 516568342
7223 482071902
2674 161888589
21473 11497961
5855 107048417
11289 180411518
19750 497408472
24655 531409849
6457 238123327
785 997092465
20173 466223618
23641 393923124
11766 737811813
4165 582759192
19400 264976707
20381 454117942
4358 676517800
17645 903257292
21242 137170234
18466 288927554
2174 283675772
13878 331079795
24204 815555658
17347 759453191
12204 603391029
24113 525283029
11936 552003055
24542 794608537
366 501160318
3400 599139743
15091 869229008
270 637581894
4609 275342113
10486 195120135
178 787187197
613 328342156
6763 387177382
15739 139763764
13078 818466074
17900 716535264
15614 432024266
15715 211604526
936 854268800
19789 890470813
13182 268490545
1381 10157581
2399 891646555
20345 451153950
23128 822517451
5192 845468806
2076 925382760
21210 617839869
23 321050950
7171 606904185
734 303201265
13105 41385436
9358 962297482
16377 470358370
18403 980941175
782 521232386
17700 743159607
12889 368361915
14364 892757083
16087 940308792
20839 521921616
18092 839135528
24720 395483908
3381 187449866
18636 662438782
17148 380112234
16113 949032518
10911 888264925
12891 412369977
13566 566793494
2951 577866964
470 880880750
14137 842438206
1173 854734196
1657 616760455
1679 782284274
23747 816505145
17381 798031333
10307 220179712
2790 631313933
23375 918572868
16353 787747821
16801 740226300
3573 307657818
13892 275944700
15089 561348344
9508 429114927
19542 233785043
22147 217982178
15524 290849685
8413 35074521
9079 443665841
13223 487444523
7252 216761855
1592 606609270
6700 167817996
18985 523554134
6189 483756272
12722 701704703
4144 597488332
24350 805322491
17241 527421966
19090 13915067
5084 226477870
16265 590729928
23628 359703408
16836 586029226
24919 909491768
7749 545084842
6915 723696218
10007 816177828
24100 470122759
16401 170328657
13199 253060724
20106 977627185
22519 511217924
12236 831367688
24606 285340641
14408 976385822
14038 527282224
10112 969776313
13422 17763940
9041 16513744
14616 707019449
16837 639735408
15156 877245015
3644 961955772
11676 491408524
4434 567111074
6473 304946290
8700 383328780
5429 101680001
24789 239603476
23821 582019997
9229 243502830
12754 985964524
15576 234087388
24496 801358262
872 177676337
22224 477233162
7160 164461402
2574 78061033
17651 486619652
12345 34268357
7259 129387731
8741 688110011
13779 258978828
21323 162828645
15213 57890244
2878 31381324
11887 515098894
22893 234310520
12517 606818827
10084 539120798
19863 831596533
15585 469663565
17032 495812227
12304 889456833
11953 398348497
12648 16959950
14634 414359482
15926 797237475
23761 705951185
23584 16519258
9179 483019251
8844 284412620
15548 18173550
7894 900347210
14407 729500495
12262 216568094
10245 767052383
7585 393219694
8884 655048528
2593 713416983
4171 365521584
20124 816559548
19033 436842655
22889 323377643
23652 889332682
1576 349305322
14434 929550314
6056 969832674
22015 105370597
9701 194146310
18192 790437351
11831 384503396
14467 774176754
5028 366659688
11296 171189793
5860 958101553
9554 683950406
21877 245688263
10012 162564750
8445 172264135
15420 156497942
17477 71195145
14505 386878679
8966 194052427
17646 380522554
20525 873848499
21755 696166692
11880 35499104
5263 511765592
5154 968302934
14581 327687471
23934 294261355
19661 916582881
3073 332179406
12668 759647801
21778 393659517
1174 522133446
16410 391704032
14699 447968368
1680 590642272
7374 673073149
3259 373019055
18407 388985399
4278 731949567
9192 693660085
418 257480570
3651 362473667
4653 169861581
6884 697569162
15575 925359732
8059 226613101
14648 121932860
22547 891885349
20794 124082412
14650 582422404
6710 441185513
21443 156310480
24994 628011280
20252 898811409
24658 843581818
17061 734034529
19913 64843941
12161 913560117
8052 218923691
9519 244554461
23271 855510912
16208 884371799
4481 799311084
6181 490817650
16663 835859966
10278 887454132
21444 134288108
20785 754386199
24751 888571980
19006 139959249
12444 403876999
15118 833629331
22392 790609620
1182 651814382
3929 575832422
14529 775623040
16132 750225240
21547 23863239
5608 24834138
2884 567115372
8012 501521574
14285 693052083
1653 415500367
13348 771309619
14744 378282606
21022 997299743
4112 84695855
2478 312933522
14527 395476881
18294 522150225
3961 253944002
15121 629879340
23544 720986401
15764 324555514
6917 37594103
4563 919597776
1979 846352557
18558 804899428
535 423072708
10336 558854674
2280 761461996
18933 300445777
15526 274115937
190 860503546
10315 134370694
3649 116731504
3483 825795968
24343 811186653
22190 140280518
21996 652436301
23680 371585366
22240 242824535
10115 532396333
9181 771211230
11320 463416654
11599 50181343
13446 597447794
15171 735901568
7253 759871424
6417 824673865
12861 876127106
1188 781589787
17698 644359304
20846 631550994
10944 407399104
8432 774800508
13673 74619870
23792 887765016
5450 388690773
2313 886649642
16708 211277212
20527 359597097
19956 160615996
9443 237534768
8770 850159381
19152 158968833
16065 662093555
4487 824141320
21880 345882877
8108 902925893
20617 519520817
13989 251768800
1621 644997858
23429 348881563
22168 114904207
17734 294401208
7692 490122220
23671 940813968
19475 490955402
6796 868821515
16637 45968040
22594 157380017
9926 626175303
4706 937989279
7200 693111088
14193 992221736
9290 682814252
24619 447906279
20817 272873623
10102 208979508
13109 506999809
1304 407133591
1955 382113417
14491 675551787
7047 628123327
4111 487846802
24680 224269131
24068 544539040
4126 462329829
12067 35478606
22752 481191409
17421 34949397
15080 757411480
52 898029497
14183 622050306
20476 309755836
14839 459407351
11554 912649421
17784 490029025
18828 460555399
23693 93554461
3101 354513253
7565 521571131
21566 444142245
24012 278964018
20859 948542947
11640 87987102
23109 963778828
17503 775611097
2077 597523984
6237 501432991
13934 691546313
20296 15239155
11497 786494994
21889 93144972
1811 494131935
23611 305815002
9478 940609886
17335 765936351
13869 208037746
18474 871542532
13121 679059682
20870 59748683
7978 724425309
3480 527363990
6449 338331918
20575 172156154
1303 79113232
5987 830849129
12175 49330166
4777 542003845
8492 335363804
19042 37346425
8156 662807803
4494 674186167
475 760503849
13391 721709175
3861 744632095
20055 183842431
15204 585980397
8528 960257629
4929 162442546
20302 370519436
8438 893297377
19882 568982698
23893 60776962
2368 736228949
19251 412466545
4424 814449441
20769 276602942
3866 862211351
11090 635273694
17135 969888145
22540 954876712
8217 184232995
21726 821279423
18265 802056708
10572 521336060
10297 414652453
4788 164613122
21088 592657222
15771 563510628
19927 43529444
11769 115153546
14916 824446137
14712 472121286
17769 293302250
20011 982252759
15198 329836094
3707 178334124
21121 521670032
4306 922543479
5220 900950321
8975 594510230
22962 341264736
12599 383240503
10965 65614432
18268 222098402
9863 534647921
21096 903336779
626 445551810
5293 418115845
7307 769872369
11814 833168486
950 525041674
9212 974418281
11223 890886354
17389 182664109
20433 305274068
22037 308067550
18981 73977006
10042 389830664
1038 48489101
9487 474750166
16673 179328346
17653 251175764
18375 190642337
18594 663004105
17366 311164730
10832 718818720
21150 315829215
9644 102687318
12581 93149581
2664 241980191
13001 28753858
8140 787976204
21229 711787547
8951 674800089
23600 414030282
7268 431948052
24309 779753180
7919 261890195
21714 343244939
24970 158695207
14449 903743737
12355 798759113
1484 807455300
5124 308617838
9111 561996586
21250 600102647
304 744143516
19893 846468031
23635 140734897
22195 482359452
19481 220341248
10957 729645893
19592 600358509
11431 383713550
16187 555170413
11382 640376288
23890 867248116
17207 267323128
24195 304104923
17403 931435653
3084 115910620
6800 421517740
2289 337612863
23325 822358259
3854 876897143
22047 361919675
9676 255899965
22220 535720780
19509 716997405
7158 536959163
18126 772338170
10 472012988
1131 796565509
7715 560608583
9476 554569007
619 804974296
15530 947059623
5022 24805356
22056 2735526
16507 692169176
25 993152087
10937 958751738
23940 503925156
377 897526221
20397 698711469
1941 890173866
22716 591901178
11318 533578794
2307 603020977
3271 538394377
19364 528405203
991 496253472
14176 784983126
10264 999078734
17505 580795512
6339 211842420
701 364910313
8200 497168392
8386 416773683
10060 557827494
24838 865638837
4355 549928558
14691 747634839
11526 768732494
4384 659142934
15127 290865626
16681 404300640
10447 954000109
16755 500130634
2424 227630610
19331 593334468
3682 888080973
3035 316227903
5262 385539272
13898 844904747
4473 378204202
22371 906587704
7961 509659170
3344 686803512
17872 638242969
7533 466126185
24058 762219176
7254 448685328
1780 235599787
9235 872364930
18683 371521514
13954 282604189
24030 622071998
14057 83737029
16741 248310037
385 5493070
12411 378466760
17221 678298184
3708 123447405
18577 889875248
2344 769100006
17458 290370173
17966 595180003
3913 865197239
22126 155914760
3232 324723929
19635 80775820
12488 172772057
4734 291526805
21014 90821964
1711 608478381
12716 834188863
2986 703950895
21017 907197152
7221 364599311
14518 320204561
22183 734874973
9987 979768663
18106 961114800
20937 451545495
18974 185225870
16953 939602394
10159 550927223
8694 641877854
20689 311869239
3266 557912339
23819 144810831
10466 327802607
10274 935867496
5347 298717508
18725 20717283
16138 676971369
3620 508711262
22393 257712478
16039 953579274
15422 899151221
14745 10562746
9286 548344491
13842 170395644
5127 739124143
21281 342120980
10372 217346209
4753 508162661
9601 779945212
22810 803899311
6036 866673043
22039 596406479
18280 369194377
23691 383133582
14283 885965500
21108 842589382
18813 47191090
17298 692559982
120 251858745
24420 127359171
23639 328190872
6475 434375810
17735 879546862
18634 995022243
6604 98691693
7345 786020995
15182 380527086
23692 362492788
3427 674009994
21328 580895923
22317 233235420
12537 341736588
7950 99016331
5646 984403318
3095 538896138
14896 356368834
312 689822517
17755 387925835
17379 784711314
12818 332152540
6010 167482005
21456 631716117
8026 516728784
13622 601208432
22444 594534261
21981 918805941
14573 477528372
8229 696249029
1157 912873105
19760 726383228
24442 363471212
19056 875714878
11668 147130882
4795 42039600
17595 589728947
18353 53096269
19988 392093874
20353 328400280
2084 472313660
8244 235022042
23707 992971032
18068 671089766
7626 906220130
8042 620517822
16639 392310244
20157 263945852
931 483413753
1054 565238347
17036 459080779
10203 449037123
21428 110663448
12310 253330166
15560 613486174
2271 918387947
3173 548867094
7856 513727258
9196 622487127
3797 677455061
16654 424541670
16195 233865079
13521 673733417
16083 617882569
9078 747847616
21767 654092666
23047 919397032
7947 251198968
12694 753858725
5683 312947026
962 594673224
21109 518140377
6721 618478044
14335 884308220
9469 636776807
6160 12114634
4941 886813571
5772 479701025
16219 532573433
21611 993100166
23124 589908792
8739 561430819
17506 285399020
2129 393348793
13670 598187315
20488 811411043
4538 829149626
20924 654518783
11815 614296073
12115 603083064
16715 891112543
11407 11229044
24722 844772011
11487 946032389
12155 36493809
2722 707963709
23906 908282294
2469 687404151
18653 452298329
11826 114522181
8001 943304064
3375 922165408
17318 132861111
2636 418892648
24476 920570025
22951 343606925
1095 199314119
21984 267013420
16790 942942413
20523 212733029
4309 331901664
56 637484619
1465 816525293
2146 301849638
20147 170719532
3820 244523932
15222 109258542
9032 856316342
12324 766459022
17099 923421516
6837 939909465
15796 829784271
22308 469673740
23009 896923554
16162 757937060
7861 669985354
19638 569291784
1342 344982577
20690 797295216
14241 746680679
18990 682270329
19412 883896827
17170 544637299
20695 207156083
3287 888377386
18687 85133116
23204 902797013
12083 522408524
17912 551874934
16484 945499283
3527 23325853
24529 542235886
22667 386975159
4283 860028435
7863 523836591
20587 584611165
3632 593883547
24603 795170792
16350 360500030
4398 543353334
15493 590688548
24504 434925497
6595 379064779
24423 624643294
13489 974079375
1371 41849519
12924 176837960
11225 636741810
17138 695194265
24050 186631036
6782 202646918
5299 638194737
17331 848051592
23787 939700329
905 114272757
35 829967816
6075 597308214
13757 371499366
12116 315145840
18373 270503062
17965 253389827
23472 936342537
2811 786528631
16521 973816839
19580 237972981
15903 439228118
5482 446575191
6375 835654228
11162 477812157
17607 178556978
2543 546191387
22167 664310293
1946 527923261
4044 265076746
4575 791893381
21801 217467254
5163 104276903
4891 56427510
23586 380173696
12459 771535071
1285 884883831
11353 571724960
2425 175158747
11761 108381639
21366 921354607
6152 659736153
1130 142319206
12732 611987061
17884 74670843
23557 677635602
13596 132031263
16758 85060572
3840 323084047
11567 370762394
11064 423760894
716 154817059
12589 843466672
2057 699189416
934 437330528
15090 465284565
5852 693694427
7051 648325933
8296 233555765
21481 13468235
22693 522168545
23837 802997837
3250 392712432
9629 875852273
648 638250346
14846 993992385
9884 375437608
17048 96667266
10195 766238030
20829 394785963
1844 858837763
2237 579330669
8560 644017539
17600 223919605
19975 528580250
12385 33081787
7470 137891067
5324 280003731
19502 645748441
499 656747698
21136 627093225
17921 3782464
17658 356715055
16840 576511046
16309 459594456
2025 688288891
1507 249037959
13275 331081129
10567 355227809
2494 271865561
11691 713178591
1335 954848972
15155 125524375
15028 843238649
9397 604866460
17498 765676109
122 188346942
13320 727928256
4767 5882384
20022 140055941
5726 496629038
1309 236429833
1142 305755198
24702 115688742
10043 45399023
22420 436848689
19607 142382628
1387 64955273
22456 185535381
20847 176043147
6701 608774167
22263 795928474
19484 895790566
16504 273967699
1746 86869403
18446 607914577
19942 50137049
8881 604853363
21824 894191623
8524 311088993
12567 993393913
13115 282295743
22446 874424893
4275 540695160
21158 398958142
17369 989583394
2544 130910391
918 178499996
10174 176103468
20073 491215761
14121 807249502
16406 631031275
18047 59273914
662 410603732
3078 161866639
8425 705938135
18869 895909761
24234 482575654
3325 979142445
746 896603318
17722 633832644
4897 429434307
17041 53919642
2061 620771923
16399 519970510
18152 116977702
3643 632440899
5514 462736348
23242 185391390
5751 884556679
20182 995342133
18352 179425843
4905 787091494
15703 374111187
14282 817698692
8600 783040038
11868 266930452
9848 758866146
20606 895441145
6666 827912711
15541 489075844
13654 659655979
16153 877595717
20818 708503387
24366 143681186
24750 626820570
7234 81615733
8782 658252711
1720 213569639
5061 356409303
9897 190006643
2535 352014861
20010 134939159
14800 29227018
7212 906406912
18252 544311662
15549 47317412
7477 549022226
1146 823018695
6326 125126361
18459 462057640
2932 920670719
14511 998519227
22026 978162412
20064 678129892
19142 226178494
5474 338215218
11559 792898885
7097 965902441
19739 725397150
6889 185596934
9815 991411070
15430 530440874
21980 719136299
7641 849031376
1102 831339285
18411 831669419
7734 643890362
23003 775468150
19368 227805134
13738 280575050
3882 672468475
1219 474429932
3328 463186864
19503 666160648
18807 94630953
23932 27126126
21355 258847681
225 272367796
12570 284387679
23524 502396875
8632 195259841
16734 109898360
18026 932084108
18424 415914755
12810 331599741
15517 151856716
13347 440878644
9787 522495157
23450 316704187
13620 411733228
22279 240570572
8905 593433799
9357 204076585
15910 567415433
17972 994591683
14707 647353664
19629 809972146
16196 791741117
3059 121039452
20882 410050724
10035 978787694
21296 311538794
16539 718334242
9574 336409912
1760 704542148
3788 607225121
15788 467088151
20616 832823002
23629 328354060
9534 282694398
4682 762306339
5923 421109056
4472 378711667
12632 470670904
24672 180762671
4269 223877981
2615 9480802
23721 849353225
20856 210549745
21593 984279700
2588 970375643
10987 983398693
22311 269477893
13924 374624377
11750 842815456
2 902101573
10052 308549147
3770 119821653
5931 471352819
23642 165067678
16092 613785830
2863 762773269
18808 177428334
19929 5264290
5831 543503859
17275 950027250
2430 62294644
5128 905796955
16270 17100277
18386 929290353
59 415874492
22865 221937431
24858 315821542
22474 712364084
16534 748590856
11373 414362481
13176 643640862
24914 954594962
14827 49547575
24099 737411380
17795 809917194
1935 990199804
11980 42129615
1014 261854612
21702 300078441
24268 524532172
18822 527949175
13075 132313210
18295 468180172
826 417461096
19803 69249701
16184 594119491
16854 999285054
21033 578660960
13103 419453458
6736 415540954
9332 710020370
7967 664687839
1707 154005533
6996 39086453
16891 268655672
9495 698778979
17332 128804251
22500 149718262
14899 667111268
8867 701958641
13734 568599683
2355 697554235
18257 988313451
10184 14713879
4093 772519504
12400 586700545
23113 385896647
3991 642194133
4553 83944386
23318 709267509
8718 981456719
4246 382426664
23150 873118425
14485 426682300
14932 845168074
16150 444229710
76 450299496
12702 324605293
1865 746030387
8477 13205466
7149 265126761
5239 48209202
10640 110053608
13534 655940532
22294 403284655
3237 557269
11960 843852354
15882 459241435
21471 481055978
16164 441689195
9710 711174668
14502 435386772
10898 712835095
16331 607183329
21451 892316042
14946 980614730
19745 142857187
3874 339868458
7042 282439773
24510 318178162
4072 73980704
17444 667811059
20971 831275349
3646 518165615
21363 827865150
6959 811173258
989 481933262
9226 687220244
23966 644107011
20083 827973379
6771 918369174
6651 631360299
12300 19306956
24684 646958066
5 626481480
12453 49259350
15170 183206212
22005 865992581
20038 664084492
6985 347099893
14139 900431246
19110 807152985
24891 393777950
22243 628101653
13980 808003326
7087 707339917
15035 420986473
19391 194899178
7272 276623599
24893 768630109
1340 988442083
5177 347040887
15657 532385576
4371 221310657
13920 71475436
20401 206215153
822 279677051
19807 348687876
22141 550209056
16933 93796405
6702 294045026
22101 461517082
12150 520467047
20459 48284630
7152 470417330
16793 399500204
180 455675081
20463 869763586
1015 81945036
5396 454710201
13572 812692341
15390 910119523
12929 39057941
15417 164827748
21027 804104926
15343 224294964
12858 185576120
21952 368445067
15133 183338625
11203 363895218
21475 401386
15023 746037330
20999 324472699
5890 76065873
2426 520153225
4999 519924947
6410 308338314
11609 807776504
23737 720822451
19659 530536194
1972 740430749
11635 108906177
20091 252113097
3199 556291785
231 890834187
13047 110291332
17833 24832175
16059 403803119
4268 81071671
12963 36049156
23987 626364886
15697 726816327
13728 343633221
7845 51084799
286 927851427
23348 14341270
16753 88924346
15907 826236096
11592 680744061
22269 868312654
8872 335386303
11396 679949341
843 111542589
19043 397212265
24055 868507288
4641 88830093
4974 447123847
16821 284455101
20335 845747130
3494 837467305
21788 31785545
20493 614849641
21845 347663673
16789 783757375
4431 52523107
24889 857264311
4721 619558360
21815 963737707
9817 650597719
19773 46228945
24450 652172406
7589 751503840
12512 3660624
14109 106001277
14907 785379708
2772 572874017
378 158435199
4997 979121009
21452 250203147
13579 346006527
15324 119202190
13737 100193311
1399 617943003
16155 616821666
6694 878549611
6478 69581504
18630 627806206
3273 625626913
23928 414580474
14481 23059628
13028 824991628
11586 977782698
19521 727596355
14035 689520753
926 418868788
9935 838965445
24645 496134737
12740 709110389
13865 334436197
19450 213766919
17732 914111353
17704 792187935
20853 291956561
5129 1887112
5117 757897049
9354 203299263
17407 305457297
6164 114409950
23601 535405382
9310 129062807
24640 29390383
19051 447061467
1877 32905634
16912 895156691
21192 731488157
24488 5971716
19962 690673096
17756 545428248
192 48866443
22239 986529387
20001 704223687
12433 438485429
15793 567140148
24386 353487453
21893 890768873
2801 755374502
16163 95840608
18105 152318251
14327 437018731
19993 428788980
11841 969051107
431 303056826
14688 390978822
21198 324619055
12796 429101176
14251 906495295
13157 801824830
15129 493845356
13554 223465750
21560 179315681
17763 628130421
19894 910443233
16555 697632907
18971 768852254
1265 67850676
19954 406202187
1739 494594739
13154 404608707
17862 746533965
22023 278366708
18496 94498809
9655 454121761
863 293716433
18887 910359111
13211 182669893
23953 216166414
586 549287753
17288 934035312
5934 779309934
20741 773009182
24215 304617165
19178 234801539
15779 95547592
15108 777788648
8890 38886453
19720 390156747
19040 825419293
1910 805894644
7349 509650857
21803 678398233
6028 394322074
4675 434257683
19486 252682926
7800 379695439
18341 360152075
19811 521624617
11996 876637692
11637 373589520
12534 595650861
15318 28177902
7599 386115889
19617 409352088
4780 133929715
8334 264731717
5362 814783282
14309 95761423
21562 303383524
3793 135677857
7140 743097060
19836 65076390
6242 612893172
1347 675870597
2907 717757152
17513 610170653
1525 273101692
14329 371358355
15192 822090492
11949 838220022
9548 165622197
945 96077038
24700 544075093
490 144565877
482 157426840
10178 299279835
13729 47044332
6850 126061841
19516 585641999
6551 62499392
18947 588128473
21358 562638232
14186 998285544
1926 897144672
19207 446415093
2473 702992710
22480 761819425
2533 248434201
7344 439723818
2065 526033162
24806 110019409
8623 606573002
15693 876382533
19022 660384067
4264 156830267
1164 717749084
24379 866514889
13649 877468506
9253 404131338
16295 215279090
6394 862396852
496 737039412
10610 132665155
2067 907006050
19887 762550941
23165 387757840
1485 896625645
23316 467350560
9437 646392779
10715 374120933
13181 668370725
22837 25454068
3330 547117334
24561 818414874
2818 470524887
7819 765046675
15580 683424541
16706 724545890
17514 7049501
7086 716971896
9005 632425003
17858 422283306
13871 503128746
267 50020474
14259 605152945
19318 298224415
18595 546046408
9679 132242984
20426 90964124
2872 352275922
24628 369349036
19439 795973657
7492 752412256
268 417107950
3497 916729196
4760 349224351
5133 990905065
24122 676524564
10741 181614923
1688 346134923
24556 596361727
22729 721562188
15214 153377759
6814 481496465
15453 139141407
15540 392101479
3694 807255395
7899 95094282
14521 401060740
12723 572680784
4926 907881926
17104 532636648
16960 487934859
5979 95931514
20686 566668015
4886 593084983
8927 604131427
7514 449220190
12878 559286758
5488 208125461
129 183182875
17295 569414019
4351 673464873
6186 508761429
24380 869987060
23032 696412796
78 198118492
20312 352204589
10137 568509262
3522 496233147
12219 399443648
20822 221921336
23022 231280198
5353 130845786
18298 519161720
12941 584249087
20793 400516365
228 562780502
10440 296598435
309 883241727
20878 831444591
16939 307912900
15174 944386027
1854 65074968
2115 893805688
7023 392728157
10951 285003186
10020 180363629
3028 36090038
15938 992348752
14783 279815159
16713 501542733
14256 900421155
21724 368802129
22122 200187460
22204 312038628
23936 322201999
2755 437322704
14695 368758863
5542 887242908
11886 462527872
14561 692131594
19898 507421696
14179 783964460
16735 845728580
21570 362151105
7549 146789493
16816 781356478
12675 469868014
20676 542252576
2186 138780681
5590 249900631
10393 171328897
19986 653176279
23997 153015384
11245 629204207
9790 637276872
24661 843346571
20586 72966208
20341 316250418
20573 738275914
20943 151773436
22615 224744751
20199 930125671
13330 557146489
3359 52776145
17683 809505271
10690 606348162
14850 656679593
451 380948947
2470 172380391
4038 142787354
22922 585379638
637 811454935
17649 768986623
13588 547865614
17961 342869688
2151 780199494
2282 632507816
5520 894277231
21498 345457855
23339 76640673
6468 843176318
24862 830784234
10198 540484547
14242 655068527
19945 96979766
4485 880431374
8919 401053786
24599 471947858
573 473572946
15377 344322064
12490 597448671
19660 209928306
3976 10347921
8000 816667843
10745 63393738
11410 189810244
21604 796569943
3317 17278839
10796 933349146
23438 509287676
17493 357692249
9244 56815420
4764 689143174
18781 435071328
18816 634885628
10151 83248935
22291 170249209
17128 380124575
6925 49081125
15414 742981653
13983 384932646
20231 251323344
24356 657709399
21338 935277213
15768 986100062
22345 621283906
14378 756476588
16583 705031849
7265 631471140
24253 270811196
18024 119952539
21106 125246866
13939 620511348
19248 186478777
920 320208394
20532 254456256
15042 378678748
18779 490880955
15193 376675430
14935 58827599
9205 88150557
20625 683463570
15059 645311734
5513 274347909
21053 968663981
18072 193797002
8737 801071111
8502 645335552
18845 838814950
21271 381353043
1458 686247660
1118 408815566
23842 113831761
11495 228930153
18391 318630775
21869 169229235
675 852066250
5848 863334012
13184 452962438
8289 331252570
21061 702509875
15076 793779416
7059 855897130
8637 224520509
9377 258971301
13031 604247834
23742 233453410
1544 498122902
17749 726608310
12627 271484944
24184 474087056
22368 468471462
21142 649945567
12758 503203521
23291 284590235
5591 569214286
8728 566023040
17705 165368306
3376 649326495
20100 66558251
21583 166160165
20187 687306413
19552 16269413
20536 237383890
14824 879540865
12888 207728944
16866 833040163
10789 971014096
12848 293013781
17804 416639290
11659 264890685
4546 829935512
17873 338046058
9409 518711210
16240 522595722
10625 228458554
12306 264488673
22703 288575756
19069 702383892
13271 205751410
19278 554872903
2082 977843268
17464 1821452
23887 987412180
18498 286690135
14624 547413647
20057 401391142
1624 12089032
22425 76745117
2371 447372877
13026 62930994
13226 308526350
14652 271182816
5042 437702045
11404 344928272
1252 323467279
23881 818661777
18861 176361161
6029 467149678
11496 5162389
2501 401616007
7306 378525844
9809 220059330
408 152162256
4135 931153691
10540 756367367
18232 983337065
1577 585467358
7031 751907048
14347 579663481
18622 625260013
8280 670656382
17688 45064572
1939 217473963
16724 758026934
19644 823049175
18522 352609169
22180 337296541
7768 283360739
8352 324016427
8748 620701067
2268 194535959
5893 704982057
8619 538102060
24740 364904848
13553 478821723
10534 909468387
19557 636288809
17715 327163827
9038 640392394
736 484600190
8147 697483984
19185 33085289
13815 202932279
4837 331185507
9568 32419232
15078 915529110
12384 972918457
22431 247898793
19016 691048172
14462 409938036
20125 359708511
8371 588032174
19145 832428580
808 732265763
13722 137563728
14068 965508218
17809 91400789
3251 415014146
8801 765820602
173 486052062
13786 419315818
1745 491850937
24411 914653899
21679 240508186
1277 198663067
7085 689925089
12148 301157557
12010 427790967
19985 176113988
21949 666283003
3318 530954398
13551 261237732
6278 496764946
5633 368716674
10900 707830292
3458 699546668
8146 32456936
8160 178299021
4307 373490594
1415 822779814
12709 8045693
11188 777368835
20600 324223724
986 484756913
19983 76899723
9839 51746703
2602 769661789
14387 339744066
8712 546349134
2812 758684248
8483 109625414
17438 345940608
10457 716856205
12177 722746478
10045 555619698
15478 273060278
22532 885333129
15254 295144942
23843 800773334
18119 174818449
16682 494521865
19398 653658261
19602 343963249
427 67333247
15867 579193639
1055 845986483
9050 209214524
14168 130767930
12152 813711818
2325 40194194
1952 753897839
171 321925197
20914 696727480
14892 609322561
18021 686126384
7880 199063251
5664 791136579
13797 621290544
17420 927840178
6209 820660151
11172 377554849
16740 745415150
3284 495920600
9046 163488833
2528 821108627
17302 832003619
21578 266971563
14572 117960687
1288 922149185
9035 16345956
6633 89723341
3956 72372097
19904 685138794
14022 762199667
20120 916953715
6013 19768247
3151 558686479
8538 177822908
13951 92567313
22035 991832921
3711 146293645
15837 860940007
6610 589799593
22155 89178996
17727 246951878
630 124093923
20306 392699082
11876 397166163
6335 594723669
11786 569038493
13054 375938788
5572 402708419
17686 66766571
21019 31075536
15751 397093088
18617 782631624
13884 630775653
5521 867261821
3003 896134135
13306 163483483
22949 234810961
17583 572111353
18166 444160369
16961 19383274
72 399405076
12991 688864117
6084 324135257
12274 85676177
17380 443433736
11624 653636738
429 107157932
11175 649915497
7878 568814108
5401 786827358
1147 737579587
18492 847941033
19102 735681909
20728 240460519
3886 804785985
1119 992261367
890 397352971
995 228729921
20594 226665716
8045 535688479
12733 945360751
14645 554859908
12556 678159032
8418 978876035
14040 820636091
2171 289263149
15060 102361360
18659 677816547
3119 212591502
10169 52693040
5714 159453823
7509 182298035
18881 147996730
22804 263831808
17201 565733730
16041 733655859
12307 521430078
20885 626366633
1823 66649254
19432 356974290
17992 475829743
3741 353484985
2861 941730386
13300 497803939
5462 884799806
17712 450141411
19512 124028852
2724 984730277
1144 934329113
8679 587783272
8448 478621072
19658 191636354
9051 527848059
6519 820605460
3905 795024445
19113 325592393
24749 59363318
16818 149415886
7952 690018354
22964 51566093
322 721065153
2885 695335599
13478 865697478
7922 852066764
7630 582304334
9989 707775105
6532 296506838
24545 143100409
24576 119571300
18739 760749624
20017 142479199
1367 970008217
5139 526075807
9590 124175132
10320 846629766
9946 333120131
22414 516305054
21156 444933246
10648 238408191
19463 834297537
20348 342650069
14576 433729909
20352 115389164
19625 249206933
15735 764846618
13623 534830413
5327 889257134
4562 207517709
18447 113811177
13647 824007523
20940 972879764
21853 307420501
7866 331242887
13355 273726919
9768 797278692
8979 644176045
5885 900273412
22749 962830564
24657 480847009
20355 701252465
11597 867349977
1668 511284602
23040 207981281
8401 864249249
3531 827493534
22305 844024488
10004 338238738
9324 745553603
1846 95054344
16439 90722015
5935 487176322
3696 85037025
20789 875418318
8427 895891385
594 826325502
9455 103770486
19073 457507283
9414 472801314
23077 651601558
9647 202416097
21272 706170691
20257 762807398
5775 732891610
48 641904602
22284 367317602
5625 540071234
4790 151248986
4648 861758299
8072 236218601
1382 704801837
5846 767986373
11445 707393297
11881 22585801
21060 302097620
19702 272163949
15458 176972127
14923 209014087
15692 348991976
1948 64785455
1773 683651718
517 694489113
10476 955022908
20938 195887014
2114 205348484
1151 344422125
21976 39952024
24130 625533882
9759 218993789
8799 141981984
17105 307632797
23365 218106328
19164 25634058
479 714906943
11091 233223924
6208 36802426
9446 436759920
12425 387547686
8385 553098015
3398 62336255
8434 864325239
24652 309576516
11164 467147403
3103 738018049
24424 461947955
575 944715070
5274 284618267
17736 988183458
22347 66461609
20289 291918253
14943 963439887
8939 744538163
6924 107230998
13287 35422563
717 501200676
20945 253372014
6414 444535172
20108 461137323
15717 956848356
2317 545754109
4437 441984660
15828 458147499
18583 326270273
12393 573407160
19141 61588023
1843 595947914
7554 510255850
5717 252970920
4937 323284430
591 101779917
22293 462650788
19433 782613895
24777 68147251
3992 766688738
19734 237530827
7399 828159190
17206 117865175
18311 583011126
7290 954594313
1255 395136954
2359 58652359
22846 887644150
20807 952691989
23445 515752733
5385 99241856
18612 734633568
13380 151465730
8628 908661277
11118 946191207
12864 405218010
19054 480566565
19421 903162469
2661 6823056
6682 324347982
12552 367998360
937 750033779
5114 460712512
8107 781146512
21951 352121300
7674 502740109
1839 362722576
744 825308277
17264 210875228
11645 33655582
2895 53863678
8173 656500380
15166 802468951
18111 240636115
15749 747212901
15696 495591324
21071 736059094
22692 466891710
22901 635393555
3269 702855688
20876 376414870
2629 671215072
7762 620698141
18248 840553478
18509 599270800
15677 933230134
21629 397639633
15760 643507636
7484 790606959
2570 221574376
19961 366024234
12665 175040847
20631 456738910
12314 458951152
2955 879713185
23749 373557595
18274 441396520
20194 28637453
3240 838988685
11009 49685524
24185 602386887
10695 506072746
21953 110845882
17266 605005528
8078 72170552
4720 595560425
9251 891565760
23364 647526461
22076 918059862
11444 738240428
11334 163331800
13570 842318903
13486 484587839
15689 406219632
23380 234905614
1980 19207916
10167 439498101
6704 346155103
22880 393177259
15243 789729906
15633 294248086
24493 128030753
9637 210602273
22096 100024569
23371 516507798
7436 525089609
15899 356191753
372 384078671
22564 610112640
19292 469094943
3482 906191576
23621 196352660
82 880621951
11074 811710476
2182 584652633
15389 806730946
6730 761011551
3002 221234870
834 377130449
4673 630351325
15965 233229256
9070 984437606
23561 317248425
10600 491460521
2316 72627926
14837 161394139
2905 992736386
21908 765851211
16550 639855920
9444 313528000
16750 800577444
13777 325849678
24677 85245011
17341 631674854
6541 195178022
24999 409164969
24150 391687180
5477 147064872
9072 629199419
11913 683708675
1414 128872630
7413 982105668
20691 572735279
9579 888408241
1187 500788980
8247 431912437
23515 108063473
14615 73576227
23064 390734995
19497 329320167
22036 410606998
9639 788491968
9203 821071372
7216 510906711
9566 145691795
19844 32068523
14106 503831029
7249 515811701
8400 968411834
23435 477244349
19833 647188972
17391 322462516
22264 833212872
17709 661287970
21288 800602258
8359 657202184
19399 877151059
9625 84242557
1297 809878600
5116 697182129
7297 110261015
15484 433481423
17568 441188537
20775 806326207
16966 16853802
6648 140979434
17590 385695707
3230 226758974
10675 986787033
11723 494106735
23804 950414615
1408 874757450
887 618480145
23773 793135233
2903 921988196
11615 569200277
16217 589088649
6906 603206524
16711 735057420
9642 188558502
2161 693451453
12997 794404839
11983 861035661
24076 69158196
7319 419414999
7528 600636286
4700 522925668
16648 902172411
6318 38312705
15811 241740363
12358 34554352
23106 918294546
13991 742951517
21036 355846127
17468 893506649
1495 525166546
15339 276269494
9215 104964629
13840 588436825
17038 863621951
9221 601773785
13595 305656386
17014 983880197
13863 209397172
9087 175377678
5571 552363029
12746 69143241
12239 546195618
6951 229792184
5666 928143409
24846 128150576
17485 755092204
18142 54346459
19027 172710509
7463 93900980
17488 328167127
8220 127769375
18132 864157705
8183 638469774
24812 128999795
9325 407559121
6795 255705365
10125 320453851
23259 503990323
1803 188850563
1953 198627474
11442 786205898
7882 699101540
9605 807624853
14790 824377092
16424 670049689
6018 386988532
6275 114555547
3158 149071162
24608 662694477
4230 279898475
12957 801727557
1784 356198844
909 397276900
6001 444498493
21337 801486151
22874 82089092
5770 296433490
21487 778481490
868 951533486
519 50373940
19579 387445953
7490 16409113
18584 493089072
5367 971588484
24351 330016184
9270 636369496
14427 57695028
19004 886068241
24524 697673866
4952 229402282
3014 631572133
17251 453597299
18751 262626172
879 840469336
21898 589217303
8818 352896230
13585 456604055
8081 319653237
2464 55445062
6523 201674911
10636 504824776
4737 137476013
19889 54597633
8852 434397259
21267 248514068
7616 53452080
8417 104013149
10200 532310464
18877 604726645
22006 763778681
21688 324559594
10382 688702788
7132 162614531
15321 157203296
8669 69751330
11107 530149684
8507 683308046
19231 803157662
11713 894836406
15659 506061358
4435 214222231
12105 214589200
16455 970101019
14574 508013002
22676 773620651
21151 257212444
24525 336760078
3918 768874784
11403 552426325
24518 884333745
19873 475265858
299 734091729
7662 335619685
16268 823929852
22214 711720368
21400 317426324
21588 725340579
18484 386696833
24155 990684597
14031 679857549
22704 732537169
12372 176781720
19605 397482829
1437 998652827
3734 437372617
19822 932022835
2042 587009687
19322 453152576
21329 606835096
8624 417419670
2596 940409128
2463 549151429
3408 56770923
18553 495662809
22302 771671343
7185 621336602
10404 62437556
3193 629659474
17546 114208868
5697 286900401
388 251572746
6646 947940701
13769 541051531
2096 757257947
22136 424412915
8961 139982560
1705 143157453
2762 341909569
1516 352881636
14849 936721077
14180 795045409
8381 192586198
915 623897155
19758 214740126
3395 177371250
8699 383142775
17639 519759797
5024 736646394
5023 820198010
3163 61764067
3951 915288929
24338 872050496
21112 241367717
22285 580767765
18283 407074299
16633 328742004
24757 433499821
4341 253942066
14774 655728840
2998 40276886
4021 400075549
5270 887623007
12451 893639222
2277 913786388
9595 644660027
5921 854959440
24685 803524829
17147 638396816
16445 233844122
23103 609216746
4784 998614855
4799 130629573
14353 458846709
22083 467088267
4507 309123053
16434 100671275
10877 348369604
3246 60736972
8897 219636531
13899 632084353
15690 26201792
24283 207674272
19759 113911388
20781 397188205
23350 180450375
17200 225772925
9557 281424448
488 65509094
1807 935945196
15525 910691248
16280 643195492
14829 916107066
13500 570860643
9857 551582464
10931 303656522
15925 480399194
16964 595115889
1795 457778717
24923 985352782
12962 876343439
5988 420825689
23879 345777038
21958 617677309
2561 475213627
3045 785168672
13133 224918376
10768 825434115
23951 798767565
3658 614837299
6900 159700553
16867 712618406
13969 272584746
5990 87165114
3813 909756573
2178 449926757
24855 664273709
12163 728823912
10647 215725896
17532 888726791
21929 165699458
7960 630483775
12866 701522712
6893 787519851
6762 146080989
2689 637880148
8484 988736183
6142 919627475
2273 621017847
16239 592978700
2095 376232870
8955 710135487
9641 613739496
20904 616016019
21662 94188045
19778 807016335
18847 261971248
4388 257435043
18601 165055952
19774 22381459
5736 643519611
6709 967406033
23300 639044814
21258 354238762
15964 281936532
7205 994240141
24287 563441838
2444 413580946
20161 123250422
19667 904037282
4750 240127303
3274 518321231
11285 815309839
13626 809308413
23108 836008993
623 659738129
14544 908195264
10024 97869292
2571 345113300
20363 775546610
9623 818149838
19614 12171317
11425 825558823
2785 896317015
22760 5027338
10470 38348252
24162 721612635
1416 679495706
17886 505304062
6368 778568668
3563 414759944
3212 139128191
13385 197184267
16486 399591427
22222 373845198
536 110490396
11241 816230681
11169 585947787
16860 866254037
23705 690408474
14381 51937374
3683 124996353
21155 492758482
6827 78509539
11030 275424450
8668 882614646
11443 762854012
15974 635062507
16806 297752061
20997 208287491
1137 333749019
23529 359216388
16768 203500316
5529 153735814
18762 619274493
16373 621049257
11729 552515576
102 557881840
2413 946338044
16131 789520939
3265 631052685
5420 676103659
2679 488047931
16563 414274255
19062 982744746
9004 679319734
2909 142842517
22579 142171062
14023 656258784
8488 575211637
6139 414035779
1177 532807534
8589 795506577
24578 818374661
8706 335382798
19083 484824900
23501 778123525
11571 595872028
15040 277041407
19339 23168009
22236 770879852
21429 197204423
12465 648727283
14795 636312834
10676 539766962
14316 773559326
11551 638934375
3648 246072055
15857 767222105
19268 50792215
4938 990634170
4527 535316152
17486 422633215
16456 488944975
14359 876753990
24246 714476223
1889 382830254
17697 906370873
13672 684163232
18882 891529876
13829 324582826
15652 620337722
21365 359709751
19476 118008388
399 250588359
14786 207012046
23020 398313924
24074 738050007
2069 623797245
23664 988354123
10175 790809448
16174 232744825
16827 581521221
8501 73688080
4532 901615915
21932 811851544
9938 717974792
21093 125959090
23107 793589247
17950 54936925
2288 761969298
14498 849400928
23977 259759125
22063 587939809
18082 925742164
8174 873953283
17487 711334856
11129 674523386
24634 566730931
23338 242561682
3104 539651037
6297 126868431
5884 865362914
20207 215407036
23715 417092539
20003 19851072
5471 652235949
10400 197117482
8378 954479085
16520 203955071
3172 872973841
21359 191360910
19344 55292158
2864 354821422
14995 790535962
16119 846618801
5948 15983880
8281 927370909
595 419216718
9341 967851518
5767 339246349
10327 249157500
16029 367767156
13426 453426973
10335 539688303
18758 869899269
18037 843027050
23066 182514113
23275 868142022
9262 509676605
2382 944918579
2665 880370620
18778 1480700
6354 470824398
8517 74357220
17951 181423925
10815 557575324
10550 903364265
22258 823344356
21107 200309213
4722 165917181
24444 857450404
17856 597198439
732 181629359
7289 313450960
8648 961854818
7257 751156996
24178 212777575
19467 143437928
9537 271303473
10955 588672171
5288 944883239
22835 565282306
8949 686129090
5550 222171564
10922 985831015
8688 749372301
11945 771667345
7938 691396880
12326 331100912
21494 885584073
20704 943563470
14603 971388287
9697 258891559
17591 692132818
7237 773648159
4479 921879166
7602 651327875
10124 768438146
14564 220497345
19724 722280245
1323 305639343
7481 798559817
11023 222945422
10288 821547226
5083 29785226
22165 30590663
24829 459960486
14996 833278308
4856 436335575
24023 284629135
11510 992103021
17023 770714160
7387 548297391
62 30318858
24436 370002350
14172 163922248
4596 901126268
11513 110971797
21091 576548430
14228 76750517
8166 767049710
9504 600492082
13280 88295024
17168 403060138
11020 708961281
16902 826674225
3428 126231396
10568 133354136
21315 685363855
24650 857820500
19926 800539621
19786 263541771
4422 208864558
19200 29777347
11703 591380590
23027 507985900
384 187669317
3865 745204008
3364 273275478
17634 748698235
9732 216537190
4644 67583570
389 16722742
23227 285998982
10632 759346240
2162 720938550
3791 982228231
8346 547324076
24441 46169216
11955 133163701
4729 593647203
13559 545876364
9580 57763276
21489 459751250
3327 414368066
21225 896861146
13664 25620840
10787 777980538
19406 957054623
22460 475280862
15719 573815629
8841 833491728
19300 421849566
5593 817422442
23295 188481154
21867 694261127
2265 876559013
23992 602395656
19082 76114641
8283 890006564
24966 638857935
1103 952689333
7642 412854802
23041 542993474
15466 314960221
5975 655074293
17541 323451505
4103 777200862
4701 747580011
19326 755186383
12 391742511
13256 834103960
24778 605527860
405 366080338
17198 871351174
14686 631422952
12229 259602566
12750 322976305
6306 371276757
213 920169571
4247 203316526
10644 961345748
8861 501521468
2977 18941001
13291 233577934
15741 79456984
1379 520152502
1954 684966270
24128 274135024
14537 137144443
86 248084487
18038 429028485
23983 926141625
19880 214175239
21350 188102965
12497 436729746
24710 930273984
19755 893034557
24668 201864422
18898 713872230
9536 446509724
23947 499211523
13198 434424948
968 987412803
13514 152888851
7675 399024600
24936 162500050
24690 737393995
3670 257554647
14857 807749221
5068 533812939
6163 781070575
20218 684540637
21148 745016311
7567 529778791
4771 916350391
9183 536016158
3091 350890378
19585 141295583
23711 620644011
1742 18754352
5075 874142350
16705 4769078
104 917771515
7794 765990332
20349 142778114
1898 671495236
22732 946157231
14296 391093166
21134 534821195
20862 779279164
5284 925511639
23175 329743462
12666 32592931
18675 734676998
1280 450441792
14536 328935074
2656 101783551
11380 887160070
3698 819998445
4583 207432599
2141 164648392
1262 583351780
2682 352239704
23031 419066078
11231 513520442
23430 34106049
2792 426782168
10186 953760132
3372 735041146
3839 464089975
23427 586594376
5928 749230816
10885 86527022
6728 743417515
17996 798732152
9878 123514459
13233 371495005
15970 368071126
1090 587540648
10588 372469514
386 960757910
17938 75860873
1614 396762265
20531 921556554
4421 119172505
20023 304115233
3415 338263026
3917 94739228
14002 567648348
4061 356909184
9894 412048356
7666 189959084
24396 786470566
23733 575080648
18529 125860076
7471 193726687
21534 939200358
13583 685839542
502 211158863
2000 947719064
12295 225730972
21069 922889891
7656 458307948
5540 160155578
3261 426652357
2123 175008450
16096 274972764
9337 278569105
8579 366934889
22727 443380394
11629 605909063
18948 7503361
4215 18238835
19187 498154992
24011 94856930
23674 680620783
11832 169996755
12420 114755637
22328 717341575
12087 684791193
5744 789018247
7954 771094686
21809 581529769
16133 585780816
509 203709940
16082 2001186
11390 150377707
19446 60244803
1875 893137789
13548 829151911
11068 796248519
15792 922449398
13999 216289429
7178 865715569
8661 263565164
23029 85253527
17494 269097094
22137 242252786
24827 273708463
14500 885505320
2950 991865479
8226 795148102
9922 350904772
9287 943991727
19816 429339763
12728 548064913
14815 514494807
2901 46259374
23885 484560902
4961 80859673
16211 916072599
23998 341484698
24355 968297927
10613 140777034
15994 701512349
16910 543163738
4255 625811671
16522 65383878
5249 444311168
6281 564223370
19841 326789657
5451 977921047
11204 819821761
18042 903775819
24111 502130494
12336 182872620
12697 509373922
11409 136578988
1902 898816209
19196 583136494
5390 155724280
23762 516678718
10831 8003289
17604 387279055
11465 722159757
14858 36519849
10816 301758430
22778 807313558
7364 542706301
19157 320857337
12395 674934850
18270 220118269
55 398714299
6078 930047520
23823 14540746
14931 415158770
6583 655722031
15515 457315565
2771 694608938
6761 359822840
14373 773504687
23068 113099584
12611 839269820
8911 706562236
5369 388795468
18671 183609987
11363 290078505
23396 997894081
3795 929807347
9832 749187203
18046 345145951
22741 489691031
4320 253012668
23336 690953091
3958 5512931
11652 286115911
11383 840596505
24406 741610659
24274 230399311
589 846424722
17270 245621803
15711 290410658
12956 752560626
404 806977251
23379 188963988
24517 185287750
23257 87925827
14660 217921224
18412 86724055
11132 722147768
2683 993488439
16118 553127818
23979 294597098
22629 951681293
15588 616464393
23273 432024521
19046 98092435
20284 254223384
20071 308439116
23209 752663096
19386 582451871
979 418707682
23597 408568068
2347 641584034
11071 524885462
819 633804509
13525 555856248
13504 359582505
10260 841650635
13340 77896336
5568 998780225
7018 588844588
8074 796457131
13808 473662888
16664 284422217
14110 214334867
18193 833599952
1088 427416519
12705 855002923
15271 363179082
24538 883652460
6684 474082231
13068 85733539
3554 724429114
23011 388435803
13710 96430844
14989 531287169
1583 354384139
19877 932368785
9914 491502998
11440 414920128
8610 377933876
10164 929332000
3957 982821531
999 215576433
24572 918517885
24334 482764535
10157 526141907
11025 950268914
12436 128119426
6239 282792711
14272 97990153
9695 715998843
22029 733758433
15724 621043138
9167 664767377
356 117623563
1169 110515438
3021 979788981
7028 91102793
12479 568390177
8889 563050656
4514 535178597
3817 812220593
11999 285653340
14789 744286003
1943 610888201
17321 391837142
17674 693246601
14349 506244286
23882 574161190
2647 106966368
22845 444772171
22738 422240865
3570 615614818
18392 334803205
3557 746208922
11141 147338895
16975 235819556
9560 114622110
20808 92710123
16737 437186896
904 765137584
2653 958998091
23961 523390043
2704 593321021
23892 723854127
15939 192469759
14357 631856149
8698 87853333
23935 339290427
10053 869405639
22820 772045541
22916 536513125
10375 140830725
16130 644309575
5027 209888478
17621 53401827
8526 482861253
3065 779040475
8753 766333318
11804 969537170
11284 530415635
8164 588779892
17802 114437533
5437 285835088
17914 288651276
12474 685749344
20951 327879696
21041 293760746
352 398185761
5098 543520896
1243 977009729
2107 838972046
607 90026572
14344 728586307
11194 689561694
11563 211917381
9015 815848781
20540 609642866
1552 344815347
424 923583105
11520 799589789
2911 352709861
19864 498750842
18084 139492310
24131 7931604
21606 338981578
9789 683096818
6687 351139692
8940 594993834
15874 156027404
5314 266826792
1641 836280961
19703 743669102
23960 523354194
10599 103396593
19079 661741408
18208 967766919
2879 600534286
6605 105702319
16450 136178862
8354 393220610
17589 286942673
4459 488832207
20934 647945718
24597 774328889
20518 897193438
16102 282893417
12857 527539229
4882 398830187
14945 138539214
8854 856056844
14910 322417597
2138 53564643
1572 562189043
8439 896348767
4483 112041122
185 412122043
23187 797630021
17968 292920592
3419 706386215
8879 498463461
14582 91618137
8469 76051812
19061 613990332
16698 944299083
12085 446315976
1642 465986308
3358 1512310
5467 631706737
6396 76440812
22343 730339043
14675 375749680
5045 822403668
24744 710848220
22882 397479209
5458 947316502
10582 554262300
22833 841080486
23972 559091718
22620 324532090
17069 459024479
12266 371334814
18487 964221400
21 622415431
15054 806671166
16103 277185559
19730 301353982
8508 99050014
7170 588895537
17267 887110115
1822 999374652
8743 450205345
4725 345052076
13402 583228873
14767 183131917
20279 397600486
17962 888191950
18966 156715701
12296 151810850
1917 978732690
3301 74048019
16998 104641276
23614 769110788
18171 617545141
10142 319933635
16034 851034356
17964 644632822
21458 37332415
17554 976259762
10701 872893541
7601 115342807
41 426879339
24192 79328383
15370 750217941
6634 218386858
8482 83932415
11859 348507021
13511 355815266
10523 629146670
21579 548532859
12544 630566118
894 38863011
14586 996973373
23503 392760779
5675 283781262
1918 821762666
21221 941851189
11693 755163703
24271 11110092
22332 45666843
1651 892756382
9947 548520172
8029 329732458
6741 42739652
23585 633138651
20314 91465829
18763 533048233
12157 512974027
5125 580257164
9977 848729457
4870 466970318
4157 321656719
2766 639345765
6912 473188207
10095 617031513
14792 820665982
19075 902412279
13832 351769860
18488 209064524
22481 512412932
18055 190055677
1479 644262789
4293 129657081
7371 574766529
5688 751755387
6530 326874894
16981 109219162
12969 166317214
830 104400970
11811 247459165
8932 293072918
10450 770476816
248 81386574
9119 386498838
2609 954714259
22209 33237843
8874 30310575
11215 556174530
20285 47771601
18843 602985833
10791 129343860
23346 26776295
22489 683096994
3898 661652727
18013 149576363
24703 473287418
22602 947821449
16290 549872782
21094 12648157
20743 380328388
23494 507696338
20787 777497299
3227 613007205
10018 414803238
15922 121935610
24938 429832169
16042 883177691
21214 767134873
18949 777200231
1294 230551240
16351 874827584
9157 998627691
4869 30584174
2645 305163333
2476 249600172
620 796490882
6308 464671957
8551 733887010
22102 685241341
2749 668681251
628 78602991
20511 176965828
930 832544724
23604 94814986
6444 407200641
13329 612811375
9718 283516489
2188 994379966
6502 519117613
4347 17028441
5475 49178349
6564 365649346
3445 126482323
1300 453160422
21589 830769165
17293 623839100
21477 513798783
24457 841247963
17233 364116951
3760 70502040
14195 564064940
17635 263454198
1257 811523373
9716 263127938
11998 453491318
10141 15605543
23644 168891328
22640 689826441
9134 548519902
1540 414135364
19130 41547788
22653 1735656
15275 643426220
13986 87720265
19436 444636807
14866 543971044
17287 209003527
12354 434082381
4959 471927832
4934 332872251
13955 7017889
3108 125024712
5553 291774607
6487 297527629
23640 1075363
23272 11014391
21890 774961239
303 365680684
10517 132176996
5208 218959496
18416 973306830
15181 371379338
5734 228637394
5238 685162393
6177 666276784
23448 447686534
11844 757300895
2462 515822654
23898 46730536
19091 642477871
677 840232645
2348 331965671
6187 532609793
23091 47496655
11726 752272167
10021 444411273
17329 95356280
20572 622500378
14553 233220504
20507 557606783
4765 670717217
23161 941710051
1388 184891426
8746 222497636
1637 911127678
15315 205896925
1196 13023047
1728 830380197
20128 157512577
4203 365142578
5722 255364074
16203 227912439
2526 175049965
7162 458116302
18552 352598380
2120 361476685
15546 406567542
14830 459976986
20259 170448146
18249 714955711
16272 682669539
20168 662437731
5546 918135424
9158 473172966
7753 992877507
11253 75353256
22251 137766755
5850 367787948
5632 902714901
982 235650664
19712 157178055
17935 505813037
21539 230202812
7353 539714775
8662 550861061
14291 674629541
23857 435303949
10529 152266949
7495 638764961
20016 20970837
15297 67827647
7022 483805307
12051 838034463
23808 383084572
4584 103355747
13359 351735576
682 697900206
2040 349294625
23853 843675027
17098 425094626
11499 72889273
13141 409667875
18941 825529142
1731 661193791
10729 309162754
11661 544395212
8076 833350056
24241 267852486
20012 116990156
16238 970413407
4637 896113898
3174 984107315
21129 339680145
5716 402790759
10149 901682644
5310 541702846
544 723481941
3984 599221818
9272 846647334
18039 553869334
6866 302648068
9910 404968886
10525 477235453
13923 720121867
889 553256279
983 505523316
8714 728680306
7790 890693196
24783 764528129
8258 70978426
10692 828104304
23266 226269966
22169 662121032
4756 902736224
19771 386322602
4918 796435985
10552 829527142
42 398918939
24544 681911108
20982 49498528
22246 988823287
11866 590120503
13101 742721872
16526 253632035
21395 94147035
20202 488154561
547 102896151
19679 877420198
20365 18222032
13399 38771403
10342 839006276
23081 353809409
19546 845034219
17210 573492323
18731 684510089
11720 387077591
110 225277303
15662 758140680
4996 541579183
24826 154307256
8633 955179614
12037 661407983
1385 164311343
11602 727118230
13 250580535
13518 107679689
4749 877302630
22871 54361191
13839 78455886
12618 548079584
21383 809538176
4155 698453353
9069 752659465
11514 296517412
22512 637294925
23485 797084286
11617 977236061
801 183506271
19057 935442464
14081 188052850
16181 612171927
10693 891122472
15494 210662162
484 58942073
21361 290332525
5700 339733279
17728 803270958
13346 607806860
10696 294514102
19479 475423710
17211 809027238
15963 687118786
3242 631203429
3213 870425631
24222 18643823
5592 440718922
2496 64398404
9093 568528925
12061 405333389
15306 604010395
21846 327268150
13503 242972642
13821 38829781
22075 482323433
17917 708410260
4976 565054743
15015 476123474
24536 76117526
940 909963970
21753 879463499
14281 806011634
8408 863388726
11137 13107625
2920 489468299
18682 226711335
24798 919965938
13262 260827632
12360 457607056
11088 690232006
18564 895342512
21887 577235130
2514 341151421
871 660446290
23138 423435415
4570 971730465
19024 906171436
9968 407469074
3843 14053952
19982 240492836
23864 800547610
22033 634591215
23638 589057365
12731 699200714
12880 948618285
19377 333017238
10131 98011456
6623 931668997
6892 736953515
2332 377761048
1166 195808504
14095 775286922
726 418686330
16653 721330599
15115 1451101
21913 34725393
2507 760440673
22990 961273744
5806 783767859
4652 341537223
23252 935119432
2703 142562663
12193 586655197
23577 21687651
11485 697404795
14807 138508099
17086 811069987
3668 777812187
18284 5962075
21370 999767518
9934 397611844
11010 875360412
1856 934088188
8478 36383030
15412 792118646
9160 973549483
16318 206571035
24908 372210911
9322 329387587
14230 940549534
13847 612301000
10287 678220429
15037 59069818
3935 251192744
1769 11578585
3337 148021596
14216 770635783
14108 107086872
24571 73387281
6388 355251326
16863 756474118
21768 271718401
23447 612566508
17641 784032964
16013 383227167
16206 437471066
18533 273791502
20307 766704099
12264 35065845
4814 515310691
19671 423042113
22663 196525314
17418 851142092
9185 73394283
11437 542090722
10108 271145502
23690 863183375
6117 537976835
3556 708122214
24357 56837225
19854 254149492
17191 105474534
14765 241749330
21917 264455053
7491 283376945
14565 752724996
10651 552806843
7238 150680910
7632 113871906
6286 793292810
20975 631301628
11672 531853445
6493 741226622
23014 193328406
20864 167493959
2030 251237061
17441 101318963
17181 232313057
6734 989720948
5408 568725525
3129 432346757
15785 135132070
9040 659615642
3185 203559658
18614 305242578
209 208514068
18905 403922915
21123 774879835
11979 521493766
7286 430907435
5713 108018928
1754 608208110
1242 885437050
15203 703616250
20237 85150921
2847 519695971
16525 284340348
12935 741915897
14669 248878476
18908 910712760
21647 765105504
22944 317190874
17955 631968173
4645 825621439
23097 577817121
20321 219315169
4555 625541407
2566 521627198
4740 552071613
18518 352574816
7787 197695454
8127 318240949
4747 530365092
22578 409782383
8353 923345594
3884 145114249
17642 34085600
14585 704626111
16668 887117762
13940 566431537
14047 77282557
896 882536459
22160 668873216
4002 801286143
19752 711159609
22828 44114658
10027 749975860
15860 990898284
8530 863693995
18244 633361722
20984 935179953
10047 573252707
13194 488407367
2414 392474105
1570 271348779
13590 988764892
24901 345190508
4510 494118966
4894 422022364
19447 416473704
5927 456024351
16345 977468287
17559 580050476
9265 181966016
14058 854511381
14199 957876726
12206 795021364
10067 356913317
18991 921069656
11085 788353640
22493 221897949
17044 603314329
22312 804393168
15190 786409147
12121 32519429
2417 204842845
13998 372360855
23564 511319834
4499 484539890
24053 608114875
9254 513970845
4860 727963090
4491 955976203
22103 97320393
5302 644272901
16115 280535529
3745 289968611
12374 124225293
13381 686958602
9904 954991494
8270 915679819
18365 712982054
14146 283124655
9648 201384631
17202 151376117
13400 187283225
13909 312041333
2667 766388676
17545 561616363
3925 786975304
2376 280715499
10892 895923925
18745 806288295
24610 66237485
12815 854277331
957 387830080
21241 164780960
2760 63474977
9131 967514355
11481 306318437
8958 747344430
19205 416083672
9674 244405438
4659 232393659
5676 101574041
10549 357808293
9572 982634693
12174 264695783
11508 776091127
13212 539303110
12657 807300267
21153 969916906
6844 140619446
6070 877044897
24485 651293939
6562 370948162
1492 901384038
4308 775253879
24896 358951739
17237 624466003
8684 431907928
5788 687427042
14080 210693718
21861 231169445
14794 331021847
22187 751209582
16037 526868028
11705 194331580
11046 361012915
20591 127832320
7893 792839640
12742 520862720
12445 55259549
6802 915222898
17091 34951219
15500 559808808
19572 41697032
16081 67980479
24311 123097997
23176 290185113
10808 774294699
1010 813461972
10537 80969907
16075 221172538
24238 479832176
4342 824028759
17184 736318901
11773 505100658
11855 771349813
14599 73968085
10504 166703395
7397 354313079
376 599198321
22272 443218847
11102 362166039
23152 177560141
10624 247311876
22077 376787674
6404 716639368
333 689357140
21550 174895940
6089 496975785
7220 620031845
1060 340493976
4931 898204387
22020 320484345
22899 830268265
8073 655994328
20877 809672269
1203 729853269
2071 589011435
19731 750316425
13248 721312154
23980 10323942
1086 309581544
3520 122488961
6528 342561273
17888 734317328
1785 109574057
10227 660145093
17971 837567152
17286 217601507
17083 556752789
10057 817610951
22839 577765885
18400 423395876
17867 494050423
20077 624704440
10584 272854543
23349 197171663
7604 96552570
20730 922592495
21009 432358237
19740 73799440
12939 137182162
5597 627919762
172 179960897
4262 941522217
21406 575265546
15428 75053045
14433 581413781
15800 758684178
11625 167722658
6515 954555211
7267 544173281
18519 651253229
23774 661727239
8984 570557598
1205 468498614
16463 439478778
23480 390744008
13524 187567445
6855 112021049
13501 473116485
5780 595022416
5010 481230453
2852 231816900
24092 166189222
11206 136470758
2684 313049276
788 465769662
3983 441784128
22507 257096330
1810 395025444
4614 613468145
10344 501480875
8817 900959910
6026 725866824
23121 370044027
10948 882117970
22903 422541751
8394 126167753
23151 374126011
8853 610095328
4277 693529805
11770 191806807
1449 836269101
980 323601991
19340 567420600
21011 4352088
23589 70529522
15672 898218791
12086 378076774
24974 117737269
11677 454090039
524 922120767
22688 65299587
6706 321694865
8608 358486260
13089 291765792
23285 651238833
24347 95522662
24077 385056098
19002 534483785
22491 682624253
4762 349176171
22950 963147267
2800 456372926
14306 134698825
14986 367365901
12872 564802965
15669 537784035
6458 760317401
3512 182216136
17161 947543105
23845 367295142
4658 261468052
13160 133322767
23082 72214545
20880 56360698
8821 598207321
16008 651169944
7019 243995639
2264 768433075
17538 501550822
18000 101732184
7849 683232371
15268 962300919
15379 52097249
9450 400746755
3550 457422862
18058 952771037
10812 968111786
12311 339209284
13560 579881881
704 217613954
9117 440670739
11119 789556059
24307 586848844
10714 538216661
20324 474124894
7568 441144669
5335 263490674
2805 650869857
21633 515817136
2441 211420298
18804 790438620
12923 403516329
21413 582655805
16363 721962787
2227 227786059
19362 771285514
24809 69674776
8120 715723206
6012 967793548
7174 995542238
7956 665565592
7030 953746059
14466 109164580
11937 246175257
15873 803702139
23154 710083619
179 168596309
5817 750563395
24500 850914130
7608 720914376
20716 145022761
10325 829855620
8974 621310018
17116 204891675
14731 20802540
9256 933856643
4944 421718488
14590 710158472
18998 109420748
19492 592347299
10975 171080100
15298 295662769
11276 363354153
9471 897614567
4001 344316689
14405 795874718
19464 603826871
19800 92096597
7977 331860418
20278 780009717
10304 828873359
4227 127458531
20505 848662682
9844 31659046
20506 720486333
22970 190681218
5994 441501408
1001 665614908
21823 88286506
17808 968890935
13562 517173248
13759 556084804
20408 763357033
5575 230079192
6621 737563233
3747 319143299
7865 738295224
10909 34058700
7215 5829353
6235 542588433
13412 735893430
5724 540977060
11771 461609234
16466 179883899
15117 269195050
20421 396598190
16376 531996382
21170 617206048
16262 854727735
7879 555250602
6044 701766221
11022 430293919
20261 433502194
4188 203725822
1925 193765142
21420 477584332
16900 821662141
16849 701354827
8797 950083215
1911 699863152
8017 262967786
3878 646939860
6565 124165415
2988 478879601
8159 822300173
5825 353200177
23402 199690506
13976 539419042
2862 457856706
12825 404564512
14219 952477365
18968 906142749
17529 453713443
6226 567877282
5315 404529798
12146 877729857
24446 301769886
5158 353979565
21182 142506435
24920 990651042
13467 420900471
18753 994737430
7532 982017233
8559 396241327
5123 53282391
8300 603153201
16088 287025781
19424 919570429
24568 879854273
10535 27156852
624 485530687
22297 474004446
24296 86467357
7643 106751333
15325 999824075
22085 929479593
22936 864323742
1886 107632988
13697 595555361
20139 843729033
397 847528652
2001 871627357
2508 287288364
14809 941927537
11560 813410300
13281 760936075
20791 536771654
3159 825989835
4219 47007919
19011 381926292
11582 149391463
5241 244758454
5908 860053414
4993 93102627
2906 67184814
4823 111209114
21725 777135601
15980 966402193
12388 969918612
20923 924670477
7338 243887437
20962 695308189
753 997036444
5204 390398833
12510 497600951
7276 244440351
4451 750256947
22669 298117660
23056 17059757
7120 383459859
3224 352043455
4990 259251250
8605 331512124
9512 339965658
17915 152753534
2763 399472042
19944 877591844
3514 633779903
23666 125442654
4115 190177664
21427 169432440
11704 923925963
12874 179516890
24175 639869604
14750 131063474
4024 868953184
21161 792354980
6102 693888126
16914 304053745
5570 211135491
22069 186230336
13135 220772516
16956 144425272
17015 378994002
12450 584218503
17574 572030365
22546 218254808
23724 728012263
23034 952744663
5130 991139157
21800 693352411
12091 463399451
22421 120584759
13555 352855126
4503 480444702
3379 97069751
10328 51075228
1768 27932450
9800 304683769
11529 572188157
19761 650840179
18646 974113206
6000 876471771
8622 565117939
20344 576983119
23230 585264694
7506 313377592
8233 148522773
18793 765441854
19393 159152526
10887 489489037
17747 861150130
17278 468091316
14881 166596388
19315 414045787
2390 495920261
2442 240190354
12800 662195321
15845 890250030
14215 931130787
1749 764293728
23141 197620869
9849 553121147
6424 768295880
14275 699045215
5816 998976823
21936 374676919
10842 254451604
3577 111498987
11388 171839798
12703 442155111
5967 426366098
708 862834694
615 786937748
24365 345718876
4056 98703001
6507 836658712
1693 955474935
21989 664473084
11234 536034356
8412 496877514
23798 963108908
15928 504096596
24639 278908170
24048 144488395
20096 597235765
11142 549793809
848 350185118
14532 769238641
5008 533330754
23464 465996902
24310 3471103
1283 741528442
1833 825689006
8313 441207350
5754 101438793
15862 296183984
11952 126378935
15655 483665632
15157 537605459
15912 177295334
1421 442890576
5695 119820713
23083 294458915
2666 560038567
24579 193618644
20478 604954484
542 6231949
8169 554636972
23166 523832428
6607 561743837
20367 612038760
8103 778022004
4245 469377202
14440 590328935
5847 578967412
3686 366093857
3617 764508199
259 396015822
12151 156932107
21218 903139546
20682 613767648
9162 912844438
12471 796864351
276 299824896
8634 335329720
24314 124882862
6024 571027035
3639 33157074
20592 171550431
4769 69178080
22819 976327769
2418 600503477
3812 723536370
19508 795604450
6303 646563317
5189 45867455
450 179638643
8256 388796066
932 39101011
3911 392276980
22734 133786027
17492 874996518
16172 250606250
8261 620684399
4181 806010741
20584 814447421
3455 186590750
15842 510867826
19305 503034125
9795 257120801
16543 205481506
21419 596843186
21200 927538709
11362 500782668
23172 258278237
8308 468356453
22027 389277275
11972 307648364
4420 217993574
18935 82835498
20754 527062536
17097 720087678
19019 464479033
23145 11649596
631 140272125
20195 387200585
16107 430451753
11454 165144340
2270 491844061
731 840302732
99 17229576
15569 536064479
22411 452124814
1378 60387643
11428 239561120
11735 72703591
17793 444922558
18147 843312722
14102 271563044
13313 955298433
17281 266536172
16822 280787022
4899 588943060
538 298694099
4324 194919848
1232 221664919
1440 192970331
7167 305583489
10883 621603430
16493 792681155
22461 187922258
5000 882579955
13946 165402532
23067 46755899
18174 727393053
17378 689083036
3993 337439745
24028 203941029
22637 729997833
1536 215466976
7886 145503573
15340 213775696
11767 226853299
20957 456417396
17678 246516598
18075 492593565
4550 742417465
23191 344993493
11610 886574951
7310 350794723
17800 731981920
22932 811742211
11134 813342525
4218 214293034
3937 64635829
1202 900847177
3412 434794894
19857 784809946
24898 652381278
24373 841736840
11696 314219567
21321 682018411
18943 869471633
24737 213513016
11275 765208247
11338 727712770
6967 381090971
3678 658717632
6808 635306029
24813 324698528
13571 666204958
4055 681016362
24802 146342274
16524 622204188
22613 288595504
3754 37902429
13100 354754760
6422 670487245
13597 499149828
19812 227520796
10823 748887895
6441 402784067
16950 540699950
24188 275549510
1338 551587757
7192 101494633
15307 424511171
2385 832432661
11950 897847112
100 835842544
16438 885302319
18167 643980700
19939 328401475
2964 938590467
2211 154242663
10217 418542324
18454 25621778
5048 603329420
21915 631965094
8351 117662629
693 994004024
19978 832100474
6495 100624779
17880 218705935
11381 231693892
5503 740441968
9089 484405720
18056 615528083
7750 522943974
9037 44579783
13961 909478979
22735 643074337
9677 301682996
11740 860526080
7486 229848819
23598 139950210
23305 45478605
10158 195121513
12890 230303543
9858 519197629
20315 566789372
9311 925519874
4900 777394417
2160 279850631
7510 910082313
22997 627313340
4225 854433132
3015 172240682
12882 437205434
5150 279326298
6628 89405554
19361 342328857
12775 149036177
9159 875482062
4787 550799892
18302 538012517
4254 989029468
3808 624924808
24794 192229271
14090 2464619
4456 356538588
12031 644330338
9821 194790156
6352 345525790
14350 903653549
23531 812358122
2970 58844194
14319 594904980
13529 779147714
3147 84790116
17500 364223906
23407 127580781
5762 493250146
11667 722377644
13497 802906530
15731 210433268
15969 172855714
21373 158046074
4766 380677296
17158 985761795
3662 972582481
216 264969610
19636 62958429
916 706307393
12847 818027650
2482 146342195
5382 515308641
22485 772907284
7798 70710114
14994 727068583
19434 531820227
1904 127590818
19228 881863677
1292 506662256
18380 132021180
24017 618866828
2992 819515737
7534 388574278
13461 127304898
917 952694287
5621 747142639
15030 97223831
6732 889370288
21162 884962024
3282 216106755
20188 253413632
11966 560523611
17797 702123006
20967 244930407
10821 815745312
5427 290113782
14769 266392820
24202 971726618
1094 52592838
12530 456655181
18960 323226527
23016 225217858
1241 697107627
7069 368517021
19498 212189954
4903 626139087
1403 563662639
23654 58428924
24626 291335294
5029 295277243
6888 773993327
3671 297716277
24146 212387396
19928 241818317
24946 301561282
19105 206015969
6654 983271609
11108 194311823
20810 447654591
20783 244168685
4099 191175257
20379 356733184
17324 316608714
17573 565138013
1240 136715532
7204 69524438
10585 699868206
10133 602821659
964 830004260
8447 39320240
19445 90997449
699 915580032
522 749715655
13629 791119937
11923 10917183
2671 495873867
239 85178537
1208 966123880
21506 867902704
5064 728159511
18334 115926167
5719 499584428
10081 336808428
3548 714659480
2293 511273606
6902 286261682
12616 807264355
12081 311713991
5037 715910186
17881 639171939
22781 668870412
23507 383388437
21667 848754453
16332 237734734
14684 52438351
15683 364813237
1447 972328675
3011 959479409
2321 963183523
14447 564115829
21708 612381150
15332 957251472
23684 973229440
4470 284155228
13618 531069599
416 277784023
8067 515107336
9459 425101762
20475 269307442
9039 219458708
16742 272639477
15868 102060712
15752 111766701
16175 41536868
18815 591665558
2217 21514506
19198 46982115
23372 241286842
3542 410879515
23140 966126320
663 487751290
6034 492504755
6462 518325869
2787 134878856
17026 87374101
14988 412841664
17945 693589800
22707 195103324
8242 232698604
21742 369867361
22494 207343286
1176 554685854
15009 80998506
7427 437172797
9457 480840291
8020 723756935
4057 177825581
14450 898618802
23403 852639012
18313 402438844
18388 213852661
1401 908155538
7245 234439915
14944 460579857
6109 716549121
16288 958698802
3627 964104277
8187 380319034
19169 146259240
15745 537683242
6482 811628879
2669 355686349
4966 774135904
23778 833393976
19163 858185424
5584 229284832
14625 182442367
22584 422823737
1302 806577590
18 593488423
5702 283773007
15017 631908893
10237 471409078
13179 374528001
20889 319454577
3718 164594966
13493 407974389
23406 931734041
17110 127706640
11757 568765222
6295 881194357
17322 96278041
22448 251101370
19487 680826023
4034 491587269
147 63275717
1966 136604142
16469 434540233
22794 284638709
4005 789149945
24912 390896255
13204 63778986
23030 210708025
3013 539255812
1013 131829490
3997 206986247
6256 81574265
3343 803439392
24585 370625958
3847 288466234
18937 170096477
9650 811815946
763 49371273
12876 263178842
22842 673777638
672 739932902
16537 107880570
21826 960184436
10615 555180333
10189 669197801
17075 592436473
5790 883941365
8536 515226549
17068 765290258
21729 566593530
16829 625117076
3291 538642769
14166 205052538
17810 632417362
17081 614705501
21439 269825827
13818 828183009
10413 120228682
21670 670309242
11370 128389432
9353 410550875
24458 662461055
3669 740212174
15357 829564800
20435 867789291
621 472025769
1109 325836705
1650 343697925
17557 960483672
18774 297103217
8130 492365224
18855 12150547
15114 521925628
2467 129197959
1830 286025937
15183 881512457
17064 247599878
13578 907347640
7437 972750551
12794 958069648
4623 423523471
2021 35756777
11807 227999878
21342 552721103
19047 860303469
18707 701098659
10233 128715825
15147 72153763
8410 62731921
4182 599394929
1706 292708991
18048 26638372
11561 301472481
8972 622531156
877 703210963
5837 994832921
23595 666701668
10598 469178944
20740 969275534
9326 599405568
15446 880436920
20350 379341495
3081 552853930
20726 346097523
17489 695469671
4169 797672330
8595 956378436
12829 5379785
8612 288431039
9920 942247004
1714 332486238
20134 865852481
730 788284042
8820 692581775
13953 300166961
10843 183592777
3596 963120141
9065 786384014
1343 422583367
24584 765399750
13011 183693280
15010 264699360
16696 848522782
2060 523466892
19053 102148794
19232 877572411
17372 666518394
12812 206368533
24363 519592837
15135 358866122
20516 397746287
19700 715599441
18546 851109904
13469 233449225
19236 825049275
1608 707982415
7393 675306398
17978 778254033
6299 998576213
6251 217815845
4683 92450247
153 146656433
19906 255087030
10437 638562182
23087 650622614
23865 837372693
14798 170029050
3079 521849779
4625 895006080
4457 392238807
8161 661995544
9707 726328948
7139 940454320
4757 282402585
2817 636482080
7940 48301319
5053 731850231
12655 512656622
22374 120043124
8465 859939546
12092 920701646
18258 463454513
15676 856829622
15900 406026504
4156 362647610
975 584980025
4407 80228292
13288 726806514
23923 80852010
14320 111661199
313 126339898
14127 974464373
17018 294753227
13800 502773745
19007 24390354
16990 276198707
10206 328846830
22855 143120083
3068 961573200
16701 426351466
10758 480808419
18662 816847929
20673 138754871
5206 363992827
5231 109788593
12147 487414649
24062 647018812
13324 975415010
8978 299053799
17208 383089157
16565 182034204
18442 712223022
5086 631430181
16157 459856748
14643 753721982
1069 93592508
6280 898330648
18288 289135268
1638 54605723
8399 974894995
4746 273550496
9805 275201777
4238 620562171
22911 973305567
18034 46582792
16429 335286687
3006 765115151
7545 277947129
12396 207875100
22506 820770028
22066 137221914
21730 968968898
18918 900849784
16593 325595881
810 594865439
22208 928057839
23838 35927768
8243 835427485
13239 33070688
8152 508189011
4446 273446962
1721 712022360
5962 357396030
12996 228374472
19295 988586140
9057 646497617
13311 382654844
1606 205112776
17175 753178832
2824 278620624
3421 241391874
4511 311525151
7636 167066191
21255 308692130
2187 552420609
21677 236308150
24455 192524794
3732 198029795
15698 54419000
17905 892101311
7896 934559874
7389 237868610
1533 19069410
18832 6100001
3580 751559022
585 252984172
10263 183404466
1270 813843771
858 918822937
13795 531155898
3362 277786081
11707 375696883
10717 18155560
1489 364028150
215 977836309
12034 662149486
7541 383761478
11799 749672692
16661 228265422
16697 43870414
1024 956552736
20671 8665812
12027 795227203
21737 759813095
2944 22794634
21942 714934434
9933 221684037
17746 150594431
18722 90290861
1812 941831140
8573 47204493
10065 753588402
8050 127860299
7187 287495046
11540 275215845
778 424448352
9581 700149812
14569 699260405
3798 337466325
24567 844957263
15820 152022938
20251 234626304
8340 952947888
5905 957434511
9672 646576239
24067 133987463
1059 810906659
17979 832776708
19140 244764659
18994 996713516
12920 306936560
23237 627240847
64 461157520
6182 537242328
10101 685085428
16168 496172839
4626 573670269
2933 364505327
2458 189091088
1659 671196740
776 284497289
2184 494239001
16120 836946315
1550 66232203
9528 867059358
10069 594890560
6083 16041162
16985 31550725
14877 928231536
12025 436803346
9986 105406201
7071 889760000
2112 202240893
23599 496403027
4408 208018075
22483 130254288
20140 557945786
10118 227074390
18430 874291946
8294 280088798
2135 2812588
19203 415637383
6471 164337741
23304 319329481
15050 929940480
181 339054930
16068 183091410
15621 851503953
10979 50422419
11717 46522336
16669 926657418
714 3734611
20154 413394248
10207 758601363
14955 139176495
7194 216722362
8778 988631224
10518 126541800
23328 674188950
17439 638087743
14543 697025083
9658 473981987
17733 571245117
11685 322471654
1974 414288026
24143 137702123
10890 871533645
6374 974890080
19797 714661732
15177 905327855
23434 854051455
21900 549438708
19825 852646610
7732 297365118
5142 586536623
16940 186526498
18992 947324550
21820 679472687
13393 91057187
6224 994360511
2351 49269673
5038 783785642
5485 691480364
7968 730688241
10179 399072437
15836 724103761
14148 454169361
3891 129153901
7468 583719894
7933 140092410
12397 842161703
1956 986913052
17668 920773392
15991 868224850
9066 248745442
3822 720682452
2148 26825267
17602 513214241
1727 441675200
14279 81332610
15561 460186417
20200 79409935
8079 662782631
22363 41311647
12625 765538394
4289 356809586
14270 430947099
19183 302856353
15774 63403579
18879 275898682
14926 773487422
2075 130577164
19153 656870832
7039 50974615
19504 279141434
7424 116559732
12853 803883777
17730 203774271
3895 700141944
1397 773109436
8659 556978590
9803 695290181
14578 996653310
7809 896450145
11451 969329995
24353 880918270
15666 452485232
13318 375178966
12615 483157887
23962 661554869
18342 817304633
15890 626695995
22012 346183153
7129 684664528
1279 890937724
5735 803603786
16704 997702006
6546 881255173
5685 654056532
13552 304363365
19158 942612187
9042 476670099
12364 749617978
21141 136930315
10734 879178124
5867 749238974
24477 202726220
16097 995696913
18129 228153756
23093 380534479
14097 846352955
22150 873590270
5523 455624682
22004 326214149
13859 400362799
17569 127581954
8705 914765333
5250 387595084
18503 355694111
8248 622200649
4442 23785455
23129 593653504
15044 563531314
13303 633543040
119 605776552
23023 461861342
128 559486154
17937 333170928
8095 140458157
12673 520281401
16212 447828922
2088 548456027
9569 280539879
4461 997052053
6445 896497270
14964 658325079
16030 636745731
13496 126482895
11641 508359525
11330 33682924
23500 707583806
7070 676696406
10114 337975916
9549 591721045
19239 276281034
2628 14484448
18255 920835264
10528 847242277
1585 884355895
22625 25806919
24624 935708399
14796 415524809
12835 186634542
4530 221433109
474 873987888
780 798636374
18579 627312081
17045 936333615
7615 193872984
9777 951282873
6453 496020091
18586 772048931
10836 597530828
1046 502529636
11242 295246278
7298 266457925
6407 170274627
14413 197918709
3493 300259126
15255 977869447
1494 549730976
44 340971085
9835 58718054
13407 527583353
16718 181784086
2989 970302683
18709 942790951
24853 886941588
5812 601124474
22476 159089919
2926 156517980
11916 916778474
10309 832292066
5800 486450377
4919 775470394
2839 494775356
17189 161417722
13037 309171001
15290 402322313
16700 891761674
5134 513669300
4094 296557122
11319 902576893
19285 157919795
22541 323149419
21605 246623702
21353 605191069
23643 526040111
11054 192724122
16804 372446718
16938 434120891
8090 19683980
15251 486887014
2595 348930799
24148 3027090
12634 477118953
23876 160978046
24530 943451644
7757 38307550
17029 301885230
4654 390638512
13856 457374600
20286 725043906
12755 885854871
17101 47488524
5728 255915023
12867 763608380
2930 976490777
9864 622305465
12070 433040068
5692 298531816
22818 614015217
3753 377507984
5232 125148767
18210 955231578
19561 364678414
16588 473051015
10746 515444317
1949 676228774
6602 906934325
5205 456935133
24906 3744047
1206 458762980
23591 938805034
24724 273710375
18575 165095875
16515 700103711
23354 668230790
21871 630419902
15881 363796714
3842 606834740
5992 473852038
8918 390440157
18189 230366754
23660 248757872
9882 332411096
15971 183731660
15990 405599975
411 622947819
12483 105072844
20699 884225334
16046 477874849
14612 581137153
16927 898689501
19219 918717473
20942 635779730
16690 533537696
6567 634672867
6022 271556824
22250 207027830
4073 575578426
23623 28025557
22364 484274303
18806 559935671
19442 558464008
21220 262329751
8035 466247649
8800 299793537
22554 331826945
4758 352658253
21441 731223600
12079 109663536
19286 936523797
10663 915490226
8452 909084483
4988 796897698
14214 699530174
16403 100153928
17227 930592074
22589 98649232
1503 749728718
9049 438290990
9704 334609697
1007 8741478
2331 478869702
18419 87303665
18749 699815212
14484 887348547
15107 478530050
15665 938080264
13436 2348206
15563 470351106
5926 909875135
5710 854497797
16775 817420956
17484 446281085
19119 987975856
14696 894514725
19334 115476516
5768 955553913
22753 115059335
19910 669903787
392 242135190
20614 960440502
23059 489146529
2845 694568541
22830 535665214
12917 276318771
14395 928481144
16922 117066299
13439 966498445
5832 999142975
9896 214183375
9556 721432371
20662 537625484
13816 135850264
7341 955860909
23714 285141704
9523 302530439
22100 864145323
17134 689813608
13072 402158588
20133 949114224
19365 320013096
23317 44881359
21766 659033477
3950 890382158
13748 440750027
24734 384713320
8742 770355210
8456 409551161
23466 546042212
6617 842961900
4471 384598707
14144 727254108
17627 526083583
1412 771486549
7526 931670236
16305 969972475
16610 700308599
8215 286696405
15988 592938191
24644 344923653
1996 931823992
13581 729038237
18221 801261413
17496 50053028
11683 429164448
23781 9158020
5576 27031510
8660 932628821
17163 547974767
13102 869041601
9194 178544913
113 533172656
4591 414249569
14065 667799167
2758 121947479
13950 521239848
1700 537780027
4535 322144143
22656 539754391
8789 382832528
2440 155958384
20192 678879117
13612 573040604
15317 492676003
22049 119607633
4107 561806618
4180 485858389
1165 607017258
14368 110551936
15058 194727430
301 67073734
281 299670790
11228 794757337
20258 541404304
9346 77855912
13831 967035123
23996 424161828
23460 146484682
9714 2096157
6031 116927356
19701 540536578
7644 186706364
19984 844390967
7077 289991017
22478 869883162
19918 960194441
20293 910976083
10076 426977749
5152 670924785
16134 140920379
4266 271967713
4129 130320410
12129 2907156
13687 840740121
11545 599834493
14264 824162432
23198 946769931
13932 32396448
4299 724947219
2840 33173071
5412 569194968
16615 74360212
9840 199324408
1995 845416853
20445 659193079
11273 114718801
17671 153394960
12641 105497219
13189 610089151
1065 529851782
18944 859607430
5213 273034203
12667 218173546
23439 528837236
16233 218366083
3674 374816033
17861 622079126
12321 74881516
19333 941307418
9539 887107826
16329 346083123
1645 773825661
19359 952099719
11055 732266627
17046 644417957
24595 322622243
20170 80969514
3509 414082843
2904 102972116
7918 9701825
5763 604494229
8349 611832553
11200 860854865
22274 51376349
14464 989273473
18267 582902381
3365 256293787
10366 395245857
24308 310813792
22883 28086423
5082 275343368
22722 373802076
20171 360368169
21673 476280066
20158 635369317
223 680095605
18500 209446993
5336 100562873
6521 539259110
12486 464378942
8064 834851738
17325 205764674
23314 175574696
23414 115624388
5738 844546027
24841 691439620
11566 554996602
24070 841866253
16680 531201404
2728 739585320
19765 168098620
13735 670860884
23547 350712864
3370 929479880
13891 184893462
9288 45237554
19323 898258886
16886 235569338
18940 918478447
6232 307689412
15997 538389380
14170 106560132
2889 248865436
19628 797544884
24932 926179500
18921 393965988
21722 515291414
13445 931452488
4506 962623806
20883 216255020
3529 421306572
4835 451172524
14593 576168734
17796 176197742
17777 651686916
8457 137271173
17107 925157229
22528 897160168
14718 432217724
16012 542352665
22872 967222352
22079 527401023
703 256174575
22777 936799559
24300 160407730
4969 168104496
21387 688317159
6451 637803136
8859 578869469
6413 652379392
10397 937063532
11168 340544612
18840 483951880
21998 749570713
2732 401580560
14841 338535206
13776 292970079
18376 892658953
18225 552819883
20458 472487201
9511 20062917
17476 697979863
24573 59350656
18266 425499370
7964 385028021
9724 153019291
23824 938058602
23164 547465927
5033 758568795
9047 168999547
1523 563366045
8443 765672265
23302 96024416
21962 540988122
18983 421357002
14067 61558152
12550 699839928
14787 408514791
11344 534173268
18364 541751941
17345 874114064
16824 67404696
23912 869889085
515 277714256
12046 66344872
10461 126752358
20973 568079279
12119 628264422
5323 684919040
11964 47271938
10163 44242997
893 220728162
10464 595852729
17789 925621212
22388 334710253
3860 87718810
664 564966313
6742 232626980
16437 332475335
23746 764161781
2638 913706744
16921 427883747
15367 644276628
6816 145720480
8740 950922237
24715 609108028
18811 175066842
13598 784367581
24181 426715239
16976 624123897
10633 633360930
8110 893585643
23276 956189261
2350 768716960
10757 593816630
4932 789010868
4346 546195963
5380 893985300
14525 460680470
12674 509305197
12322 670765044
14425 456255173
1067 151112003
12330 418806984
19146 811963123
19252 886333304
15610 811852103
15360 322786921
22593 202259553
1619 265227211
16833 996570792
2221 707081017
14656 228718369
15319 694552821
996 112761504
5291 132801484
16832 820183666
8773 236615732
10416 449107315
12619 534874704
16679 576586567
5224 445161866
21689 73320913
18613 412137734
4582 695686097
22223 4350462
17593 132099127
18218 937481769
23362 247338063
3066 455961889
1848 654109477
19437 750268762
22574 683692318
6050 17883782
14785 465288341
9415 78573769
6743 60463979
16189 21607363
9804 453686779
10930 620291687
7448 248611164
249 352178964
14015 453059770
9883 939549483
9516 773446343
348 777965579
4167 633449925
4730 223819587
2786 665495573
579 265241799
15748 456204430
12476 384218233
22952 596888837
1632 469063999
3041 166577929
11368 579156907
4172 946482746
6542 246314654
22277 887186315
1393 472017536
8105 996256822
17350 705037933
9610 505948202
12136 333380361
15052 333414363
9388 716769859
24103 582167576
10901 191693368
2618 882557988
17011 202213641
24371 765186330
18251 280713613
17292 340285625
15061 150316899
7358 63347255
13723 549869869
7365 645708864
18701 830955530
5078 760408777
3106 393370252
1156 640129804
14286 629550696
1154 580554066
16952 51832123
23829 308675265
6874 354150983
1197 607369786
3729 475007375
1798 290183517
2952 182658061
8603 651581663
6041 579329854
18554 589841890
12622 722434808
1695 663308624
14510 383870304
3681 357607943
24466 608848877
4104 300423217
1868 479068393
2715 975511413
10678 248142920
16496 138549855
8655 495158007
7060 658365046
6465 339804645
17986 843831571
12595 878968599
6199 81809979
8185 334726136
2443 374047550
18183 589346312
24911 287963011
15770 130861494
6043 26952908
19562 667062127
4631 315544203
160 601844008
10022 137520659
18713 388140125
20024 148756522
1332 240653075
13126 16467484
5668 558090044
5951 449516958
7380 467129113
22987 568624882
24990 462909804
7230 303906168
4361 600677061
18817 709976584
22400 246927554
14757 334375492
17716 863751788
2204 844302228
9204 277142145
21969 945443577
9174 58465632
23572 819911402
10554 80590803
10794 268244997
15167 367318169
6896 849483153
1225 863449854
10481 555727408
1451 81663436
7858 814901643
2842 61834013
4678 62818321
22042 278669797
19525 216824312
5538 274526308
22954 306347114
12485 701129099
11768 177084282
13835 461212551
5371 988365446
875 541672774
9144 47921159
349 719162727
1958 745443160
16185 885500644
23731 28644188
12167 452966219
13144 332287959
6775 725687435
12562 277650162
12600 246389036
21037 503454198
665 760577448
8527 595470257
20751 307995108
15904 459033142
14871 726358021
17111 368294938
7003 417688832
21127 508875357
8617 834446519
18019 218020686
2696 353127667
2402 773410231
22606 638674011
14184 92971612
3024 99247116
8134 826843804
17402 622137966
12029 429966975
191 624352443
16416 485829033
17413 707722317
669 402334601
18656 330040047
11875 321948894
23405 57051230
24331 479952262
24091 655921166
6881 578528311
12050 144803412
22271 805612323
16147 853747633
16099 905803295
18103 244752081
11180 846796572
2334 143063677
2835 322305321
16304 793839571
15763 501689751
8380 198477056
6957 920138878
3167 33229206
1422 866351978
19376 865502564
24975 665029662
24728 472599088
6573 575338678
16110 26088106
5271 923809415
3082 864409342
20910 272614043
23903 465732164
21095 169394897
7041 846041115
11111 35535980
3536 283917018
4881 92804709
2524 524298872
14960 986105659
15863 664411983
14770 175006998
10981 283610448
15335 82077226
14717 257020499
23861 456254860
11395 891067984
17319 427595296
24973 303902346
24329 593157007
21118 154125143
1573 306758504
24119 565491175
4322 623451970
23575 346406690
12123 8824003
6720 52639114
7670 428352332
9431 446836263
659 845898904
7729 210629087
1815 281451351
22283 32879461
6277 557434370
15896 697505392
18229 366674344
13804 893475292
8333 288543993
19190 537473182
503 759157640
9201 646217055
22265 251588422
3205 975091461
7233 275663782
4195 616643032
4074 371745382
10155 442337025
265 650816815
24669 617639131
6676 16483073
2256 124772428
1851 69154536
18476 584813196
3989 664362805
11893 211081764
24323 891666068
18401 615615340
19144 969026860
10672 199240452
17273 461583936
10956 590739380
10866 990195391
4957 756788761
4389 50936012
10699 625544483
10117 671498685
17426 507311527
3134 444941483
262 307656925
18571 45660535
22055 499197203
10551 821765
12367 476237420
12718 992512433
15463 660181609
22662 770371051
5227 719252047
19407 984330567
13153 887035169
23076 987580479
23869 803905501
2452 542484431
12883 227202583
4768 857180178
24434 345638849
15081 218950735
24087 76599344
15645 810509661
12572 163582702
15624 787885668
4805 226931682
7637 468177193
23391 369638283
12133 160782590
5723 963586946
20649 336730771
11920 133041571
13674 514107260
5419 758441901
15945 535735382
1162 712048026
19799 501872190
13290 482101664
8104 425901695
15999 230359633
15480 152667819
6529 928128195
17263 167680208
3889 848448532
22582 582156461
12458 956568011
9096 646633783
21282 768595566
4922 381032335
18543 798614305
18154 959118052
2731 37487788
7203 907284269
651 200770555
10999 71630794
12846 855198166
17166 841429663
5100 340517688
18361 189479876
3435 921107766
13025 659510238
23184 323994035
2139 760145274
5787 211183051
4851 537691217
1247 15423879
11577 197299305
6748 890220011
639 916639201
16269 315261049
9940 488623540
2319 835875125
18978 371907297
11721 612949761
4197 399808512
3139 873028055
24251 111551150
8904 545230158
21776 636444798
18964 454969091
12958 825040231
21619 387685390
24850 220827741
17265 481603583
6872 150052914
22350 396635495
21870 74428840
10642 524788559
5383 731051215
17087 195109461
14738 19489897
4092 712763203
3280 434717228
13299 264634945
22992 288204795
3017 8334578
12313 255476183
21299 344963025
17761 869506670
3155 247863056
9103 607706222
17630 845066580
22353 764639100
13457 640807196
18635 170468935
10037 137955927
296 926866385
9143 713876614
6944 669799883
6192 880464722
1491 855786324
16658 230279452
11468 391208429
11434 129048973
2036 145512768
4500 382158664
2308 373091085
9762 18083891
14728 840951363
20526 173198780
10488 661359999
12294 935368213
3582 610811819
3239 551192172
24499 912739876
15782 108710233
21848 565175471
10788 699234188
11458 791348664
1512 476805660
20580 78140498
20065 745141499
20473 138654355
20627 23522423
23999 404691198
11845 43948974
9517 451829485
24823 385963469
18112 830132558
18737 448639886
17377 186846266
19814 738216431
15392 816396820
850 296536735
8510 168048412
20454 594968313
10881 750460645
20571 430722589
11158 3436452
20630 458504813
18045 395806149
14812 229081874
12207 359782794
1999 789997199
22034 179492846
13336 966836142
7897 207577432
17376 86451483
7103 723574285
24153 293654139
20236 542630170
3868 400876944
20208 211276321
1945 472589511
13094 483051550
22321 713414589
18461 305469140
21276 350913953
16687 190685267
8119 862394111
289 396643589
13378 746006792
13657 363575830
951 82338329
6922 367888991
24535 492207764
3584 737698791
16453 463893390
19272 609445898
17692 532497594
22702 731554650
20438 32765976
37 569693420
8607 334802944
3744 135110971
10351 358307110
3896 637336399
8 566119718
21302 424694503
17770 810445806
21345 900425280
6399 14235782
710 813401959
24142 203584493
12011 406674875
12902 313660872
2547 280476097
17020 83487502
22323 769903781
14594 73993250
23594 250534395
1428 291028642
20248 240587667
13403 432092013
4863 262056183
16050 718100998
3148 204260623
17180 804128303
4011 586865811
9682 140894936
11117 308771150
11371 989435311
16868 868968439
9779 419793674
23994 427050088
10646 753969254
15775 985053417
1209 922895023
252 82601302
6118 966135127
5364 588683377
10739 827752988
21761 481558829
14064 379784817
9988 382938674
12407 390501701
9699 674160594
1490 522522651
6134 846692152
22531 503563078
5563 929730112
20035 613427236
18730 715452278
17576 564196503
20316 977761725
22714 385702155
20059 996378565
14046 443712147
14122 860277853
3598 470713735
11621 483985890
5601 830977431
19222 704571854
21712 3826860
14663 400089095
11459 309320255
2821 821474437
10875 372175476
10330 46915916
16244 755687197
22496 890486621
5181 945538009
6048 435378219
20557 528647718
602 243605585
18685 147951617
9031 518360804
23418 537603915
3713 327449274
7758 252156493
7295 306144102
15489 161489267
21491 575585091
21591 649255874
21817 912345428
17338 267484869
4810 868566651
18525 47899718
24632 478128835
23744 625518852
5449 671236668
11426 621127938
24403 627498213
21943 98577359
1317 131271201
13582 211895257
21748 820447446
9208 450299509
15898 188913014
13864 922300671
10262 71664978
20069 565192662
11639 153666217
2921 577900447
9216 742264994
10044 592234331
19265 585689929
2757 918672877
80 54325744
7875 882497439
20547 748872429
22795 283502667
8950 526395516
15883 493806448
9059 698766935
14492 389120696
19191 617190386
12430 372495288
4716 789167889
5352 176617600
5810 487489540
23978 755581387
4423 162646851
6756 609001751
22642 783190484
9085 376332613
12839 18974182
7425 697004800
6196 979202134
9171 601372266
24602 714736547
11987 92580702
19216 449246271
23549 755805839
24727 911568290
23756 263902904
5340 504896085
7444 293109130
1132 415412853
21183 284205948
15352 738891603
2292 90373006
13004 586973037
14470 85433638
5838 276281553
494 450450418
22908 628171415
9145 244330335
19404 851282972
12230 976543373
22965 871912785
16517 198720204
3186 86248827
18562 538343441
7370 878343287
1246 325801406
9261 368726141
22768 474454332
5522 27174117
15148 667047557
7586 400171606
14677 605603577
4585 987416877
10399 482542984
23851 687350453
12640 744582338
7376 742433009
10777 964001406
21431 866047150
324 696753137
1678 486168828
12906 539830151
15553 807177559
8397 301008792
19569 269001829
1044 99030007
7709 892011737
20104 28903553
3100 662151919
3752 491816486
8024 379798885
22390 19699598
9271 710881493
15326 177061311
13483 714346963
11292 241721312
2279 859684383
6928 862735459
18821 820194127
8441 303611960
2913 49214832
3366 256288649
241 792876538
1662 672166277
16369 802898963
16210 69699915
8089 66308759
14781 215790567
9822 370859827
23006 634804827
9653 956688651
17528 301971778
7045 156951165
4091 824249965
24402 917321751
5135 566654906
765 265620926
8585 63345809
14762 421425446
23326 439680127
9053 763425730
18679 140584332
13828 317451630
4846 393092759
6204 161792671
1792 710385533
5034 706013858
22805 872104073
24492 322776908
8933 652448605
5637 139286906
2300 84640986
7635 930634787
20920 347820657
7288 873599255
7181 492149172
3546 492435688
11678 838601530
13269 537454063
24057 268285446
20581 180513973
17750 970828384
15570 225213252
12209 819970563
7862 886618222
3451 961768147
1568 499683709
14332 265089006
2575 664164494
6770 115404926
9123 856472238
21705 411772508
21844 275301980
9025 709702496
5062 679435388
6406 561410292
1424 293677527
24275 744031879
7653 729369792
1407 769832618
23889 892583507
18036 592953440
580 392955276
21832 571617182
15175 762240782
4800 625859952
4955 265433219
10431 898564172
21739 77321933
14668 322136588
5162 502999054
2993 763830308
15803 391039931
1480 376726587
8322 916101832
13810 947061725
8503 102709709
5623 442276932
21831 786254878
18491 831530288
11024 770752964
2039 191456258
17785 973204288
18798 394652329
21777 500041039
1190 847983515
9282 164071324
12255 268375525
15583 141668740
20993 94065462
17780 378101279
1136 456389542
3675 849635917
22116 212156665
3772 994395814
10730 34687984
22983 460739650
18580 259024254
4110 296270151
242 673730940
11013 732293479
19845 536677184
14880 141010406
5280 416896424
20061 205039079
4305 82026171
5809 34819700
19937 986566385
13131 335205280
23248 106742381
12222 602541305
9092 240828794
15012 709155105
17507 159306314
4337 274914850
6986 181619978
21638 983773896
4052 503760498
8980 984486155
1312 30081686
16293 55888487
7211 677341353
22376 734695347
20394 926713253
1364 57406264
16523 501329558
22560 793348195
275 973751321
3737 45999870
2064 52378190
10454 141910976
2668 654945445
8125 398081938
14370 444528733
5949 560879018
22534 492350806
2074 947819270
24470 137772674
20619 238569465
23062 88693180
14318 461982894
24174 428247403
8569 880170823
6121 297171200
2796 237636692
14443 624882413
965 826036907
14836 369614440
20611 779456021
5587 404833677
12551 891877015
12636 188216318
3090 163828320
23578 597853623
5936 441190816
1607 115849835
434 699094616
17297 344022376
10165 607297873
12809 936246094
4587 133777259
10954 600328484
10802 521811640
8305 108144224
14030 888371738
2759 890221377
8761 749599139
13993 641867482
22191 935539376
15282 693397467
2730 968237328
11297 775264484
6675 840721535
17622 199919018
5619 915189664
14439 788541719
10411 111954790
20410 304787176
14409 113598792
21922 577341911
7853 131019576
23185 61899769
8629 464170063
16315 838757054
9257 145730008
1033 413706474
18788 716450098
719 189265254
24984 224935334
13342 378560790
19779 805667287
8474 230794881
19876 666858879
5681 420297756
2584 891616482
7420 296571631
19249 872708563
21101 432189203
20276 611644488
23050 782239879
5517 346138742
20766 451626433
20820 857221562
12689 89444719
7676 351678270
14559 756527102
21493 489067556
23678 301146977
13095 961799358
6099 635067577
13130 349863028
16606 825463507
14287 709435537
16620 797753173
8341 206126741
4321 575613955
22773 932504051
16407 95843482
4271 281755825
11310 96032650
2432 682398896
20126 332607841
3768 261728516
14729 701730943
20457 566876457
2284 298415386
7543 67846868
11098 941267977
24821 349100658
4526 468684119
13038 928942223
7925 200025377
10694 92556244
22790 136555084
13021 348535978
22977 185214419
8470 681627888
8912 226694138
3143 522710686
23841 33299556
9218 45125097
6113 589695392
12504 234281035
7159 813561424
24867 824726578
22046 8106217
8118 621357093
5001 347715723
1282 484621910
12520 830020301
17890 605305347
11049 54318619
22121 538814794
1168 422038984
18616 25109854
20300 534703938
10817 971612324
20925 874475826
24082 341229043
127 136657582
19718 81569609
11833 990505950
16336 7981390
22981 966906336
11282 784975737
11114 472511088
4709 956360505
13372 862096220
9319 877160165
20831 53104197
16436 319300230
16576 23807740
24714 907187793
11221 365667990
9116 274741018
15276 626342860
20595 896738913
4315 601389909
13927 468228805
290 475104138
21974 102833877
9643 906669230
14549 85398247
3369 430849038
970 560367762
5436 996011375
14831 468806078
17127 42097018
13022 474333550
10015 152960704
3131 562769042
20009 673019691
570 854963936
15607 684240283
17807 603295249
792 709033551
10520 679090530
2278 530208071
22587 98846622
11293 192659370
24025 816053746
881 792524806
22242 534296835
18120 308816235
24073 592204650
10813 968100454
3750 747982118
11143 921002035
7522 526517055
17363 691778022
21044 831480508
19805 831740619
11070 124870268
8856 571757593
10790 112547657
1467 95834461
13957 349420189
15096 963542820
18825 815179585
7605 513039939
16695 82924596
12403 473512947
10771 396312925
355 427190797
19311 659997976
13982 169312305
22466 174219690
18143 898253955
97 724153810
22788 619001766
3691 267550319
11742 692482232
19271 39672984
8058 13326546
10230 438907065
12282 462867209
1275 286191050
1290 970233457
14267 5662295
9500 942773125
15668 969161842
22995 81891333
20836 29468341
19100 945515080
8892 777155398
8895 462068135
17743 951945817
7888 979369375
6254 194820876
15442 717936211
5413 245881865
6289 861299780
19161 125517512
18876 554425426
11744 417673928
13801 774898860
3559 621793260
24541 315091688
24317 22151574
13775 967530886
18507 575521952
15506 831201275
5317 252538960
12713 60696540
2548 884577146
23060 736619347
11043 680839836
9507 674841918
7693 856453599
21540 44655591
10355 858006198
4373 285926564
24213 797724548
13430 142138279
16137 422614768
24056 239850470
9585 50996819
2997 631905960
14693 786622271
10985 301246524
11286 668345993
9651 983477794
19440 375832757
9407 763599090
14725 612161624
11550 912595008
15145 280714221
11781 156198802
8504 367520112
24109 36150896
15011 743214393
12412 497164402
17565 373576751
15312 941144927
16757 80319402
3699 740629918
22869 346133375
6873 836110769
8123 761745427
5143 50246680
1410 554882624
21163 106073221
11456 967531418
4852 20292369
11040 110482071
16747 386416761
10423 622124250
15165 233423792
22313 388346808
17415 279585117
16161 40927192
1471 110511127
6400 684897926
2604 588091305
11827 362816185
18181 326235119
10410 919798411
5995 323567084
16532 195220407
2586 380291101
11461 657582313
15853 756938005
18060 735815931
21266 504228188
24249 97106745
24577 117157710
15998 767141517
2484 974215800
8806 20544616
855 238438671
16540 557314524
21616 855372506
263 894933590
7333 975872798
13916 792383583
22925 947156490
18212 274454649
16229 840190838
11270 331951055
22643 906236021
23975 315312679
13813 613795876
2974 683129911
13279 641142490
12762 233148445
3597 815986154
5446 219723802
6871 269128086
16729 217250054
16647 793256646
17684 755862630
24701 767344289
11918 719574779
13962 868269046
3943 9196842
16580 722242826
454 609611605
1139 483397908
16967 84432405
5144 922935615
10786 424561630
20092 561221195
19594 403573999
10544 149167706
19366 583072280
2166 74183307
6716 899388485
17973 258581700
12597 362863566
24171 722381017
19473 216712975
3637 37047002
14861 490097294
19793 737403040
21905 590000349
11822 722732715
19886 921205710
6568 926660368
13060 979875204
23880 451685645
20203 484585878
14950 49482292
19838 235547711
4982 836976346
19306 31452007
3377 783173318
22849 886415514
17542 279289647
24101 539510293
24227 786261131
6147 35725831
23533 456550092
8736 729718030
568 545626227
19367 65660176
15558 241114215
23347 492844494
357 530471228
19225 154184230
2486 824946423
7779 452185077
1017 759481751
19791 303536038
15063 954667669
9722 613365522
10749 648189250
4449 218933209
673 573150000
15031 291407962
5875 21035106
5344 913894562
22412 524659784
6272 636618483
20968 747882740
6377 501187290
4739 322716804
6780 515160102
14289 521263886
20015 7234317
2627 208051474
13050 428308404
1858 269096145
7936 596158652
19384 568925928
2007 165373596
23976 188958817
22262 706161141
10595 100910745
16803 174380638
15949 631573127
16018 456782812
1819 142224426
548 728668273
2335 186969007
14589 322518016
17249 971841413
21460 637693301
3653 194265945
19531 255560910
24653 684528864
24491 786738367
15960 698950611
2400 447145379
2567 494458758
21621 20443054
1765 631226380
14107 928338524
20669 663158404
19477 224384171
2015 738100599
12910 214973626
4175 71418830
9108 916326159
6312 878217841
19401 594419127
12756 47075848
6499 519360185
15916 954370853
11470 654885317
4136 566351697
4994 865956499
16299 986548160
2789 911958283
5922 367956044
12068 812025747
19395 714373162
1093 813672579
2698 523044151
966 460711591
9513 493058575
23827 891062364
4027 857698505
3468 534116818
18059 650683094
2915 638163710
8365 728395808
17406 101691333
16841 27055894
13487 879954058
4252 661196089
18740 69004894
11530 773911049
17039 365601281
3461 33546166
22232 467335506
16919 144049221
20738 465272352
22435 168492129
4220 929390097
3093 567505690
2281 174837638
3485 353389404
9449 710377002
14069 540997104
20197 694439900
3389 701809719
15211 712553188
1077 934184188
4848 729429732
16330 313777775
8829 148173787
19520 333356322
167 721564068
6913 497535748
10756 436916801
23232 747762737
5870 861418417
4385 237646299
10971 853618237
3545 614897041
5017 759528981
15507 995742389
12678 915922647
4841 738236474
8812 717371268
11345 511885628
16723 794369081
20579 832894914
9944 373159238
3994 265550126
8171 786669453
18809 73104278
22733 769101186
18198 515045709
24648 597128260
16814 196282859
20013 443618265
17260 840904566
18909 944192635
4971 788466057
5573 183528083
8010 39894923
18591 271721065
10774 349581652
7329 639252546
24771 256079791
12782 228221853
7182 832913898
10449 557581650
14372 630699921
2410 337033405
23398 693853938
22897 100192459
20753 14441209
622 376999394
12503 589848421
12626 586904191
4387 303428999
5647 760491867
11605 657878231
4681 181045878
5699 353395807
7735 373999284
14583 367702439
3721 75203100
4613 719225463
13260 291249468
6978 270692021
1375 18958794
12647 93834574
15176 240818027
17465 960504661
565 144889163
8703 794250965
12658 729531388
22858 647835917
23397 340153043
11155 949352072
3196 230080929
6778 734642335
11573 449016165
6695 634835722
793 116250177
13034 420584862
14475 570970862
23470 56845954
5366 102949481
19382 951617115
19041 378033837
17643 340852226
21839 207300066
13207 759929576
20179 242203862
2688 624951449
3019 538275449
11229 815895933
608 174396494
8431 624476018
14188 661910506
13739 637797092
21308 309811540
17125 741100671
19587 882029421
6330 280025060
7655 15196132
20481 841880814
7921 782123199
4217 621088746
13284 307919602
21305 245765864
15164 760963557
1928 920767388
19912 151059821
22219 178433535
15684 981369979
1380 7248340
4365 661468533
20905 293604985
1718 3865247
762 711044537
15977 575484870
19643 797600768
21414 981834368
5172 830535275
7915 416325218
20373 752266879
13586 254308595
14363 983987614
22758 900083424
23552 861286818
10854 641599733
24004 892087014
14853 503408866
5862 506136178
3964 740191714
271 737603022
6938 668241979
11348 723639547
6691 430471229
15007 95258534
1084 54932559
23771 323735181
16969 848754847
11271 673216132
22866 549232638
958 752603524
2087 118078942
17926 868932992
10293 586315902
24622 244757591
17049 95512836
2468 547833389
22836 272108483
8835 239170776
8615 170177349
6606 391899233
9773 75557226
10603 114032517
18004 819396657
2212 656198125
15838 789172876
19783 150027799
5677 3466447
21849 28664931
8142 169869899
10247 422659561
8764 439383358
13255 599245906
22927 781468339
2797 253026845
16876 92593899
8636 459756753
11794 716960664
13527 88585410
200 231032947
1683 376497764
10465 198825319
20602 766608208
6302 785871696
13780 660150367
8339 880569993
22856 754686390
3076 681132154
4602 164697316
11057 833355719
12901 592848366
21744 220234596
19195 509217053
24381 339736292
14723 807597842
15952 768883006
19517 835984997
845 857744067
11681 842363613
8306 921513792
16963 546031050
1363 536828413
12094 514649765
23537 667034359
15519 738492619
23971 972654992
17495 554025695
14947 682222348
4914 439854176
14777 930858572
4045 76367307
15733 676674869
23725 779217985
13688 122854102
15122 660811947
18786 775173173
6101 908161123
12814 948466570
3775 357269719
9860 620901426
8317 732197476
19327 453529898
14104 167627606
818 461948947
20528 450060045
14085 493351744
23563 479473859
7498 596789174
15001 221200093
22426 835868088
7714 670543891
9911 857040100
828 471357830
3294 940054596
19684 195492294
11521 793934279
14903 848425889
19352 843302043
12952 861867968
9258 472047317
23713 535205754
17219 154350948
12591 660618635
1266 585427383
6870 184657104
9552 144380943
20917 765781170
23653 677256629
7165 441896937
11067 177268578
24712 494983498
5265 845659964
20612 49295827
15296 255067245
21657 255971331
22907 427039257
11335 272139190
16638 956204744
10040 999050141
16043 506009566
19167 174670185
820 26785347
14337 30455693
2093 921361774
20802 331599702
415 227215262
13908 345136797
24587 83835360
12596 690148853
3142 212336989
10201 137413662
1840 110994499
23012 923082596
13421 881687242
1801 860999170
5909 126093472
9391 687842562
15173 631352710
21940 476885945
21174 416509531
11792 134039870
8005 559900024
7099 787211168
12498 608801100
15981 988183621
13941 211799691
7988 306784434
21634 727795960
7214 479036654
8792 548289941
16249 333108705
6544 792634457
16380 982374002
24000 532585901
12797 524655397
23290 37411246
3767 863020123
14299 809990240
14852 310793572
14100 230327988
20205 315051271
2342 502193700
3920 29457182
22825 164445774
23399 606709212
952 689811331
11695 863703245
15373 337548809
15185 637192639
10479 995341308
13361 935061855
5977 61993510
22746 893067714
18982 365522341
19608 31580518
24666 904982641
5020 625087667
23667 418901447
11501 13685902
19490 193818658
1258 871769217
6847 812931070
1752 418169936
24635 659737413
13655 534990649
16649 541233990
412 968638845
3975 423690307
526 699710889
22971 32110988
21207 622038731
5516 945654709
7299 960719873
13568 625847598
21270 439255033
18851 91666707
20722 747289682
20559 987194020
20843 424026051
22685 580266072
11369 915786043
5560 319820000
20987 524302741
14607 331952835
13272 55637005
17396 434426197
19655 677692653
18286 316870859
7293 645001714
19710 534803490
10921 961274418
8013 379929946
9445 837326201
14445 314489594
14681 502586613
23080 393864778
16754 473051554
10187 143306129
12332 200927576
8407 289724641
4412 793642539
8936 68042825
24286 976540938
15761 192800538
4901 920275359
6970 506451346
23553 621722205
2876 496236923
21391 266519335
15601 114822957
6614 459031912
6019 353864907
18893 787153558
11995 963538525
23945 301261837
11450 438408688
23669 729167666
23867 544661701
16474 64401706
11417 457266734
6883 105608836
2503 961487092
4396 895317554
12859 255488437
7965 78846124
19709 549575030
4263 134528946
11835 783109731
15773 903935329
8338 46084512
6656 263980800
20323 565943154
1370 460145030
6861 694377385
4311 410901860
10256 956684263
14609 865807260
22282 884189222
5057 5678935
19931 777902875
10089 766674230
20391 737420317
24921 763673658
14873 305982864
12452 223448816
2323 66578325
13114 977624074
13243 916763806
8424 361748211
15686 127130136
12259 553320571
5494 503109772
4212 55487016
17235 214148108
16173 632516791
23610 308819610
10903 25994002
23754 799295443
19276 501680834
14101 141515656
18677 233376745
3087 926189226
1896 832262492
6228 456242173
14042 369463116
11812 424303891
924 129506385
2868 98244538
11796 635455499
8733 653949533
882 459201252
5569 870173679
22436 347311840
12832 257329707
24894 983634708
10834 708325309
20309 705070065
21309 517082394
21603 751006969
11171 661968039
16076 840515989
11857 69418683
2897 291250559
12533 585042655
2327 236294193
6370 367690992
6063 336509840
18852 92406188
9490 367914630
13146 700273918
3701 901288655
13468 216154590
22303 589101415
8885 429639438
21986 449477423
1635 675758037
23423 101901289
14719 110638428
18279 478886320
18463 246925539
18672 575976740
14751 97971049
14985 776395126
15973 531010106
17934 361224109
7142 61335843
18186 115195264
23933 909890313
7648 732874937
10458 6776001
18336 663538795
7598 280021450
23620 234826460
1967 804476371
923 394324117
7776 969464758
18159 159860959
13577 569052824
12761 329630597
6151 714830944
2269 263626597
15825 952529337
16220 501080955
13781 916601820
19528 813106952
6391 827669295
6433 336355230
14832 442138407
1226 903257334
6688 831320654
11619 240479187
19233 73433149
24224 827242956
3310 155995715
12916 819775785
10241 374279023
14416 313846811
20383 67671243
23991 148484486
16276 303437538
17566 42749356
20798 457514551
9260 940387112
22428 948272819
23101 923355839
5515 823307656
3 347046792
19267 41982742
11145 314713719
12082 826171823
7540 318741598
12125 322986888
21056 348829111
18299 921133324
3695 543835424
19372 841390279
17530 786871775
2610 814092257
18700 996473556
17930 54975634
5487 995305070
2995 342729378
6918 560067503
11538 799605458
19125 456319942
22821 862075654
234 757195538
11976 854080637
6313 269785054
2701 674714189
927 401206435
22080 896481762
12292 107917225
15303 801394615
9060 220985225
6836 583698235
10984 529656831
21098 759176016
13395 584010039
16844 187929262
21782 48840006
5333 821322212
869 980603527
654 819079470
6969 245694716
22324 878535598
20492 296871551
19321 132385800
18526 941625732
12540 549698077
7868 812527351
24506 95046064
24882 738834098
17404 924355947
14568 158712095
14360 520617937
13625 652599124
8804 223197364
7228 433000840
7588 409233852
7121 32762192
20404 264304452
6157 15124201
2229 58665535
7596 237322075
7251 123140586
14967 792595117
24303 837211552
23769 916340999
18799 696004175
11542 323128068
7553 535829381
13263 569273416
3067 893610920
18399 263024239
16501 898044469
2954 327912538
22206 115520152
21243 72414689
17586 632892932
8500 881754343
12004 970928572
8552 768822886
19743 647880615
9775 758571462
11719 681382584
14864 563832747
11280 906037981
21411 201267450
21176 20308696
7061 382556527
1555 451499126
3221 301068363
274 760822569
7552 48494383
21209 481716845
23668 694067794
20122 830759778
5237 337970846
22007 652454762
10253 433662019
3953 448520873
17923 184228554
22464 795112150
16143 294741925
8894 902979415
21007 452010691
24463 39863449
12283 561196441
19564 610488904
10686 807335480
19875 35091972
11494 352557275
6248 781100424
8286 564092874
20213 197522947
243 585913756
12877 608779091
11413 985923555
9385 419957482
24332 156477150
16488 587435038
9309 829773873
23790 850693528
4524 218932795
1973 349781687
20567 142595934
15593 820659356
13809 570721431
19068 696144387
15734 562794826
6143 772848341
12221 150796664
4067 819918927
5552 738509072
21343 9826365
12001 753155659
5863 616370298
15721 741257019
15943 640888237
23308 531751972
22170 556704342
13621 401020135
18235 616737230
15195 958741902
2601 973641166
11593 281252799
22097 541560083
23005 827447106
18633 692557952
14580 24008548
679 375607665
194 725760140
14860 335773965
23870 911096925
15572 24194370
17911 946147127
1751 780884716
20629 361131303
10629 727905586
752 174944381
13442 503213119
21718 662433871
1735 703796086
2208 711716915
3783 12258243
22501 899708969
15678 814464343
5472 820189034
3532 150981982
17941 853993126
18939 576355290
19549 841993504
19738 43625871
2461 603111286
19303 835774818
3528 11612494
3870 995657470
13127 256446210
9224 72951206
15106 733579371
8566 738002
14692 205652748
10995 747443092
3566 696022607
12573 7043716
11429 305715999
1372 324291831
20130 166628138
10917 444515486
6450 74988383
10569 573914196
9121 855363332
14974 230479264
23329 645216059
1779 285778909
13091 144951591
5955 945590535
23555 399657532
20564 856796941
13451 187909443
3655 841816755
12745 323539014
21143 753048780
24090 784499608
7578 670287548
4687 721727276
24112 737976459
11675 144621132
3930 742621804
3121 220335341
23132 494851574
6593 324575351
8344 115010754
4694 590727055
23173 730516727
8515 352655757
19458 697922771
21324 954452650
15729 309001734
19881 636392297
4440 534080834
2717 404067686
6431 406154774
11340 42803355
13607 563671358
3209 913860948
15025 590879734
17525 435483161
1643 838610603
5297 227196131
5892 249291473
6381 700318565
17157 854585095
19947 462373081
5425 608009968
115 838668017
13644 109946715
23661 587673258
24987 1064259
15908 679252788
5058 412806675
676 241288140
3334 886285470
13788 205831024
12914 253397679
8767 739291192
22576 245580493
16974 988049086
13900 699655992
5679 665775704
23541 659087895
11787 630625255
6366 145088628
11308 474346941
24820 204847557
7269 756762409
18382 54602132
18501 514551046
17616 502527280
21784 720840578
9475 577694393
13067 679773312
9514 528167216
12631 142925438
21959 983326923
19536 586689928
158 258301581
22522 562806734
14130 589824233
11400 374877894
5416 108481925
2446 26213708
23990 464953070
19214 616259521
684 472497742
6681 847010208
7898 197647960
19031 948682205
20646 300659310
6304 123236932
9230 298566921
19689 172470584
2675 510811019
10522 100328524
21399 205017545
6832 828972545
287 21911215
19964 713164627
18904 733119380
7300 399599712
344 918353736
3075 911764290
18482 372631622
6212 466873025
24842 291888862
2979 511327062
16444 751029128
19952 732538555
251 41429532
24790 160376214
8192 710024693
14417 295419197
3326 509362085
24454 336013133
14428 343246049
20206 772268660
13386 540526319
8798 324170406
9981 401648512
2387 226106611
14457 214740246
18150 20462990
24417 607185713
24465 158503028
12356 493704027
1696 921325843
19683 911871746
22469 826883300
16427 570385363
4571 728535597
3313 435925505
14465 193363892
14714 19144923
12194 100258297
5043 893338023
2581 349380354
8781 266983511
2695 11503434
18930 723493715
24210 599819087
20697 134298957
7524 597510524
23453 249150984
10030 221689013
16884 103375440
12763 230429534
17997 886537508
8496 674960255
15179 792691824
10478 9397949
20637 573801709
19851 120770454
19294 998754175
24438 481273376
256 64192867
6513 496308225
4006 341587350
17644 132912073
18663 456249975
6144 403616048
9225 854754368
9369 21761087
18495 841146245
10570 202063845
10803 329701750
12719 571388150
18471 653980590
10213 397230612
10006 694768829
24834 293564306
21312 358584046
294 393483990
9132 807255165
6705 507248947
4448 672758127
14099 922367747
24971 686388182
497 536887828
13942 801500353
21660 702347472
12056 772092691
1030 996530740
23057 982521365
10556 92065196
15126 790197871
15694 199444095
19776 222062411
19992 459372212
325 367143246
24425 144670527
5030 27989660
19385 855787246
1699 913758198
13541 151717494
22550 175354411
16872 808036203
10983 725769576
9269 237572751
14181 721713497
24042 749380620
5635 570820637
4552 336605299
3990 319388810
21727 715484147
22725 318041468
9389 644051004
6364 368905386
21707 184509669
13634 449818517
5871 127967204
14490 116624403
21661 618116384
10814 614934808
7995 145094517
16934 20257527
10851 104167937
17409 913076362
20977 546035602
18536 73118404
22114 374883095
18695 296815329
22617 818706355
12186 706100700
16657 592816485
8239 826741025
3387 149151702
2960 262828297
2808 673699889
7623 309362324
1353 170428076
16597 389093661
17449 91228560
12749 493754974
11759 187405850
4840 187559619
2873 517498347
16899 290620990
18866 83794913
14093 318598420
13070 751851196
17279 259086742
6496 471322587
4978 328124706
6247 111052826
4012 872496668
24759 646290897
17392 236500605
18531 406410635
7629 294995385
15369 883019207
16475 872614546
6820 770273060
19281 429379752
8446 564276044
17177 700496226
2720 14169289
6006 399446478
22993 174212046
24533 225307613
7583 205524164
9169 698312479
12242 767574319
3663 314387532
1413 219276177
13704 5616601
15337 33344048
13558 63737998
18077 435895481
11959 290349442
11933 437599361
22811 861884920
9825 11998440
11415 833216786
1682 765791010
16929 126689968
395 78386384
4684 861449116
6997 814545296
4589 693535933
22766 548246017
16512 761836287
2925 589620307
3331 23724181
5039 490815343
12563 804645663
2754 995107124
11173 466125942
21659 526786563
7033 805825392
15256 794278524
5195 659441431
3316 980730214
24913 114450347
18410 832505132
17882 982622027
15784 171082518
22931 317575274
12303 334540198
20144 550541871
17334 887644468
10997 320656315
11732 840766728
20996 717323774
3179 267993017
20661 496492498
5556 571092961
15821 796573085
3714 81880916
14825 247649649
16767 341722256
7943 425472263
17818 190970113
24254 867146926
9298 724651287
20137 870374740
14389 799406254
23894 587126187
1175 134932816
13536 636356381
3371 263086525
7761 826005286
943 240890260
20921 488868540
16052 279418364
1786 329300222
7873 622481462
12202 768906193
20377 596039596
19538 739534540
22380 985426050
10197 85196052
9743 993218402
18975 583920719
24874 163650152
430 609429176
16333 301066509
21791 51151095
13837 943484411
16738 804884892
6504 218850142
7907 882339086
19273 173636084
20858 193983580
6419 107668383
974 28330454
20283 534695953
22701 970923474
17077 89013445
10036 594909319
7887 94223386
1042 855233013
11036 283246073
8234 875374983
20875 684882945
326 426631770
19744 244854608
20298 205856308
17908 998497629
16286 553180731
900 902177909
15322 908612132
24767 897192480
14906 133205951
4078 257655367
11329 10927630
1845 422415613
3987 635966976
24929 555579903
2512 872488828
9582 134274868
11237 773380884
7189 337719732
21901 919523839
2999 390714091
21863 698617373
14619 430669465
19861 317136509
8929 259504167
13307 538361852
7296 431678442
20356 779458754
17228 707142072
22963 815369930
12268 663156761
18486 287792665
16834 489625164
8758 962664732
16995 515974754
574 146764072
18194 552974281
19427 735372741
14608 350378188
23926 395446505
10989 839660659
8019 111937526
11112 11516069
14999 174021753
3562 385389641
23939 337329468
9949 721050484
22270 122685949
9917 322075790
24419 903189290
23085 175819600
23416 686991916
11755 603982848
17758 490616496
18711 108496708
1026 674309771
10433 269300214
17540 306042287
4066 542781430
18524 670145590
17176 619441385
16761 147424210
7446 817506054
15103 525616803
14138 35114446
2791 362135923
9952 29711704
4417 720221727
5982 958953365
24730 113860405
1374 35996057
15523 530868686
1286 261384766
802 978076440
7707 981281042
5388 454887200
14438 929999610
811 163749005
13076 646727408
6958 286320520
22664 530499180
2660 530597446
8707 727070660
18873 729265169
12366 153507868
23250 602447449
21925 3686843
15712 115429215
11506 830525062
1120 991665057
23917 54195191
20453 523197911
21334 361747853
3010 78109470
14014 620300097
6935 410704178
24243 975211709
15919 684135726
14655 832377750
5939 161815658
2969 907049540
1518 846636713
23872 34746745
19742 245365398
19124 295691049
6005 274327870
23608 337040897
19764 433465785
3320 674261497
18726 75930890
4893 834176330
21393 980926184
7572 871150859
4009 932867043
17209 373103745
15158 985560325
11934 801382181
4547 513735511
7560 842534602
4705 178389406
23536 932279048
15309 506095253
11900 486352382
7360 381458530
24605 520782643
4022 259084782
1991 167065933
9533 615444025
4806 568932081
1799 23795616
14736 981417700
12428 736153800
22261 513880227
24031 102865417
21734 501246433
19766 469665219
9547 806574867
16007 628907947
12747 156367553
20663 706243368
23356 402561414
15501 879405405
5502 483885336
2770 653706471
5991 732741579
8332 794282263
18688 624678533
11202 665583807
22948 774349776
5077 234626362
15552 797147182
8265 679054391
8863 74837430
17799 769884356
3746 516530424
20530 964276497
2914 353142219
24369 555757620
9048 627790555
467 883893847
19998 900594039
12532 435962925
790 953097096
21479 6765034
2228 643772734
3518 367378478
12789 599020145
347 324319990
610 28985382
24594 393145773
7912 769956440
4469 380095189
12484 92172983
7232 173206443
17552 734086025
1365 235186797
2145 273834948
6791 749882308
10783 942883459
12422 280455940
2525 175695860
9931 591531510
15406 847836527
6740 796091367
22356 827674218
5255 345768636
20036 983607916
18071 131367300
13374 772849500
13247 782621651
8097 873206927
4839 62859569
22434 835252907
12402 10502506
6968 768990898
8180 214507803
6920 523495786
8129 967333344
23858 111726965
1571 161774389
8216 688746643
18931 107988955
7411 304021234
2415 59603071
12698 140603307
23634 37961828
3444 631346388
11314 273278061
10314 20236522
9861 471957114
20542 94272027
7959 679187324
4176 862008884
12072 559590785
24723 779155201
3608 14966878
1358 988288494
18441 729497977
21686 965482871
14117 521995334
6843 720279910
12142 898128702
20821 270586858
598 22965615
13333 225313608
162 412401791
6560 454956613
19630 504467825
17248 36400206
15086 983366210
11584 784678757
10833 780260506
18754 633764518
24570 521727875
5820 23638689
5200 69247163
4450 491714434
3776 479804433
11178 858601194
1744 627701758
21733 464864093
20368 841746543
21341 440281299
21132 746700589
24410 640923411
20162 461993810
603 458824082
6570 412580011
13383 663514385
18123 935579808
5461 211641865
22068 149940159
4394 559729822
19842 338399867
9451 27321183
20068 106685538
12376 217212417
11701 700426810
8494 488836601
24956 45687419
11754 62992238
18938 365031526
4807 92140657
20515 243577238
9384 95727457
5794 38814072
24887 4297353
15798 729470482
2266 454685485
10294 650664093
14128 702165506
13964 580285319
13197 471478821
22257 136756822
7266 533859288
3706 995940666
7864 908728359
22362 729775979
3622 878369997
11299 491979158
15252 818824452
11924 142963296
8574 164151745
19289 723189807
3936 353610523
5764 192414413
436 806081755
19241 347921066
20138 190926393
5774 841607636
21597 829303370
15259 55897600
20906 100740004
17857 377287775
11536 948794234
11189 855973221
5191 457732819
15589 746654457
1892 525140807
23534 222707402
10869 740391956
5766 668206794
4037 347733484
17782 437686397
9703 289114500
20677 871162004
4397 722788570
17665 317128475
16850 567008790
23143 335663012
18009 573899475
5101 240000374
14602 847158198
22212 893719436
17504 419749189
1268 129629163
4221 896235710
22008 73195433
9814 394807118
13695 797178613
17314 797697826
14776 493412241
24259 858099382
19507 650660190
19123 729764976
14821 277923843
9336 112461855
14414 26821667
15128 989308294
18629 985559925
21577 773234539
23190 608306861
4363 626779186
16530 8848415
10925 707469982
15972 412228790
23527 74373459
7417 35027471
19997 462575907
2912 971988650
17280 717400857
885 238247520
18245 607558333
14682 474392545
13360 899375047
7848 266388589
16795 979629010
19067 567049372
10614 503382908
1704 973865337
17539 959694378
21543 337188095
10008 151004392
4429 535813546
13994 663053206
20610 869194034
3907 845348288
21068 209986619
14539 400851027
6342 109080715
24982 974581005
1719 686054968
18850 88403022
5501 56135918
5778 845478111
22178 146628138
3051 464639214
14957 696908508
2529 587432494
22785 281012993
17230 840378496
6955 126101436
22329 779310880
18405 27562295
22176 522463235
2044 496345541
23236 266355429
24231 709070269
22632 672841307
6764 309832168
3056 611436626
6658 450160948
7357 730014841
11239 336530057
9247 342135154
18358 673233013
24405 914329293
20972 151966214
24035 845426734
15262 471696261
2158 187069808
4992 317553744
23630 231849165
10664 905438242
5296 493704985
18179 342457895
11000 596869737
530 384367814
18750 524739341
11747 947413101
11891 890582107
15395 343503200
6643 268114101
10515 668704423
4533 873956636
1172 682569814
11332 269489647
13174 893453533
17773 814446794
8834 383496613
1594 420463239
2053 927184408
15522 363232695
24346 852956895
10564 585184957
9851 710865082
21622 957091205
8586 101459368
6635 656665177
13020 89420215
8572 584749979
8518 872558530
2218 55651056
21847 263877902
10996 487011423
8702 205379475
8199 555970707
7910 494415546
11408 399779874
3256 733871750
1864 190815297
20598 222820208
9294 40739091
16825 410833648
15449 12800469
1506 135167597
16762 273270909
327 667486521
9499 578423106
13085 267344988
17871 11236805
6983 423919742
21005 736172378
5256 595569104
8724 283433385
8325 453485884
19417 624851865
4741 773967412
20291 834562000
8184 288452990
11690 68125481
5040 468518850
5210 40343760
3049 208026974
8464 190122435
16378 12784715
14530 399122874
12715 584177306
2866 354457268
3223 47584713
6952 822646145
9090 548177920
4261 878112113
13252 449833541
9575 426916503
21860 806495147
16158 389873386
3319 833790192
18936 343525122
13838 464505592
21340 53510775
14840 678964631
23208 867513455
14297 247237434
3589 472317834
4954 275615930
7610 661031470
11486 919581540
14984 56419615
1601 314165642
3631 614461820
8696 159224348
22687 756098253
18979 304004854
16266 365382994
106 399615783
8487 511879035
2996 405422700
13377 246101883
22668 61233705
14419 670468216
17320 610208105
9665 811034861
1028 66444678
16799 500672154
5665 415445300
16263 978403413
18453 922161274
13639 863831660
12947 763699890
24236 254116673
20480 309508446
17428 220952624
12058 839731419
19155 556430731
12892 87982451
462 48597592
1186 946630143
39 591691582
24359 945554513
16988 773848898
22375 718507977
12390 287217111
20922 446427410
22339 224701670
21805 988953367
7525 529404162
12725 488653618
14120 320787771
5924 1478360
1450 457695338
13064 785798340
24888 245114734
4592 908914016
17512 161454532
23123 697844178
19862 106772642
24498 382005250
45 171248504
12579 203060683
22771 18404390
9149 671059120
6103 419059252
4208 411543418
3492 879563476
3107 171820372
2945 510543124
16586 907076567
24699 353794566
16792 174210456
16347 816677537
11448 113747925
4867 65638873
22366 521719521
13753 994918178
15313 589630076
21181 586904254
23137 974325846
14177 308096425
21676 945517250
22740 176571243
18989 578841488
3136 931181844
17524 921746108
1859 745716007
21100 236471680
7090 719202543
11791 16325
4942 732168023
7923 135879482
22439 209537698
7697 556573900
13253 879046379
15356 715046514
15608 245425854
20708 824959506
11824 670970923
9340 355704395
12208 41772859
22477 751530508
2197 752421942
10171 27740198
1301 810030658
22413 133617297
18093 685609651
16025 739175154
22953 499556365
8292 181471776
24177 744268762
2617 352637979
23854 776833793
21015 182072619
22454 802904887
5578 64562891
9173 730546340
21500 445410268
151 928958868
11503 67389277
19826 255844994
9930 901678136
11281 69941491
4414 39102399
19314 490239667
8591 375952741
21584 362196086
21149 120166647
14820 228462186
20696 822911889
12481 454754449
14169 560385440
12234 94605057
22234 576321305
8099 126642673
466 268120827
17957 449476511
5631 557534773
4710 723510744
9100 220310910
20928 721765974
3234 958261251
4216 77072789
22148 586856975
1863 223304677
11399 402423945
8411 950950443
9328 541596865
6459 179478365
22333 520259309
7264 239655403
859 474122953
17916 474806387
1670 348080385
19454 790576563
12505 776705555
1127 775895102
13149 904741408
18615 440940495
5709 293486855
24047 31030498
19678 774244206
10605 106811233
9995 879559111
24201 800936515
23566 540904891
24739 241340172
8028 146293325
24223 826438551
16566 828898210
8752 444258009
21854 676747123
14516 777271772
9365 676207440
9333 396585164
15465 789252796
5737 888680749
15218 542347923
7066 151477903
17051 858203813
18205 906981768
13018 622517644
17891 844332406
19096 45386355
18226 903083671
13363 652653546
11069 572012834
246 449189045
17579 677629741
12515 307981113
14125 370566946
7113 576042513
6510 300739138
6911 47626005
13044 878950596
20246 320058940
10161 134791082
11213 518224539
21442 222304780
13520 112776216
11181 256094776
459 113757199
21855 653450041
6334 49183010
10380 539292725
391 872890015
14900 413303411
11795 164081240
1369 718564041
20884 942809170
11471 852833449
17920 179081717
5252 58228480
12045 294644416
12553 424001408
9161 504557463
18721 968629998
5452 243746569
12951 977022569
7135 987585110
14245 65271471
6804 266618411
21582 97244625
10002 634023326
2394 257076135
13702 161286503
19109 940900417
1647 391929298
3999 772920613
13183 680776994
18712 365605353
22996 508226419
15169 433834172
6174 621611504
24895 157634041
24837 476203072
21058 686537973
21178 63661839
16677 600475017
5956 552585738
14314 887006596
22422 287255953
14605 508574130
8823 351525540
4556 563438768
15976 946224198
5907 113302314
15609 741593731
1617 744488090
17783 808682857
17823 67561505
543 122590818
2479 960871110
58 767826575
9829 450688643
11385 927928299
23946 609220692
18202 685277709
19159 902061100
6207 351414119
20702 914304517
18408 54378939
4007 744082473
21001 765155317
24986 376479503
7870 347388006
1112 286537602
16980 26720627
3687 782433589
19748 877539763
11507 177081939
777 595906462
5338 450117260
16247 883381520
18789 104673086
23196 228234311
2054 816029892
20941 138345266
7150 99310681
3751 562297169
20605 497424686
20958 372293761
24676 92599002
1809 137252843
11490 697572795
16763 680758509
20374 58472108
16519 612887865
6382 537895814
21202 425008078
9438 364925010
17719 824046381
19891 99159476
17358 539822790
24527 48393428
12495 659165909
6455 43369107
21632 566613324
9421 916886037
19389 418581472
11478 888662608
831 7210500
7315 600806063
24475 524826656
8115 63751366
16460 825825930
14541 47969754
4272 735445251
14418 934352104
23574 353629294
21892 961933229
77 974198144
19848 935997826
23554 187588591
13569 634644490
13117 417701600
2224 970432412
7955 272732174
24852 735136391
24877 390438251
8756 983628660
5824 753251452
14709 866006532
10265 842205519
11140 506127828
20735 877156977
3488 107637466
21978 981054238
8653 772478536
15490 781421316
16418 440540030
9996 938774671
2736 241851454
18118 275564957
14987 106273002
7683 767609149
16862 105114035
16271 10530359
18023 467851244
15968 835928428
21692 920415009
18339 345874522
21376 608949910
14966 976166611
7622 728119902
14592 301354387
4871 323064079
2697 737744577
14479 882667843
21576 46874541
7156 507490035
19527 886841959
5636 952688229
11869 430860946
20890 234643320
12153 138996151
9509 45770038
12023 987934636
1461 611055671
9973 809048376
21307 602551948
1133 17104235
16179 841990647
11092 982845492
11971 156814688
16494 851841325
3109 505809772
15663 608009232
3277 896894449
17118 777191001
11938 159607148
20406 105074630
19717 414379639
4372 457026083
10177 882127727
16628 682033994
8540 737135515
1237 113391915
7970 198455879
15826 365858546
7767 921337520
21698 260304766
17085 753693834
12139 949271345
4504 502685310
498 636079536
22009 458855863
9362 618290978
18148 846876719
12461 991419524
21325 216891560
7556 303132991
23334 114309281
23370 58039067
11854 609534950
6828 429526272
10181 617753395
10649 772625029
197 554821767
24519 853215180
17527 658572326
1777 97001316
1849 681710751
17002 224080031
21721 612924608
17764 92809766
7428 840349326
9408 14613699
7049 385000953
6191 477115990
11360 912287030
14793 622282478
18729 890562922
19457 669159874
19781 808909450
12757 816757251
7285 78348318
16917 959234332
9711 899593546
4732 235151799
10508 445960840
2235 828823446
22405 85285384
22887 44893685
10929 560325691
11287 796587162
24933 664869251
20687 594078291
18078 634235572
10994 476188101
22775 484966269
19112 366161813
23037 426665731
12362 670051140
3576 212469143
18450 330011157
6345 29883098
2262 865974421
12692 936158960
10378 368559509
14334 357827217
666 941371600
8201 97733811
15932 440334188
13195 624557740
14705 596262363
13221 648393950
23345 19604855
11157 774757143
21640 553852678
3040 811875677
20865 306758845
6586 791145652
7068 650643207
11989 66704676
769 735538730
21397 926454271
13063 370253213
22575 381175621
7542 846544779
8273 75508029
21285 271832231
10214 393673252
14523 141046942
10103 12270481
235 342064486
9249 677028993
10857 530243427
10324 108194731
9141 900042759
371 249682501
16508 876172083
1596 882636616
6685 303706605
15120 108821023
15189 6806154
22337 339416593
1557 654836524
7752 168678624
20417 826569690
13772 949130563
11230 866967254
8721 262118132
15995 499971565
6575 504741530
12664 675460790
15464 115408841
16234 542895688
17828 818690290
5350 565380314
8314 842596440
24497 150210207
7465 231516942
1984 373044692
2498 998853271
19287 868659791
1665 44894114
21137 801912197
22943 418693080
22196 32720889
17983 851587737
853 103506069
2079 328512998
13669 347346909
14912 677180129
9794 823958570
10573 884291003
19909 568786092
24339 283852626
7842 83428621
15403 992508996
1153 721807668
14248 931660828
2246 601334493
1181 242879303
18480 33060811
2968 740577208
5439 101146594
4000 549597663
13086 249595997
2620 686482957
21818 285871405
14402 206671329
9735 630741198
6723 198747201
18086 910055917
14392 638065621
10106 148005037
3297 286217903
8531 154398891
11351 540218078
8329 278750399
18901 473212890
11476 274104367
16561 342520533
23546 291969530
22322 103288446
12645 155350582
1126 396758161
16086 620544823
15142 525006420
23088 817629103
12075 965864125
12060 539122668
14617 829810836
5952 571083710
8577 156943814
961 120751064
23517 694464414
11352 578501070
6337 568631688
13096 112675908
19176 906381681
20512 496536147
9836 387082300
18587 861010980
9417 517151706
5035 2898604
20070 204672073
1740 976422660
21792 472536966
8945 134794690
6222 507899345
8888 526492827
21184 338541840
13613 421879796
11873 665646079
5901 797239934
18951 529035182
19375 493080877
8602 414742254
10961 31775370
947 409942704
17584 677150458
23957 246964135
16089 624846499
2500 535801082
9577 420249465
21903 480383029
7479 159654100
17824 713941804
11082 523882694
10655 281936076
15486 121950994
14963 807907046
12909 437497681
15806 108447009
7846 925382654
4624 172763322
13691 357157334
17929 751096453
17632 208308819
2354 295023850
18415 673633714
4670 71480377
12945 345759248
20620 360319787
11076 614106010
6673 904679546
22001 581711166
4885 598911183
4436 470571157
20499 37124576
9489 27262839
8225 914084810
18643 367531030
9009 666716463
14512 229169169
3969 738047238
2738 538991985
24298 898459344
22372 714013787
20520 138001567
6166 359284634
1003 224042394
3583 506981947
20131 293110117
22969 129688873
13513 333018028
16545 953753378
14554 101761215
13000 334451133
11962 179948028
13479 569167526
17707 355719209
17578 323327847
16773 292736440
4842 679001388
4121 308337777
410 781161310
12700 218082855
23944 62006173
6777 879732607
11928 188271645
4578 780438112
19600 317088214
20076 692458842
16642 374901054
6472 220427523
20777 845268338
16906 968605880
14803 690897781
9361 528668076
22800 949720526
18309 267578215
12950 585649114
20375 117858941
9412 502929948
24539 461440671
17753 54250847
891 960924056
19790 631676396
3060 486052136
11762 272362388
11722 915109249
8682 947797139
237 258438164
18451 770714828
18137 557118077
3471 40445228
8466 75836491
6508 832456371
21795 901656719
6409 25295240
14356 284926294
4816 242515299
9907 965530889
5132 80569743
19108 702105202
15109 40762506
24250 267411416
7667 852333903
2192 269395500
23170 194413499
402 301479256
16106 480543285
24399 13775406
16506 476870869
1951 800036556
14814 570255196
7334 66126873
21086 404165069
16846 236527428
5548 215528993
10029 645792281
23782 326826839
3769 686076198
7388 722905516
17571 989812978
8931 245473743
9197 513468403
647 175844607
8755 364738541
297 773906236
8563 975545995
5393 200658032
24344 408431447
23130 563516570
22928 665561302
22636 564087789
14754 573044710
21665 824773961
23683 766538063
6461 195563587
1517 433529725
13390 789709773
20370 351226241
12769 111593687
2205 181522652
21251 822005202
4917 882443901
18015 937573113
17675 307648876
839 429942345
13339 401924596
8197 6848630
3879 254101491
17696 80225447
4889 128219309
6585 193321168
10338 369387122
17592 833279019
15807 806501676
1031 980083479
15674 531276734
17149 967900920
20935 681251532
1125 686961635
16612 761757992
16193 533318937
22763 334259210
13463 318452447
12472 913967045
5879 689902923
22577 656665255
17998 699878385
7828 393184607
6348 994922484
16038 340647659
7014 171515214
22572 556963264
2117 330077014
19735 296398110
17942 227770668
1318 902896895
10258 677847133
6825 566295311
5823 320148199
12717 250993287
6291 966552468
18800 222795856
17885 905463909
4043 511324337
6810 186726106
11376 42094116
9494 53162337
11662 660423942
2934 983329875
3574 188611572
15188 509843113
11746 318002062
13039 413877514
5971 100273470
5476 859587260
10083 895518607
13227 41583862
18865 67045679
10780 529503478
4364 257404650
14833 51377821
16709 678398724
3401 924771016
21852 150985081
2352 250916254
15823 140408325
8272 663506820
4418 151996814
6714 477973536
5321 268732137
5073 640914491
23813 228289238
1545 844020625
2340 931712227
12986 831582322
23942 114761225
16489 548803252
15640 19398470
16209 919502845
5524 52079246
4826 908036754
12982 701671709
21779 616959619
15959 24671484
19245 586877373
12164 325686580
22465 255587575
24187 67016253
9044 902343626
13441 533095699
19243 348478523
13448 587087923
21026 990133073
15831 127561761
23261 350649039
15894 962032190
16616 203745950
2046 494055818
9908 623203202
6439 495905667
13136 932333919
18230 155156004
6642 39213307
6811 122052662
47 42441104
12447 770840074
9633 553440113
22174 554866718
4183 606848050
5166 374604665
18734 112636229
23617 686828400
5402 332795728
14182 94191904
7774 182728965
13122 975730413
283 521614829
6679 170609992
24508 601693117
2583 106682272
8111 36403129
4393 82181156
12144 154582667
22682 864598747
5740 352733252
18790 362959761
15958 469801182
16026 646896618
14595 400333072
1778 607948650
6305 945311967
6032 586053543
3954 677073129
22391 531855314
3641 664718195
4378 461310085
345 894337386
111 189944880
7026 855757102
22081 947642274
7431 272134700
12926 469226070
18849 520679951
9318 408573856
1476 849327826
10978 384931975
10122 436843318
9314 288472440
23927 640089077
16716 391433557
4452 133710735
7621 68373766
3652 596799801
7161 296224263
22389 652001735
18145 538058434
10072 350518535
5468 274813408
169 259725334
11777 681024219
12431 232832489
7860 707889517
16231 818417097
20765 469384827
22459 68630061
5795 762975597
3156 522806503
4693 303705298
13827 858939470
1818 873739164
11863 455480924
2019 798828415
5212 993668358
15927 193289706
22545 290777548
12370 310105664
1383 271347376
12623 252169398
13700 963227332
2391 73584938
12586 963792416
1931 296597657
4298 221678312
10998 790056689
10104 50961703
4639 489109282
11028 877723540
12708 938384155
2032 635468467
9498 234431124
7432 426399311
6245 861189963
24198 243714613
14591 123223585
9611 310455206
4773 942852167
15492 271235065
1547 815981882
11422 118226717
23665 321540597
3123 264332583
20725 674290090
12651 214428653
2756 241464019
17106 99754762
17174 222418229
6760 737321544
2844 612417481
8249 846724704
12448 511153912
5066 986435453
19590 107498716
15854 301667043
823 266590589
24481 140645592
23745 369876165
15830 261553024
8219 717175051
23871 96770344
18076 22012334
1816 875403418
11214 334891288
2511 673969726
22715 342355395
21858 313258587
21140 727042064
17090 36725231
6616 738681904
16228 2741301
6497 313533582
18772 705646348
21203 511273704
2709 691243253
21185 814468873
19693 769388970
19088 996681192
14679 748134569
14806 635315860
21746 352907604
5074 621990745
10126 647477952
8223 25972042
2202 432717444
21222 272032698
842 845149810
24167 158522131
9289 98673795
23907 190234324
16678 174314447
6905 879235457
19420 824387664
11005 698868035
20825 914242336
12933 913863403
24785 139983387
21147 946699605
22131 828565960
19622 445684639
4925 175740579
19390 553582578
9993 449405671
16601 360309983
9535 557536010
23437 723857332
21675 479416550
23424 97111004
9434 995434393
19291 551988930
10377 240083610
15505 199418813
2765 332764796
24482 503835992
9880 993091630
17003 211514239
22003 504904328
19729 530447922
15787 193971018
3054 47026966
14756 992736566
2860 367956610
1138 896376491
21551 965898577
14760 832479602
18620 458195536
12590 330686665
8960 504617394
5426 357063152
23178 561139626
24875 745934758
23784 252957081
19593 818488245
2819 266972188
10742 691339650
20551 795019189
15329 127345557
17974 842936395
13715 253933524
1464 21106928
23884 186622927
3216 199414236
18220 357440432
23496 662762617
9781 954849489
13016 354939672
24144 710436188
6218 669738386
16237 981868436
16579 983960934
4294 544562066
2447 732242561
19330 630925844
1853 62519347
2853 218905059
11093 974128175
19719 505151767
19722 237071786
2198 678881433
18436 173247608
11026 702199117
10130 376560546
15829 850527219
16379 716927068
5914 563079889
16177 861577448
11081 935408850
20861 124799377
8357 412267802
18297 29467975
3906 691381531
12143 765282355
18874 376617276
5222 549461194
21104 683407182
5649 187759463
7619 949454123
20685 378813417
23862 50907846
735 703944208
22756 2119740
1049 325446413
12473 418296576
9919 801610450
13752 805201117
8182 479626641
12930 431715044
19637 654662993
22759 127100304
19951 234837180
562 1716882
7664 681852544
16342 278929755
16148 905182296
17967 924958223
5630 211790259
22331 134673753
2552 835138688
12575 603900448
17502 402558134
17395 267938466
7985 796734201
23053 79843947
3238 882815239
9941 426390616
19086 742283171
4495 43455976
20405 23157803
24897 26008052
3092 454021322
2893 159948305
13112 293606069
21467 637022336
8144 754412677
16861 946785538
10736 945140065
22608 139232274
10923 954315683
10166 250641733
24550 865536563
7867 367441407
15366 231284119
4291 880495743
7385 477525627
2132 944653920
93 617481108
11309 97545536
10291 777435453
3413 444702552
2055 516123996
9850 534042628
20666 797456761
24409 711496888
1273 399231
2255 621803059
18079 469295358
15835 749106846
2487 711657537
2981 962607005
22406 754407655
512 377577970
20094 569704770
6949 57129017
24583 8550830
6563 841794115
12887 613479363
17870 382687509
22743 926486816
6803 212733461
16419 841315257
13428 242438893
12820 607008200
4310 863124882
10687 460957163
13321 697164037
12538 834729364
13477 692877260
16730 239482322
14053 731498404
168 25136337
10539 32035535
15394 672923405
21912 953169968
4065 45743859
15358 929898144
14526 205292149
19571 863188886
9126 29073451
2183 20288663
24807 943443812
9758 937505540
1847 720157648
3755 907994016
1774 557053023
24756 772077809
1909 788485585
2939 556904591
24367 731624416
14174 96477286
21146 130596487
9942 438811970
421 531542752
22780 358248237
781 143386681
4580 672335132
18478 162735915
9798 451242300
21973 914611393
22203 758644768
295 258825591
6310 96986736
16965 448062903
11969 700481983
19229 835181842
21126 224258640
19648 471365514
15066 963097727
12587 30906841
3909 792176497
23828 273018808
14732 384546091
18187 420878066
4703 351636954
720 999362687
7539 927323041
11992 867645918
1880 537145469
18984 473312564
1969 173856806
12214 338088675
21159 705424328
22192 129151608
19370 597044034
7609 887480637
8913 608553015
17931 242090145
9664 928746315
941 735319144
8601 524905081
12317 148074041
4786 460198629
17055 530076324
1628 650584439
9054 257893246
21694 817323320
22721 816858087
2483 825279624
1337 699842341
1004 520141520
4004 592317797
21445 424317252
1715 347253360
12212 882634859
23814 233998220
8102 945918949
8998 270302437
15138 111387103
9014 390808236
15850 893966301
19085 856350540
12126 638831604
14217 334249323
10311 472720831
14173 478301601
22288 358830613
21771 878203848
11872 782765646
16826 687451360
3897 788418477
21234 124828147
16674 453588841
15450 752295097
9527 733186718
12508 91312018
16897 717800446
3765 939622242
2849 388010997
10586 851418747
24135 876852915
14550 525795923
3539 301862954
15855 180385454
19768 330406791
739 411281434
12424 272380224
4359 983074129
9687 553576601
2366 24718114
17330 737663688
17384 628892533
13041 780156846
20724 922961895
13798 333821580
21991 867079271
19211 166132219
19151 232290752
10511 9250643
1344 606474990
14863 577160375
5957 708464852
3052 330936505
18513 778684481
10250 340160883
24725 916541731
12592 804448645
11627 462536622
17702 474231271
21723 111666496
3393 288935431
11210 348734974
19111 775138964
23163 333184099
2699 316569301
15985 930133427
9954 500332340
6485 897868198
6347 810831051
6937 304965662
5730 472263506
23799 842844980
4174 237450815
15562 573982171
14575 357305865
11061 359308659
24049 925621606
15743 278814017
15456 367436639
5277 683838651
9010 721136728
5433 124607184
5361 282849440
1191 774168536
22793 901925442
22699 889438038
261 395696102
22419 865362824
19149 337762128
4349 239131000
15021 370331546
24781 974501470
1091 55267358
21872 960506021
3453 255970483
11243 117757670
7398 225411248
1261 690660054
18197 890365605
18200 777572412
21706 67579748
5011 619082703
170 916849740
3437 783465470
22634 348572886
7594 675839007
13268 969772353
23663 409102765
7206 353037781
19940 462020705
20949 399947318
19302 354168052
14914 677509351
691 396461815
2150 179243860
13547 498795214
2777 784954850
12460 588533319
15049 815513421
14658 184722138
11632 706927768
12124 109614759
4517 304570644
13990 182262253
3593 152909908
393 18860283
12610 660528324
11321 341890031
19846 730406149
5389 189415837
24983 617010871
21736 533120798
15159 315193696
12871 503751659
13250 4124459
9146 405686799
11209 421296102
17244 6012655
6205 23225513
14560 554316031
13631 643041401
3659 561567292
18033 114313108
2734 410147934
4677 197826523
20939 326912138
1581 719011020
17432 99588214
11006 240836680
6429 128718935
8311 677121517
9115 561530297
12052 282984117
5248 974440415
2509 441939521
994 712510390
18064 168350931
12585 650146267
23873 510755242
20402 330799221
23231 802916892
24214 64863941
11830 469949608
1106 269349788
17726 560648475
9029 258294889
1526 964534647
21120 854387406
9482 533514663
20911 597656788
22569 43194531
10145 384687172
12464 275305979
15386 583798030
15944 193963633
15304 313821812
21937 865139846
3835 280765738
24318 307896600
14885 306497489
23148 748883532
8722 269736835
5104 510897804
14394 919604472
22025 623801103
19394 73205385
5886 653374087
10138 540429819
1023 444661154
6759 26247105
19782 91708580
7645 95011278
22731 249255620
13918 684693361
2134 283968257
24731 48783729
23073 306064113
67 153126625
3738 776053946
24503 958078276
8808 819191301
17182 285097949
6933 653823163
21865 855343712
11902 144509145
3020 210409679
6894 828095729
24306 484483374
4792 79063327
3615 965518838
17585 55947295
10414 116225040
90 459297501
3629 59078404
10513 286536872
18514 345526917
15591 779676655
3642 483806673
13137 320543046
1620 346283166
10308 314532563
22410 126729771
17628 824217742
4748 770511031
18642 76409633
17172 551442058
334 576998811
15398 155999063
14071 737814133
19895 681026682
8968 703550974
15105 365766626
10185 976350261
14942 962187879
18953 228299030
10932 197048548
21819 631821270
798 1856982
22089 638436170
19261 32117556
3902 703835503
8604 542080009
18818 453593278
16859 756528232
8022 998879875
9912 391052276
11254 944535001
20247 960244880
9016 166157614
18801 359198445
6051 531556622
16972 845532589
7363 120311579
8348 797042443
5549 681702067
7044 374516887
4915 545218092
10721 742764976
22782 750382401
383 664860951
10290 361991597
7561 540104199
9295 12436445
16277 302687322
7382 948517791
21110 519325927
17836 901498761
9994 985982332
4086 705020730
4030 914610101
864 715657136
21843 769985333
12168 520064247
5245 549009240
2438 623385870
4520 67832410
7409 441715560
1551 572963005
18140 735787145
24931 426317312
4981 190055914
14196 963423977
15048 802220948
8316 796013253
14331 388465292
19946 35302276
8594 954694602
2882 663288405
4825 15903482
5381 460014852
4159 746096710
12729 706706343
16071 891891760
17786 587907296
18744 682927164
21728 172442838
20066 807781464
22064 731967235
6231 264456432
13696 184362129
9300 62532181
6921 555900443
8048 918628054
22607 473607106
18538 345624887
8114 756702811
14915 581079350
22976 520258800
1238 454062510
7052 72442223
23484 78068577
22672 35934576
11084 6582935
3125 977525394
24138 84482156
16605 353546144
10602 473253847
19922 612325361
7885 586384443
7548 857187230
13119 778738971
9248 45069182
20432 813851191
23156 719689445
1548 544845299
8463 639295986
11261 441943806
5003 588395252
19288 474167535
16996 451360975
1901 456828816
19117 374986398
22736 268441344
10188 310676534
18025 96484376
20643 230389455
553 415075398
8004 328979511
12940 307221495
11688 963181208
10611 270336513
9627 628357422
16547 818262052
20712 313466833
14149 715889201
7064 146027193
5355 274314983
16394 598927971
10953 722519554
18354 754334741
20101 158873020
1835 391641783
22909 738693153
18670 580619195
4014 208692536
14633 908033484
11709 994451564
217 662834533
9472 573101281
7537 626692553
11384 557162816
13006 217208278
13492 353264751
14452 59527587
19001 247340930
8519 650835314
8056 780416383
9705 401159301
10420 238867190
5966 655692222
10579 435284209
4983 48714294
20378 373613503
1510 333426645
4877 960337496
21490 81500436
16721 418734676
17520 511678543
17708 564133799
12470 585329230
8451 89816866
2261 31776284
23319 389818711
21320 494897676
5916 531162356
21756 731141531
11820 285913183
12318 636559624
18540 817205401
17155 252619748
1677 259496040
17521 761630485
6200 394179573
2718 314592492
22152 202066770
23024 511674306
15029 345464454
15599 471444300
21289 425865939
17307 554872941
15783 653475447
3085 281934450
11896 598744424
4386 84024010
17006 164470325
18331 269751459
7126 607014440
7065 830157177
19260 88527452
2092 36128346
8367 499533228
11743 803102665
12638 347814990
21512 629556812
24229 438658063
3968 799932034
1797 642459108
19883 253776526
20701 22860036
19704 536207692
4608 997957957
22565 904903848
21457 573588588
15426 390590811
24811 965650277
17883 151187053
12190 369923785
10926 760915167
23337 964778026
10942 404942596
18957 510081453
13456 978226078
2875 926212255
302 937689642
11535 312638789
14190 985910578
7282 766674636
17473 331042723
8057 270762019
12030 282910937
18338 712931273
19543 322239671
13354 294482216
7190 788195314
18049 307419259
16878 663864217
1493 659825534
24196 761080641
20513 442933905
11658 829168809
14542 683652423
23182 672334209
9175 814977567
23216 773781439
23805 768163312
15062 471400358
11649 114242997
18363 742172604
382 375096922
18018 377440509
3030 210781027
3664 225127139
3102 774885607
17840 347875622
14600 749243335
4465 406184625
8240 846121398
2492 356671273
24958 748566956
21268 190631329
8993 234891347
14761 83188871
4265 62558769
14933 532473803
8597 488963750
18372 744308754
11570 976434444
12834 513738480
12524 163692708
23482 868284437
14768 528622484
3890 613258971
14278 256803977
11801 747141495
13368 536344511
10028 640079797
6390 9567395
8650 381234633
10100 175170529
2250 435251362
8791 126979173
1609 630095398
23094 54061086
3477 425319023
8428 768962644
4069 358777616
633 431029062
21248 548849407
8373 849460475
2962 245813901
1663 62038830
4243 354655810
18649 969190946
807 858129652
21462 494972897
7806 922327320
17544 520807499
13531 16965729
13540 125430662
21065 373002372
9284 207055781
9824 35925
5126 147926504
20522 476125958
14934 280364888
3403 757740851
3759 824126243
13935 299111151
2367 120610578
12613 962788106
4947 512287861
20560 696103270
21193 982881376
3673 742121075
1644 66866891
13761 790339965
12140 168278156
5357 914545217
14504 1970863
19591 170647836
1681 729920777
7248 275143030
17638 802106071
13609 921594810
15718 976512981
23357 331520236
605 172079865
22966 983606667
11974 998486279
11779 858559671
16621 964558149
13257 764154066
24831 981941022
21680 866221956
6657 86992792
6550 577155218
10494 818332467
14437 896709991
13458 762424506
4738 959533607
18756 538979256
13213 127604837
18211 662153272
3733 70492938
10574 606633458
23520 876033205
12801 884319781
2062 153383867
9689 34372326
24013 564055910
10376 353237366
5019 968895474
469 728999864
20570 186538746
24905 349014218
18777 981964554
14610 810346515
21038 281407722
448 452419647
13447 245177570
4302 199610665
1927 57102053
8766 671642677
22161 971144118
14218 971011656
10451 354204423
949 981391767
5840 493390039
23877 281466177
10650 179980745
20362 986416909
9943 508898383
9780 528919177
23000 36752152
2085 129394571
20328 740171826
19955 257225342
6333 407991150
2597 210595336
19570 725540319
11903 801327563
5226 991254107
15454 93517823
14276 668020468
12111 434914607
6644 432662464
1942 802023484
22140 42699565
9874 843195581
20640 108018402
3018 707881728
7460 104946786
10619 908432698
16699 755202593
22989 674313696
23556 105167917
15448 59147948
20183 179138408
1660 628194192
17820 780600252
20103 798028108
11159 636083806
9411 146681075
12772 385842313
18340 862219923
10444 498188293
20447 688055060
6517 747061037
8471 1326371
13713 840486811
10620 956144442
60 673030658
5187 470279027
24437 893240189
7009 665965271
722 605075480
6016 603215870
1710 533444156
21425 850793593
5374 587028096
11986 554062077
8491 385551951
23708 776364844
7275 652638879
17655 779983021
16066 7033322
19071 909908148
6907 547155238
6488 537533512
12308 993077622
18010 7972826
22934 596159963
4927 311855824
8337 515876057
1501 640630192
13123 284327488
4906 38215245
21257 773063026
19 8228029
5781 171807804
7536 320720284
16582 754693503
19830 132788859
16564 556734729
14545 617670675
18328 33797645
5565 94498294
16057 364611172
17852 700351114
16242 430826529
2794 927224576
18156 220881026
18128 507525675
12277 720036749
23028 112868877
1916 175227013
15216 387374358
3805 856911046
9264 916231943
21454 544844700
8847 847811093
11515 49568032
2712 533905065
1950 673273427
18190 23172706
8113 814076049
1566 914222729
11176 258121982
8842 657539276
5165 410658584
6841 529136815
9870 249833591
15212 557925854
20308 66186939
7850 463931100
9628 544154288
14627 110795540
11278 653679865
18256 520779713
15870 406196490
8318 609260251
23102 709280166
8098 874225081
18954 136693278
5283 190815655
21987 38347931
6852 827877070
1460 372190702
15727 851255193
15975 714709112
22070 554808042
6298 873131484
6744 176398309
11012 417107063
14869 258449547
6261 159269960
4409 90697422
22044 610423878
6447 907089570
4478 714186690
17669 761267529
6977 845595326
14921 452765053
206 544791476
21253 741183553
12659 945572452
23483 376676314
22357 238957199
4317 751936307
4249 830850223
6524 110788910
8717 63580875
10722 935698978
20985 186122793
4477 906285736
16727 720794098
15706 247791398
10798 501785980
12466 839316724
6438 716327307
24258 311513121
14070 811957335
20739 841500991
12389 341464309
19646 11834888
3618 433929360
11984 337251591
21637 348103938
11354 411702979
7681 881230196
6058 366499750
18066 221714027
12410 439590398
11643 329073571
4884 406335498
18043 92605770
8930 51791512
8034 916946276
6853 534888820
17670 364181912
3202 18451075
6926 298477910
23243 684784811
9077 246815852
23478 326725183
10011 621918054
13995 334734881
12808 795376362
1453 900511231
11871 947192526
5294 950130220
3457 385742086
7256 927693844
10775 879884732
1359 900724432
15951 48499575
21896 651551120
12172 386968826
19441 23625240
14894 876572486
24094 724812594
361 729863152
8678 943582661
2643 401676584
11823 440814645
5244 166465023
16289 316265653
3007 553825274
19134 634879740
3819 114129423
2263 403189319
13209 943805114
4610 395837973
11728 869503149
758 35639783
21177 414624927
518 181825199
23699 198207436
19070 247177996
24868 160640249
16078 956540627
20135 836836801
15726 955766138
17720 955628974
22641 762224104
6786 673472002
23072 796859734
23247 71694710
11136 331525547
3189 668197840
2048 846730771
13375 224763668
13530 711091125
10839 726588060
16774 112921871
12182 712484535
21327 293286185
15730 709602665
1826 273519977
13099 240125944
18885 95559013
4234 840293266
20774 582184762
12639 980154978
6882 536345638
3816 635659661
139 859401651
19410 163306115
6526 420253436
12584 789838392
17624 19052456
24105 618141913
5732 615296939
6766 996312273
22095 21240667
7229 334239649
2336 999453266
23909 738801729
11313 423678657
11958 99850363
20898 800142615
9811 168946631
16714 384609917
20239 880252462
6411 554346497
16931 994282452
20826 103927895
16559 911394187
3474 109296183
8203 684439439
17918 574628852
12213 396666520
23118 216859713
12489 357637676
10811 669723695
10349 808566080
7119 349577353
18065 59958714
2917 418203749
759 718124141
8267 351013768
15617 111461913
1299 994289433
8162 783805960
3565 620037082
19036 75085377
9831 915664274
9398 418550722
24207 10634597
401 666987173
6708 375007230
6327 83467796
23386 979029835
11153 352295366
15675 679883828
5076 820957883
10760 190266880
1027 40002624
14273 403165359
8564 630749541
8288 845825
19342 288911801
19794 491320666
20225 754449340
618 298028756
14354 834557130
21627 400045892
12446 490407747
11096 138712285
17745 588375537
837 817186381
22955 344312041
3031 247405914
15924 924814681
11419 581655430
11099 647481535
2513 568269347
15880 567175274
22696 787240580
5920 382113928
8981 235665316
21651 854166514
18708 406381203
24733 628098398
11405 520476566
17017 882461168
15565 413243016
2149 854472900
6588 550517118
15723 695357163
14973 972670885
10460 294210486
6971 234951297
4521 294997137
5798 283524497
7710 945329448
24382 317553721
9600 430824352
9607 936691782
16769 159401647
18325 686879196
16875 482191414
6408 403581368
4640 510319359
24270 207246366
445 702709427
22227 584547832
6587 804580852
20723 154082646
7690 100221762
2685 912081660
6591 583837757
12803 409598477
4554 988021184
6156 230220781
21837 73216517
2916 552074312
1755 319909095
8988 723712410
14056 528381502
12423 383646361
24824 502551894
6790 433116415
18996 34246444
15022 377692345
15629 132342834
4660 799713962
20449 971648291
19058 13123378
16770 527232355
16072 124273743
11932 698201848
7824 888001150
6042 970535354
6314 688991334
4207 142344889
4139 72232595
1586 785354893
13396 529080696
21999 677091955
14092 23086142
24352 598280859
3685 305604428
22011 105525957
13502 637717153
14758 770387942
20387 122233236
24818 930511633
3055 911954353
13295 515770035
16112 117054796
20262 83814889
16847 324717385
16090 418946760
14371 810099713
269 843235936
7457 502875941
20734 131944490
6601 601823882
9493 343903198
2768 684577457
21346 419775594
6346 737042458
13807 244199799
19280 155195940
6555 138119535
1982 498947267
3604 903668300
14048 503262118
5147 204180498
1319 204149863
14891 257032307
24839 846847081
24097 113619908
4 968484027
6543 180430443
3553 666354227
314 832036687
5510 908505727
18823 292636163
4058 495796202
18528 949473347
20556 641346026
11018 591983255
14280 163244805
4163 624067831
7108 836529851
12983 728332173
71 757571958
12200 499066662
6973 229982054
5469 967200317
7309 576512352
7168 970966140
17768 408547522
20461 208895234
17626 177480588
7421 912815496
4651 984866415
126 51435723
21154 146333425
14772 215632833
23526 2219462
15003 787076520
17744 394961363
22673 242145409
9000 51487535
19900 39824954
1515 9934181
13366 137326884
20788 343645175
4287 421278883
9980 128589990
755 316897977
3043 305809965
12363 154953742
12602 893135241
11364 561565481
21319 614119504
14959 787195394
20460 50199050
7801 321208367
33 523250533
17928 572019312
13545 208913289
7647 775100327
16031 672486693
14759 158612539
10707 335097738
22360 757117264
10277 602685568
6183 736355066
426 31093503
22401 842893103
5122 2309442
22972 546101363
15261 605630478
24244 147566581
11539 203079506
587 242287052
1703 203294730
24003 655224168
17829 365586357
4686 297817609
2294 991299481
12171 964085627
13743 999503961
21199 577603817
19168 848573069
16879 959995731
22720 168673310
1920 119309779
17140 589833070
16190 726667857
10587 5509827
3572 765613375
14382 946720892
10938 837249946
1229 690684925
17877 731738195
5120 617032852
13972 155418378
21549 519888993
13860 93501260
17603 781109749
188 85764281
5257 741374674
6864 369076155
4375 547642694
16226 994999947
4410 646978317
22300 489361827
12426 551686238
22002 614914163
18481 501337649
23612 483781948
18162 214966915
12617 845053577
19867 572392406
15578 887158684
8315 933893361
2870 657319250
6074 370302257
22719 856202871
3074 799761728
21906 898715193
6241 134679530
6443 297926038
10555 844986543
24810 961155058
4404 866589989
13003 745211693
3818 875633174
5616 54742531
20652 884228493
10974 126797689
3645 554588750
24705 999128119
23288 428671158
9906 328162192
5183 316505749
7831 379761330
15069 37987962
1575 988215868
7056 253785942
15368 887982442
144 459087568
19451 989002363
18545 824478424
20919 305379703
1876 791870562
8697 385033265
24361 511236701
20772 39084921
20034 527640821
14822 656871159
22941 509526689
10844 211365365
2020 62468667
4466 30098306
12166 79854150
15509 250423638
2199 680710328
22789 797852339
2343 134734560
11007 953681247
12845 268136304
14003 423147151
16019 664112193
8947 561630638
7986 193524259
16798 783035754
16923 827363025
6393 635737762
23355 727327302
8100 529932194
3498 111824226
19568 230872980
13097 742633679
8969 739575898
16554 292030727
23195 567278983
17798 969844095
13331 412444741
8221 5714500
6259 642431219
7062 308670596
16947 572098025
22367 847258925
2315 239702926
21804 227050511
4775 896289244
6096 734931495
7326 135040485
24688 966232097
22495 865884943
636 129555979
24104 775333221
23755 314419237
21018 827936172
7931 54798292
7934 223440590
14726 49929408
10689 893666312
22087 71390086
18497 622631799
19548 167711898
20981 945266913
15032 645513746
16246 468860021
8163 757064727
22399 245181339
506 978481147
20510 38859501
5417 226851532
19346 667929031
13684 645908027
21642 685473715
10046 368083944
11179 74631490
21354 395921743
1029 638040403
24239 99598771
17895 774521226
914 50908074
19356 767655695
6941 623739406
21685 903706419
23866 111312226
9604 793300029
17827 143258390
2113 992265935
11598 315088998
13341 644402909
17562 280706129
10967 30854695
9255 755657174
21525 556930275
8178 845652812
24312 633608136
7250 284894026
16529 658160528
24032 776250723
1857 115869947
16575 616078788
24376 296418485
11531 831871946
14819 234843758
2154 323779527
2155 324044307
9313 93923297
17117 898184347
6964 342348989
861 325090575
9200 388419734
898 664972120
7225 891980503
9207 55582095
21066 46604990
4696 136153271
4400 343503916
17907 441637221
6106 30488765
14727 145248710
16752 51788025
5789 384624378
22850 693823438
11546 94273707
8149 754068656
15016 531773133
21907 215745903
8304 547491577
9847 109969608
8043 333822525
16468 500177858
1595 226622225
7990 478617238
6230 95157238
11325 897584765
4405 289865879
7080 649255525
116 849104996
16361 828456996
1096 236571098
6171 247051099
15772 399597782
3204 468490676
7083 350466465
560 118691933
22335 399283741
20443 44989648
13219 904943781
11154 614866775
13242 470273248
1802 570556888
16243 233388873
3272 557792418
14084 377078357
24719 94687403
4064 195145526
2203 405013076
22822 934685631
7516 834349115
23461 525618172
9436 492288834
23910 559240243
3761 575655633
22595 782830726
14004 18127213
7458 635613618
10003 284082612
403 757019110
23648 483496954
22445 769959946
19953 994350127
15543 484033009
10091 651014021
14867 969635744
21076 324111146
17232 954054082
6538 754150504
15648 386979522
6476 343675239
22783 182049214
15759 310566989
24870 214703579
7027 838112750
18422 585625700
17328 504718084
17995 776375599
21314 178659703
4859 451335086
17131 577751054
19832 444127540
9632 852089556
6939 387008609
22655 742359532
17225 469625074
1330 422802281
19034 992338740
18312 173568021
20555 33201546
4844 330832127
24721 180269073
2157 424993029
614 898613491
8785 436700641
12577 567447025
24972 938786859
11630 305440754
5182 602769298
584 326490397
718 417840248
3219 972798253
18173 22242671
19958 904011121
7368 989792481
11544 435050571
24996 802658282
4629 611011286
16882 392898818
7127 388722521
21519 376409368
23474 558670451
20913 93429447
23098 46117189
370 455662072
2435 902900290
14678 627612837
18319 123424748
124 794548488
19332 3529095
4267 268906072
16178 305387584
16717 22597416
9964 523501774
16835 257059483
13142 325076364
19312 898547526
20441 626507467
15915 221945142
22803 520365637
13681 845947421
14817 7988383
10512 755565128
3027 145731757
182 127150674
10334 809983370
21035 43170490
22379 567379189
457 675741486
9750 530783770
11644 681195235
13251 144620667
2877 302086981
19849 735010620
21652 288201787
18922 488443703
18846 722248659
10048 114357756
17577 546093746
2041 990881616
16129 675547088
18057 333877471
13278 582680584
20320 349318752
13712 896608743
24801 878287556
20452 62620738
8729 908084529
21426 338702927
9576 57266829
1654 829481745
13232 277757522
23092 57045772
13763 688738999
19871 534746744
13727 408299153
18886 838228872
3254 57491627
15046 476698938
6428 158162326
18795 738573810
985 990234813
4559 622873759
19796 668756040
6823 350680956
4632 827220076
10243 789271242
21930 692593151
13665 412668514
17401 568838673
7920 800523530
14904 420906213
20107 394973047
23543 602304369
14211 691332954
343 631849338
22133 277921561
15808 154014329
21904 298026590
18934 801849095
3460 970032329
3610 112329594
8922 93637909
8747 626120437
10703 325195679
11930 783638188
21720 957495956
15267 757193618
11306 331963431
15201 20035987
17841 26789291
9631 566383084
19604 28986702
20327 541048899
12015 90347596
16800 175558417
23465 878476112
24546 346545441
7258 839274672
9656 196194254
1078 970858566
10754 313008
14151 210130698
18169 757488393
6287 546199522
6053 193006851
5662 384743290
13751 69002704
23342 21204855
3244 43095004
19350 123500808
7403 200819888
2924 619052513
24459 529647677
7839 633658094
17523 23039357
14258 836593418
12312 203967989
6947 614998605
10577 284922328
5944 371744413
7209 814395235
17190 467757447
15920 12205197
24755 267988524
2419 577033694
21128 780975083
12739 347791197
5648 777650785
19757 421851347
12256 800426788
11349 884880870
16820 988852888
2832 953930679
15755 121413493
18838 430763108
7311 349242665
4731 764479672
16480 893775076
9900 209838322
19259 814610183
6168 793657799
5544 966964505
23007 411845888
9876 462062737
11911 260887483
23915 752529795
20915 237724028
14535 734288391
3426 255655810
21928 611866921
8461 38414571
15632 134738362
15250 629172078
21663 784093272
21691 593394203
21496 269706264
3367 556143463
2191 986020456
20811 88977946
23908 144078203
13987 990068267
7078 390573642
18151 968333675
10001 216790177
16160 17556342
23732 382465518
19588 998096004
939 817922279
4674 680268576
66 346825726
24992 745087318
13602 894301153
20008 38077214
12455 610765390
7595 954430144
10194 262309120
24758 11859646
6845 446330822
17269 84165673
19670 248684376
24883 842786719
7840 136316512
14488 324423714
18008 866940318
13335 812752411
14848 264609512
13057 983720007
6081 469135373
2200 777912151
2735 954322596
11183 505079086
6213 298151041
20888 29720866
19037 161287962
5445 967652721
8263 258587468
134 405950308
16618 874701921
5103 397692072
10988 424371481
2234 86448687
1348 750540286
20639 318446618
5727 472338453
17095 59111702
12855 687514580
14579 461273386
20757 466168174
5289 429319067
5219 444058150
22429 750752736
6080 379861596
5500 336015369
6260 759565991
6639 721159672
1508 562207183
16009 433612803
4802 791101361
23696 930907694
21497 572156919
6416 121122267
4782 624020820
18329 444498903
7901 922838455
3050 906501911
7665 192328861
16528 409196562
6110 480876182
20222 895217869
10980 286869652
19369 790575524
14514 933444627
21186 529820009
15956 528599921
24299 324782053
1561 527321872
20409 762620953
1276 200701307
1287 939253603
1423 345602139
3934 629361947
17993 8854715
15497 299074902
16745 582381130
3523 695856019
199 154606453
12975 153743865
10229 194479375
24760 913706415
9419 897282238
11489 635679110
19293 10403802
2714 701164456
7104 751704555
20238 688351260
11165 134951381
10490 237194124
1791 310142927
13305 304232351
17693 627674260
5864 994151817
5188 104851667
11552 528674453
21233 987873066
21868 429321714
21394 905838147
22961 831518513
809 907322952
9546 267474688
8777 718848944
21466 432542827
2110 585094577
12691 693510565
21654 210873475
1825 344821455
13343 305039436
8011 558526551
11130 944389027
24804 216837157
18548 499521936
13561 336689811
24795 565670752
18572 235799831
13652 934704336
19348 201677069
19705 432178917
21306 667010411
13833 887681262
4843 898634735
2070 760558501
24354 653671954
9105 996767499
4326 500880269
10752 463425556
2691 852172096
6707 597850681
8917 511703193
16581 30252482
11014 609230934
21552 903740752
13592 75108824
14225 198267667
1698 601276036
8224 421439570
23214 838959217
2448 786768122
2815 985338892
15876 667348931
20590 418525744
114 698605561
14844 659247700
11565 612527140
12751 750982766
10242 98566375
1016 237212565
3448 593471569
11948 892362043
12886 383692651
17342 414607851
24297 733252730
1905 358594250
10935 46591764
17721 502333884
15014 253570808
5430 153373984
5322 27210364
12895 859763683
20428 884264619
13778 115890761
15547 937151818
15202 731888004
564 943015383
14898 119192834
19795 381024700
10870 203125670
22424 732697436
18236 791580377
24711 154290325
24036 760503811
6577 205947584
5739 695687842
7453 42556628
11358 372555961
22807 479232585
588 641863274
24472 660459358
21303 265628632
6963 390993745
11981 825086317
18300 482587476
17300 190555674
13289 861317105
23952 458085928
23476 758554558
1947 391946648
1990 635872803
1584 397112895
16145 894874994
3486 225519611
15496 123526749
24127 409581705
7874 974869259
13473 315139900
8883 628352605
18053 277070268
4114 611548693
14254 438212927
21313 785348519
10405 354712649
23142 304320711
18697 933951035
8986 432453707
24086 106000657
7271 72659933
6576 39763101
13171 86844565
11110 130639911
24689 991350621
6210 345051172
2598 452866363
20269 156994070
7046 97757339
5799 447704392
8828 899240912
22566 299584095
10418 347781580
7808 539123396
6792 567781117
12280 14915852
18138 589350119
11029 543141590
1687 390222174
3434 539564788
17072 576802243
5186 118303326
16256 13169025
3278 649858748
10536 835088053
16614 7814733
13599 485615475
2126 737149652
16279 358434931
6003 183607725
629 108218825
6319 310812938
19770 214429281
20874 357087526
10078 612613806
11895 323700513
10976 904805464
4270 908718838
14397 964106215
8934 495108612
10439 799938227
7744 268961838
3126 257373929
24449 223989410
9399 512685374
316 586759491
1836 598544989
4822 35129107
10531 548607149
22999 783424878
23268 709743675
10700 234891104
10446 15872689
24598 637962490
2750 348156623
21166 65023585
15314 42747218
22296 327981830
9343 149504809
2259 977358310
15460 261343207
19706 128681336
14459 787828878
3218 166239941
17567 835465444
24277 328816814
4930 23601358
11765 225681535
17373 34288846
13046 426104128
550 777199366
3417 12657737
22226 146417269
4642 926927138
5750 118662707
17405 618530485
3262 484271254
3475 578670454
14680 392435488
2233 854419055
8039 436274250
8002 936379868
15162 486645694
16901 962681880
12900 171197766
1976 696550777
22767 283798693
7377 163205778
3650 75208518
1207 907982428
15529 762581345
19908 368455204
11564 445557037
7035 106304002
4124 583803316
7804 828213431
20241 247935460
13283 991196758
24398 756900975
6060 600642321
6479 827855868
21249 562262218
19749 969399641
2168 69473505
11252 114262525
14670 13456979
11733 690484402
3942 984033503
6250 875627218
2303 123792709
11324 613980034
20006 488636995
244 125193159
417 818788126
12712 178364103
18696 771016321
9240 744077845
4492 353832704
11019 326808274
9021 347773530
17102 474841110
338 737603218
398 263857590
5345 102989444
8511 435975937
7054 395776535
23442 26453598
8324 800909341
3083 305068775
4116 752353571
3846 763162883
7792 714767969
5392 9375463
16954 931298881
2004 550129732
20141 382226464
20313 472653405
5680 27908043
1541 325199687
7441 783388878
4509 149914198
3368 211843244
13919 152432407
5912 154161183
15408 16179451
18596 193906071
23192 655511333
16338 629145925
23785 299769661
21217 382037362
12251 132871131
21790 961446125
14661 344028710
7998 719239381
18645 69288433
2439 910684040
19488 515305702
5749 779802763
5400 167402179
10231 63282315
17690 396659502
15650 13489121
4205 920084606
15871 342597634
10395 875264296
2946 227773717
15363 192417735
20750 59623930
16599 728552046
6082 21766066
19736 643337344
8279 276752969
7239 47927543
1391 513596933
18022 503879512
18217 989665086
5169 561705269
2990 753319556
10751 667274333
4668 198360274
10362 335678934
1305 864353619
13852 174957796
21941 39082119
6776 401660551
6122 339254205
5659 13838605
7224 234218935
11897 576446785
2066 671291520
24916 511514608
8830 841472412
20467 178641393
9955 180545296
9496 900879730
18462 345449119
10039 106604425
3831 609751533
17108 212641304
17913 710308907
15699 868367626
23394 908225083
7145 855955910
17598 121723164
24899 4536569
9603 684911195
9578 44096580
23736 310171191
9001 174639900
20099 68065950
1122 712799471
6454 905567056
6009 528292334
18660 321000447
12680 56684247
10014 970101497
24687 462420934
8132 975840673
6173 325719541
2311 181992155
21787 238504753
10723 21603500
17508 707623940
9939 540297866
17478 270287584
6469 344155945
23315 743178154
23723 223699352
2172 614838043
5179 641193221
1396 895956366
3547 530778557
5645 773782888
7447 193760698
4018 964474635
6007 408191137
20816 993212155
5861 508305237
24345 361782927
16572 763391615
895 725386076
1686 70493686
5822 338253444
9646 560322175
5387 622949083
16970 741155068
16016 821444353
19991 350563008
10905 113866747
9080 939341353
5706 296073162
20553 776511379
14249 374992160
7208 270749039
2894 861955287
17443 208991692
2708 861209788
15221 463160676
13282 961501602
24383 762261643
21116 729077130
14358 694054629
3048 221060075
20058 959515404
3026 654226496
5729 828698512
20305 34581429
2285 545196304
17551 325422075
6758 675254093
3300 208677919
19584 919999017
13719 409491950
14247 452348054
4080 885298336
3607 301187449
9640 321659675
7351 268273426
24779 199329693
22458 461906577
23428 751988110
22728 470835475
23698 918983359
9027 869012210
9746 859416545
10082 919843745
3286 479884476
2239 303777868
4883 59533406
17491 704481726
3105 265671373
2226 244715687
17659 1545508
18113 340878283
18864 505699632
3478 394892031
23321 687220777
6138 40778532
12805 54855771
17897 452144746
4049 937700951
6344 889897498
2678 298531790
15654 604137678
24242 25210911
15605 294246024
24745 844083366
6650 637649875
24776 461544958
4242 134918194
13929 686941880
7057 492090613
1072 768278390
9018 474231527
23632 142894688
22633 22089250
23888 141950067
20067 883948726
2557 341492676
15047 671328514
9422 883761071
18355 605433416
2854 545125075
2850 465817942
12007 136327643
22119 157366242
17855 613696782
22812 223372820
12419 171429537
9393 404066579
458 446821926
3967 113335977
4772 732394351
1298 184356021
3037 635179568
3288 473191179
9130 718238312
3113 452541686
15295 618096285
18204 670957333
11423 642269053
1579 444547773
656 685876200
10819 686635667
2569 455823459
3684 670614006
19632 434581248
17609 250249913
22705 340719497
17689 820302026
10968 696444670
972 166755941
6135 965817162
4761 556352469
8040 809546821
8997 282125801
22503 925364490
12919 839456414
7825 402521577
22792 282245302
6961 307291666
16287 207891174
15642 448888751
20647 197130614
14528 490506744
16073 509220196
1630 810874393
8896 110511522
19170 14318860
754 229724255
19118 864952004
4774 918447356
13671 319120392
9084 859279280
17183 524128750
20369 733797708
23021 425625284
1890 254925116
9960 713778938
328 172852593
960 255881237
1537 585160063
22551 137244924
14284 990756201
17229 643352455
2083 754292525
4193 235572749
10592 112494914
20164 658943316
1213 243851356
3164 706409389
21884 33930
18269 476703789
4568 43299127
20744 708966177
17212 888556117
17188 916661311
11484 497520402
1796 441471284
3382 512014973
22158 829368884
10298 786990449
17173 491615260
546 389277146
1618 992924451
13411 991769192
2764 308384750
12009 329893832
22975 387631264
16188 254774865
9983 33387820
862 593836240
11479 291527531
14791 229837058
18506 319855311
19666 237112723
7691 904119725
1522 272920619
17361 676297870
20504 486131910
19009 112603667
21274 346097957
2564 703378505
21628 669675713
3206 573548997
21351 139350050
12016 76953686
16390 683574338
13111 990355051
11825 848550545
4445 512457910
8116 83867778
8155 876068534
14635 88403349
23452 893914608
13731 40337460
5087 196893675
9589 596745662
21874 575122361
23985 961057579
13725 349534471
204 866312015
4370 713489084
18606 572570451
22694 162273856
9696 313106175
19461 673973337
24553 416145965
24569 768145216
9925 403747673
17805 768480388
4516 635056609
5508 506984242
21762 274196267
17620 295432116
11583 500367343
11927 649571771
19456 588434091
21881 426148340
24924 896041082
8525 2952555
13481 799246715
19290 476642224
5223 648179675
23160 131075824
14063 480058143
21057 673057610
14312 564488062
8590 415259660
3526 389484487
18213 62904596
21117 583823603
23941 610368775
8211 235878348
9662 960176710
6891 469916834
4963 236866861
23215 866460172
11997 933937469
23706 82921698
18044 811701168
23921 459713372
5761 481098553
22926 414756376
9382 695932773
18067 397671580
2383 707739744
3312 693716706
17933 713640071
2031 480369082
20117 560165730
22112 64440625
17497 443993719
21415 451354867
4087 472611079
24663 42405638
15467 178579955
8176 222435896
5359 758704880
22542 448772872
11517 594874979
3887 255609047
16387 325341823
15824 891003218
21130 561946215
5372 763976347
11756 34027724
8440 505833742
10148 579928150
7429 90264522
9098 918542189
8738 959239789
10041 34968171
23995 796690112
16 250112637
24633 380078733
18291 363188360
432 192285523
15241 21286567
12727 224981223
1870 880831633
24673 375227881
976 46303307
1726 403144860
1161 190739679
12392 797366422
24083 613308022
1061 900994425
5312 288859374
18467 760871036
19495 676356993
10863 509165104
5272 916150491
12054 374750426
1228 557101861
9433 998999207
2249 528637957
5093 226363350
19884 589947747
19817 199283182
15283 338403183
12391 243006428
18891 496346103
4967 484389023
8214 699895520
22877 413508565
22241 703927399
928 525529953
20756 860196462
16023 584850695
2215 322056916
14701 94623582
18888 937341031
3792 330608179
16417 451509995
10733 55183087
5978 807095213
19160 204496838
107 287124682
12976 660332205
17614 575582265
10322 68725066
17285 67057115
13408 466342555
5202 294608736
3339 279175732
16646 925834149
15725 20953352
17008 286039638
19971 422287032
17787 868068664
238 577080733
13292 953847133
1964 284827122
14315 283660583
10310 763498755
6865 829363103
5607 498836682
16254 354519300
8673 987800460
18377 662064174
6265 674039218
14448 647022715
22646 216508831
21480 915230735
21836 824486124
23568 983038389
22991 760475206
12629 12932900
24817 531512142
22957 573156667
19994 718133111
11523 101227725
1804 331311979
6509 529530063
23800 993676110
4166 181046882
16141 775033434
311 208173480
3166 562918352
7024 313067696
10147 408532933
12441 934258011
4875 294685882
6073 181315315
21775 755024126
15151 651847101
8882 402894361
20132 544944947
13419 666166019
22471 386626559
16201 511083695
19423 205145152
9929 687835708
16165 723466026
13911 599677849
16691 351057103
15232 992551261
14638 7177535
17253 711036446
8080 327778615
13323 541445750
12099 775159468
2542 283128184
9862 135634334
13431 982205757
16712 500704087
1218 733957300
17472 492482818
24132 340219812
8213 601806595
24814 118304481
24161 316976989
5484 422052669
6077 928831241
14978 200735328
24257 834815791
7935 453222815
11412 445728697
23408 342581183
6670 772592200
761 251383747
7122 585530010
23528 663807346
14411 484251757
23045 677261206
17815 245534405
21612 906775346
22817 630117483
19072 221737687
23296 913792972
8730 850605997
8150 283235505
16094 575426346
17667 453627432
16987 536424518
9720 992606608
18824 953641053
11266 760984670
15434 172300135
16098 975661547
19808 954452244
21696 361016150
12642 560773426
6876 136854716
19212 458461941
4248 937625091
23477 813941559
6271 610716930
4534 793181876
7406 991526372
18201 572000011
19266 568616142
18716 534710672
16461 548740475
23914 408094517
17866 30078771
24106 784128653
6981 305368389
17216 615173838
1083 396596054
5279 77657352
21025 579224175
4868 452622422
485 558285316
5264 806632910
16236 554046075
11427 115426945
12291 353912850
2488 540401814
20524 143072293
14782 790473002
8433 333006340
5354 724648885
9285 946573187
741 544469802
6158 385848345
16766 926268349
12405 280309196
8082 776978377
5373 836360359
4690 759390737
10434 892435591
19223 531610326
4544 402372873
20376 683551659
17071 569250452
17834 703183339
9754 255246045
19081 556045441
2694 75241210
14654 250690161
4657 726655643
16478 157803823
7043 606473173
22022 777651078
10871 578507525
7308 447286164
20430 357887271
20044 571241560
22098 132591276
10662 783909907
15564 859364971
4475 96654925
15950 566596542
20623 9236941
15604 203353976
14171 490557275
14715 103222343
16802 722013018
7255 97464742
10516 838862515
1264 422657181
3996 836157354
7166 97532448
6822 703279768
5997 150315859
9395 468620183
18261 564475035
4728 44514786
21544 881881791
2515 574122025
17837 343471860
815 165768290
12347 138146099
10519 835158126
17691 106460147
18681 851332921
21316 830018676
12851 302142877
10270 864102878
2611 247334901
10235 200901288
9363 333667333
8236 373311208
13646 644721749
5305 111432327
12628 617332575
9400 286802011
1180 739535540
232 449111166
20268 684207372
5346 44585882
9833 64124023
23449 870660427
897 563819268
14158 269098439
8985 542016824
20624 256035010
725 80190716
1519 7273791
19522 527126172
7007 518342991
6332 681711883
2236 852032375
6750 756756106
13190 345833081
10419 556313302
12491 142821634
8117 876930413
11525 718548864
23359 848891901
6437 658534444
20272 993318481
24548 926286883
981 525891164
24252 633626513
6932 563129951
12612 975979825
21082 362625167
24432 305130363
5976 910971648
14236 438648223
4916 414021999
20396 637646253
7689 859150378
21802 772175399
3089 374451272
23111 616412014
5993 528195199
7904 135789842
15858 923690884
9741 292177114
13876 445969779
22973 678991563
24613 700640534
20361 794549294
20178 318720502
10914 106811983
7342 635217482
18534 629017241
18765 76416260
8327 384142500
19358 869487986
10743 405333993
24844 965130610
18541 395407870
13573 711174038
19905 950844610
19234 925385476
11504 106127231
12371 842018706
8473 576948154
6667 141297192
22349 332102293
10912 587188155
19485 420659640
555 439487687
6233 651380262
19903 223357788
24876 748052790
9971 396340553
19162 273240338
4817 244229876
12821 961975984
1045 510733436
15331 603442683
1456 679506040
16370 348818516
10493 43747748
15934 29306009
24681 33113953
705 317449302
7902 297226763
6664 779608981
13546 208444427
7105 529306994
16551 247377961
9335 718992663
18610 117544900
6801 206887322
19654 253707038
6184 930186694
23509 742207554
3634 795082940
132 302477959
1860 486951358
18432 765419590
24948 275116406
11760 419681064
20045 944530325
5826 438668300
20963 793670027
16408 154716488
7550 101856844
11736 412858195
7788 694432266
17835 725310328
625 505063471
1708 106463309
15431 263467606
18833 627730947
3555 954459283
20683 860776916
20974 116281781
9147 165979495
19656 728775234
3758 564465254
7394 607316674
12535 600095021
19834 331163478
12922 680683023
20040 350411746
6367 931544800
14489 210011739
5857 795219982
10150 137211029
10023 345381301
23377 401374762
21615 48034537
10571 934986403
16764 155253367
5894 828987327
18767 659975312
23993 735647610
22561 593301602
21653 322958846
6004 503623269
6839 21190041
20204 153445040
10712 447706914
17431 808620330
1543 780679778
16627 797923032
23545 3528493
17893 431246507
10719 641340860
840 249619934
3283 276422258
3724 701757548
17471 666631331
5138 245704422
11267 795813887
12338 154433197
24988 886825678
23125 160259951
17152 292744323
22437 296589258
4088 783587748
6049 108108586
15407 116531543
5670 714282555
2639 694155201
658 329957002
22301 6213401
13185 719008216
674 911936223
4649 467439978
1058 164580066
4820 442855913
11700 252651485
4486 117198200
23689 753725888
7455 567890040
17430 129473124
18537 446443625
7475 808400248
15738 294412291
2222 445656116
1885 360587203
13716 926292864
12827 505421077
19020 415215799
24698 611670814
16028 203786346
5423 368035213
6255 632153496
15902 960870950
1463 22998232
23728 723072391
919 989193534
24772 284474849
4522 68024453
19616 435029592
3086 446546540
20927 879003530
4202 497495426
5235 264396193
3513 630632608
3293 162541457
24295 505269346
20613 730692054
5307 255989312
3267 195833350
1832 384759167
12108 331890528
12437 254956207
8167 782186577
9334 634174312
15487 716722314
23647 180896527
7373 59563981
13944 808978068
22443 250670936
19577 179383445
2813 394548939
22179 772326742
17367 36327472
4290 520232901
12707 723295368
17501 247094332
21139 925439426
3128 827255789
16341 371009828
24484 742712890
13997 199130022
10068 51386017
23235 138953007
4468 479741786
3595 115575104
24180 990522152
13394 890828253
21695 26222645
13132 881978710
17187 581530489
13539 356318505
16839 247566538
2568 577338829
13180 318669517
17353 24684545
2306 502182790
10331 319858727
11611 614920621
2553 875430124
12506 665348949
6982 136669405
21502 810640483
1108 352842789
24819 241717353
18842 827534750
14322 574188515
17411 204930820
21700 400141973
24075 716061827
10658 541008878
23100 647499996
2312 148417615
3506 494629041
11106 561609710
14953 666044899
16224 96708568
5583 777556337
16325 467574979
20909 890711145
14311 324091375
5686 412872313
23425 939574379
14780 29504280
3605 658825400
15443 591283130
23223 506112310
22906 958189855
4698 379307154
24910 245820608
20771 533739027
3165 295046058
10074 916264709
15330 415611496
23462 803713840
16817 501251967
7737 313883374
19716 303212679
20918 958849874
2341 536677511
17217 181712135
9402 537017479
10061 695068171
2364 816232057
6999 392268802
2287 555192148
19925 175941955
16301 573087004
24164 371373695
13949 820014737
4128 633238217
1709 488216199
8666 326749783
5807 294803654
3931 956200097
18114 216131198
19250 716269111
51 438356371
13388 106545263
1398 870269507
4755 894696731
22624 981114623
14200 307669762
6055 521311147
1097 408308332
13069 178411148
4399 302536107
156 253574774
7785 294205800
9892 505991979
5904 512555478
15113 879104035
3442 853299843
9142 408262324
11375 275313031
24856 240445640
23038 307289381
13977 36290111
867 119769090
8195 97804706
616 469658836
1272 276852871
3630 761928381
12690 812641008
22924 205934454
18665 395292043
8158 963695561
15338 408788987
9962 287515257
22553 828078340
11604 333921181
2823 467340139
18062 292541047
16111 384172338
12179 565441368
1333 198024522
2018 422501400
13048 751598319
24761 990611400
21703 937591616
942 920152977
11522 719220099
5965 993292386
1998 199699271
8537 59261571
24037 459011881
19494 314498510
5873 299247110
13952 221984485
23017 710511758
5460 679964018
6806 633599807
17949 650299528
16400 550805825
10050 808961149
21080 892056998
6351 532651441
11778 250900611
9613 629628429
22609 829332077
9730 894333340
12547 104406705
2045 446166987
7538 561491660
20901 562504247
7494 5004274
11890 911988877
3032 87183150
16253 431507428
4754 579258290
17794 567503784
16992 157767655
17767 737264100
220 371856931
11638 547553302
406 619743011
9551 992855735
16636 967150382
14611 706870630
6341 334999570
24474 436282329
5479 902141296
19136 879478500
8626 802817776
17185 202046054
20303 115669719
2037 320019918
14134 624922673
9909 750793542
13576 764298857
23937 703425583
24211 927937758
9854 517858437
3665 705951484
17718 702884425
5292 930942709
4854 757069726
18223 465429651
8460 326647743
17975 464002589
14271 516298586
20030 140274169
15154 94390643
19673 745578253
176 935561596
9410 909465175
5833 568659472
3892 733971434
11256 645670703
6119 532126147
7116 131603439
4260 563375988
11449 227199070
12021 238328995
24957 62472421
1184 947872495
24018 778989576
16441 233645271
9153 429733186
1828 818376915
23104 300796960
19324 942962203
13417 566620747
24114 658177764
1623 577356435
13516 571833634
24414 927069283
15495 863802348
443 754662705
21961 318627272
19990 267452956
2472 40966002
18618 428427477
22355 827545297
16666 599655339
6867 300572672
13943 572915476
5273 144611429
15879 783302384
21885 814857605
1567 878455489
5320 321349065
16810 411138963
13683 370288398
22090 334242918
14145 943503718
15833 602551702
2700 554898274
18296 311196543
24636 943700008
19063 606785974
6427 758535939
2783 557290300
6863 886383335
19806 103502395
14571 535267530
14420 571294537
13532 10366874
24784 949639978
11021 791649930
24397 726738136
23281 543727857
9091 140053449
22770 707509385
3780 673513993
18322 447782035
5753 292668820
15230 544613890
18444 285260962
12443 728724884
12934 678978805
4288 979525812
21133 227421023
9250 20214083
8257 753382693
16458 869847045
13526 556183325
16928 403382300
878 674810552
14039 438529383
20359 875673403
21789 716804722
9473 85277343
8886 637959672
4857 3826135
9470 315608035
11885 399488436
15026 495769689
14941 398569102
6885 328836999
19707 217058491
227 424719228
23358 537705828
17146 273508658
9691 280699256
12838 492206285
15889 17651079
7128 414134965
851 762571982
13966 188263690
10884 240967954
13882 278052392
9164 966412270
24145 153110839
12185 76927779
3347 797977881
3222 484824234
1841 681737689
1101 2068909
6914 285746802
13542 4963380
11642 364197633
7017 861186245
16590 950305137
24069 416878616
7994 165680697
24521 446549988
21505 487628976
18570 499887482
8094 253086843
15237 985655559
17447 232397075
22051 53469973
5589 906639503
15263 546676198
20491 66952384
8063 328855239
1965 347555872
20801 814914441
19128 300453712
23948 177969004
5528 110448360
11931 126753406
18692 221553444
22130 268179409
11312 406416816
20074 86249698
23220 781773122
22231 862685040
5741 922714422
14752 905926438
7685 87220818
10799 101858206
21697 210865273
21179 306076718
5397 496455949
2374 860888709
8996 30487070
8616 829836815
21349 813435372
1474 856348210
17944 209979897
20545 929850965
16941 802506955
12482 20079316
2194 469839232
9375 923330071
19379 366237548
14859 764703680
6017 554539110
12965 466770837
15623 112240517
19028 221006071
13334 35161094
20946 290731561
12365 235628917
21713 191009476
11847 947584666
3258 896115551
14637 110835221
1631 749689724
20597 617532572
3341 98674274
8264 863347971
3441 645637385
24937 744486895
20784 765454666
4280 84696940
6916 868961914
19753 164828344
10510 879033161
18890 268451437
18144 513038099
7467 714559119
24483 597434395
8576 732544971
19209 542235115
24580 115747506
14509 264533406
17892 836051088
10254 939192284
8520 234992779
2788 181923167
15139 394933555
24342 93671622
3063 401666388
7818 986912144
7833 168409663
6831 768947771
12973 312331638
1893 631539361
19524 853401495
23505 438709710
13897 170322061
5121 136415797
8769 408355972
3399 287885927
4581 277372223
8568 294993778
1183 245607179
16395 255848718
3479 389307489
23834 531632530
148 85251138
20596 282595314
21423 292737134
8285 118549009
21434 266884292
1124 375413533
11083 80260991
9771 593662870
21432 165675029
10205 341764535
15459 341850772
9 148450875
161 615387948
22065 819297989
3928 922661779
23383 487711438
14116 663265623
4751 605734802
5049 884263130
7521 572778326
14856 572367471
17778 639457018
20879 802227771
13523 434618251
15946 931680676
10566 848968447
21683 252241920
18083 279106306
12066 629018947
17910 456412534
10064 325548111
23583 895492320
1520 910811583
6432 738026384
6091 131742113
21927 596668910
16002 435890378
3727 122499496
6315 42342785
14551 474335536
14538 111922499
21926 578692029
12334 560478155
5687 949143353
10475 296076212
4338 335744567
7235 160415884
2784 418064291
14469 43659664
3875 896363409
4117 536008780
9673 665956423
11086 42080073
23134 6015782
11392 55414114
13724 198096684
11837 174210563
20574 531632605
9127 515958221
2373 117580133
18434 950467323
2196 497212882
21636 607405552
13173 122756402
3384 548225798
1085 504390890
21380 340566989
19269 648162375
23789 862890679
23765 653090665
13896 729929624
14659 743465446
9763 537420764
1722 282141270
21822 539105807
4808 837977562
57 590329640
14976 673762906
22475 478218154
20184 484433085
7410 487245956
477 626014906
22649 167171246
18690 518351344
5804 147970729
20021 827490338
18621 346854991
9435 595797641
11851 198915850
4463 729410808
20163 236052276
20181 173298345
948 184954364
5725 972322752
8319 907533428
3924 184573634
16971 21607565
20868 542412132
5866 633329196
18962 817815538
11689 807515018
5173 727582459
8720 2222646
7760 484339670
11247 669881035
8061 286860639
22336 168445356
22166 753934447
24008 159252583
12149 783324052
22914 464937466
9074 246592155
2099 232524163
12695 376016989
11660 89842227
6640 180042264
3077 552042206
14212 811105699
15941 450207843
7649 988928551
12462 831336774
3578 376600350
438 998172419
5705 149735368
9233 546967864
9463 456439145
17294 120424420
7782 291490962
14927 239301570
19050 781159080
8309 101419458
23155 473289269
2420 15463022
7957 607419327
6240 621303310
10222 837523570
23649 910156923
19080 10330597
14167 539256096
11222 639015092
16702 853690814
3857 215182343
11464 799115017
10058 974846014
3952 675237911
23950 266785023
14954 688028252
11447 676236502
9232 487248402
14702 723621070
20899 483855955
15911 941142878
24364 417732733
3452 399499636
14041 12852342
13455 53426893
13059 562486401
16459 941461444
17272 906893021
8384 883732812
17558 540256423
7529 24165489
17453 560362056
2219 89709192
15756 784497711
1831 648243416
1488 374240222
8786 104708477
22523 472991824
668 232765688
13641 858159784
1307 731983008
20848 726615387
15200 616154318
6492 756088686
10543 554099786
18641 493691201
6150 473933365
15077 155019957
16570 304460344
24163 170818144
883 450170759
13177 792092503
667 939306105
10873 465845989
2104 463607898
22516 666277222
11066 640189586
6423 97886993
8554 881398548
20115 368751055
2133 962470275
11305 968429731
1671 531199221
4719 408031143
14114 790261678
15913 119434394
18853 918245073
24362 177815993
20177 718744396
13773 897301010
13870 805678145
11219 697832437
6899 74588652
23169 782351596
21956 738361020
24370 181202030
5958 350387873
8370 578240309
20844 473499323
1827 33068548
5398 967103080
6677 560352463
14918 318409716
20840 670866938
22117 832816766
11591 961061701
688 138003774
22127 369287350
10218 914768578
20779 336471024
15680 456437390
14730 320457008
6554 15759176
5080 325554581
22645 996992768
17291 512053722
11361 546816958
21482 224444150
22351 145256691
13928 178588147
1538 41891521
23776 801473226
15893 675766913
10317 742527813
6745 790107579
2119 236832802
18956 721896614
14233 142318624
17150 414055928
5748 880020441
8153 107869493
17259 680343743
2778 600947186
1446 17343617
6401 896679536
19595 555716926
9376 625457691
7892 991615218
7584 452744605
10950 684618382
627 13923025
3228 980510205
13784 264484974
18604 70120232
16913 374399592
17033 234185028
18346 114250419
23051 513422103
21509 829981795
9033 234373667
18241 773899834
5459 228953849
22188 399009901
19349 662279576
53 456080350
22314 749543646
5170 35442111
18035 895809680
15653 603055574
20233 559519909
9063 74171823
2330 180487740
9338 699553464
10846 911741280
340 449921894
1934 75994436
16471 332010448
5617 292039681
21557 421273679
24803 826545761
21639 705802746
4908 57667107
6698 588635762
12237 192594015
19468 208461899
23177 729627190
847 191602404
959 608941463
20486 875412759
20814 630099004
7695 628910060
465 324624228
10949 803759589
16207 909466275
5598 463433250
3000 194881860
24448 323311601
15521 917250851
4279 171694341
8858 259329928
11193 42292856
3210 215840960
7466 483279038
15336 419626150
6331 511623739
73 22285441
17050 338297328
1676 26439630
6188 470071689
8670 496607511
5959 61107842
24675 140283690
1224 144212055
5876 360341992
7703 628672671
15510 381716767
3392 54573427
9700 597287726
10099 458464667
21841 671537101
2401 188323215
10199 191284925
8051 754693175
5614 156652774
13356 150365799
15457 357533960
922 239086532
12035 823343035
24691 516475522
12053 718719242
8101 32786011
6711 859143075
11939 251983796
18409 171724842
12055 146740801
8575 135301534
6622 356663695
20529 51471416
3510 600674190
10219 573066273
9820 190080451
22618 520157450
13258 121644271
13017 676779704
23863 60363682
19021 654625428
11482 262754419
9277 679314694
7769 716353280
17103 228145960
9440 210553680
1782 594365907
7663 344751271
599 158281823
22690 259368163
7435 515144420
5627 358073440
12122 592947790
9685 87318639
5197 14762419
20500 759984627
14098 41818606
3666 592005482
22468 365422159
16983 456461318
18231 243159850
10017 949102503
19077 485027886
12342 819412223
8269 338482465
19685 512805680
797 221038124
20978 80885982
23075 442413122
8803 86612262
22631 2117082
15354 819999265
23830 951777317
2702 53757407
18797 871001898
8372 645715009
20390 284195342
14936 919278787
18379 204132668
11317 768945656
16021 352241250
13043 369666888
13802 167333461
15832 825302807
2153 599218755
15000 156911460
23982 662443927
14323 483028095
17299 156173211
18305 162057633
24315 686782639
19856 505225856
15111 739955219
4604 245768703
6133 628075903
11304 837332065
18080 855446115
1907 774940259
16780 319805753
21269 512685438
6727 10968812
18619 309230690
770 405956399
20944 500028006
24566 429509990
16602 814328700
3926 172948223
15702 986517259
23768 918685631
21985 891522588
24816 972952593
14823 125243832
7600 612083714
2380 700673402
3380 139320700
19017 864538814
2180 624057214
11589 288925478
17601 338588810
5105 758789719
18625 194890229
2927 59653377
22247 951772204
13424 783929368
10548 651366393
6943 746145859
8096 599289836
1148 952243271
20127 429055984
20351 458892055
6965 548365198
5409 180392226
5243 685526070
15056 540102324
3541 609901127
21495 771796705
13893 612486070
11138 237025649
18240 324219517
16895 916976462
23278 173543502
15603 554525151
3900 693219337
22724 281672749
3922 472846394
20618 670786370
14336 953764921
19566 431057094
12271 652919468
16055 496427264
19930 965304937
2727 893361871
1006 604542068
7082 294562450
8550 810796223
16693 429858836
20762 719079603
23322 561460716
829 272877106
12260 499818679
24643 124448501
21284 137371916
2779 613392790
3778 593980832
1895 214188341
12989 345819207
22555 156597412
17214 282947346
6848 88300052
19173 733740465
9036 954672331
19383 790526917
14929 248713966
795 451052933
19204 250733709
14546 127249617
1475 694479328
15084 443476684
21967 612844883
10962 150028351
22182 50867766
7332 31380173
14968 234739687
7366 313413562
2337 408188481
12137 657319954
8558 811038717
22369 484448452
7415 256419621
3876 822779943
10120 322643363
8009 19030693
24336 852519568
791 800729853
4548 370253430
8403 220380537
13663 692506468
11104 379606501
13874 383812146
16796 787279883
11749 677947725
7551 512178588
779 496924836
10246 51309308
10190 903464818
16005 693294261
8207 812925127
8983 931369553
21516 727838244
16144 14800767
14026 457092751
888 383641011
24753 359483833
9761 710261296
24176 598137045
14875 950774993
24071 708324407
8681 816491169
2705 266832833
8301 554861139
6722 8226026
13628 497320039
15746 29667598
23716 832159207
2370 421409961
12967 462863193
19462 718925063
9951 154209037
16908 225696089
10804 560613394
15381 761789525
3619 622538174
20800 668975139
8275 184747780
17587 312209963
5496 517607915
4849 724754159
16022 961589361
16807 767454129
9189 631479874
23498 121026822
19114 650434544
706 938644167
7197 650822759
9128 76010162
17946 338665587
1473 337956651
5640 406802197
24589 687737308
14346 785957779
8007 317020961
22118 393301311
10339 123540328
8914 661304214
15168 538691545
19320 579269168
11411 150689993
16255 585142077
21873 191300733
19127 718381558
1128 258665527
24220 155415202
16788 73812137
3302 451048103
15962 303465091
437 810912954
1502 162865469
7219 322209917
22358 944936595
7476 721806025
14515 490130581
10430 162858233
8565 283417086
24416 786764427
17474 629392530
13726 325819996
5399 196477209
21180 537652631
18769 218865602
13515 409513192
22960 595860377
24461 62527953
2014 267797095
15292 595668605
3985 941820418
9855 915759832
23419 27633931
7404 502317304
17440 897039219
11901 41101094
19559 774982931
3391 489925
5628 426597604
18395 104113198
13685 432977252
14513 697068715
8667 35475620
8377 827588693
11556 48636802
16977 138532299
17751 899530069
18782 785593603
11657 854133833
4146 341524843
24001 191946497
14059 125741326
18913 543580336
21175 627786515
20961 809382521
7914 158568187
10828 975683626
7407 615678254
16467 226939763
6155 743693909
6361 970357438
10762 513331113
9997 143709545
5595 691701906
22568 306373637
6754 397528612
11302 731632483
13733 24264271
23495 211371493
8093 618566186
8953 794518484
18652 701565283
10110 377012076
9924 972389418
13432 125486540
83 295429504
1189 848800827
13175 164857720
24981 562031771
24918 764717363
17737 997445923
1524 900183848
14383 843042250
15875 839753732
13604 362759555
11671 749753371
6934 727746114
15439 214525506
5981 936995424
17327 509125222
19093 979986575
24969 275043167
17826 411798284
18724 800165720
11973 132153424
15231 200349709
14165 728498921
278 279921052
15410 467658503
20709 726846479
4714 917628947
18638 927363771
21842 240674592
14597 739019139
9486 736378562
117 505328527
373 348784884
18657 914303823
11785 251742617
21317 869806653
10561 288452821
5290 673404464
13210 281621867
4233 14219769
21247 105327780
8131 313209584
11646 834106806
23401 717595239
4763 114651478
6798 717557677
13379 963872202
2871 54598345
8625 452863041
18180 199177470
19354 202339028
5906 112640514
9588 214627422
3374 711227185
11100 467655548
23258 198898029
7359 171956410
1588 803666634
12341 634558934
6093 533644471
4179 571517387
9698 640886284
7625 811392766
19535 456609938
20167 161478911
15514 12547037
22929 241219276
10483 121673007
20621 953636141
22104 513829034
2826 630211936
24616 290439249
19934 656793055
3505 399344458
8321 606075573
22050 114137478
1772 118277253
14771 350911945
16870 774655293
9734 115251878
5602 867162415
6678 8493698
15695 533908676
22252 455895652
12904 895690984
22919 135940935
8870 339691080
7587 295224563
13885 923663667
19733 364293354
2957 906405879
913 282109280
20136 337872506
21052 258548571
1691 844457856
16454 106995906
21626 952298682
20299 170325375
8839 28498937
17274 219684605
15584 979876688
901 391421568
12644 127459066
23511 400341008
7456 576030493
19444 649330171
2251 162221362
17637 418224888
7244 685183502
9890 603761505
8965 702780602
18030 830075871
9806 110105725
7838 306057543
16291 474630809
12238 201944570
11125 587813381
7951 2036690
12225 210008720
5639 374386971
4650 896172571
69 141120565
1914 526037406
1445 521560319
8391 297937571
3933 625792830
8135 232991438
16527 724533046
6979 351252322
368 883634704
13053 877699936
2393 948778927
14632 802093814
2793 849154733
760 894143665
24324 588550751
16431 819978521
1436 152465002
10160 528391007
8251 369756469
16864 893067028
20338 488750438
17617 850932742
24656 870331613
17336 868514998
24451 347709133
486 760858159
14208 680875264
24954 260077884
20948 663965835
10303 977374445
5308 167596239
18673 216533731
19474 43485391
8902 930894765
4998 809706981
24718 58549699
10680 111069616
7096 225605957
22396 865895487
6856 818718461
8866 808360031
8479 17427068
24557 883397299
12337 186482071
4498 516844351
978 161779322
14937 421469824
9923 451276664
20260 174078364
11782 835107751
9690 410745250
20191 501713995
5406 663654608
19254 30568810
17326 141605738
22352 360044188
13357 377988751
11170 549533280
22654 926621516
19139 905696623
157 446799754
2555 585233757
21541 869602435
350 625664416
4438 761126068
5715 485217547
5689 423975712
16993 711991224
18965 906382294
1591 229945429
11839 964246490
17436 264134536
20079 193070238
21010 840997591
15799 583141908
22518 978117125
18929 898296207
19916 909382140
6402 704816905
21563 936635843
11711 770341626
7201 698179472
21504 288425667
14975 59299448
21125 491200689
13766 201043874
3111 568473334
14016 550225449
22440 171218227
14496 612027435
21004 994585314
8903 415018398
19154 240740208
9602 395413580
13506 305921601
10952 699894131
18465 803454643
10509 634614592
9386 531478340
19121 903015370
20469 940216530
16124 119107029
24044 799991775
3248 141000024
16105 413422024
17898 155252024
9055 992239898
8506 155275712
24754 22487985
12701 841648434
21492 558084096
3233 689116536
6772 415762421
18440 754399835
23795 73766953
10113 355826336
14073 270061933
2614 558715967
15789 686338748
18389 299441454
4185 869145806
16074 661465333
22888 907683421
11424 354678972
6268 387477189
19443 3971751
14000 589168609
16898 70338438
21054 544544211
11391 740333279
24799 861075446
19092 166291250
6539 17211024
19597 29762255
23224 782984562
9745 912010702
11861 254460800
12290 147975801
481 957506862
3446 486257202
7151 452247012
12000 632752462
2987 340077503
22441 980362071
18820 885998634
9956 387362813
6984 312977304
7459 667075147
7706 395548191
22598 666389117
23310 626172406
4196 870624618
14905 340823647
10597 688220243
16413 59854968
22278 737459706
17811 143826919
19307 406231782
16274 990608102
5663 944041882
23645 132289038
19933 324720750
12279 96983168
11120 196589660
13231 397221564
3046 28283900
24941 886158498
10034 297542192
2003 595244079
8416 622909064
22235 936013067
20892 392050083
3298 499529327
12287 482258603
12972 544682053
17806 948919613
18116 654495615
14143 19610391
463 608116512
527 163396629
11547 919658209
14997 910367879
4945 828136081
24228 868854296
5943 749730413
14870 294027991
3748 342738888
14345 200135009
11889 784573451
13677 235918845
22838 395705067
22408 938313615
5830 807307234
20319 400617936
5295 415987502
7826 262698716
1039 84067434
3869 218551120
2938 38207992
22281 878596854
17822 559976284
709 617820116
24980 553041127
4333 680899008
21384 357374817
5536 516793521
7362 754721154
13009 465208391
4190 895904967
3763 696707929
3640 257957803
2124 933089371
6301 731648365
6936 812726105
1821 156376073
23510 345680398
21357 419880660
23571 762151386
7603 973935055
11712 122804657
21201 552289382
2231 651014313
24189 785661822
7013 446356382
24158 511545864
15841 842080102
5674 136874821
23922 257600094
15714 756508948
22145 922718027
24558 240078746
8971 467023043
24564 452974734
22527 449440027
21228 553532235
20482 260899770
12156 881218609
8813 783220693
22430 591506576
15065 317656092
21649 660050561
7331 963512496
14307 41760692
23567 957944520
12477 336370755
11121 424648402
5784 573232734
10618 776649577
7125 531609140
16064 989659819
23492 799317611
13790 234457387
21051 740296109
8342 629472591
14623 318476735
14234 471699182
23008 288161610
11416 539532314
13857 3473482
18542 12589322
10038 850494705
6227 48957577
4695 717971642
2360 884674285
15554 398697116
7474 644262542
20086 416628422
11797 498608641
9403 304242202
8055 923444402
20403 760933919
12107 442413308
4441 602881008
24945 14411183
12442 378150392
10259 492314360
15503 144907922
1432 319642151
1352 285636666
5159 588292292
10558 938449056
14478 756872526
501 648386492
18597 436008787
19980 601106450
7499 855057557
12605 271144199
4874 967231553
18260 590028461
21507 963120747
11303 818700439
22802 837713144
9168 750794979
1404 978362237
22499 900184264
2167 57759930
8143 420434513
21048 131168760
4594 80922820
20863 965555876
23770 364566984
19282 635812103
20648 996761327
4161 317005490
17261 311403661
1756 552087962
20509 342363273
2802 829000642
8358 416431117
23743 781685531
4353 315343021
14893 518738861
21840 469596757
21866 950141363
14444 246162127
18050 466899988
21168 837689276
17608 975352903
21435 981717354
11883 56047416
10252 332388856
19850 468675143
18136 774479018
5813 335399035
9406 816783558
22407 749818581
11819 214986369
12896 544425313
1615 446128954
641 494339701
24552 599289012
13328 676936219
9316 660737296
22886 411573541
1936 534575221
3735 831626922
21648 289096517
9056 907623142
23343 498343509
6376 569094241
10575 340445460
24692 545667711
6421 930193836
18773 470461198
14468 861936519
14763 501861588
10139 905406608
16108 58391361
6768 74223777
15437 920574460
10639 995407454
24694 210457045
16904 847299557
6731 509164873
3638 780732365
5984 449247712
13630 294384228
8032 470743279
22831 428538594
7242 133013034
13416 471868989
19728 535655576
11327 539896154
15618 308940588
14430 52670732
20926 107755421
7016 244704427
24950 440563665
1008 609765500
15002 552565687
3524 468507843
10546 271069119
17762 257953816
4419 159598258
19478 22883779
14001 249384120
2214 175326185
12824 898192638
12429 241089494
655 368517305
3047 314784929
8138 871237131
31 64262834
531 224591034
2690 258856325
8780 205485651
14524 251047865
15827 748221285
17648 470437594
6950 15244373
13877 346375794
24845 760456144
24165 885599092
16626 600023901
7733 48932633
21160 188372430
18827 582797023
22623 92252447
14034 724396851
9501 194162485
23573 131218812
17878 481836220
7652 539879606
19422 197558695
13327 857661360
18402 170508412
24137 130757539
11867 874767961
11139 631146858
19652 514475658
2744 467585242
756 248839579
14971 246662360
4789 946368604
578 708937053
8832 176830064
3118 988144596
15137 12877633
23817 188870814
18282 566115181
19932 826946316
20585 940579488
3439 551409752
12327 234990519
15281 828403321
7909 562015536
15235 8294323
23965 711013914
7482 972826835
24769 522054180
9058 880397738
12819 635166687
9234 201354408
22651 102217223
7032 126418378
17239 285628671
16362 207424912
19987 197139546
20048 81518695
4286 117454320
22017 869406211
18199 937869091
21717 161822774
12862 650953447
4936 658841179
193 454234217
22402 115070089
6062 305312694
12098 622503603
23727 511685375
6699 838100008
19453 907003625
4256 695900457
21856 904645290
6175 226031484
5050 479399297
20274 576328692
16611 911401894
21864 516834245
17070 528949649
13088 578812175
13845 976278586
15979 990883272
17005 977756472
3099 304376903
14741 236635369
6877 260088078
24169 56396078
4379 320207725
11838 408086384
16077 150065969
21851 981084002
18814 566383320
13170 854910653
21814 664520928
15228 578515574
2375 387308098
17889 844949941
13423 217956957
21758 54474155
23415 125661293
4432 170504074
18141 772752449
10861 544162618
10436 186373916
11626 708288146
22695 575675993
16671 303257485
22286 414374958
12377 172167064
20317 638166031
19960 565737761
8122 232963388
10727 698888849
5466 267738729
16360 164485083
22666 453563189
6989 194428153
7633 451437711
12012 529406976
18988 30048706
3472 277553679
22418 418738888
23313 626303874
20032 121977115
22638 161738322
21211 780382417
11446 276427442
1921 673194720
9928 491823465
2600 334529293
6537 338393952
16048 405550944
23521 736233471
22635 469181530
23431 363092143
17416 191612200
7513 989556035
20347 823892631
20028 579243931
6372 590123361
20778 914151504
5707 878941254
12211 242480108
1057 8238132
9441 288544577
18002 380442236
8387 922130916
7571 126312577
12869 167565693
5983 583050562
8570 182103738
15914 331700384
23019 919786226
20113 726528807
9843 548343412
20537 576472922
911 801293912
18172 571865718
11037 977359003
23119 908052146
4350 634483750
2549 60373401
17754 904012344
3511 624543023
12249 321044077
15098 825402750
19596 517741181
5793 573146188
16364 275768657
1482 792400704
15424 651181235
7678 434773973
10946 453969965
11462 276732909
3995 767702888
13535 221463897
7580 538943101
7210 208671704
19078 318174679
12974 834895892
9378 243514095
21601 907898793
14911 447786997
13224 557744510
16152 508192438
5969 545526248
19688 379651930
15531 50805004
18569 782878401
1295 468800145
17519 825348931
19015 707276347
17812 700212091
11072 866035979
3231 283759310
6506 211930550
10232 28942567
13901 200740769
10623 273681045
19532 248765904
12987 455329813
12767 41874061
18304 703426501
5331 3614610
21067 208184931
19299 988537227
12235 448783803
5106 620849863
4718 247957340
835 156054357
10608 419354168
1239 228412781
18521 893521621
3837 534100314
24221 601905879
23956 493263388
23847 619260598
4132 878041400
3612 959632587
10560 19123539
13452 894509342
6784 756639134
24154 316594788
3289 781422611
10501 469658920
3677 567563398
3552 98981138
8036 756508217
18723 147635237
11590 544583304
6645 204957927
24021 239488514
4924 868161859
19756 696806423
16756 141116771
1394 115723407
4724 952665655
7037 617899388
3660 935562121
11921 711497849
1171 192815340
24822 753811069
9693 733246761
23806 946658230
3692 326438621
7136 959096548
16925 272514049
10361 832070901
13593 684830959
7777 743962902
19976 100025713
18766 367195785
17613 52405615
18515 758530355
5217 46377826
11322 129740497
23327 894809969
9140 848989188
8046 161029024
18812 379987221
3828 191988873
16587 616204108
22648 193876913
20150 405215062
4296 926201274
5441 546474650
21028 852202001
13474 957405431
6141 211099415
23810 505993174
17550 167321191
23605 514967647
6522 214418792
1528 589347656
20089 12485284
23955 364972557
11339 148338877
23766 430542408
18472 432698200
18926 207611818
24629 592532319
24664 2956356
14328 146696553
21850 313098082
13505 957908477
12531 430043703
3693 811390024
19650 7355117
6123 42256172
18011 32666043
7488 352698162
24002 2286697
14882 793034393
23918 494602426
24320 639077038
7924 915276455
24124 871142488
19634 640983766
2016 6756061
4075 784860094
4809 948456752
24863 776769377
3535 124734211
1737 315831677
23550 801601927
2565 385470417
24765 283609608
10425 963836023
20354 569754052
8776 619993382
18691 518212468
10480 484696759
16726 933283829
19244 730101687
375 968080854
2546 439286
23772 177698659
22218 120818065
4798 290344070
21960 461087102
5940 543366199
7942 668657729
20090 18234689
1908 998671551
13270 125248097
9593 601567122
20174 381348332
15472 376797901
14317 193100930
11616 904306080
18628 515751065
2633 183017425
6609 861514599
13259 458257805
11109 350962414
10847 287622521
3534 435575731
23886 589331492
18413 930980204
5574 222421333
13418 10380064
18969 894299049
19347 273299044
11988 365787343
17126 561822886
2670 77088033
19308 236317498
11788 923825016
9228 784176062
7682 650946593
22128 357513265
6919 678791763
13903 679489461
23139 139707189
16200 433206007
4638 823803026
6434 877189027
6862 135280180
13405 759939366
1313 590004665
23054 719730642
1105 69494378
24516 74885339
1152 879049525
15647 770821804
2245 243302356
24935 327562244
18710 71458253
12868 662380095
354 224104478
11389 906262685
642 696543532
9492 821308502
3973 461410223
23070 641809717
2012 644748970
19408 273444391
21635 201822351
7400 440443271
24797 937597944
21827 183207117
5443 943100914
205 46145064
19537 294907648
5897 16351544
21798 962980702
6276 161119329
420 566717826
6779 664978064
15516 729232742
3122 545676624
24166 748188759
11205 297989710
7088 495425939
22289 975816731
452 947744379
18714 381308186
471 396394968
24947 469972840
15380 25673914
22028 549724588
14446 736281888
13337 1234883
22175 951782567
18854 938327823
13875 92600824
23136 689761546
4235 821907738
567 102337817
14033 724086400
18455 725501719
8860 839401699
17153 968770172
23875 110365758
22513 631730616
4833 723278229
14474 239812136
6548 855822648
10781 689628626
11003 703459796
8435 372905090
12921 808080709
24247 758945335
96 253237564
17774 152302803
17129 672184486
8237 113430416
1675 891156395
20828 193536282
6323 627840770
6672 706109818
22661 707162472
280 483948409
17408 900532983
8875 828800648
12566 509200460
15961 362510496
20654 575982263
7535 971432883
4158 669285157
23157 578864502
3260 870322172
17572 593913863
5843 101149730
21538 103146398
19555 734197595
22205 882911561
24377 233778089
10553 959954236
21012 776439390
460 483413294
8252 411032453
3946 908943859
22514 206960831
12816 473845491
19099 367601464
6190 423255110
10009 962930819
7063 481884965
14201 411413540
6202 762408820
15310 223017346
5483 33835718
24534 138373326
11393 400006973
18085 862581004
17387 117207377
6131 486004073
21641 231553890
10755 872913990
19032 825221414
18535 944312152
3728 979044539
19819 564235195
24646 929021341
2389 283240656
2023 13126282
8068 176453116
11541 244394443
21043 74341043
19711 731033350
10119 179641087
13409 996566228
7716 538251930
11208 605106020
8422 272264228
16433 622753487
4168 57887930
11575 782876600
19818 834964783
24574 65514409
7348 515880438
10581 192737314
18247 141757544
8227 318794640
3473 231608251
10238 718358315
4599 173539590
18206 136553635
8172 622458292
5963 788776003
4617 688202627
10445 286425556
19115 48593913
18648 612837817
24926 484326975
14187 538715093
21102 265293716
5269 390355645
3363 851275350
22383 610389094
1478 574964470
3980 78514638
7320 770422921
11636 683862158
3757 187446864
10140 159766151
22671 949235228
15953 867487733
1531 489685168
6887 739656112
2254 579153172
13062 174303125
18810 704602483
11634 469794432
20714 532616419
22215 161622007
4060 496203392
7164 553403702
3549 797906726
9430 571658055
6516 389117665
21911 380418112
1532 882578219
19483 96753092
6201 674046314
9107 569681253
22315 272687132
11333 773291828
20322 689744308
22751 184045947
13471 646606070
4564 936202808
11697 745118880
4017 141030128
13675 681657003
3069 546484738
2686 844502484
8562 64764976
13862 429216982
4357 146057954
17879 623894551
2242 665454495
16323 858948329
16260 688280891
18987 549348992
12065 288345158
20535 156356853
20046 501102295
1430 717539960
1011 120344999
12159 677739888
14221 365081625
16067 229327865
9770 325923330
13814 389974136
10127 260734374
24179 19121377
1293 170898975
24486 706501361
13732 31452775
13427 903017588
23518 773123761
8379 281565239
15236 56474389
10452 4548891
8189 250303027
14133 10892309
3432 518264069
22497 890528112
3378 277313117
15887 187362854
19274 310738125
4781 826514349
6159 32672206
16848 482831678
19611 450136414
92 650231426
18706 736375650
14735 100722902
19831 114715910
13319 110570068
19633 710439350
8133 683339733
24512 379505424
20095 177510928
4607 610600204
6975 665991561
15004 818098809
16667 647220451
12022 716830359
14834 962411543
12981 193435384
4531 48142398
17902 667876896
24392 239436303
9329 13563137
1747 351724080
8809 396470250
18602 502077843
907 714145376
15986 398304805
23818 373737018
22726 90437064
24593 741208022
3061 64345270
17243 535397928
13668 431905456
15670 417464657
9024 926681942
3487 905188840
23217 113971956
24125 846020714
17729 459015453
13237 921587208
7050 261270797
5285 192642987
21049 94333770
15100 735575668
24627 11354426
14461 153314143
15205 891802107
24791 693357467
21092 242639637
10778 61621435
10305 565432971
7773 38862260
23432 534752263
4054 7960662
18095 560189005
5097 60333647
2752 369111602
963 726481123
12006 218415579
5247 654886530
12693 245870130
22073 791376058
4330 516811635
2459 317553996
13770 972700553
12028 503102486
18224 122783279
20860 515585886
13484 528245500
4149 571124272
10357 848962472
18307 401074500
24248 298797943
21219 694541830
21947 102588046
12064 842285253
21781 939994831
18757 962576560
6104 434120283
19429 757858873
15452 231603760
9810 274203604
10383 174526620
16308 414880974
9485 727265142
3590 347100846
20198 973520721
22473 669159014
6359 493854434
20767 170804056
17522 329123915
18997 209968727
22567 176210193
4647 585420783
46 184064870
20638 36688382
24462 522249033
16518 704434161
8547 825336218
15691 493654422
21501 191823003
3354 120815363
5267 294862801
10216 178929974
5464 770526076
10526 205699713
12854 149849456
7799 544647021
353 926116583
7153 627755967
24604 687596911
16584 227655820
8923 228267452
2742 866795294
16375 712519831
8087 916836567
18919 637336287
20607 655146780
20007 863373640
7813 12761979
21223 419451368
22084 625746057
19192 904353215
17619 276403181
24041 208882720
21448 968910898
16813 879949887
19921 942712519
19645 941664743
13921 929065753
15253 136786170
5877 831622889
18070 676699917
7847 231325411
5696 27248464
22134 661454863
22814 942783176
9845 317388854
3146 801615486
10071 553027560
13147 301383332
12252 147682506
24194 904940470
5691 363097368
20392 191479568
2576 499367466
22840 989844702
24625 398044747
11058 91249036
24421 69772179
21224 913861441
17657 830882296
7317 274981132
22844 867950061
9356 236916009
554 528125826
3624 787645774
11008 761243209
16535 859918452
3410 744310134
4490 239168985
24319 957548312
16283 438354534
22536 989476677
6153 217903147
19575 714131255
17615 79821442
11878 494472470
183 910270418
3295 580560243
21532 476755520
20490 559002123
17896 407225634
2769 758288601
4229 639573667
10652 181889161
18735 371108118
13454 209541601
23580 792703997
2267 409754665
19965 621346268
15346 146574538
1064 92080142
7708 669231324
4047 909877632
22937 266193614
876 920867118
22798 997242038
16937 967284342
13241 212695572
2396 817020170
20230 472256307
19242 133888078
7593 34453549
3114 322504745
2363 152066074
184 94935707
8549 23657126
7778 281790765
19519 959483107
20838 860391930
9808 995018709
17429 494806919
5998 526358753
21531 205535629
511 970624217
3034 173076132
13193 208334844
20253 851692835
2751 373816961
15866 313774409
6008 375779615
24747 291429491
3190 818433165
11277 338280402
23719 796567279
23218 442166332
21891 847695361
13854 418843175
1800 185440621
13510 678838444
10920 637484921
1838 939902919
23703 350655066
12928 966331186
5731 845811303
1605 535888698
20485 905837352
2937 93747659
8598 264725304
17362 876611405
11095 779563748
18396 405938418
11906 74185238
8459 882819265
11167 69495843
8390 694462735
3945 23188283
19676 426039407
10591 40413929
20297 668537470
4549 71439054
15658 782196583
9945 53292889
2328 718371425
19337 114189139
318 830366497
24967 90649695
15099 434747697
23180 523388962
14209 368628485
13274 788073474
24045 310018840
20484 531877957
20969 781271189
20609 363011563
9791 714052323
7236 857403897
1689 481356788
20210 730696438
2022 474469041
6111 4526916
7698 395635421
6998 134696582
10390 338457652
22559 563505869
19003 954655987
18259 477627418
20634 711756767
2170 967606187
7987 438422791
13234 80803069
2011 29222031
7618 519288210
17143 353847670
14992 339691798
446 79545187
21716 714453905
3290 654377214
9359 724300157
600 306558498
7971 524237350
6817 486047962
2637 326428330
15409 271383820
15810 407781502
16855 85346770
11772 895541102
4344 640126043
3782 973617106
22985 161534009
1612 158583655
21472 241046015
18323 725642187
4312 2059093
23388 658766953
2258 355226670
13717 424040408
1354 244032242
1603 562061958
11216 635528216
1497 671552641
23677 208944806
456 813596500
13858 742498728
17247 127699733
24871 855879169
10295 388145668
13984 871480717
10412 384226430
3336 87650592
7852 3264514
11710 934744861
18903 886068453
2655 573861765
18003 281743438
24422 784211595
4973 886953070
15469 14190452
7520 780948819
6300 841772550
2241 134919230
24959 525705394
16252 625967291
11917 608584403
21828 667969086
6169 528585726
22621 106852472
9873 471965460
9614 323255323
11135 324531929
22173 435774294
21084 372025698
16787 239706666
1725 192651616
23174 996233380
10853 888636674
3962 817066557
21797 879283783
19586 602883979
21970 410132199
11892 197841689
15215 977117010
6076 261673408
15180 262409517
3916 475993088
17656 960432532
4345 352049898
14229 917004358
4605 594152107
22230 547541900
3138 726589695
22521 402650474
13701 440413263
18301 907783735
14495 828081608
6719 821997907
2806 805324674
10193 904683292
21572 41297472
19371 606821084
15300 792213821
8938 706392948
12993 648418406
2369 778455130
10626 70332554
13686 824441640
7712 322833178
17874 242899940
6325 495812558
12823 456255755
2520 326553462
723 207111446
4711 38892901
23835 113906469
1994 381664429
696 152530249
6632 313721072
18796 848325588
13678 397698367
16930 793149956
24263 196241624
7280 293120798
15682 40202024
20710 808504168
13703 745302899
12710 312554369
1734 863820258
7821 644239498
5391 758501482
14734 28617009
9259 668922502
22861 400423181
6014 955663960
6100 474103398
15777 893394383
8375 805278556
3998 319880928
5534 885879416
2397 289950719
18318 366137446
5491 223113758
1978 688711427
10673 227129097
20833 76627231
6875 163838314
9635 703798337
11574 938538659
21227 891684399
4063 251570117
7895 637376182
1462 955543788
15921 642636137
14547 928327881
16907 82922857
19175 122299070
3811 4655025
12245 123135615
4951 612366530
8690 851383559
23274 479706602
17245 28647639
9729 145371205
5088 249140315
10744 675135528
20582 249952918
21699 906715736
7034 707531376
24418 506120812
23459 977358649
5422 909665752
10386 49466927
11858 558664844
14010 918033413
6717 619967012
24600 72591022
2248 592138684
11246 969288100
14454 572346148
10371 66825717
2213 324005428
24065 795186119
23368 562624377
3501 432151394
5606 665482990
6124 248133249
9238 163926165
3178 799332319
646 471166303
14755 875911694
19074 135447584
18121 875018917
20489 783320227
7313 858022196
3351 654464165
21924 922622303
22912 395082419
20109 643979704
4062 617916885
2392 627539793
4515 148307198
10972 920049224
21206 734501898
6193 626419493
3029 181401688
23457 543475603
5228 310667243
4573 686742159
9744 142023203
23757 186846924
20815 693240292
13143 702550368
13029 179498388
10882 598808978
17906 941097002
18717 348636340
11714 530257230
8356 909318357
16924 243653148
1652 79001324
4458 888003652
13509 916197278
21085 233256930
2177 805305254
9488 985249171
5512 30929743
24186 584319929
1932 461529145
13945 393228783
6216 929708115
15355 123531439
16958 41833905
24321 904944264
21527 919661639
18715 187466852
19624 604588377
11002 183460510
3517 375223518
10097 985638016
8822 962133648
2504 261350229
7396 999946063
9991 285522239
9383 455386534
825 406492898
21719 99815338
13667 535843450
23786 136895148
11727 403429876
18632 265934416
18848 852019014
5698 543482355
3352 950297307
13229 518921817
310 109986870
1220 58256129
740 794293491
27 288019327
22110 383861597
24052 84681433
16139 80963876
14562 473352305
8768 225193621
20255 954397419
24659 40756036
7592 491130845
12985 121365675
11326 831431363
6011 28732513
20554 932544861
21392 556725478
24788 849769477
6340 573675415
19802 190287381
11614 548910283
14766 856219329
16374 222019408
24927 559923163
24746 812977886
2551 761949185
12685 761178239
16585 467580288
8284 864029625
13760 47781065
2475 830309167
750 277264728
18089 966993350
13767 884653890
12730 486920082
1376 562053124
7815 902088087
2672 4515109
8181 338207231
4567 802108196
7745 965605263
10731 135745734
17859 311448327
16149 973300659
23508 762609806
20544 444659624
3848 81586212
3799 985652758
5424 907064757
8188 92340064
20577 320032182
15732 813451973
15246 295484912
5629 268182902
10032 183436066
8925 204173903
10667 43721361
12620 800365134
20440 803289085
17531 473496519
17953 516219244
16652 957716336
24985 838791118
4138 515243054
7163 914747492
10688 285121386
22859 867090227
12112 54170781
9753 626239809
12899 699003495
21030 44750085
4676 427520960
22852 957885424
4834 776776671
4098 213672728
20264 762216265
2456 873139141
8656 148850737
4948 778493745
17019 847268291
20930 608713487
22365 227683818
19374 643342491
10306 641099404
18573 315777763
21751 174211806
17305 234343577
12764 239141933
13528 134341944
11925 716207675
16843 402565873
3815 519396581
15809 124669427
15966 623823597
11776 644036796
6901 166037610
4488 807820589
19775 478791945
4991 474246023
15627 523118472
6178 150904248
20466 683312133
11595 616869656
18006 454740221
16748 317273416
22142 660671111
22910 988644729
21829 148540167
15461 266915615
17876 429436500
12038 656020986
18344 939703713
6674 362497118
11783 568177499
13973 625124034
23043 535113439
6579 835523032
13960 680569372
3784 281096915
18986 876679786
20389 715978247
7607 322907150
7523 75343379
10888 204499039
22062 831874171
13261 893687484
738 954844568
2558 410926359
10019 800079849
2900 84371174
23625 510589793
10471 499780498
16311 737815256
1873 770080315
16084 174885287
1616 746954577
14155 324348134
5184 730138857
1794 244263802
24686 127134905
821 110072093
20693 673492640
12912 233117671
15776 28705567
11017 81857136
4590 326228536
9464 386189784
24532 131808101
24709 832524172
4838 478090151
6751 634699722
24265 508629404
2719 415190055
22543 470594504
21013 72554846
11585 699073736
24623 105539091
10503 888235858
13705 929400438
15687 461998913
17113 988290443
5712 36739304
12954 167410554
24060 603404039
11438 300221207
24151 509524573
17065 757906678
2975 866691720
10855 365113467
24943 32287529
6799 830745522
6879 607914691
609 332658743
21275 85438489
20471 355905257
24197 726078922
22674 141782590
6966 208283592
12509 827272636
13066 770711347
3966 352131971
7147 82158160
6903 791804912
772 128881656
24528 401996365
380 686603715
23662 315325654
6489 974830473
9002 591149366
8389 967341924
5339 448455037
6038 401718035
23883 489501315
12316 294431476
14649 33895024
22968 258949683
23710 389573584
8462 702071468
12299 901547459
20950 924859389
865 644710636
15909 660005188
14266 252737474
16154 747319675
18219 468492024
24316 633379016
5258 352711776
8796 581690675
1887 89837543
22834 677940858
8647 291923327
21816 937419388
20456 926807908
2827 140584582
16061 358215055
16883 656185029
21573 93854236
11377 476931066
4892 804330153
24433 111306256
8015 824103263
20450 976126131
10670 344183869
22415 599782878
3530 802739465
12549 608773887
16382 943351783
1961 48205062
22057 802462344
23301 45545099
4059 859549878
23299 145307020
19840 807610464
21045 571425065
19777 89482787
7173 403822775
24159 989456551
12576 870810023
16282 57968059
5216 899308886
3263 839781783
16811 241506460
6154 723311313
13450 417412588
20989 847350433
14292 446805617
1535 679645555
24216 253679344
7546 341196559
16675 70076318
21187 656910270
10353 414053112
455 543800744
18678 290083770
13443 140650457
12335 918507377
14341 145223876
8444 463358234
21077 817446606
21682 557063524
20657 250103243
24780 22687530
19899 20002520
23061 495961822
20487 385708973
7982 691815847
14983 627881576
8455 277862023
17947 193391024
2761 423272731
11907 327975535
12753 842148548
12297 194567134
16222 969615024
23389 486802497
5505 157795819
5431 668842029
20160 733592736
19448 811588406
15594 839293724
19714 22062472
2152 287562427
7855 907618922
24407 369269228
5758 606462057
9530 950961031
17035 730668242
6046 67522590
15595 635759081
20151 19238494
23868 763162962
12523 706600733
18915 567693973
17310 381869198
3332 255186837
9118 40563300
24328 233952881
18862 381424612
22307 872637246
18160 536326991
16014 216017292
8943 656169319
2837 611421065
20039 112759813
783 474593615
6835 611865985
24979 180534882
3568 578291098
7789 443878378
16732 205941812
9387 418773236
8578 377351653
14567 679397677
5411 923541801
8970 808846641
1610 53094353
10732 844725677
24289 649138018
24293 727765222
11492 23724320
856 245738572
14213 516568230
4292 660503718
480 874345120
14463 25879110
23456 825973173
15257 326174825
4240 878271923
10088 827036760
15005 77364560
9278 544067856
11269 123672792
7395 340307187
3705 635997766
6412 273408782
24256 405244013
19888 157098368
9191 672749886
5375 405627583
11603 120319142
9305 475314710
17588 616119703
11674 433320081
2506 906900207
9618 556496005
21997 841772351
15308 402101962
3440 13567570
18557 722403840
1655 907464659
22824 933072030
3803 32142636
16383 575276103
7820 489365237
11898 561874247
6718 600745218
5325 85870108
9045 403900325
15258 516443829
10435 695133733
12546 687085273
6257 24568216
5085 396492038
23463 534708239
245 900574067
1123 550025011
7384 26595358
13414 848522906
13235 956912924
4876 560945497
4664 417440772
21977 462493846
15929 152777251
14239 641104892
23201 858843948
4779 352664786
21402 930376219
6114 901271966
15679 799935247
7008 613560262
15491 27173983
13387 323099815
21008 88608935
20656 817928870
7805 9684203
1392 741834836
5506 306340019
11718 401667213
8210 560831258
1981 876130858
19785 865001556
15996 47216274
11460 810147828
21684 521423071
4850 972739080
17466 310078000
21681 977833237
10939 898987820
11543 835907694
2381 267634188
367 335956494
13750 403490660
7657 445523201
15917 37298389
23826 223480609
7780 272378084
1611 18184386
24348 197594399
11656 13455422
4335 5092456
7822 236736532
21169 733027849
13853 290776598
18477 428093825
5889 733471468
23491 629805159
13975 996741089
16613 478693773
8833 152985017
10292 345309202
21488 161008387
16890 391465662
20533 712970845
5108 527837973
4113 759030481
10838 506466453
7081 315289325
24762 74213845
14646 878649154
407 641140208
4539 649894409
22784 367389907
15713 964617204
9370 893880947
5531 827889118
15316 956256661
2260 628357304
19180 156640905
9887 627423247
3558 671173168
10963 759033020
685 684240827
5950 484097877
12652 42207859
4565 919920949
5112 828738523
19669 574320856
11394 417360420
7727 341517615
6180 382015009
7508 475923445
23115 638710838
24085 912387295
18271 490197700
336 559000331
20664 354059187
20748 355589076
13120 187589434
8642 591878471
6589 986814753
18277 82236511
23203 563365630
18655 255572549
18728 144782286
5745 81089385
10136 283708020
18611 149685039
24267 572304706
14453 658838562
9826 272236767
17919 863708645
13615 887483954
19345 184118929
13826 887351583
18654 521679881
1648 144916521
5669 794555348
13556 607819155
21063 766548055
12248 927220723
14061 397703152
1235 28317974
6724 518610154
23740 581855389
7876 974774281
15701 951417542
3923 610364675
20626 877390100
16733 412662349
17010 147062390
20746 859566964
8490 219774299
2128 570622400
19680 974572573
5334 987793581
9684 297616549
20980 229023207
20641 649955925
15499 925343015
20688 447882815
11177 309628529
2147 987602601
23210 993902600
22921 116043769
24904 423241827
17001 859991295
23688 642368804
165 711974213
13369 93813830
2427 753335512
9352 728828250
10356 306230809
15616 390537585
9686 834949360
24551 171156828
19505 519642584
23722 270967532
444 304536959
10886 369238386
21548 20359713
17629 542267183
9184 278955136
19317 769142122
24245 3666209
5415 578543089
16117 996654734
21196 307156791
22982 402124178
16278 98838698
20651 345497856
21089 178248912
24093 772543445
4082 640501140
8505 361230679
4827 967324088
23807 703678528
13113 952866309
23569 561136230
8962 198358119
13206 865376610
4588 954994249
8472 25523090
18631 224898938
18520 511649213
18907 33057078
12721 730898551
14338 666128503
21293 650833662
6536 762004931
4956 756930966
23369 523717868
13803 567742456
15559 391221784
16743 713178615
14112 805797321
21939 964841508
2804 38627075
3005 441925039
18512 736138360
9345 467181233
20018 790878893
11910 79585907
4543 774902082
13537 587336091
9330 208775418
7948 917160368
23981 552252108
16936 958358303
23657 277969205
19977 657111506
6292 404249467
13106 440580321
5254 994995721
4691 123782671
1546 888405010
22107 728324207
11301 513576788
8137 801125886
22504 754531082
19606 743832130
17461 13460606
6403 435586621
2450 327116863
7196 169326697
938 231902124
15361 435573391
19106 598772995
5561 235903953
18237 139575131
18759 690992216
14838 535837179
1771 274544911
21618 937530292
19172 55232314
17434 304933925
6383 671207706
15661 503219767
7877 741927450
21624 433720745
2608 721908242
13507 624481340
514 469461595
236 398788267
13721 97530186
13052 72218237
3255 19707949
18196 430372553
13134 721548056
8154 153327928
5564 607609701
19419 796120750
5999 3956324
16594 891642293
11664 742636408
7347 799600725
22267 544694424
6219 786018918
16170 805529453
18387 366001235
11166 998965339
18830 933573595
10284 687647172
2776 196587751
20604 204072882
2299 968732814
3481 823995425
4284 328804873
14037 526139784
6671 916704111
4796 824050013
24027 648661149
21529 341600179
20275 776402513
16464 548913447
18242 645630417
15149 101099953
8065 435811551
16334 822758243
10738 549147152
19968 998794136
8476 602976009
2412 328362883
1263 954753105
1672 330882454
10970 139641502
17115 787899201
21003 581649577
7346 761007776
14952 638396611
4712 741647887
9466 833538506
2185 433790759
24997 370946958
17990 142344036
13200 929423100
20929 740604425
17284 133062354
7927 198358634
22201 680199778
13938 796240617
22712 958197905
15178 595702254
17904 104129339
14743 755826843
17483 514217211
15518 312289295
13196 287307920
21537 91488285
16779 613750828
24859 732497380
23832 14707381
20894 955723043
19013 755222608
1622 209257016
13365 961741760
7739 292265832
8915 39202367
12663 218010377
22217 707175710
4980 282624891
19513 743690122
1741 659961139
13617 181303398
21835 649532281
2243 10170132
1732 780369357
3004 130298406
9302 45175253
20538 83143265
8206 263219903
6869 981573008
9219 482380220
13161 945228276
17575 419119325
10302 393162101
23938 560597969
22571 616327851
18841 662768122
22094 981589624
17844 469243807
10737 895586529
1098 22974673
12315 40179652
6514 161240868
7177 847014071
10711 532592920
23489 808402491
3315 6078155
17094 539366584
8744 757414686
21690 692954433
20955 537953525
689 717704572
14 543615048
130 909803851
23738 737652068
8481 831187167
8121 91323841
21834 786420130
3454 122395902
24200 898333052
8676 290444786
5025 238796056
18608 612376299
12078 449699436
12792 251399467
16368 243259153
15101 468481318
6136 124119048
3200 996503902
16035 468123961
17481 124042380
12096 120276223
13485 588570786
6336 842001188
24230 971177170
814 111893732
1053 554220469
23593 152916414
19798 603193570
8091 752115573
3241 989135896
7198 369006383
5783 177508077
10123 44008486
7851 138863326
11047 865689985
9542 694667506
6735 155975727
10343 380356826
15270 596177255
13476 973165774
1308 960899624
12500 554792905
4962 956717274
19763 316989995
13978 862806228
9209 383824954
19601 248962513
19599 813793936
17364 603568793
4646 442509851
19866 498791429
11947 729903845
24260 695897227
16125 465601739
24617 842255549
5196 362485303
10859 124362870
534 354092502
17457 528363195
21919 389253955
20470 112117851
7854 297859935
12979 718952533
13312 410681289
19969 976181282
11606 836421001
18539 721896117
13061 71932684
5829 693783673
22318 248233120
16569 795491839
7392 984587538
9283 590081033
21966 568573181
19694 700648954
18456 276907850
20271 366454569
18349 304182228
14672 527419707
16955 564078171
2623 614066740
18911 579657805
10474 177408866
10589 24506265
13459 754738429
532 338926318
15795 970773830
10547 473126925
18099 212416825
18287 342502895
10637 541635072
10656 936317706
13277 639058083
17240 457668373
24038 135580214
16625 668918870
24531 364040868
14231 88363951
1602 522562331
1842 680250118
23421 251248942
6819 560404931
6350 497199810
5910 512791308
21658 746332390
19499 498374346
10681 701159773
14626 759264160
5579 735142605
4325 509049436
5547 674366525
13214 897029607
2395 536846689
22019 861422929
5954 259651073
24010 928955738
22628 494558427
844 965450603
20112 495317468
22177 22323069
16307 343529664
23282 412185134
11094 978665512
11753 130536247
2858 201725456
5752 361019748
13746 630415117
4505 263736918
23794 445313086
5054 525965291
11818 447201234
11941 743126738
20420 56041515
23760 669529301
18502 56857823
15473 504848389
9731 263509142
10244 681504834
8360 861772650
5410 164067427
18452 99910304
10880 18162069
16865 466823447
4865 826855160
16542 44453171
20806 773798728
11011 326456572
6258 682375390
13215 377752793
22974 864597701
2272 988660741
1850 697695656
773 247412767
17059 700247764
21897 750999017
1521 184965911
21678 944822586
20346 873157792
18234 171488439
19874 500796081
1170 705333784
145 154944535
11572 496961432
5065 170165293
7324 854284894
23212 676174033
22873 466374713
21523 659072280
7134 102649345
9364 514149989
21988 280657403
23902 406860614
14406 219297097
563 645137186
14232 476995663
10462 187138356
16984 803621583
2081 715925024
3623 942972729
2437 999199450
16548 103479110
18359 184619718
8193 956045431
2102 796028817
21526 26258446
22319 488851619
8006 288212155
3715 421356982
17242 108720793
18563 586354530
15273 430300553
9028 335364908
18884 530338488
22748 324483840
5854 266035943
7124 592670779
20736 712959065
4832 612290641
9979 70052087
5925 627023987
3910 811574486
7454 513534852
5518 95899768
17296 302104355
279 834406284
20780 905528493
7634 443538760
24191 323740331
20519 137995783
6128 112212416
2693 535147166
12284 878700475
2530 290614467
16510 609039392
16443 762433586
8395 469740544
10473 168013590
13682 446847468
8924 288665748
7928 519932379
4068 891293693
8638 630542364
9555 598668476
13013 669865950
13220 639130031
16982 38349733
23018 648239917
18357 305681984
18490 598166376
17009 705582333
3881 389179641
14013 936583041
22061 503310982
24713 626983182
9936 990954399
6466 212894041
10129 573082734
10220 352752521
15542 537839626
11648 205305877
11182 919857048
8641 36958952
11929 478835161
14365 149961831
17354 977215558
18475 267714963
2721 187490519
15073 471493071
7591 754202371
19609 617797692
23859 594864211
9740 53102446
13225 703878516
14129 333217615
9137 602672365
23294 807675354
23968 129435998
8709 899092504
11670 224181908
18253 142063484
20566 997069802
8868 949215682
2657 611695656
22488 711521609
10565 872283598
19923 604910677
9458 9006228
2523 669928338
17356 161184472
8948 699271464
2318 795679676
24618 524318436
23074 449818634
15291 200504957
15822 963440036
61 442799089
9868 540595125
17959 706344637
6025 561844611
3774 769131038
3561 591090307
24034 74088646
10822 779982216
23967 404055115
11048 664398936
3636 250610169
11386 908409913
23443 336930729
1866 578898528
23911 258204779
16881 326748200
22463 347908655
23207 20796224
22153 142375733
22539 790426496
9013 76745185
19014 736654419
18326 241875932
10499 181589272
833 793410088
8326 467817467
12286 540297044
7464 496181036
20217 228992972
19872 902618660
20310 486637357
20031 628266104
24748 436785001
9564 149501456
13811 980021902
22902 671387416
3470 185874740
17254 859697229
6290 717776357
5836 154202540
4643 277404135
19541 480355889
21050 178539054
21902 527904420
9372 532254418
18508 179030270
16951 385577288
11899 15703075
7383 138590190
21291 993099071
13742 135229293
13376 432872967
3462 916459151
22709 945132305
2002 850445707
3606 932303050
6972 768695776
11414 202678475
18973 894490956
6868 258339456
17311 260270480
7991 290054139
9301 864699635
18549 907139715
3243 518354897
16619 369350122
17016 879314813
17848 719279780
17640 54334706
8088 112533722
359 289440026
15577 417870802
9404 241269592
10697 211959129
68 351507055
22827 316967639
13844 955600903
11220 166676728
16128 383959335
12970 565601724
8760 307093689
10960 586254379
7711 974896809
17167 666231244
17599 123073509
13603 781632618
9853 612764734
8599 224705932
10394 836864508
12609 837636860
21568 906077177
21957 302954450
439 25604257
19237 521031905
987 115927660
5240 416430705
22870 806713336
198 349489877
6386 100275166
7624 797535747
6860 781269840
5253 562719287
11850 225633388
15482 384653194
8190 826275907
11669 47273847
23340 198632334
13371 670054780
4406 136686228
3830 944349719
423 978040036
23262 894891817
16771 509956138
22747 857786643
18381 137202555
5755 106767160
11265 787195978
14676 905636513
5414 470263020
18094 104645970
24126 28781803
5060 635132054
21261 375872461
1717 629098985
10408 852243979
330 338580994
8731 607538394
7188 683282802
14288 635880079
21246 761621089
24944 663468884
6129 843705390
13714 917327505
24915 448282003
7367 765591034
5149 565101429
12961 990837967
4148 13479289
18776 604179495
5594 243254665
16828 404081414
13774 736393161
21021 477270476
804 155914504
15651 931999580
4713 917685334
17213 420217983
507 943789804
10849 267014774
22060 49488400
14204 204751161
20976 156658211
16070 647940031
5842 580529750
16476 546548285
2326 843254210
657 596998316
18561 357475219
24078 33665011
5276 867196048
768 810607984
1529 404511740
4143 442031493
1021 835268111
4518 417874829
10684 182164281
1034 234599158
1649 203332939
10426 402031980
11097 575851941
10915 538207913
21614 309811858
20907 482465395
11738 54552979
18316 841525195
6293 851795246
5418 662079437
16114 641766912
16650 761374772
17725 730461108
4150 908856485
16655 646341733
10659 440618740
11248 319321088
10000 652250556
5938 7784390
5386 714127528
21322 257822335
19460 186848074
24322 568241168
10090 206402452
4484 670533742
22290 286614825
23874 34552176
12554 826980206
20411 977810796
14265 58411143
11103 491287599
1861 38683399
13494 115480130
18394 923295041
13084 745059202
21401 538140812
15353 538573496
14804 809187423
14862 942559778
10907 667409212
9571 948045270
11793 864813332
15391 971716528
1360 267248058
21190 517497816
15328 698845606
2431 843839776
3309 973473755
12774 542718011
14558 914345286
12203 140759263
14724 514348428
13741 242408592
5634 158273654
4381 229511273
13616 121687887
3349 210043206
8963 225483044
18589 668475860
12807 876450542
17277 62474872
15436 47895693
13600 462187197
7369 403590981
19959 34586603
20589 434449482
20988 883285939
5440 954047472
21372 626287228
11336 199641696
9886 189825342
16367 873966935
15435 330378969
7979 727291971
17397 307554015
2405 431303936
13254 856358711
22304 991999623
6527 264930830
12519 867234526
1043 313913433
5319 463463458
6680 974656532
5808 831019599
2559 675114890
21503 741816552
16819 317363917
3521 866437582
21620 578810193
8864 745821864
6464 287374200
7004 88598775
12999 521693083
8362 805968518
12507 722661149
5878 519908773
21407 79231957
4628 177395625
20501 685675170
2594 331726993
4013 997594350
20994 669633552
21252 820594348
15402 542973321
14051 135727720
2098 748095664
18420 143997272
1444 146060504
16877 678123034
17830 474084608
15224 59526537
22275 602735912
749 711633494
159 956206635
8419 380564866
10559 201845021
21990 830670943
14246 206747811
2622 374798742
18460 600503300
18098 588785757
10422 945308754
6854 977707910
2541 278608034
17383 683085931
12272 145056744
2050 482372203
15244 174744180
16926 132369631
8529 18212455
19581 175762294
10092 491830477
5316 71324734
19852 688919976
13589 201062557
2028 608701726
23395 571778027
6946 212408817
17650 662178124
15286 868522814
5746 589762188
22776 611241766
10913 14334393
10708 373546938
15184 160199553
4566 283986129
6788 360120557
1549 880733345
2560 265121315
22040 623802166
8075 851099844
16479 248822611
11578 872144885
23846 886669129
5693 148119715
4328 197705170
2943 99573008
23624 362051049
16785 929089300
7195 901487293
16044 32960557
3080 950276744
24452 23913612
803 444439232
3168 678717750
13406 701641967
969 840141199
14131 97963925
10272 133849751
18676 356083762
20799 67931020
9612 42282369
3499 291335182
3722 327659883
9043 71149571
22378 339598740
3903 745927029
22266 546113926
15664 285148737
19309 877662263
18892 205823573
9182 215321281
2338 198740358
7072 756960077
21265 679411482
22867 853056796
16485 793815951
18040 437289705
6948 317291967
18369 168532562
17605 636887497
9172 425059446
17030 999711871
21144 402335525
13636 357831056
11148 888100225
15935 437746723
4635 923671824
8816 128696840
5545 494885059
3033 801370113
10801 176619650
9178 411275364
7227 208266566
1324 766394035
14673 432308873
7786 34398818
20479 930448213
3982 787702907
22718 203376485
2089 415344156
16624 916595709
23330 818919324
16644 259996247
24389 430809879
10285 443026118
2896 953928030
21631 184362447
2625 604552430
6600 438634881
10765 403365529
24009 120597379
22875 486698579
17845 572197237
13970 204620950
2143 427277622
10835 684493225
9129 733685856
7903 561582995
24325 756057188
21535 204496773
17679 772100893
748 367824962
20290 104908579
9725 8502694
14778 170393308
18829 368757023
12478 58192879
18784 447267552
7423 682532186
3429 70630089
2931 807671542
12777 388201096
1320 215257863
6369 548665043
9879 977829609
13508 825422452
17517 230249180
6165 332676996
4512 460468130
17360 720693210
806 143055223
22082 597758877
1697 751928266
24514 331118145
6940 8334790
12017 254226715
23964 66179144
13974 262363784
1758 37077363
6597 29052273
12842 453283830
3459 313173728
3959 740493873
6858 939470787
4958 903831691
9738 584201173
5153 987823195
15247 857173438
13580 484990951
4237 423590681
24742 609414862
17980 729147920
12649 890012154
7718 45842345
18867 423862109
419 733693996
967 44025493
3495 341141028
15967 374807639
2365 539447173
11146 337805591
19573 860517817
9252 677249623
24385 495169692
4411 170781966
19470 258424962
20615 930259734
19746 349217805
12830 518297255
5069 123598214
10013 206377040
2101 802705710
24872 981432919
18666 544004994
21740 27783521
1000 133026623
4909 32034075
17969 491135576
23751 393871497
17731 281943100
21910 313795218
11774 99853455
20705 720240841
1762 355076120
9273 94896173
255 517236323
21379 353333227
15710 958056495
8613 988674071
11810 760378690
13933 141937817
17625 975320387
6540 967469906
12677 851708363
2799 126159135
13922 590257947
14494 217965960
12387 147563272
14203 959402227
11347 374365511
19012 64641328
2247 24820637
17304 497084949
7784 413116739
23726 850995441
9515 991178706
10477 192875190
15794 44858283
14310 11028483
20936 716517080
16945 247146198
15305 949218736
20442 319774982
10918 969406815
552 771303298
3508 694782932
18029 385569741
3834 173661896
212 645439150
22895 994661120
23633 630097165
16887 782412787
16942 613990906
17000 807412473
16552 150125135
1733 438458745
12128 31116045
2090 131813086
14618 628989193
24989 446682321
632 201493215
11211 327004158
21075 396685107
3689 159448384
7738 445523770
1249 644386548
5360 217788554
15598 372973609
11775 75959349
8092 498812919
7473 136909048
7807 361616237
13002 296362130
23412 672907366
20881 747847666
4618 560565314
7381 732494645
15475 419704894
16319 875125653
11115 257365609
11631 291146528
20803 419900161
14160 401929308
13420 23776894
7941 912351720
14886 57301097
18117 488908250
3409 988519952
19943 903783658
8759 369499765
7483 908675486
6774 409182100
21364 994398087
21484 260830432
4211 176552181
14207 958099599
9113 535468341
18667 553256015
19829 133737774
583 1245803
20628 623287515
4376 569222434
13817 598322071
4975 250597250
21963 821844832
13906 236827588
17012 957654270
7058 279093484
14746 534932986
22581 771091533
16142 347831497
22549 822017380
18362 484052349
12539 962814272
9380 590753981
4081 857515472
7461 973219540
6637 44839668
16949 568689792
9621 740847383
16397 645075084
764 61775640
23135 100070888
5055 612151307
8382 411852921
24590 786074142
13051 861315373
2848 87226717
12270 478916766
19045 761645763
7361 626819864
9756 146779554
2043 703421006
18333 301728984
19787 485483111
15993 73860791
16321 265833575
1289 67741063
14993 544242458
11488 715935646
1472 874645120
549 506291651
20372 42501513
3762 632719024
21674 863430485
4189 868988221
4519 294966301
13370 652709754
9766 724631427
4273 144003785
7830 868513582
6765 178534619
7570 991470413
5805 792787149
10896 407699076
20632 251129743
7480 45740231
10735 959169994
16571 117772977
8212 445195137
6559 143067270
12778 156545254
18819 472647558
24620 417637901
15234 9243334
22744 132130779
13285 768106264
20342 326622213
18289 971141832
566 806456094
23802 178708960
15797 65888124
24152 890596319
16749 186064044
4318 431948902
14706 416613383
18839 316113383
12496 602739344
19907 219217430
7527 981476567
4480 961915844
4707 849324526
6612 256450606
1331 949002857
827 242818684
23637 749523539
4633 528937265
10852 468943351
17582 708244087
10660 274248991
11655 152009499
11963 606400260
22394 523133673
4300 167802079
13895 513140030
13785 35840052
21715 833345409
3500 828945137
12522 571015432
5566 188018770
15646 108033303
24768 200572778
8837 649955098
15071 46756322
7650 944018667
1260 2758671
11502 871175347
12044 997990137
19966 563991315
9367 345102225
24736 680145726
23219 816803770
19425 63803327
9561 824876325
4627 197400586
5941 798512308
7106 6797226
18327 278186697
17663 928285472
15930 680263576
12057 667848112
2477 468444742
16558 347403546
21508 508820590
2739 685219589
1701 251203541
1589 470551107
15508 247978568
13222 983123235
4986 145074944
513 504090572
12606 476315176
18959 291987151
21644 161913807
19902 734899390
17821 775063870
17985 579602569
9467 578009003
8775 470510790
24072 705146384
16381 109462558
7148 597703027
1702 475965307
1355 796000044
18505 2633023
13836 380097474
18096 556730678
13736 881342824
12781 623208784
5865 895161477
16151 821143680
23777 334694298
1542 873002490
15527 448656023
21437 532373408
17537 212994313
9737 817793762
3824 732703705
11977 276186743
9778 655050359
16815 935158813
12343 928977385
21785 141577459
6683 898800404
9764 10347825
3883 37864428
11342 620506529
3396 303058905
3355 257816111
11519 303977062
2080 283630692
6624 988260011
18332 853469733
14441 915307467
7101 910891036
13065 936987223
8926 666990816
12457 438663864
15704 881482263
1639 224782458
6039 756716840
17813 822433454
4830 237337090
13662 249088427
2676 879355885
20952 904606766
24885 750803386
1274 459176528
21571 688082661
6130 12037868
18856 188728016
208 84729527
3551 47863863
6236 342374253
11665 664027516
4366 264289285
7496 446458728
4880 843543184
8734 879103999
18746 251810359
11686 534918197
4428 835039459
15421 960078388
12131 56607458
5151 182613630
19732 105134037
7764 955586822
8719 567409109
17631 521153703
23084 297130341
10889 421686715
15579 894522855
16227 887424748
1222 111580764
20156 946784613
5562 696358170
5554 515375893
5888 25114818
800 72678766
8658 81784462
5081 453940155
1419 237863549
23848 104294747
229 319689369
6086 874004455
24502 3256411
16049 210160377
20382 266676849
18273 447183390
1496 901909859
13841 292957193
7557 123826890
10698 78882139
20866 875991555
9885 852771343
18108 579179201
11274 173659125
19275 260265344
1326 127357783
1469 810738863
19403 185546793
15378 133521018
17865 834732618
8652 691312924
3965 960496557
23331 274034697
5403 509355273
15287 155209301
19815 423776372
11432 411296075
24134 908118999
422 326917715
1012 293029258
11078 720757752
2433 74900508
13325 550657187
12656 634582388
12960 947426132
21311 385538002
21559 834396868
240 623023875
425 838708567
8343 361901484
11879 816869047
1441 109237236
9188 688657748
20223 971754807
24212 356812663
7378 538304672
5972 375347373
7091 372987524
6127 280616677
5613 977405018
5160 946234429
24490 276355903
8732 782821860
13433 880411847
1661 146205968
9709 211313644
23686 623862133
23816 679649489
20508 921800782
6054 674539728
12003 797637187
1075 985328850
16313 462890604
3647 969330171
22256 295032702
21215 193344402
7871 624675160
9630 742627518
686 410243107
23899 44305619
21304 679122650
22072 20813313
14105 207557858
3443 761619055
14639 569429257
18651 459970289
12635 28369385
7005 783457327
902 418939634
15886 573241849
9331 613910563
10868 77425534
10212 908187765
7651 873161392
2510 699925474
540 383545551
13167 634250930
7620 665873937
8541 413407968
21752 822201000
11587 805821776
17203 572886054
18073 285255553
3022 229925029
18995 336756690
23775 836948964
2428 596657453
6484 238438379
23590 285688462
21000 335006006
8290 638143890
14303 526962608
22229 686817347
4016 753489587
17193 804893569
19213 938591673
8621 220595876
13228 433524943
2253 14645231
21796 476911914
19227 978206661
3322 347284959
707 859428080
2010 279602726
8754 909159024
3921 686500854
24743 357038306
10500 926288097
20037 710423566
1194 639627247
8920 973363920
22978 321981478
8581 746192418
23831 905638227
13326 375376328
3764 37505638
533 111120001
1834 531222844
24426 459893859
20166 922285249
24952 963374026
4281 721621340
12196 412934449
17611 150018015
21888 869507583
22610 360683489
13208 798969792
16314 885035937
18281 476165504
18916 219906052
12331 781895685
21396 434178840
1074 286355284
551 896653562
3402 809131753
5721 491632869
23360 138959703
19409 30380787
4274 998042278
23015 298042942
18158 643537404
12787 225914953
15592 10252602
22309 458189202
19363 843488505
13958 265596860
12039 553032731
19924 961939916
11725 485979454
13482 127250702
8246 369811434
16104 368442719
6534 71913664
19414 587603684
1245 407258723
3182 380111298
18275 820471497
17078 16545850
13963 761259250
13480 908287606
8364 34301635
4184 249102058
14961 597312661
9371 320722258
3335 849541704
559 256129222
13517 290988154
3431 698404034
5492 497185460
14835 824545312
22678 792808811
4672 946309832
4910 79032339
15092 934705323
18556 178111893
12637 309310570
21377 826597100
8053 775908878
16725 576951955
6395 575983566
21368 651183728
14477 177883050
9828 457352132
18494 793086124
18547 413585656
11272 454676991
8762 801413932
2965 615075175
152 58087172
1231 334945805
4560 711610887
21933 654407646
13150 939298552
18125 706660681
4995 763487826
21297 826896565
24581 112255313
15954 791466133
4101 196785410
8112 5960024
17710 915923735
18748 117189167
19452 361072426
1694 579001044
24792 695314512
16062 249669781
3009 271686940
8909 550657540
24815 512773866
24939 665252624
2822 369869146
4536 996415028
20047 308100217
13192 73349042
5661 318101004
14340 338601545
20427 807078969
15248 469610978
9963 56142927
13401 993318052
22381 649615696
20514 405149101
11975 253101887
21295 480114426
4003 749918888
9368 843385576
17454 76405922
13465 953454691
1345 13843721
3717 957996778
23048 16625948
20295 807648119
10713 819248903
15606 812334349
13191 17233209
20209 666583637
4612 312699729
4152 549722062
7730 974703398
4131 746468650
23307 838229984
9279 419519468
1426 336107216
8361 871344469
23420 795602179
12415 25406883
9483 616110502
17463 274474787
14025 891609167
3071 287713186
5434 70226169
15555 709470271
15566 43799763
16858 247634745
9660 964572999
7133 395309333
2283 95489756
21596 333510317
16396 186549752
20703 545315580
20650 130390804
12404 656285685
12386 374256883
8450 452126888
6486 981082024
22091 538885288
13027 800652255
4783 496290850
9152 790681210
21944 724392460
22627 794892836
1327 795948978
3308 753933166
413 643392916
3625 525612546
23246 150186380
8106 683928233
8513 400200816
10807 77677102
14722 301371172
11789 72162976
7906 469637115
9321 831807818
18567 156126800
23052 761271199
7791 376048570
196 174227674
15365 262406182
1236 841213353
4733 6548188
2959 598935969
9838 268542385
18414 699978675
9765 351905687
16676 793650191
19691 248271302
7340 488853049
12132 778013326
13201 273647948
5246 893503801
8954 141888927
12418 89766825
21453 378266299
319 107120470
1960 360412758
91 857682483
14253 201563844
3771 139736534
3264 690399140
3716 881084471
1167 626237630
9559 17425449
3800 240792151
7731 875516971
9812 814910773
11553 189327792
14119 937258061
9846 192045293
23071 572950642
9867 143955330
1036 68901586
14398 56927193
20176 880684071
15219 5802060
19615 594184756
18970 884783217
6229 222253524
17713 567282980
5096 235570081
6945 438123018
8907 72360564
11433 275942318
12127 507040909
10143 577448194
11985 647844339
14797 615104468
22125 212346579
19810 768743533
24511 569827930
18844 722792312
6020 574761215
1019 443391426
1048 884249281
16531 257652695
16358 286868145
9598 35520230
24015 271219491
7012 697317337
18293 401819950
14930 616310996
12267 620571617
11197 850967952
4666 609494707
20152 956315023
6663 563063056
22115 934068003
2780 613733213
8287 297782181
1076 282097065
16889 126495735
4949 365717452
16999 503197175
12005 829282220
4032 926244673
13367 656154693
7115 905328719
24016 565347814
20343 353565007
4665 305952409
13611 820297235
8794 601658616
18780 966998617
4689 783534001
16359 767522345
11509 302311664
19523 482781271
22045 477570383
17132 550478954
5171 886788116
832 950771167
22988 448259607
19529 153410184
15462 992071333
10251 465448241
6752 516660801
16513 219475081
16915 160712735
22603 640980588
14711 491551388
4035 644750584
2963 268945174
21034 321733585
16776 886768573
11249 446522333
22387 630646249
19892 809439204
9082 980554039
10182 268736595
13073 510842519
19558 733686526
2163 953869591
3253 679826549
13093 475938973
1334 789426345
7701 507166367
14721 405357137
17066 31252087
11961 605981471
6317 568787290
11518 566587236
260 965123855
13464 508251639
10541 374680236
22078 821046187
3072 164411340
22016 464370464
22786 73145362
3203 779044831
6456 69934646
150 681527693
17518 404867258
23487 26785876
19435 497036976
17760 993505872
12380 67434936
5555 685649840
11401 61066391
1903 736478872
13880 359578139
14330 31875495
9597 93400547
2612 174581208
10273 158284565
4791 685405872
2175 532875297
20119 667555617
4147 703223785
17142 753155673
20025 879917031
1486 636546219
12526 403100307
2838 906379926
339 945362968
21404 210921543
16389 377005575
21403 163539289
1633 772927871
22958 1247766
1915 336280574
576 734683008
21838 972912487
20979 500061868
17067 579792415
20992 393378292
6420 504333031
14159 47925531
12863 550672194
13915 661437499
15141 514376870
21064 67092665
16232 77138234
2585 32744945
22159 699218270
24183 802608128
24136 61602791
21483 387686120
23748 918997575
12528 212782130
23891 47738004
20093 917597515
15095 743272463
19129 172754595
6994 920034335
4214 94722997
1569 328374290
4331 740338237
19000 351266220
5370 978463399
14889 872826016
17080 208530122
11128 330187675
10969 328268239
14027 255487215
21610 346991516
7478 493231371
22710 958383217
8956 763498380
8291 409275766
20549 276467798
529 130508064
3058 579353796
14075 571361071
22479 783257393
20281 901082592
24563 37966143
20804 385636176
23200 190621961
24501 179339454
3236 799479409
3688 567248719
22597 665559886
15906 110701944
300 410137987
2984 878989110
9769 505705706
16812 206341923
2495 1128755
9540 747215335
12381 795465869
20956 971472705
3587 461161155
24878 870612283
6631 197390575
12191 157792167
19049 518662997
6807 356390736
20761 963334655
20773 432780164
9427 113105768
7241 449745023
6105 278857663
12681 150689401
15477 607683047
7944 584596283
912 170890500
7579 654174537
4879 794802499
3207 189131183
11418 758964947
15567 279701870
18433 190238000
24631 686822115
22149 726946028
11042 922724690
11888 504032025
10691 548996966
4209 565115355
24890 296846379
23900 650412002
7438 785831262
13679 643979389
18107 833979965
6733 688425797
1311 455966955
22157 287019665
24925 196337903
12938 480882164
21410 532845248
18429 750620861
21390 776477846
17765 839949421
4173 941059685
24854 956775747
2422 245939927
1580 879931845
12319 119167509
5164 774265071
10202 865648215
14386 144957034
2652 126548287
6452 328734348
16944 465524444
22823 953479705
13495 576361839
22930 548774892
12881 718480206
5306 313197537
8442 413009738
8060 583264470
17846 692350231
15538 104971849
8069 486343267
21808 944588081
14939 309870317
18324 15121806
13362 546921760
9749 9192921
21760 486981849
21536 187614231
8811 606559635
15895 364392429
12320 891320989
16017 89763332
6380 501440245
14150 239147688
16357 22521765
8606 393095141
17112 646635361
8618 928439662
7375 376474564
17151 928721676
2587 740690405
23587 545303483
14972 250459931
21561 394506004
5558 122943395
23279 920531659
16688 295152566
16100 266951008
22517 140942345
23627 203663105
21145 484513554
18133 677763607
4529 305289852
14355 410542690
8711 609111122
14879 944265387
8018 778469101
7430 37197897
2049 959253897
23636 69726320
10770 555980555
7699 117211780
9360 148038884
17199 801097400
5233 316727874
11475 756583704
13315 487267793
15345 360231615
3591 48442560
7284 685192527
9454 402257543
24998 655537000
692 156613344
4656 413013931
7002 449505560
21757 252101501
13968 726784098
7969 206487917
5456 956218872
19052 76734980
6693 385457760
10679 27463557
19402 670077233
8278 982618272
15341 236284391
11852 970952107
15622 58719285
5287 239580965
20660 384512216
2677 670007265
18837 234391898
1993 269448287
8298 915759139
24763 185426017
16943 126249898
19218 867140729
10747 871818096
24833 206743737
10653 198639839
17927 84815774
13707 399161856
3730 735291353
23825 766113501
18347 360663099
10992 214821148
14587 742921017
22129 722425482
8049 593575980
23105 189803645
3787 416844669
7759 289803895
14374 192350716
34 311028966
7073 650202014
15116 30433762
13382 556954679
23267 429998689
3736 279675909
7038 437314407
3859 456786591
508 701154019
9901 139339745
492 310623596
24217 156476752
1062 624609595
20960 343952064
3742 176885955
17162 525266481
1729 443243927
11 551068290
24261 985894261
14300 358471642
22938 883108295
1656 756891845
14948 828038570
15140 517545966
22108 464754045
11039 842254955
12273 627035472
10497 362397074
15342 693518084
20060 398037495
19030 970760543
6397 422978287
8614 368814899
15264 230969902
12884 374859951
1418 52629399
10144 676511913
24555 65045154
5404 744449094
5201 279597960
5771 559076058
15641 790304686
3877 482085889
17123 771199172
12784 544344957
23367 667737452
23924 62976682
14333 84380689
12432 653527396
1193 803474384
5356 487762583
2131 338542660
1198 134557115
16894 215747720
24408 539743943
12501 710806626
11174 255236332
22739 718309977
20732 195320005
4620 346317208
10318 517049923
20845 703554360
7859 822063026
2830 70465683
18228 704776945
409 222417616
20494 768044204
12417 724759018
18760 754699649
11315 320094930
12843 139290090
8323 523000652
9570 238979522
17344 683425220
17130 124059401
2403 938872945
17940 3989973
18195 289545575
11244 210489711
18704 516294574
2017 253368086
332 935235605
20668 450491619
23409 765731327
17740 768620349
17549 100804831
20563 312292488
10105 6448758
7191 25805322
18785 789203737
1604 908530379
22207 981254617
14175 588077127
10622 530128856
19201 224475509
21239 175311636
21173 979260974
11089 568092267
4020 277878776
9992 881034070
16808 55995814
25000 734918520
12541 375037229
21793 753290552
23240 333441266
4878 369140364
24976 941275061
22455 785375335
24337 600270155
12937 166717702
16500 261613274
13398 223270885
13410 668712054
4598 192824313
1600 592386944
20116 88284250
18585 118058216
20049 6842799
3496 476516868
23440 960556328
19217 114074065
24147 565203505
3603 163234880
6179 562237379
22334 783062299
18609 184352282
19279 691688612
6783 360431271
10763 174202955
1200 646947559
17647 772502506
6793 383282092
12804 80680557
8277 728840227
6890 667319442
4048 863488870
2922 76713738
15334 544491455
335 191561354
13822 620512173
10005 168240416
3690 375796388
22622 457414284
5146 66572195
20451 290431179
5834 713608462
14471 712135415
4177 221748222
9819 327896634
12992 885694170
7646 127231867
18791 796899900
874 590417006
14011 120525551
13768 622527073
10878 441253782
4010 235330016
3088 520429774
15362 792128565
8928 331362847
17433 247671760
18139 550839099
15385 182947125
20498 709092488
21750 970952449
12679 644240607
6483 423088717
11059 592878366
5660 200457469
14458 575826700
15897 811132040
5858 507202743
14683 977037986
23366 559162707
85 551935171
23970 956516608
8995 729232659
24266 835921530
16414 138727622
17556 786779678
20855 491643593
5131 462227603
9003 637122608
13894 465039542
21188 900671800
12614 510482773
10766 463556006
17681 816485013
3852 39273027
17533 595358524
16516 631068729
22854 113840190
10033 35356162
18605 448814077
9871 564542179
2624 485949574
13656 886828590
3613 29569464
13956 668816996
21331 837930423
7217 474571268
12687 976324651
22601 365558529
15936 537019434
15455 394793486
22533 907750440
2681 353763086
23332 623288062
14412 639404444
21189 103010269
15359 526313855
13301 318994502
17515 18108327
13490 325943331
2538 532685335
7025 941613351
10800 227843899
13905 907299166
5230 918658109
5047 254469285
23127 616907226
13848 285828653
15479 825677572
23581 351799806
21738 645593290
24968 733936924
5407 264778951
442 995460454
6909 969163821
7975 953266981
11031 368107281
8704 89354596
6148 956274611
18967 864604695
19325 356575535
11436 915052146
813 992643482
18428 807279693
4102 525510684
14925 504647177
2649 781305517
14045 130755493
8840 776195435
17052 785503898
9545 526164618
22361 19501961
23381 811793700
17370 680956677
24735 106241899
8685 58884590
6244 158389434
16567 366914729
4390 216340969
17289 977825557
2521 378074239
1824 721131530
4569 264167783
11715 731753560
22761 986609145
7544 46318369
3345 992747566
15024 32562964
11233 55454919
21273 128792998
3825 313737819
6849 376355858
7999 378751399
16684 367855918
10268 539572226
520 275135543
5618 228104627
16986 72760961
8630 693364242
9452 964692324
1872 192699707
19957 769761716
8497 401456858
23836 209039817
23239 273184693
2216 125181228
6878 883512274
14811 314756216
15872 967584985
3810 401840498
22679 596272479
1987 265445571
16623 397981793
3723 111967246
21485 682498499
8784 829042479
15767 136986264
22737 619216849
19651 370586779
19035 569500591
177 931285998
21254 100020636
15597 593604922
18227 25282664
22213 412840405
22417 181272717
14136 530470364
11957 572745581
8553 310801642
9801 922437491
23490 546509588
6052 189596607
24480 589111816
10709 553817061
1574 728859973
23035 594012531
7301 435523550
15847 592496735
2829 751387324
8468 183617541
13304 389691887
22295 995466034
5532 982346612
305 757377341
9667 289812213
12026 138182428
11877 675252985
10381 945141734
10683 106750857
17958 957694232
7497 664321924
6296 513976762
22409 559314682
2978 532103633
24770 941099623
2029 586830633
8571 678394890
24773 54862823
2641 637021874
4501 746323348
6362 190092290
8271 278037009
11978 777760885
6826 861810732
21216 422958371
10604 273213704
8086 231417194
24279 343833358
22563 16706318
2919 392773903
5051 342144278
4935 993299378
5013 508175614
17939 899909889
6098 397810010
1514 347118021
15018 816732899
9856 921170185
4943 964522243
174 32030675
21992 943109337
16391 644462095
12309 336607123
19979 251757864
24096 250508084
24218 607241635
3476 754275072
5110 577196968
16932 169347362
4222 404807829
1420 180882094
13298 57598860
2297 18113357
8582 312402017
12176 729459472
133 153468767
20385 840544078
23729 425519653
1384 446838920
4793 96936741
21759 188106957
21982 877412394
2493 845049317
6598 473800591
24961 726498055
17337 201924029
12795 293061796
24671 826269910
22053 675224925
22509 534572021
17257 333883905
7832 287985096
5032 172812738
19576 730319295
14845 826707201
18464 507332667
7575 464247391
16492 882964873
4907 123352044
6992 426687528
23333 474377054
24390 284246160
5541 987391136
17954 649578885
2377 109900967
14066 773582221
18668 742106319
18182 843000655
6557 278001950
10063 654111510
7146 482155385
19642 17471759
20667 107492081
4213 458258234
2857 508222090
5899 762884799
4041 598253437
23701 142831600
5622 539127808
4383 128392362
14965 798002646
15791 942442252
17355 678855051
23618 844584782
21459 169438745
6697 327488839
141 902002454
6615 836062169
933 32479798
19623 89506435
13981 404680546
23451 945342005
21515 978153332
18435 578397702
13873 960139683
22853 766677621
6047 66990150
10557 928925644
3038 162229165
9176 537786972
5887 567831031
23055 671397362
17371 858489603
21950 541612195
17054 720421113
13010 1042246
4663 137906970
4313 119591172
17817 868837285
11993 128833088
21994 173905846
12944 530696772
18870 710193543
2985 443787643
12394 996541574
20277 833860769
1104 864183014
4025 903372971
13632 755647266
16355 141935842
16010 994973535
8991 454019882
20483 898241758
7558 526807371
15790 675999834
5581 894383996
5211 408222664
2274 202412949
7775 323884085
364 449540578
14351 469027328
12688 248699799
17831 826917603
1121 234284980
38 866308015
20670 535712159
14404 421322924
11341 588645861
6002 874959677
13533 508036502
5215 217450971
4597 131755714
1116 165106038
13332 964915091
12158 39444805
15856 50037929
16797 141057713
23779 808158593
1787 777696005
8793 565663750
