10000
121286836 797096511
140501448 585893145
641303996 764602688
191174819 243102244
142267267 684976815
498322026 819970875
448360195 226475362
229060432 154958068
420560207 174884572
904374010 140769962
651119557 201419159
216066847 29846180
437012345 257576811
74672175 101989547
451393709 964093327
337751019 747890741
886170106 138983345
189398213 970662649
543800305 558052003
741497930 776191813
711050689 856129078
290648527 657544538
249702584 985224268
729563987 482053604
141117064 214806190
14209696 827911275
305266312 679720868
725403354 279294476
84458824 558712128
572966753 977012089
980322061 299476670
779160307 132949748
618360986 448005191
951471744 179894097
217021435 395252707
74326112 35027179
460981198 820060943
897374913 865945316
524160628 401202545
171271640 405370820
856246605 276492208
898257080 414698695
942465442 541547765
711240864 720312970
187854186 247243132
185074724 331440749
823884481 630469985
203747272 804667960
739319881 574846084
452085294 33344135
238487785 212249909
65930920 980693780
346136667 385274797
724389873 743909323
817787890 962290742
427972174 114131761
535932141 875113890
923609745 159968688
780628137 535292401
559370069 221245497
584826751 848833802
481298140 610381631
457980867 171010816
720513623 447984273
261579003 499882061
929326329 989257894
316065207 502084869
248382971 253465646
35827762 16225117
467615668 437131173
738130033 593318159
270940682 472290162
147684145 890674109
912973370 723192482
560297179 541447484
989613835 3819682
696114461 488698506
392431688 723959126
386356729 91588839
235782196 433567815
210937698 597690046
110193688 664650968
141051772 127068017
722090252 692603145
318115641 935224259
548524072 651674770
700704288 480060290
77421602 164203103
816057253 820397636
208568164 183475356
864190190 559438546
953358650 93352812
484309356 543716307
343071900 543244964
517924897 966457654
791674588 854933478
768740644 419969577
430469098 821412334
429639044 910131571
748486330 73814828
354214132 259009722
847561487 569807671
367242031 617685618
618314635 558333799
402463978 564070127
95193474 903649840
357768591 956057617
838383533 100787211
691567569 828532050
425921076 312257069
420862160 917701542
494948623 912068932
146434211 789984074
794991752 97776067
429840411 261675926
970265740 66441013
142804684 326629999
517136983 888426901
672797993 218097334
23543090 723756461
805437701 166408534
662043983 618728050
511272111 33112945
498129175 18023001
259653042 76374951
131838407 940808604
439126194 38961234
61945746 773948056
872932660 287158669
519213578 900593817
367547717 350236738
421937843 381802170
222361613 831210501
37385464 846410645
828975548 948503981
853756373 376499188
740601727 618175309
817658257 932912193
207054453 26254720
355119772 545684882
124280314 128206790
400322985 80437018
67352294 648039998
216211647 610662656
171509789 585931682
274898987 732878580
484843778 434038708
683620050 895059810
532974364 793756632
554451138 196312613
237788501 880498045
385787373 416934503
627662461 270489606
219190389 416539335
41348269 294431821
891991941 535690067
547714984 240458979
399607271 338527906
694249036 306727713
296866214 621118407
399081257 553574660
160216003 993901011
459540258 341740792
37747669 590609425
352241705 939520584
750498937 842680985
236138567 708788111
343355625 628845727
418763219 926556887
177882684 357328271
574752657 172481116
398537602 944805050
645093519 530774651
3306968 755808450
410505675 6002124
37651130 569890128
341610314 569107010
133957132 528543459
333915577 881338861
269951363 823723819
708456636 638658058
898939712 874608643
277911779 438957813
292850776 126163048
416407559 88301954
512261302 173913946
68048665 486270500
903165276 791740859
315357866 355590243
734749591 899001884
822661987 563391399
258817566 967620649
489005272 834659880
674647186 193386847
487076295 281639707
667246655 404791542
82401792 544591013
923357890 455155060
508282292 408337512
854809807 583203362
637691846 299244321
232654054 108666913
113709982 437700213
470916567 806167929
212109032 216758589
660175529 179126700
291974625 271129202
629406215 143104361
240917209 790533246
64440210 698729630
325097514 642902055
238433524 550998180
168170673 252390397
998823822 847265112
520792941 924634860
416442457 830457695
836023742 956992871
457437314 347036496
787876033 690874074
604859726 646415561
252661107 74640876
917259183 847059697
317604936 400399318
450954310 921409289
11200954 270875324
410854880 960016722
108735061 419881948
297974116 839550655
888558002 706520662
201013949 64994847
782384594 257680954
326846207 505426618
673169596 246563379
877834001 52458587
266556731 29373125
153621286 136775717
224992298 351508005
986680811 836176355
429522976 272153836
109586521 123871181
995097215 575656073
241448993 889271469
902575964 126944330
202124123 605712384
905497167 790491433
40434264 938773819
361565389 447241940
9397458 875175256
921379211 61677485
312073395 282363755
607878431 748298149
841224428 558808515
279505949 880103279
746341186 522799925
704263090 716716998
622001906 432405713
301614357 758166305
383085392 914413515
595936961 874440111
523013208 135333600
298004174 751656361
965521036 85730384
366769782 279934737
21868513 59477334
680338759 114703101
67570632 699247412
814064306 154673976
934421841 443513501
580339163 179641037
895229756 1152232
480715259 326153226
208596440 16246640
413700044 602126278
376060462 982764039
222158979 354409243
417637528 577835132
321162619 772621386
372182779 233292396
112538289 337450451
666904414 343608267
815907947 580002218
913291920 46657607
886385083 979672887
740608598 694291447
572620148 20106977
921951687 413949
732220648 935358618
752867420 56244842
591613064 551976357
999362082 754769822
682623929 695168341
933640466 602112110
970862197 195672569
431844637 570247350
736390751 952625185
603311692 90733441
28351961 278680481
678757905 846443688
472498019 405206466
434079996 592508646
822762967 907027257
752122538 581679775
236619962 120414092
100376445 405941046
872126725 115664673
370481831 746615164
696360685 894680888
135028593 402958535
366337139 964437630
41451443 874887270
82769596 766804163
836949861 113728714
898234925 66740904
908628315 114848156
682358380 163662886
669574590 725695609
305968454 925192992
892105305 131348241
538901527 829723110
718574381 699444564
264516526 722249033
422141650 534103074
742298357 455009154
760867942 634120453
729412964 116886137
804528491 352415697
162864402 994035259
283588434 153956746
747068444 227495285
296478067 447399294
162002589 13911049
215289743 274632903
126503508 354334292
572486266 291738869
62587632 303885629
307845001 115661476
997870169 96220022
870492765 133924487
205787706 562156915
970834156 712025111
142146533 844848447
821913579 628406631
954107009 16337529
506746776 22453776
851780209 629811594
696273715 374682823
347489052 10400041
670036002 560419250
988032750 903834859
218185231 139109103
440575638 184183329
117702521 506390773
605398182 351969421
613227019 816251279
718418679 356078953
132713726 48793750
500715946 870187108
600952630 824577525
96996074 814008179
172120490 29338583
67959330 976105392
381492339 994425209
28189729 562801351
48006342 400327274
863419553 326994781
855444643 113006332
96831526 751943793
920187914 9903847
108087301 947751163
514527192 196820605
412490522 553769945
168077082 623500286
430532045 143322653
316902618 8383254
75500466 992055555
884373841 6042472
832245970 72647733
380808480 239389936
542391207 165816463
134188444 810281211
64796293 907544797
612944149 446367031
668527449 443025050
298623212 582994552
807317003 693823566
286982627 255704845
967778525 205027803
23220521 359582864
898479078 899402283
469587863 889034591
306638285 358511896
270425331 154515786
196083451 57269825
615000354 894952615
977125464 970395175
316810364 70696520
862411295 389257210
157942095 234958384
908930121 245126562
194685192 951458544
478531986 971841444
128794578 933201367
242221051 384746488
3029106 681888783
711082033 136732608
297351934 325749363
318450457 545138126
201577690 946615413
400971098 11423705
335362982 525298294
468361861 549281157
629058116 771594425
31067498 369107214
334431546 203259767
658577953 946908046
398939587 70219505
614044040 659045260
778261691 164606719
69846545 396048152
831051893 903874994
906611275 821341743
343557376 61928586
280757164 609101070
351061384 527457003
765794651 93444977
693907070 21012461
864188625 63195314
351232668 954801609
356789589 179796966
260637774 520870807
221930676 165649151
38126278 109028167
334421597 122068181
793523470 932990998
884820105 179396306
520302363 131237888
680256968 780748938
649643842 618698190
256914847 669319573
691135421 59004797
721485761 475510487
477543281 527783860
638115944 471559732
403544563 942883138
968904916 206947098
634259965 951814283
141858405 79071224
861389721 688111910
955590958 399927383
377918547 564621312
654668982 517412087
627609382 454586043
653597538 975613659
404287817 896952510
883815482 957246191
746264102 956534323
931997666 513338059
241611781 545766982
187763474 743865564
153743097 818378334
715245014 370151149
191403738 669828684
356986044 318664908
177172230 481913575
943040203 931583197
415805693 220789907
52344038 220570164
308139920 596800949
745618491 819354460
676496639 492280941
222202482 236939854
279663865 321834306
586827238 756151078
119574765 407685599
348732109 874799091
329716065 138883027
819372433 541923409
425780594 487587038
555792458 770067218
755110920 367528328
188641039 731622152
881685981 805945684
732690419 792456388
710699037 108101494
370692110 760463531
218456621 827417030
736985433 691331099
295045133 528754126
39093678 275012168
635885723 892122822
427346877 994533391
92038191 973240696
141618176 255414297
478630377 520898929
805751475 835827724
903659317 989404944
925746518 984730967
649606444 199756900
360892932 13339855
314238231 501121576
543411665 25734545
812069352 813204985
359248379 447328332
809320874 473631037
197088740 820250580
790943176 857684609
187522069 350287475
852530878 212846919
470198562 499848973
285990802 452697385
170214958 826839448
588348169 378442500
393409145 562411259
232212035 748674076
780677918 953437665
585394799 470188364
85973242 693838816
527352646 204876682
282577800 835479705
595014209 954895541
348938121 493247732
502990423 490785833
84208140 135558668
939924464 588037861
810210343 556505249
309170231 716048063
831255658 821833136
313581725 117916926
750845947 640180005
697087092 512972565
275719306 709543652
954610083 711544974
842670011 475104454
998713303 189866168
364421358 260944094
791572250 976647465
808976170 51541129
532896283 288407755
835555327 585713488
134097221 293046184
162328442 807756613
794742538 501569047
4814378 638320089
855255616 262289375
262849206 521706906
701697361 464482147
189972553 928735273
268624468 508769000
931047039 356157870
52705370 495993471
136921518 557628241
277761348 12774713
854142043 166823377
162167442 62471297
763140512 723674031
226903747 37541791
525802982 326469040
811976064 403270469
465434726 86492820
903287802 454528666
180908301 678283461
741980946 536191131
916262869 657118184
489508158 862353931
588883330 135631203
115297930 288877125
790622120 665425067
797533895 432765219
968415026 734741250
837052983 890688013
962537968 746564671
6940391 105726861
933876671 372915874
397625453 367953979
39876922 344596184
758229582 262727814
544445807 988863484
602239660 166768919
40553676 176381939
155140017 40063967
369261930 613755102
39442214 197413210
364664567 149951489
182841063 316504545
822074891 166908704
629606618 619084367
266738493 241319278
512354106 264475621
681124915 743421957
217768827 442978113
126950223 511666656
99830191 159923011
587071894 147532160
557648605 390845888
371115402 696052794
270756890 169774348
865588531 105136803
30336771 180934628
506744473 974128634
103393167 14003781
939375111 201342840
298892166 717797463
747574009 382466830
927757220 579520803
608159992 994412574
470232252 518763667
770936425 415191645
91975253 947119918
315139966 988859544
458775022 222914292
733993097 269300024
885594552 23604821
993421469 431546759
234927297 697304116
719470933 914905477
6871134 283508718
496263265 246178451
284647275 179365498
758344545 150304
531830366 674137032
795390361 971833050
304810970 249407995
974565625 796875417
65204035 340865081
622322549 655102049
791612752 779348852
279958314 846224516
112283118 721917638
777000362 483036838
198191469 844137619
733911934 239744447
535292879 54676294
711083801 693258578
11355976 728778952
673199635 435403328
57868329 964189157
334374582 771143626
813313860 300751107
790759839 430202371
717728139 382759499
989169837 137695913
502407259 710757332
243725461 471192187
278356815 160185569
169312326 824358310
872803193 527418288
987637785 249702479
92723970 867808080
833492178 573713679
689206846 877212286
861099466 156455537
475710165 666279665
547019882 686390434
869043099 769782554
592568410 914921298
365762552 597664801
866282650 626643568
651263331 401772297
192056211 412001685
759085933 199558234
746001919 557021590
633113412 314504504
328397820 356425660
538111672 263863468
585878432 348949721
694047944 481961398
750962981 733851958
226597243 54927991
541150564 815908825
376701397 953751392
170647507 383163693
973450251 983373271
137939060 700129303
935845004 301363495
483519956 117994939
514019479 931407877
251456246 857691065
120716375 697880588
22229457 581252148
63688978 477641142
828274432 286001734
31746668 897405975
545828362 407500122
467601156 273733176
362362100 439362579
127118507 647620832
446924411 350997299
183574038 938853503
465735201 962851643
623547815 563682555
851662252 701801902
937854617 671084510
119747889 290960352
497825804 475333355
469504932 597894649
357820518 919361136
601130609 344129680
224972146 245887291
269732007 508454496
850086679 498911958
771481757 148242835
614148297 545773196
223459073 383060575
854787213 615538306
862972880 810496713
173069752 623019184
382395191 511303212
701914791 920215905
633218876 252397301
902603905 374671020
553386232 48509300
648821994 593264416
705465241 680742045
938918312 578425399
218146368 600504283
793447773 505294123
87680515 469149215
261419477 926674925
914597188 435750182
100314707 175872075
204151889 722201588
193520292 844344718
265272952 406284772
631127910 655808464
58679937 139113549
29659133 465794469
413062032 127460519
967703260 467833436
253204981 102744499
163175630 799804309
771979141 435316259
788800728 834793305
94737897 609184974
201199483 532740770
95079876 287270744
965401816 61633702
994315257 510580973
915117424 517501014
721514847 170786169
991032843 497003970
104782943 30090455
211151247 461218441
198194772 107415786
361342905 662777557
357494926 574414188
243390352 399743825
517086561 164515948
522123058 128628249
168286044 107263135
729545086 269498059
950584001 373709830
124681643 348615917
546061173 500615715
977380228 231277387
544014426 803002860
212495298 463067192
491528133 586847515
28732724 712086797
724177107 981106275
190813054 701060303
653949050 128813556
192961713 529216485
588031503 606992195
401931788 148939261
365807110 318950491
170631619 825473914
997143449 918228192
580934771 696922995
101902461 947505926
865058183 433998985
69947648 24229548
126706472 638130329
223390263 916507797
259322128 631815384
549322514 404243477
280153811 979379855
884018880 726736397
316865366 129110682
277697072 763757824
622130635 814195595
464119533 350978342
26907270 569340885
467607546 472751958
404206180 152981701
533944551 392097263
651023448 945815089
514179756 28392813
400488705 237181011
227636146 705058286
142811368 387746810
973514225 393962705
609924541 239117409
555730304 552647527
387002925 834359675
288267199 984255284
778610696 875944300
235687919 870053298
521527218 607068559
953745616 546546569
425174689 475755527
419150789 41368073
754029457 825956573
941371352 276064099
100701710 904912116
373498898 441201765
809701643 575740816
593758440 830987643
6787418 643260801
362154215 733206283
921402701 981666292
708176600 702988572
281548607 495602295
246155913 874098946
431150899 493319408
809335638 446279751
820872441 161842348
698483641 876184308
513872789 364846819
651695861 468432939
940491352 397464320
803815693 348820407
721207285 643050096
627117038 902306227
382409849 827192769
128236885 969150668
160851605 908857432
590536220 928300048
901744985 789431092
314916101 753538340
213446760 477201767
343994672 629812979
304195927 297164344
846736894 270791380
854092723 350827002
59407824 570043792
770312796 186483819
83223858 459203535
203875134 299241431
171527925 985707293
58087459 320229973
731463140 421784218
896563097 365634781
435975193 901231166
494956911 672208102
911771675 585643261
830120622 613952508
787894645 749925013
306186859 616229888
927306340 640898166
626293181 568632801
252356222 678815484
653072697 568285770
729385933 374657787
355275885 280200417
654097865 76375949
588060759 206666178
353334955 410400219
664865858 799093124
41298161 901039729
709951940 584713231
258407867 763815628
524543680 315033745
156639516 892958567
736962792 995447531
469429109 638948540
908341148 269207828
776365920 644768693
223543710 299041056
76493070 370065705
140159067 960732360
888863 873155383
630079776 303650107
164951349 371977436
982290200 474336003
909515579 946843334
878073697 863344120
675554406 26811182
443547212 44937375
277211648 985424771
764609341 20542409
549587754 544104040
745937686 752718557
640346725 939372383
645189696 67187877
77889076 299838787
993222 939590375
603296568 344256755
413837107 347759920
26280855 727193441
767417512 883161142
925471198 391176435
640736222 667312858
357632429 373036433
81088640 960713593
571235337 640086202
548067376 483223887
676483204 342343762
135882578 80542735
187347220 742470843
402011860 731948866
395493970 114035597
637033569 522585168
639253053 340446789
476424269 321715286
376716783 397536546
756979200 663430315
917142429 703245365
177401193 453865937
962050822 965630671
350275101 67429863
213549476 14148097
850193657 546840516
297785743 809987671
884692729 299548400
349468402 435670541
163588677 156448224
793474641 216465021
102936849 577578155
871395018 210868265
119427198 175199423
510086595 393950340
964757311 892935826
198469736 214654627
595367172 59735962
531521669 651670165
389834392 787998499
525571535 407637133
226860096 826823118
662049942 529941161
739448199 774884969
147729454 797856170
865411981 581663779
688163643 516946712
401525890 735267307
546939246 551602817
805837043 406678960
345047902 749366163
257625672 956600302
890265952 874020231
290659066 78724820
13850590 521201504
720654323 733234840
869555258 131294276
153671110 125929635
501226077 601611655
576938939 346294224
775385109 417546531
525881611 148611683
162305469 631710648
238605227 779506258
551897285 337060993
849085078 672959151
959022482 134376119
333746387 374024635
963636039 267564840
8135755 282555300
250700302 214361446
473489805 500380546
385228470 705748001
222812728 888147112
594353203 631025000
856967149 141787015
38619631 798309949
684751602 101331339
707892891 881585705
182847193 967631338
496127890 904630838
872904400 277210165
172204252 226911185
313213676 314784604
762710279 901705237
292251620 866076026
973096460 929654289
306626519 259264604
374671812 981126609
625401379 627140415
947516328 530869695
807046978 505611626
306139271 123999775
568266820 361544319
516772055 607413539
961189994 174387749
115725318 436772471
824713433 756091125
644028163 753006836
402000681 281065334
716846419 695206034
112221869 595992237
813845184 609622336
463901717 775319856
771347826 757539392
903721345 683735215
569341132 119231323
261416838 956296016
249055803 690880659
124881693 436862723
949472271 721200854
228941819 761505917
768808775 372588082
29681119 508810059
664764922 927790733
74541085 459234589
789709419 628821888
281082830 952763962
611574303 790879772
739560323 96431343
54457734 155556557
214278496 855193474
616424621 228356124
964030925 18426373
167930193 288236483
279044856 274932133
691252452 135972940
575074991 829355137
128369061 416028235
334784173 909546390
149246353 17548973
24851464 86201759
439753763 513176140
65203110 494778165
646020717 505948046
126842123 604495177
36519141 871429401
836461033 733637961
186589093 629517702
870564918 389016588
835187718 727328808
706683729 470627582
103301484 801010508
999103496 254995910
965036510 820597777
687850702 694509027
833013080 646963049
117845445 361826852
607783866 90929176
682660481 672400320
976248199 370877924
531938932 517187341
260577128 876325770
996919091 48254354
379778039 484675546
701033155 70600681
831453027 570697611
169215663 186548209
138218453 610342886
622629121 584929106
510861965 47986630
231027812 797737623
911583546 813077241
384539338 706839560
396981593 615375307
361959429 41611198
394892529 472603565
345389215 810373794
20387499 455999946
805316952 56696241
921154344 611479564
415047507 784438100
816731231 195686949
370187273 51653778
389741206 868576043
890214817 159653955
365019717 571579683
303950334 578126950
840305182 713134254
678323846 682958377
155728064 541955293
705208134 392006983
407451077 537192351
905423918 271290404
961786707 118667605
656202041 928800995
483221847 153510476
623471934 67030942
963360601 79542771
881722424 83790046
710537505 670290132
652865872 719063629
34713583 3832949
237773256 202270900
220887902 267233037
57013830 957331076
912688837 835774059
723849238 687518067
97174067 124628999
524479918 373973877
240771288 684962235
190042674 20599720
24113899 527000307
602639650 338785636
131765595 526268884
585900876 840385300
833115174 744588758
175635901 670410329
380739035 255624068
609945853 505130580
582723807 756442812
874870033 928495680
155036219 929379817
290214642 786001198
496321024 143041329
332174355 59464081
812623870 480792762
639358838 168509888
408854950 543481089
564994039 745130435
426431941 477094111
905217565 807354405
61998334 432420974
622398461 656930025
970650543 485548825
115087129 294798058
765034438 274690047
922829584 589863900
618770170 594323486
273466012 850697090
163641599 358584586
330668252 36728582
383027754 751218150
567246295 819138433
262323370 763724358
416429607 539932206
292009518 842198206
994293036 439395499
955517747 903453878
402967089 713975603
873231639 848541375
302248581 315651234
543840972 951282430
785795136 131573851
685013219 277855496
636249284 741184956
532667155 705046030
412093257 613197245
833836221 680240815
281199312 80932368
224060440 82061048
737850489 4619776
686597573 313817673
334695496 513130099
513655227 655514663
437513360 638387363
105083388 716622412
233813115 458381313
394443476 836589576
775405243 563475348
576415281 224126098
786003781 244756607
676050515 762127735
756402422 114112441
838907620 412311996
523809403 18101369
114337151 806430296
47520000 378171514
841954182 514718236
23781581 429410992
827482873 97838095
555704626 829769360
731264537 170268540
830822472 521305290
671650970 806702711
327096762 684362145
234375398 809736714
172861634 168177870
239628909 752202149
65419306 69843261
873652525 883427083
598030264 755193972
885757713 937173929
548132584 457733272
198046472 407827418
663834336 910154220
9768959 906935762
981398198 427620142
19458151 967009592
238343549 922854118
845230118 840697156
287900848 242143781
589449256 361184659
711075066 285220411
528604448 713151951
439056431 745654235
801316191 614135621
754572689 582431868
974424933 740038335
961999028 127080572
382880925 737880675
545929539 76129516
720978309 229298180
684477594 572493849
229736784 232091899
841736750 477212204
657661350 718659265
873327208 18350059
263876596 849356592
28532384 259070056
494576766 951919415
487152373 160855571
323093572 588675613
318681342 158130392
778134496 120883414
29946609 815169400
978596517 150655646
507343407 209184673
67729689 71102158
1164210 263220373
18249229 849007800
199953803 90401818
113076113 108171682
614376607 132334868
782479300 92619851
669543275 644295542
932439484 310279545
910243696 45781916
220838338 411917480
30352683 144512373
188721812 865046526
226340147 376189191
128392984 262269988
281105234 728603885
820765217 663872589
676029448 941478672
599531373 83955874
989415469 886613179
555187716 284998627
498557607 243613473
169865353 392715532
607952586 951475791
725438499 877590265
826932145 765931707
585381789 922544672
766882128 335331624
574545561 527867988
702074218 994287427
405751691 508738634
729299636 318253649
927925680 921251477
32457552 900377104
954701371 569754049
398833827 460833884
405888292 541532072
538910747 99191690
620247698 858552387
212324897 165856709
898382857 904932223
260114085 448062179
288009431 672412605
600633513 866930529
333464529 75712343
833433736 979824572
757860079 216432395
227083111 77962654
160315081 924287947
890320324 244481372
735310108 136555929
607125038 55190256
400130216 21892275
648749684 898415576
195540818 665450679
12440001 975767511
150584288 983085395
17820652 329128105
270150381 266437091
841828840 182195496
78191751 195618208
935138131 858858016
150942925 714745205
507625093 799315278
55155195 977593553
90192853 64666923
798295885 852112223
726855753 631528626
773342087 119880544
357804665 837218317
874664760 540422112
929278705 94399304
66691538 44827639
11883841 981475095
107131040 150060843
79793136 767623305
166832520 740429006
977200465 180206493
656145669 251197112
685896457 664871437
656095681 730904724
783103757 808675433
911537968 66335455
490215149 279610942
476349787 100568208
768683131 246368103
297560325 693103688
43590463 936445749
181613297 259340556
954227104 776372046
722490816 329211110
888873681 281119904
646644894 499571201
331129582 986937112
737375133 94020685
804809619 105141165
162444447 596035656
371563495 119846882
540363152 953254684
58375593 875731995
208406559 2357318
726636634 884586153
511558358 426910481
968100161 173102711
468175342 974288027
809647968 649650619
319918853 909255793
344109397 580470059
416372076 127802201
396142061 277132323
358185016 274420320
320872668 658402515
867319930 332079748
969368935 863500381
845916105 818316222
997224514 262529881
600479627 416651401
859587827 497795022
128921065 184678047
868660237 98248109
401094673 889327157
249471605 200605984
795553822 589486045
236172118 773356550
897860579 982627386
718631636 33153006
955788679 582322398
536194089 943123645
630325365 892490164
381128935 142726707
641924020 654429487
91629786 750163625
508430138 255903310
703554421 90946853
631905168 868621797
438563185 531251699
839017053 977680500
646934957 208419283
15514289 846026078
442475225 744314037
335199372 215348117
282821757 128501498
249567593 391007821
472422512 460340163
805997195 365646450
922564120 31230166
608792456 579483525
407092083 901972212
31252294 64604998
751179624 172745848
258600839 434725752
110129395 50348664
771406750 25340205
434286064 365338079
780437342 797622000
740508443 271058139
356123469 50399995
247019045 777142981
522758728 24553850
987418598 280536153
971642053 837875246
215009442 214406473
583770017 469419194
409152151 947811221
365892772 433980225
720730288 685922055
866575042 112707609
384712754 499299319
498240755 235619835
764556022 422349060
538273301 62895681
702415650 563514895
436581840 120222032
969066625 127628520
951536677 535707603
526175206 545291796
12242038 89309277
868216347 423783240
775515085 673014494
156788697 746873423
882364501 147180043
744072357 345761653
394939228 198852857
762096760 862671473
399062908 224565424
408802701 273445004
299086754 506965576
336417676 128667453
668362384 939583271
893693930 689051758
203589127 874200599
428097972 14827464
122660000 914652127
815805141 187565945
642753298 8633252
565651281 187400389
753723490 649267203
408740192 51019323
118872550 288692776
710911092 165562416
884626311 898132453
558637309 697792819
204855187 630407449
632748928 70877623
581008217 228449159
554790547 926558890
816910669 881013391
955870524 685822109
717193939 279061937
179553731 398991692
806265052 962398825
690044971 818156802
858586056 20970718
561558278 875674633
507312823 146150682
777544491 503038340
944622194 90109338
699204094 537324426
228943323 465944292
673271738 746714151
419119012 866802722
313961814 670205698
76726402 882924117
624468349 930944788
151649688 522891498
527266124 79205762
603046357 403387268
338500720 913280437
58081186 74895418
137345088 523840572
260429289 51254890
391382401 719954311
536252158 991766188
31581177 852972080
242785468 772458163
686525415 773172637
908272499 139874163
827381979 649614658
31399045 722944844
383708408 784741960
294881652 784414297
266559977 96316455
161736266 221390319
474969863 327915780
994548733 19448902
316328489 463377566
522559860 55899433
689338643 665908947
987489899 951324118
724650300 3717923
852446618 867301943
913549155 849629945
653408590 841788018
843971298 959337308
465757850 800473465
234508355 881925891
910277337 713206486
478538588 720232983
437571191 435608642
920118932 894941233
740510346 151884622
880186481 643470154
46370342 685652319
382025114 514957596
419003730 546427199
267558059 430005036
170920562 230714405
196327265 381711420
527183128 546758742
681708497 614483059
82857903 548371745
827482179 375632732
177068485 677303319
715593891 246500829
136214943 485283589
490775033 874183717
731994604 851909631
382964459 452495780
870367519 464115976
9000218 122252522
496047391 963237940
482508454 893355381
190159851 28151298
126587246 392568187
620331339 83729476
341207365 91961712
568475535 866171125
15258266 842695914
933001840 321732372
376217717 249528370
754185275 881702541
789921413 939331926
234007069 22856686
464889946 962051364
433240200 864296637
561642720 855375472
89216217 835143750
458155599 376992946
553991740 748194329
497792506 523790076
217002197 583930349
859655785 581797851
236088504 558941884
686327047 312692456
510929543 623965164
135977905 440311806
194033111 889225133
766600407 389974229
830845645 202339451
834753829 840281559
677861267 891822457
778587144 67177209
905624297 850352506
892594399 966685688
568817353 243957142
880362924 58599868
991026073 645420283
421097284 927703516
723810302 705260180
455679800 558118368
426466365 121859661
793356831 379792956
211994013 441092777
742651372 250125896
959577042 957176636
463848529 237883770
949412297 124729589
307269728 167526188
95753051 833544914
97696260 57132899
677582696 176559922
211552022 436404557
616875251 23237426
662197609 959882458
777237177 29902163
364010379 811267697
197149165 218210248
899907957 440038783
40882902 78397393
581639603 568692195
611853989 390636144
154321649 919457266
279420730 755055683
917667312 173825341
42244827 414705793
171536562 262812567
156687550 695683168
52418728 50283857
452275121 828510392
834181862 839539365
401529653 231397054
236311938 614629229
142257529 420811090
546611568 209545986
716943202 39721205
835014612 301915638
355696385 818301163
844068370 852976048
207838965 512442438
708575353 140747603
768179073 425136249
265815891 174102651
520153476 155168517
412130271 688403821
726217041 646331142
867678597 914699429
377213546 791151726
589985790 140546083
498823486 29065150
978491335 849651181
141202397 956980178
448118570 246237201
723965466 21081956
776539544 542084262
656426238 903671468
384791104 811374210
628635728 56885713
532858578 66377535
634379235 483428072
538109475 189277575
52844791 798540332
526188701 864142211
377058893 506906724
734887032 306180355
475944670 345969370
602479475 388753650
50836338 446434508
399313216 349395453
207801012 782778726
395376828 51929712
186191080 268303236
612059270 862502025
975964937 161733808
597679184 692683795
807435483 966364475
193956683 993575356
446060873 811944241
77063518 862899791
359862825 867506150
947297588 297042007
938518875 537657181
873799541 323129158
27852526 183813654
386043496 72171660
937850108 60009880
895172185 584257245
624862381 238761262
41856457 629237530
444236226 932252074
238237154 985260500
895208803 879319282
445420341 301978294
270566168 531793110
517000765 441755617
300873531 215504097
421534787 289693466
762103929 34561297
904958276 755222911
279363778 92176648
661946897 314129669
879511787 881639023
193649303 410016595
260072231 289447602
289808362 340204818
11817167 350372415
284431775 175410722
384081571 899830595
167435803 740122019
612035313 39384847
15831665 316320857
966549879 103258738
127883114 664706167
736528286 398494212
190237497 338306282
653711868 203196555
407306109 896385054
186096571 126692999
742599019 122758009
800505657 774074270
956402832 187388194
730171629 200074135
323120639 486508501
657426804 329994882
627193614 16827369
644916801 60350629
852873547 481554912
467328909 827092025
255335392 694105705
240459362 716816417
913524626 784019718
898441814 656526223
224742425 700481009
736946260 24457220
904531757 41285915
430133095 43073160
918051511 660258196
21267268 462569308
903227547 853899027
680598855 487848695
399002922 817361570
126297616 676230286
403468916 340144771
115696413 728596059
604161418 249562857
840270355 894414372
820999004 18773263
765111525 193138522
499129963 613719092
521007246 183900602
657670566 25187064
100983196 772249850
145428841 966302533
464008808 101305528
459613028 716172596
452627379 333057941
171658207 232165106
711597417 824563562
367982119 572027944
241930470 543834746
942039657 248437269
227857773 984605087
697320739 8463160
28768107 976709036
491702347 607504998
936631824 277144276
760629880 521752150
589542473 306747042
779194526 291333654
246365977 557526834
844881620 583006884
511593465 156674200
586801814 132167189
932597001 176063867
764940720 45888498
905918674 187473252
887467289 978464696
890155474 545138789
346211656 614110461
569911189 313631678
977572363 826906310
148177446 772828331
795306463 700139743
803270979 36891852
891988351 871169652
189180932 581888566
784916525 416507748
992585791 457560270
739474961 456507728
685020917 299106667
674378424 26414465
916354050 2809256
206999439 760062103
610223393 973983939
139965469 10730875
537009277 94777737
597713354 854912513
723538188 505757405
189866469 309996272
467452110 435891394
859071815 675983050
348792577 181023991
755253618 954788027
556603263 303093859
181924133 721432868
357338078 394087970
454099503 111403901
949286473 775400942
11703058 183349061
484982889 342663837
825831512 33887569
587644252 860534974
831944950 548515431
161402523 499161624
297420969 457445663
550681204 73902807
935424159 3506962
792151461 928701283
192641354 74352793
566967805 351251938
652711908 758725133
346607544 381895986
102127627 174413715
339304135 919317946
702402888 320854235
817392237 533730632
224579733 689158556
164668160 655509352
984949295 612098129
989584199 664767591
626878947 504306573
262666440 649583946
836446828 442734667
464897777 597936383
284768209 90506848
814004444 654432790
777671920 215872939
909333640 394898771
283632698 654759799
718719825 516157102
930074850 820888104
246575823 462067582
452312318 896110641
750934448 725386642
119599129 845728599
728308711 186461007
964713048 476198081
312063954 589243495
760346063 420672810
965483491 792648691
534093300 139116891
491851354 59358121
908902672 22897166
585849608 361775482
115793810 317743900
77411431 696088119
864771048 824411691
427443583 652722582
719756038 717891479
301439012 216663071
787907950 465498441
394719505 400755646
6312975 688048120
621659565 811534722
210182541 773448901
305324520 884404249
721115036 636524145
223050962 272476481
876171559 321108007
168056495 74011938
748929572 228064595
787006055 104135344
570854522 924270558
636790603 243159760
684433636 190050961
153143666 212681980
881616199 200678693
843401212 760407075
377282454 400140519
504963493 971490272
726180970 953835973
541183734 770708953
853225382 334375051
259429909 85201797
138188706 859104744
364408787 80475980
586856413 404657564
933747237 57954434
428134950 757708896
452144468 572419662
349086169 458727078
259748122 585666326
145113784 549382653
374442130 660322463
860989197 191769287
604460324 939184134
474021203 213927712
748837486 23945615
603526531 564388926
513823347 76733926
984724234 490332688
74477 263718010
603895523 311787421
173009147 584107654
716562397 885934391
933529336 881900303
591960243 937946465
853905127 123945941
643962620 361705314
757555454 994500967
277754106 223051421
159174610 881436089
686800252 432122165
46980103 291491715
548097546 895646159
241793428 408470426
436444979 79588702
950682851 306748608
116386958 833688469
638116029 296740913
321770704 543922703
635731013 735759841
224096390 479143535
916667074 237430393
277107980 963026333
94711020 992711635
913249197 464853761
172335923 288093503
319970626 590394903
459628562 826493376
410619527 496835576
989350480 593474811
734029763 392033585
455514643 211409065
767827069 535892497
459631345 759106672
143872026 695751226
790602011 594393572
15759177 629749939
595340209 94974973
23348795 324059547
575045189 384751280
568768170 360328589
807891969 925480132
440189897 878971104
434659130 310697737
159872487 345074562
882379478 842053785
170359003 316936871
711724874 368030801
207118571 657445262
229429124 516274185
809555495 976011898
196188959 644708927
817999240 629941264
370760773 837081720
840527807 956339905
420206125 908512526
668758029 445227615
49770284 72555065
533145922 730219194
447058398 297239534
54863955 69661475
351587218 321386727
587776531 113837195
759759655 16431122
613417300 607787726
434093694 852520218
412530139 718859497
382412988 138336937
914937477 273426597
187692661 717787929
535758743 865592882
656679953 851777172
853210691 609988833
561268438 321502360
786345634 910385837
269095990 538501993
251323856 72339005
484376018 916446357
453653887 674217747
882187302 535980441
22360498 362579142
821156813 315885686
56793138 432254366
244808088 661779445
41580712 344608467
743500174 370497937
872400683 979615734
190119104 306939440
248111718 293045389
360698397 295911235
273964893 145683590
29279492 813521832
551433987 384917059
373896330 973007366
801299167 297530709
368327463 967638743
337040124 93454131
353596814 297210466
819587226 340942345
804556127 249913309
441033067 571572160
168584057 869693261
80014776 867192365
374379706 557892475
949235957 831804255
749880339 772821224
493308068 540082762
762523275 997391906
145251171 821819857
347346329 349693892
329112280 771275631
170801303 865182653
221967714 311802711
627236392 849584757
436469450 481435142
545487025 187834312
626568951 55988519
213819418 419902975
736372382 415823444
474857790 93016007
321831035 199833855
527009448 339803644
160179905 513865352
488257773 785400994
951827579 149207233
456122159 968208778
814978488 466215764
47289163 517001018
243204706 944418428
958869976 236475913
950373482 936328524
925698707 40835316
967186237 631754211
396735171 223408140
369299870 559255840
326107841 755327022
381792455 396956632
236853513 389471434
449891194 784196114
92215020 452001091
141862947 740147563
458400319 209860755
540201174 88466971
555232512 690734471
366312280 601899309
815834701 76777569
155963236 619398571
116839067 317053994
801371076 395957388
6979244 675982926
428795332 919000043
237051530 824128538
633623101 333556601
652151380 572665465
826459489 944005166
209192732 894232273
826061551 71131797
362220696 190046465
59575318 896636137
118627310 330916025
218190651 778497028
501279798 401032289
566758659 913250659
700910367 692895388
168795949 205420593
515587398 905507450
571918989 224459135
144952512 554268790
76774228 542428750
195392239 136077827
584250303 343786702
620357151 276654981
622555585 378659016
506670393 709509103
983066297 979322399
290241077 219219054
512158911 840652496
608989149 511532375
708317861 285029276
823656109 920733087
9277199 13623022
756062618 317623276
189749989 695822483
440576942 544002024
564184615 151039298
961798510 80664451
606261400 119062444
789964375 260716044
446050051 486690186
762059855 343794343
632092381 319653282
922662254 874185293
323842732 868363257
188846441 415934705
212738911 379462138
47266924 159214919
638842265 68771326
104036348 953801555
962751132 504276031
453971855 896723686
337178690 930815682
792450818 840289577
16414913 351557325
496569732 579158517
721745130 293708263
553831230 827111686
344798662 223541373
289718188 672245957
943392247 516413757
666760633 467258249
477241771 938407911
118493278 393625556
411053123 732367322
699156791 880685874
406124848 417459569
981837668 590395525
228526432 689057514
311951836 477359266
729838469 665711884
434314011 925426503
57047803 402937672
142184709 923162813
130966442 287101230
183567347 549753159
914261996 228881431
777069664 956897860
282279322 543698211
739106158 150388275
456796997 301558445
962288158 299593249
942687812 962873676
124262344 640208894
587139401 285914738
163974981 622889588
557888450 795145362
156952819 976242167
563943130 518663292
893022995 305582336
637369341 402692798
832346728 15432798
7543265 630903066
41533581 647407291
329485128 270198381
228832432 58118158
329869420 233721411
896693662 413447522
224061916 596138666
526267381 945983523
416081880 722655223
897936287 29919646
162414121 937512723
743080630 61789849
638317137 642571095
629660438 667031046
209545023 553301885
698866088 507097555
734127279 812522449
286996077 600525600
487546657 286005497
547639190 477145656
768344062 49753208
358079134 959066881
423301601 776857176
337590096 895735244
107872400 826049946
925575336 245932160
611978583 703041913
773070293 774666640
59762288 322786640
328265384 699617428
764149280 514823660
555726089 202232255
404740196 922058688
979828764 297742645
427943269 323815582
149311712 283189605
10097824 69496150
540781547 313823101
484389455 611863675
95363522 257431109
147492237 939967090
303795989 648158712
79206740 224168156
356230346 376767209
63507201 691751069
835139487 285739707
685006069 639802897
953760510 293394599
215740452 812185388
432799245 619082596
231311004 136151813
109457163 936867124
261453337 217559163
9897719 764601030
409819797 825914872
821609557 599829974
566564322 573787305
828007506 509081546
205301960 234582198
351104578 454648139
806822967 489500890
527841378 468281972
885148358 838743227
143850571 575644089
436719182 700498197
998204241 39854379
550386500 208681499
137912726 673105133
413102129 688835271
489118207 72303836
595211930 239672632
976420482 191988027
584928155 678527439
660502726 879874237
913924484 660784873
399664560 128325577
854740947 684331771
46222310 448785499
496530286 801175700
472777790 773847345
276204829 12938725
439655194 248939152
254770646 353657709
463399647 501880176
865647567 565956038
256932288 275941693
288029451 455439846
854485543 921929940
620067766 954715852
70198749 834818480
621922390 280825728
456661869 429156908
548576202 869982310
780979275 469941469
224849637 87315396
104443272 441700307
138618089 427825685
928345970 56037598
16812615 684394555
203101241 182004289
616276694 925994647
387790705 807854814
130929771 117924943
745762302 210341965
399410028 530473856
258291645 579642259
438885611 413430615
73982302 160227857
694814146 321955158
385182761 325724671
735767436 822326465
248380928 50466544
438036530 420949473
69444642 558857309
56211562 522780188
726841887 118886111
440448125 59202407
995405525 779814333
559409783 629700079
496407901 837961306
889901643 804144544
7590262 990905687
301723410 366228263
796057037 116627187
656458092 55029437
524269966 300418357
640215499 425060640
290026163 531499415
694344562 830835932
867845588 83384555
959035256 477398714
716560444 458269292
604692999 740134342
548958270 456848346
316376423 246489420
159437223 420242207
775612554 66764782
962123538 440817829
433185892 57321499
225156190 442301290
852582663 830311970
506973537 58017199
785695126 962261544
939610827 506416224
430793251 817865842
879077664 309602943
98773550 212656085
909884735 42061182
430893043 734003674
63270345 116515694
151248417 863710841
457768646 778612951
796341443 990991271
376363388 314057303
964281346 392181397
921487589 498865588
529227572 286606612
136653355 799058585
191668322 356863497
699095259 370264443
518018626 142031578
743053700 892244282
319583129 730114976
815394918 458725434
141474811 474145959
261414475 766387942
435001312 835851589
714218479 396828065
974119749 234514502
117933753 974724353
873213720 196278446
359788328 807014772
494169179 387931580
286611308 985045617
795772757 817353127
866645156 672229723
572803621 896847957
176320188 12792124
694453200 824676551
840907147 247681741
971230878 863795609
447462984 650161747
411811675 819901811
885532901 39290798
109632900 824396483
160050122 269462259
394191192 591640123
52899233 771169468
108650500 776329624
190573267 602164958
197412999 233234829
472886194 970907042
167134012 128116605
385914008 471332677
36711213 570534939
942687077 984727691
139838546 785256297
154117723 395873436
544353235 175658368
915945846 937894448
434117250 274014122
726458150 866983426
308059378 694402885
66973273 67815691
270825038 33524970
750277753 357758979
652282772 536345243
551258853 229292021
944752049 114578679
584615916 805733878
538418167 901056225
532062369 568605678
59359125 733537044
836757606 300995480
341857795 660481029
198960209 669270536
806485825 353862554
643684127 360470838
299632907 246397428
186779585 607990568
634620545 197395791
610187645 787019093
652553704 518231329
817030437 694806509
681596679 635021084
953418643 857931816
680164725 835438600
568470313 314713341
954319717 576682029
757333762 300075349
945383705 802423861
497342230 115941073
806521272 458622300
561932208 18681222
657628290 605283616
184988759 415793125
267272305 227884701
272512869 615384592
453481823 39882019
764333433 880203481
980732168 207493855
809229355 614275536
130707081 739035809
215278122 749634858
42503828 331500765
157224341 233455026
955995320 936012931
240594707 63474560
633432985 453928688
922513056 617315932
462787851 55768014
53207450 134664361
803418136 830480875
708452479 487772659
285475316 387942450
912467196 63698753
953150573 713583899
853354599 293858937
470507783 391910391
35769907 17020485
485763933 914382817
90655133 611741452
612934810 18524757
612573715 866987984
885619046 816515329
38314256 192697312
103519690 90311855
141115669 80203978
805756887 109794536
654860160 774422532
392958661 517506121
864149447 734299460
450931850 374928080
64985637 474204788
75022770 104597591
596186099 538920205
727074063 511750165
887131265 68287653
783537297 584536792
504760088 12056912
548109036 224003358
99421293 886565269
660067148 381574644
225538069 702319166
663609080 409671418
730882577 273233458
595511484 383177744
617527402 20514164
358765012 182142370
277374191 560201929
892543818 495527613
846792000 222552191
393058146 199809951
674661094 98530807
211834844 932293169
426968534 720823573
394450983 391348730
320207246 328786689
907711782 88055457
651017275 788500355
957961402 822720684
795223729 766529708
893272762 439478980
502914827 846974559
36272248 848163610
840656062 223727130
495716347 371632842
689379757 70593573
92836890 961862281
855558109 790235910
924580886 523308321
313138704 225146831
740092627 409716756
369153556 285380838
779290716 286025954
501705753 667558006
869852876 263042412
350545918 492325835
970690668 206600466
690287874 486190875
811020784 919438509
577865506 282395971
641747890 186819828
374066432 959035329
41486982 137707754
212154788 787402825
407353254 249028373
568643370 577235480
690227893 998054989
915461552 546731958
201122683 138541325
180273053 215855700
491728953 7895449
756667390 444699982
354748728 331374872
369802419 877607792
153045571 960838190
987041512 377535418
659017665 696301080
713826197 80574223
633060236 256660993
562726388 95688952
337634458 228935216
625846272 799783374
561976474 563145810
751652154 28720279
488897141 872382132
663483004 478684973
793230579 987833761
144410263 228688909
925269315 301786375
763368935 737125110
253341226 593913946
710158056 901419563
796322990 180972382
350173722 335931526
692528425 762546197
601975478 349302969
932838664 645493678
63326692 145469569
552872257 967306962
816373803 389947087
49705440 416002557
486265758 328135109
734444722 405008006
529231966 533794850
442325776 424252764
72071270 223184592
699524110 541845720
761621527 239852005
828893796 762297207
597829893 305859975
591574678 579809043
741088304 172592745
251473498 484552827
897409887 886157281
397674832 476681449
446352258 623208030
373054068 25200932
105151446 887070639
32333268 509661944
551652418 729103545
286994137 489889123
790943815 859683755
301364700 550432410
627065670 283878513
793862376 191821114
761035599 339052836
914596101 386378144
70979574 852982440
730160729 591927483
692069840 672036484
786115436 46224441
849277198 316951804
44188899 918447454
263157284 550166440
724323951 183779060
632603799 210707974
602729371 271394428
455409328 525997643
990161863 216024717
5007084 956955957
20147812 553509780
749516977 457725718
723702146 583005140
32002274 338262901
401707777 340954268
678581596 795120184
105121899 886139731
562660629 733213689
506602388 847096782
948448359 931157503
47090643 931336800
834956922 777716180
117303221 825139886
792602749 792588580
758590777 4967572
89754992 941995526
301956677 961377515
280869880 525307498
737293600 575729391
146676852 781647941
764877171 618978602
895409900 858787939
259770694 822232607
619052523 594622690
763789134 286942415
374737092 335150006
663898644 334769311
186907754 988052986
643766237 845717545
881256446 184358637
298787325 315116694
997578756 634320995
378943194 336843310
728579604 772687453
562928688 849528292
926390635 450959915
746431239 242298281
470723836 737525668
363869544 948570130
864908102 480959040
468043139 268226392
858937635 920498124
491385120 335377204
582942435 475580087
918033744 676016601
724377910 821003847
519368073 139462254
880956377 809536746
257628571 26529117
981922309 601775917
497423446 683005666
38698579 663757381
778702170 299063074
977104018 693353660
911231823 175108081
694371049 492920599
716174898 985821921
138625916 340872413
410876418 211671511
111798626 484180688
746660223 423353586
447575970 462360991
862529527 142472950
519264636 971950695
309825937 614820256
162697874 56546432
551108516 509266267
676531449 334450241
358958700 195003813
716278400 862749653
518920102 164371016
698464034 219059010
321068276 820734410
949473662 794425104
915406707 821716262
774092190 949059270
451941506 493804282
130795061 435657777
46950039 126546715
397375153 226192906
702418402 463827003
406146745 410327643
483714959 475532980
413091073 497247662
70809468 365028607
201985853 190181858
586212590 815668759
751608248 832051391
96671878 412311307
797091448 933803976
689388936 801256211
37695829 125094846
905205313 380334245
421712612 281183457
129598870 626280850
421824819 259644243
942270185 156989198
593771448 863656878
738581343 216170672
694152243 143369605
799629448 534540063
238586252 515228767
888869575 491203144
190172450 380643005
348610348 25997842
668203348 777738966
995012331 316705564
557227528 660737229
822518766 167549047
772282450 580926266
117776403 803430910
550647968 779801249
224494823 930576816
975652205 967507795
530617809 788181635
65995549 901788028
749508877 798988204
182122878 835722339
916778067 809974292
963305485 683072036
125412840 920005060
799984739 379789626
373809626 706061452
643548436 351858293
95489188 478618788
974097393 675603452
252668541 781092897
58499316 342043215
742332358 142677954
501589265 205792195
499628571 559444563
166890286 643403814
974080448 152665477
308035332 171893642
589967882 655846832
898183782 147526844
643239281 294826831
466227207 893485505
774666316 280325780
110698827 989338450
601356813 763779284
777157021 181463106
20455694 494771327
671185590 295383312
712117767 571890845
494660714 781820289
270685153 743835194
146258449 620613572
636483415 166229458
547094604 214624792
549130172 432629973
222029917 945672299
988099686 246764758
727521500 688818766
454563445 529887123
752651829 399362670
606821696 861365822
275903712 581408204
550032154 92330641
182044712 631348855
879420205 587761703
185873634 825354313
553638686 22637765
214118272 960568614
391808872 483135807
293334670 698328508
369435918 246085528
261665302 351710058
115380835 741780374
969203324 468129400
254008099 945773309
986022020 894371341
585989753 443854183
988839468 483918452
224835212 862730119
273359306 344296508
96966701 176738218
617185653 971934636
531698550 782702251
12222231 937824439
15770552 227245837
6216191 982504592
921179261 491683070
737960051 892014318
927426438 831398193
315910351 756519378
572093510 296485801
256860376 143604736
678946796 562307921
468196489 500332768
608756349 969138648
814276779 838326070
474236225 913208612
985382873 280190863
800608002 344679922
1233381 927163178
516339625 212316694
939105118 131092989
916019692 667226575
269123708 715292614
432809363 943462021
331899424 894833963
29916704 510487647
215429453 467694916
714276957 99762497
359275053 782433094
60349185 345357129
537519615 394600295
770385177 463934696
667785609 845845581
273211044 395780186
800522036 586706224
544578780 423322354
972907174 391727527
835028787 277354957
209384991 417963476
280530522 334782037
309191385 673703451
601597395 420345800
623824304 452917579
242389548 321498866
860037927 395199634
401379003 902881068
136826691 16404108
384357484 813984643
357782673 467678691
254830624 630893806
833773046 976305502
941958200 824254057
196859007 559934336
414100670 527951853
194368574 491729344
836753257 475745051
339135342 780685368
662289795 392912974
429787218 988211520
133600640 377160014
716381022 162829215
587399780 831621279
949766542 675467936
236330450 220389419
571039310 739383121
744803958 900017454
425330367 101451360
154294169 795102746
842243401 223816808
681773808 70204670
628466557 999662951
615012623 238324562
439295815 937559731
736634733 144938589
858926852 303422097
638232423 461038462
575156441 536703002
589187009 266611958
345394435 7705118
406119923 306411081
175731435 195830323
312860713 169755468
686031610 486709215
782345866 123969178
284751454 320638740
205347180 413844602
544352847 19441555
698913998 253938906
480146174 343605137
313985722 179896797
483894114 322977012
41961012 719662652
843230356 917579221
464846791 369575190
881301416 860747956
37088800 227584215
638398602 304767516
643720941 58998645
698509468 991567641
838649458 516476836
472441249 646224382
226099186 17260530
200441175 778875932
603427588 651734075
399616118 609478463
522303056 369299295
370696574 48458070
393576710 334665030
138331593 807665566
201202187 489117606
930176117 637831163
866055049 568717835
125254078 63727806
465503766 935087794
1133665 116603429
517305570 815990891
58866724 582871434
509062517 905920489
600313131 793305115
439867676 205476491
224027876 548156143
652086106 524338301
933717775 83159135
428379391 26522944
369641287 458829382
841148372 549768212
841463919 460008864
464331163 396842011
462766194 210130103
842260685 37027116
296502742 755703952
200353107 403790422
601240939 573527577
933011476 43028289
375234919 497577291
203413526 209859804
718032492 845916525
472398450 300160792
905613146 151608350
812559185 502514521
681676285 350392208
61596457 756463758
925414890 690353880
531765114 318927961
608767232 775896966
723618543 398454666
496718904 754879768
482795148 70946887
341216793 77046937
238477316 150794310
900675362 403220756
714647819 162438788
983028791 583901034
351318401 514933958
39059820 280300727
727057937 569722681
98589363 192167199
559175530 935373781
542694620 940402966
503663070 958556549
920123570 75806098
513003338 466621037
926205613 769087189
350933257 789759410
939106290 456450771
316357808 841540396
754887466 90787234
664984191 871038517
236211081 839751611
45199304 150152469
451409524 695208693
41537518 41219989
819093303 914573027
376086544 405542063
865273529 794326918
526217769 989922664
435483509 351707488
673547708 884856511
501662797 477033013
435682531 128298602
262840866 789833582
972470996 764294309
723182110 929818812
223498425 629727983
943884296 858006384
550148367 146166172
375328774 679913876
231292401 458437493
42316405 697206408
77118527 42358894
995280734 324412903
352518589 475454557
335829739 686214795
589099361 1217426
584490648 831276638
601613684 104478473
927148537 119068970
543151295 460784894
69547339 758082256
686455171 417410035
167201657 464043764
263761075 274633734
800143417 849848520
64545833 525018899
274188987 625462630
882601429 523788589
367992431 621980881
298941388 956256079
297915909 205778834
466936262 36541295
124864381 665466851
75758426 86448888
691795895 396962495
352554262 907434442
116296903 497519067
52717883 740492471
349377642 923289458
720616408 86965114
116089681 924438215
541465427 376200726
395982960 701347713
663010035 857749749
900756229 644065882
318205574 459627138
269980349 2476385
488006964 583144046
797996092 49157666
594919215 859676242
290769852 994077216
898519555 44048732
874529926 42919108
830798962 196469469
57736594 678743401
468057680 241166866
35982812 115804765
30989574 250354124
484910037 254197486
631528406 891795816
341877336 504306707
985755842 264528297
645287906 386793564
886145907 718590581
423848166 518170914
927693933 428816867
210878132 113001291
998991367 923253621
937424097 745591251
209467214 445455620
236700676 342069475
53129860 850553502
13094385 133500068
315650556 89408116
18820756 48373282
470596038 339525541
221197538 7253827
824611444 458462818
665668167 219259990
788403779 55813852
579844266 898697322
183409953 109168586
570832920 555131419
557263033 531730513
801052164 183232517
685095842 492845230
370190149 38860985
442387740 383119573
836300715 769883773
654397465 974955493
375446396 716329285
964857448 413123933
139932438 269517375
105140320 108375122
679813975 729863509
520320377 93778070
858689676 781120907
664750480 414314679
859871420 390688985
566085444 129625946
679861260 42301176
566778426 376005091
882487642 960529013
321007656 303293551
683909478 207630578
454095996 916575519
114067542 326827175
727974629 445213095
418659051 518349709
494296078 595996511
559833685 510144156
658904105 179565742
435321682 387957268
229483626 374498690
47623308 473102682
421243714 200801452
868754804 59534471
699138437 2338531
977727649 841980010
380578158 308830297
87701241 508201836
160964081 535933627
719149382 956747666
648024281 179757041
602161456 931385775
970268577 506662269
911284341 613873788
764795896 47477725
952398772 782136409
337183611 591783227
31402697 28780946
637502622 654587726
875864886 283524310
966530342 414542572
232107737 55578510
408209992 560184952
949154851 726912501
361777145 792917493
11943339 887303412
307167228 324439600
88273367 552357100
342551471 650971610
160359920 659786717
745704419 840011200
238366286 679295559
70323366 307894095
202305043 570528303
190514500 33275335
424658500 686206089
929601583 84868043
621848455 236508992
867500086 253643505
228656250 947706178
523337298 300934724
916332795 14337370
408583498 309566503
206496521 165943797
515322043 926052959
300569057 940500508
436285344 485662802
506807161 900788790
389202954 974245667
398373322 730237369
162000563 795207148
95438818 149575107
94519227 398375388
131608534 446225149
961503751 542788778
875375211 923462504
493530791 137704206
708858133 56525945
958507489 439250832
226094999 41070364
572449727 371436711
838009737 679460519
977344993 56478412
940797242 910507759
253278946 352652764
992167338 930748679
394898912 617746106
803074509 124175142
314220596 868047937
586025487 131295685
582706616 347384551
959369507 850889463
615133453 428034420
660264399 907887680
266550382 686986231
733122701 140757320
412507758 427413043
252634325 639255835
180044720 688262605
806397323 39956972
5204890 675179907
671027314 73119321
493193794 967307113
908024919 316807711
623098371 257141333
495553923 276722272
531646092 30376756
476715580 157220637
252707985 286774134
62406673 601454661
891491412 866672529
506628051 584772062
902228369 957084939
261252752 842017165
527731168 263664073
595551812 355083369
562150866 782423089
766018869 412996358
932855703 221755492
707538590 81597872
210969288 604512905
568367623 941210623
315232665 154979047
25466883 742526200
750593403 168177905
956600951 451169114
169998413 358244905
910333724 323984756
399541193 486911460
455980928 427844288
424091615 840611029
230197308 212006449
300375604 101741398
658469839 640763692
249515087 672408875
567180694 222270587
600753838 200401518
912181399 841683163
914495999 799976906
981448731 2755856
458095242 970907526
695361135 969978308
917137784 705173839
867490563 290971267
728720634 854500387
103388380 548324403
290502556 25668244
89448202 321628301
696853330 697573549
968207153 260269010
900633979 592099393
362620936 2741178
224351427 637788260
665432727 628909584
362833381 553404424
836009747 891533216
766853822 171227456
100673041 533641349
331068629 46628870
582218508 854395188
846970742 492639715
861954749 505180636
12442751 148463049
85011689 462668290
720205312 160253648
554948659 971535492
21556043 826154784
610354423 190228815
777367079 625573257
638092120 108141553
196968409 70850974
384359183 318014797
951799466 383416824
993057382 200516789
131975634 62874459
994657493 170869373
425054140 691197045
167789629 629434525
71891994 498433243
263836005 968440916
352124599 628414211
961257590 751387743
935130816 607183043
728841568 405520379
538213842 618586020
982233647 211949629
601048322 615376041
905807932 719569753
590048787 219143387
838115934 781382697
334986358 949837402
206818287 328095630
794348637 788192969
384124697 859541857
677214939 391633182
313002185 904848103
816365633 816025795
158271154 757268185
251721969 725963863
466404164 946682500
592974281 31562052
642787345 289972114
762243259 40025588
789094905 861195936
276499462 982820328
743807288 255009312
792301941 709590009
478147467 933770907
215052429 167912323
326625381 773437313
423938215 146842134
227830593 351158506
317356063 840891807
174492311 772016860
534063246 550636596
915525419 541619003
352619751 442316683
669398501 234899377
212790347 968503695
160466878 604365689
421869532 417966568
976678138 701775185
986656810 921995991
193771209 61903893
503181449 946009759
21023953 220012340
408930891 693895704
402411312 621918563
926378327 11046582
686199373 622644383
144809301 486188847
916465999 518260882
579882034 537367391
532504848 126100132
535247922 153584332
431979856 118163844
924206061 661626855
218672310 665365734
654600124 299447623
679932730 778182655
774746158 811243998
945193093 111373233
470133436 396360188
647505365 470620878
962881046 355137186
244253611 184857886
192117139 126310106
273540532 290678629
284383680 236379600
462241906 877881765
46606549 341587787
459207047 15945040
922616329 354907952
95720634 528241363
120072297 365690014
855618484 504105961
423469627 913236652
382648806 503549712
938181481 209826483
731235373 4903865
815620486 364005489
507505183 676993431
408501786 43373794
89572173 937385091
170748379 972836247
23743216 725643951
121098400 634034587
634824909 434580973
997077645 139681779
152214022 567327642
991439321 870957220
546604993 774800463
121695422 105949286
88578237 343324565
715267929 244643199
845477971 489184485
462295239 412832106
51368063 557549890
392296779 69694076
477321857 359091961
743302484 214365218
756088656 284629165
584785992 130565955
735555619 950053781
323325963 768978767
742575812 996612957
159476976 159888195
295087918 399586101
520915423 798797986
29063632 755352123
276288256 632387633
286657341 661084823
142926782 473993457
395236976 138255041
802347194 16587413
761252699 894158057
788459887 128332691
761460194 228747729
366352805 314979167
646028368 473308281
682814828 79552169
316750330 920457581
749684457 731878380
187263792 96893678
582430186 711011835
795073815 908537795
179977713 626344288
572978772 114845203
465422551 353314479
635321767 570905641
25575079 35530438
419336252 586790853
337619231 160225338
366428982 101568208
793577443 84376815
105547445 65606399
716410974 423827806
562293110 806286214
416793821 82252681
155226078 57419712
741360091 843805711
769652452 228802321
960077797 170917027
837508105 539159119
570230400 614060913
754345796 8260293
400612242 988897802
804783948 844064362
944305119 153410033
462876934 959160874
777697458 490886844
437723756 429116368
903064870 675517097
71035954 359611233
805291383 361771210
440809602 298067319
989842988 452045708
517891696 694860606
351157096 2047716
627649798 749571512
244401123 386899374
656975082 585995963
921378416 987497028
425195760 824183230
67847123 617361644
394013127 754920274
243569721 381279663
34911404 198014695
473047193 329452429
787416399 997604192
168181383 768783504
748047249 743319759
354308155 232875312
865111110 263914488
80983084 804934072
937824522 205943975
436554123 877308746
580600691 665880746
786559205 428847166
332325341 422476256
619992600 296861180
669396726 379798753
957603890 171833886
59206938 22159804
61110419 563715261
323241196 981208784
65795424 530623972
724676228 267380574
526233826 150270675
368361520 583293996
939725276 942428096
697195361 755247243
501901501 850968563
368254521 900065808
697971713 249381072
889049164 422546039
509945627 471916721
845774916 21795497
892665462 164224710
568803885 686508310
712775292 867251492
253546195 696351834
593098054 265583761
364749859 715640037
177220571 475362836
115875744 751604879
215352742 933482285
232150508 737385125
27400045 126662646
353944869 585295268
478499671 240118315
37538951 278763506
851920871 913654433
668866759 526759337
150874353 257628264
106085662 80502499
536527416 79159996
730282728 277603125
950196252 235676671
163672994 3453496
934412740 770804514
138706625 40427740
683984103 603419333
11892777 415499903
498460862 511144132
943560787 107955482
688198293 880891612
595216 917709957
220582240 32685991
381336303 975053639
992151377 635372843
612102969 967331084
511652584 761464975
78812921 665800786
458418943 957494961
130129701 853281374
826540569 108825633
620422431 462143853
235734681 387704064
605424107 430578222
44932674 312195027
27389848 684592523
77788273 164647328
435838018 372226280
941230761 687641327
10476481 732945540
715594926 334241905
583257296 109275210
443958408 755917380
673944072 957373889
820664460 454065715
991662241 124782444
94536014 891218046
733265063 299724798
343018618 327224912
653534259 14745177
999942868 96324191
637888036 708398290
233784440 836608400
315915378 629606399
195341622 463116702
237119606 115687271
53650140 301868708
108300258 904353331
835003144 586843311
755957341 152259484
532574076 392631662
877642350 429017834
929590245 726288028
152405570 368613935
627935350 649408616
318369895 480547925
399476119 354834306
156115730 539813108
666743337 418041186
758030056 295585024
346351467 941906669
135482429 663974725
82204347 55971579
605635183 392320493
100601609 520638060
599459022 626010109
646368328 958427434
313270115 49377137
202739955 425473506
643918514 924332177
91780758 196968004
979214809 542839836
745812900 777385084
884857892 469592946
937422353 813689162
172473255 347236144
1620521 382934901
470593508 96618599
422789585 541836137
674443669 489755465
736736613 256796916
81512279 516104205
226252401 625872724
22322924 994612475
248423344 455066661
670921450 862189386
543092126 389109917
109966385 780855795
153390229 230230533
4209400 528392349
80533169 470416586
827132837 620363345
154423312 601308055
542676522 321398002
531551361 164231892
27698292 992176997
759146940 296525734
602591605 111990040
189804852 640821106
177205001 104467428
560288946 153244386
68213825 367619171
196674824 797105803
742734961 744094350
777706538 621911817
961273991 852494619
198904667 220572073
96399610 164386987
904445866 740651412
141666164 645065752
937039461 342652321
784134091 756694613
235873244 294814565
715006595 229049338
96531350 294666179
593273311 293883254
825878637 280625803
598955743 211853186
201907082 87983406
20740389 416530607
72553164 129788080
175243818 841870218
508677207 934343482
622864310 853327347
120101067 385860405
706689359 212535919
3126151 169328982
633112304 981926686
729850643 369397087
397958261 492123120
530524203 989284564
648209383 593134565
731865649 211505013
757332158 427623274
949424007 472219525
750395171 243215368
955102031 840309536
678148910 679691673
679914476 306215469
561898884 96619147
215495353 27525478
16105426 651087035
308143367 249563621
564401614 432647805
917802886 85024481
880033808 307511551
960797260 84725078
290309209 727510103
219765258 89213753
630776845 704717430
787732309 261018914
558327715 539737396
383836278 195318936
31404248 525300414
529335975 73653141
646705788 324687986
564671174 394762701
482233824 882040039
627973453 966909536
698181458 651616514
551149814 964852357
913019523 250999601
734834545 25798481
537048805 348819373
390159806 455974400
963687382 141305205
690704127 876125082
739851738 173550203
334506505 913213540
168145825 996135247
783515170 354703267
763810363 545429074
340384771 534056741
262816754 899949531
159006601 2712478
938789861 249080878
62914492 888732548
202293067 811178426
334572263 892242344
181927344 473166723
91071852 834662825
448670188 123867167
533524844 524608498
428415987 691092515
325902061 203079869
267098039 836556986
146756579 747395236
201638776 887477495
809534117 79532894
796637797 839760832
852699511 473429258
348977670 458432883
454711385 982603735
551357820 516174331
814718868 82912435
762241737 280604680
401402164 952728394
48770124 24785514
172756876 177173764
397720023 90626997
938053805 324888586
231133935 8256555
162438071 235889301
155312243 166628308
595029019 587918704
281144031 336946519
704797786 63251257
512455002 555010708
551659864 532192757
533080038 755792724
855231789 665400888
318805803 364536073
945535988 965886405
93496638 67798523
32151639 860719989
240960805 542983532
784143431 745760934
82945531 741392679
857960941 343445444
482179862 63872655
432418205 687368288
904566081 333530674
52657162 954634075
420359269 673013461
428149524 924201049
82498639 680454590
346798594 511449814
184857601 72951727
357473568 452131808
252623718 514319350
935737467 746782917
360312254 415714053
805789868 13641800
751533729 542288977
267628885 270731833
728235642 291840345
370212047 17410279
234541105 78096748
148545781 449248494
903386636 658655207
580793807 881857137
384329456 312354281
628721785 811524499
114201193 261916327
846422572 658331742
157861232 542218672
982711144 848365990
437818151 588796286
736915057 250098505
785777911 329655587
709307408 2420342
628832525 643780603
986112300 205988625
282574945 450426157
768199587 530344616
597296387 689714698
346297224 41879627
107474765 994116904
119067053 991131800
360564094 110662303
206869512 633511181
454404357 585343913
763645267 546664308
878045871 938280412
532682443 929024001
699211637 278336921
143585398 726175745
134325614 996730488
490534316 221819708
354683337 217470117
84811002 891527013
870903570 867988972
854051480 725366934
836567674 912491760
928045555 269533211
336302492 723079972
296426836 941380136
344480991 288592492
521623207 841357863
601559921 433851842
194335254 821576167
852547198 920763951
788149993 942962881
655492433 512320918
489508455 882821942
774755478 265026449
202366904 419408211
953592506 230857426
654236350 442646239
295860203 890770322
711301183 708942666
871907964 692888744
890370988 116839984
240651954 429893004
317800468 419735299
403662784 25622059
498288061 101124081
657008847 201172460
485407778 202346156
252510839 286972962
911952400 300508732
471382399 713447742
940556921 244144176
108225851 598925487
243479463 107142662
442840490 542119223
312587496 918911010
303550331 325873684
589642580 410489524
977872508 281326190
893141532 912035040
613813792 229295636
994674386 885509322
676603645 246331095
786692821 636856143
131426520 886147540
97167539 604616081
348936876 889284825
227928702 692281765
832833817 46070243
660262211 256732920
785403641 785299570
589073337 255928907
163050009 429853906
876334095 357129028
605768334 458929471
141773273 138048988
872124344 856291525
639399427 682427382
223010590 658358642
471900476 106327877
27001676 399037858
668810315 258810513
735107413 131893506
720534282 5256718
625722228 672396922
651949716 457594189
196803199 554842492
933102859 783319743
67559481 536769504
703604486 679954716
138698191 769486974
451647657 602590276
639952248 409830489
500703997 67284268
232804891 69509056
18463752 742950552
401774456 922135007
671594375 238772025
714208488 423867530
773402403 123468194
421587144 345821263
798830927 973353375
960341142 234923575
995571117 913180403
168295836 876620993
574478645 493280736
745709395 288610965
634706408 393526900
252495861 256041002
509651540 2754641
935282064 994721255
308420023 481276905
191985837 216391807
164917616 744544331
147933858 546145069
925019478 301800794
737886457 960317086
992383378 774492836
75073685 544038238
175995898 820945893
911175147 675970107
297672834 810644052
236555097 110936573
107990849 14509433
377038091 923816071
280390996 270772091
930914577 635256329
98831312 238520697
820834225 317771455
723633865 203924274
86185130 226841645
974384559 267450801
192436935 988304479
894873485 592832964
205916836 70716692
923172807 26640480
275612269 347142261
247912772 966493600
678560280 654614894
726973818 550208771
42209664 971775877
602007436 40093941
846363387 796547523
151484437 573086124
600020808 894833686
859036228 158874255
80388630 372166012
333852413 94422665
644842379 483096406
805866867 274554645
374202456 364003004
340614560 358394198
412352708 698241123
762288778 898982689
624974744 910272319
352598913 245184943
779276111 967275350
809063745 629977841
317043634 771126029
637566435 688287869
8881502 550410865
167658103 449908284
461358412 16812245
283638238 864532049
533451173 809871088
46966869 142633552
70220084 431809655
887251619 817262967
208255030 19066612
145332771 366880823
165064541 700671841
987358873 243886746
316873157 614104313
454008584 931651722
846603133 429002293
527313821 216816618
318948485 654776448
376485080 497887455
345659570 896925523
641492962 278351130
910482540 608472133
59091406 101370851
915589413 643015147
929726772 153972556
496086828 853009637
466198517 406795014
794867519 504296245
134141121 539437305
187294118 419687226
296385295 801615043
553689337 954832463
795679097 435841409
745886777 35230108
383401373 620276213
234295053 658242395
754412876 546427088
373160158 857446701
750989807 961229040
75131617 783108164
74576518 24618492
628785667 212300235
896410121 157594287
817264990 584322604
866811043 897643415
491480279 262317351
108921008 573401117
623496778 490594003
573848692 251853681
269761960 4345135
331522121 24223755
109653169 146932660
406496776 822511093
830716458 716376363
749365757 333194564
71485004 202320732
905906542 342254128
249668167 182395304
459805772 702332898
69288088 247527075
351759507 792235410
612334103 484878402
79605317 268720282
448550277 744115875
417073007 30817677
779299684 922231936
837980136 14298575
881403917 59864289
954203488 721018060
864722181 311632950
399406386 198464953
36018344 568839405
654004330 664846660
756821400 916568149
103590520 712709372
688131826 975712182
342692662 853590739
907349718 991281761
890157336 993077319
277390321 559999738
522372915 238215327
898654504 354257775
172211552 689146005
445804587 259613894
451853086 718045496
58133908 143729595
688196102 572480009
57490903 843753762
600935610 107611456
750468592 538273453
419121939 119868981
541796717 860843625
757797332 299854946
695118513 469043823
674054095 461694089
905429331 393229284
823945150 617803987
523990581 356198135
487618318 643424625
940000486 116214843
142598296 47540307
448347043 182803115
513397411 207437420
121253427 185389733
132130533 167989534
139728730 66071038
43868919 333187520
148478873 251117710
519526717 357611935
39029626 785957002
558557576 703059381
318330907 907632418
776555616 350034843
6998564 179869588
813632344 653445302
148449453 803057661
719796389 299962053
324320163 251122449
300843950 86218861
272378719 439869237
517951309 161597641
747130267 21431923
667495941 536831051
139455172 30899289
839440297 939508810
230601459 739870955
262347107 372890792
92879370 518591740
678108548 836796518
828787753 162468332
149002800 637954395
275192882 435029480
528478664 444082122
560399897 784861806
391441852 986305516
326328257 468350610
249302743 916499049
769295954 611068279
208053071 615189250
243820670 655714392
454538261 49687144
567292464 303968164
842354277 274226196
54656401 478421222
308101971 950646903
810818398 893608627
699569201 707362930
584031363 58368232
759991181 659533850
407576718 784711926
21302243 10627564
943786760 982909596
451453611 492916409
785888072 89590904
120328168 879074166
219523441 362469542
566938055 875650181
745603651 900788800
506780256 145740767
703184939 506955341
99154834 565282685
911104630 753903891
184593726 12754209
919821673 673715283
144014358 131431983
654858105 930433816
768190380 675681706
264477776 850849926
78864188 568118955
68429167 545720808
773757624 973640140
301425558 459578315
472249505 782145375
267596624 209316742
74634181 120076872
600480516 508769395
179967399 654742771
66128659 266666852
504412571 167257009
234806253 135517518
338123302 981966836
999932797 543063343
959602958 156981233
60402571 916805974
526166555 220600916
774973153 176876061
963312278 573659387
652820888 730450439
714455590 287973709
888144766 100946551
74070270 517307134
49855623 83045741
674241709 475592
757102487 783075434
607073477 817943261
597663739 165533715
988635454 196086512
757251712 877181458
885046308 899203045
209112205 991081942
662937633 317780137
261130753 326724346
842635902 707468285
247262288 751154799
595217970 846717692
765233188 137208065
570492079 78888849
890721975 746434711
361694553 700916862
102549502 894307090
949078577 193254395
41276667 627277573
846142014 229275034
929866891 335549559
588866674 36863492
4821417 899340984
95488468 906059209
177106509 738915827
69540664 444102592
747014597 145078442
702479745 852554297
281832881 946373781
839510002 347150050
910645074 884290696
257080484 656036538
636181818 8594298
447821873 353319153
237296307 314679785
668924931 477520789
467918755 959386711
499355414 399544444
310446379 98324270
270087499 697908562
912234484 710646613
102446933 376808587
723682923 262800169
273432715 279465046
516064919 139211744
250191773 427057593
66201604 606532216
996170147 101560289
498931399 204419358
576909237 196025177
623905675 861939530
860203270 212558217
342249688 873784853
213607943 167528652
226602026 40771268
30628476 57539140
963518261 348165089
794971420 161119572
302500860 499930948
454188507 80308104
896925729 549871424
163289931 12544296
379644101 397427687
350429677 90851491
844658066 348827945
364508956 255763295
496242982 912250296
269202861 75174877
803155718 420296103
620161686 385971921
201653420 488652028
423121572 908536880
978225887 937258800
663262102 828960847
697806043 381241674
526991771 888302138
448803237 663650778
848571672 690198262
248372870 530512676
163752909 853139584
698419360 803839142
599586397 171554156
389424863 860487165
693896117 571742951
888687591 468426108
246872413 272329254
411164625 619071593
521713888 340026570
814054451 52692679
382320093 636827454
648056838 158199428
117531448 472596615
143775773 925596610
382782098 543227857
629941055 803137454
98430336 249585032
90520461 452920280
86363389 693355534
633482017 311681263
972149376 542454865
161602932 239595809
537517129 482167553
470757510 496048190
370286697 260869434
249661106 642396080
380670929 895158288
570616258 609886530
537562353 230813435
702361305 807614428
32972818 994575525
542487182 895755221
41249044 417043477
115660783 382239810
947733126 931970709
184765968 501011958
863497526 776626903
777633081 177304478
413367379 720758870
719408993 760411902
245189157 94558913
311913074 611262614
556426725 130241312
207767746 646141338
810789220 638797835
799183085 120632826
425248878 577485410
530416706 896777447
816554940 287759477
796752095 297435636
725426883 270669046
816202895 920664538
955666467 983795511
940964091 319635052
839173170 101736829
668958505 818489816
9380568 986605221
925775438 90845207
397720445 861538748
31391564 291994081
923045230 84179663
833729351 934872554
173683215 409991609
892873850 824473562
608823451 650238971
47413516 895315444
551628356 976348009
516043652 532433041
135761073 830619984
156786889 381916383
686560273 705252034
141516023 60929120
984190713 669500821
867384498 52263673
980917152 729510829
395041954 85650685
889117530 534257737
428221558 661409804
231748137 540083504
465263790 976553219
704043318 395388778
989270803 350775267
89043500 109083762
563366114 767037918
23251102 548459085
564775173 785547584
482367950 83545287
19637752 81679786
512068158 693012607
629434500 574378812
411299256 900744971
70717550 762207715
818482884 473876928
334475283 196705291
472293873 398541952
686209985 533921245
539657163 328500553
481776526 636257573
532768134 291359079
165970171 683878577
154479393 284889953
796617795 349650464
117847497 763253782
35906662 227409959
447080740 452039466
784118310 579553766
980815328 311314616
807044415 590286826
723479589 415483795
833146934 353050418
646614862 486371743
627752680 266774690
59554141 42422554
97014779 140552082
950500526 847453637
574057468 609929988
591323214 582723677
32985758 506032981
192008791 665292223
757874596 535732039
967294086 418145564
122605575 178222322
525512040 486813467
618992319 265273715
945073981 659823884
308417312 246780165
982796734 717754159
889711608 93739145
981418951 287723472
607663745 877207185
308643847 415023519
846454949 834217447
529733517 105423452
887106081 123669352
934153581 940311429
212139241 280925105
789806652 361007827
887298855 738730289
544634339 46602560
119992736 757748229
868130888 270962081
11107301 729885483
691398917 785263273
530289317 757497640
954420705 215117272
2230333 174450918
749455445 28292096
384140712 730932166
370769401 490656320
859663036 874727360
790224598 246897257
823012115 731473245
746374326 830609819
976340886 195789099
164425689 488320526
78438279 252242430
128650812 986585048
317268662 423107611
596562895 437763220
661947289 615273056
319372140 122428852
916163576 623103185
996404558 800831069
299130441 341986861
173808037 210984401
897920976 148277433
805955616 923489026
117070028 722694602
164703377 96004547
386013041 333347420
575861461 564633721
491295130 233880841
922261832 26119539
198794195 68810093
587069311 749398866
84400086 284853563
944973487 500638429
470156891 966533488
394187559 510670127
452508025 864302647
648406420 160883592
265506981 121660774
865038270 720253232
305731575 677746183
80125209 774018249
897671430 46059784
980741194 817315498
286816553 30329250
295012864 390372050
970999260 538873298
228990007 572164830
984095268 368772721
343887357 79004043
581354059 558612231
674481153 357309286
824823721 427417782
920604138 347832723
205187316 887967560
755327985 892243717
445998818 16267386
201531081 1976373
94667603 434759967
986890952 784491636
848874299 607716924
398764413 911143068
259695004 83197062
234539319 52880529
656014381 365825920
137811497 748678517
730732542 426044001
719486593 56149891
105129618 709339847
224394629 655729314
620347785 592631910
720747881 898880647
605471676 680092489
695640330 510976233
5321991 54684667
53596768 80883299
57490718 415896328
219751193 221541957
253183224 455663078
98586666 519043826
39690006 715504455
230572849 245963044
600622723 391165392
371019361 624088091
643205380 725735946
979534173 727035225
249049104 390829353
911322518 407241542
711658694 195845504
159101729 46040517
456162217 423437201
77674388 62562937
320921004 265210148
484054370 566699531
241663424 903239843
575056830 388040272
998305247 553037400
656686941 508000038
174503797 816741907
758804948 478763458
65842033 980011216
263390670 516673079
843395810 203553004
606921822 485722624
504822026 677943309
192056846 456827134
234767256 479663897
223748620 146736830
570130988 521712144
12984325 881306262
87928913 604626667
437674104 45245681
691473093 449318025
213679212 795104240
800724952 257359346
743309623 540419235
484487541 281462782
116920280 931106146
709117128 762942608
299344002 756011035
273766369 153882985
502126264 318386373
249415326 831893972
402886573 630271418
521286704 596248241
849657722 958472782
901581395 741695594
778162211 80090886
44652179 759302041
412934224 166634357
511512204 324266040
217871046 201839134
714809271 152524940
545910418 621425407
810499717 317166036
803134907 84286450
771740946 358495942
841308928 486672223
38878041 722540940
576332013 553285797
751487180 168601488
341756994 402817987
360070193 483031735
667451516 821364491
895475018 437225086
249184316 245856382
420310995 899973011
387809182 483349364
517432083 725695455
788452057 521223321
389427931 838802791
776380856 799028815
832140330 189250811
803467094 301176293
645741531 625729300
543687904 822994313
151105755 695692974
266107252 452946966
307296844 902824749
757412014 403887899
634521104 698581728
344772901 56582836
667985579 778133344
153734692 713161841
581400519 53560405
152459549 890988658
988196767 141163883
296215896 734663248
511961126 583070906
322790488 312854925
297112349 322830100
50102313 495865258
427359060 429453955
277679886 212685312
194948385 918340332
338768969 569434526
495402106 589781448
989647431 444253674
367075948 213243787
917901103 529989468
22990940 792327133
916177618 868330210
274018474 839352243
884975191 383621825
566659159 696198418
390546646 136792495
92316396 381441795
329790401 781352008
845010407 609523561
886101174 182268705
44522200 432193190
407055345 63390942
787770608 365589897
358548157 411865813
497205502 778528249
60826200 824892883
573049567 343108687
274331357 317424244
71775057 570869925
727783647 204392937
853263214 152977269
449974347 628561957
355897307 451705321
209839048 107306118
996436076 244600853
909631667 563934835
722364745 150232756
524254153 819364805
720111497 228775279
988099160 491212433
13311668 359864557
927323112 412391987
503301672 751199616
957945445 639804192
347225448 116279673
868303722 8989787
976603483 296782204
10862077 377829670
364256473 678095873
837656033 485586139
596914678 360498632
534054729 554631347
32793641 218833512
498430793 143955566
138512090 968029907
73396544 735837433
121075010 142398790
794410809 445777323
456006915 158845298
544623829 724751853
741825766 792418819
620216971 662239021
545143917 393128659
412928731 362877987
69841138 865836661
218917454 142409764
264116361 81618042
586461685 553792203
727662536 124858670
653318930 900820723
998148001 385706678
359756727 991725364
623272788 815867595
306798705 831253938
475460982 412088204
736397222 230936144
503945280 631010490
980597312 967373137
258052387 898531589
830572775 521055553
408644419 315581268
571942954 165635073
741235670 70129099
876619284 598066335
871880962 547076286
547289320 378874174
222511592 667024833
604756291 147933706
636146610 973747175
990692980 268559195
868140041 452091823
144317908 494895579
666690593 361629687
697387952 297075204
137429116 75129391
268028165 513698418
891176500 619528660
413776593 344525817
410516426 370024995
996651758 466869941
156831960 990730041
854417209 260408187
991816394 405824159
559817271 643571215
767715726 235736142
131906053 930822261
311464606 638078496
480886815 339011704
318797123 906635565
384203493 750715935
263047207 962018640
519813760 701453853
655565537 384590552
470700202 189793721
697546421 979794710
657741652 948604009
786638692 373025375
393537415 575674280
848413434 897006641
972899421 977982490
56463812 249740670
159046693 685396961
997823667 912862727
252574676 352804637
78625384 928592195
910921507 866091737
665608589 798005374
139555861 955025390
275184235 731171694
493039574 783640847
890356232 242573666
228394023 423466059
364110971 514819316
797696167 761770283
420158393 268620586
69057436 219021418
136181687 423156841
661730291 117413569
469945286 16894558
176484684 866264774
84940301 925097438
164555023 248807317
844622439 283403240
495995785 502392059
533872048 687130632
346277453 834739554
746977944 503333049
685747510 775803154
891588375 420312129
584788116 136515040
655771063 601226404
83446803 114642030
84650102 154846339
827101823 577397961
652799765 282770583
834866450 348296249
858983360 100354186
115286965 343246379
542872187 533726276
241267409 279284831
768884476 248308477
931740765 690454411
345596184 78615913
58610451 375114782
30783662 930522765
733128196 989561780
985905401 311743070
871570503 827040296
470514568 869581228
114600904 835848965
48174747 962333709
875376168 821722238
800368633 372871035
31321237 924718953
207334184 129983991
347301911 412144567
418920955 247471063
994930499 617592526
285213421 510546890
161148592 445621614
754345398 656344070
541093416 45957575
969362330 281237530
336858756 863376181
555067396 93165584
438208908 361532648
902490748 781199669
800381112 536592093
436882614 692681316
194713274 226325584
289418557 138805819
119655295 458314749
725845309 848120621
675137934 460405614
581999615 161995474
667792747 320181128
880062228 421195568
211058384 898447818
310708512 303973588
274796563 96409341
93566982 718416442
794492559 479882367
102322329 607246459
687745415 939085678
482847920 436371454
914309287 806457921
978208198 688661491
647087434 421201167
346041937 477127164
175493401 201060465
864620380 387986927
141500346 241411698
391542699 345116912
255704504 651505149
47937042 72563593
995080461 808343305
849301683 95877525
169700184 521159707
793834597 700671869
647255044 995710064
630540191 536493061
582780958 77718104
282451774 364719209
986359959 951943963
600315176 975933442
50908477 884392734
819832856 330839691
463305602 627376
832232110 684435660
71854595 959907248
822147248 587175125
687714446 194348890
985384741 529136338
468454146 260784799
810097100 523476890
43444193 645375007
773540799 411464399
715493878 380578792
196693801 406638978
972649949 998959327
934141664 503228469
240528903 760530017
714006746 189730363
295695716 431193679
909836908 183294834
451242107 103337763
552319955 963928859
322543762 281349061
349733869 641575879
979146241 568309891
376183102 659435869
736549714 476889808
106530009 842539517
456640579 742711032
112325302 691767343
710585647 421802351
71600582 562080062
10580985 36311486
626367881 671321174
193284119 791456795
99065203 110520536
290414205 4236353
359132256 931886393
163233674 597853120
604397049 943380428
325401192 139951975
48179502 215642592
356078845 600987939
794073566 771575857
678936721 476448132
825314429 482186483
856341289 124807600
660544592 719409378
631457135 708446305
136323042 801226084
877037610 698452915
30258765 945193548
686397198 936164733
324713173 810902049
282324448 735399527
624580003 508308110
381245788 919616568
670969534 416262244
206689098 508104177
595769734 523670646
320726894 575117020
57561989 859149468
263150933 968267212
367740911 903890801
532392631 804439865
278995234 479650223
941011079 974557840
978247972 728098953
86724755 133081632
74705867 734126959
374805344 442740228
986071346 702136820
865554533 4327412
963367630 514188188
147914809 618157705
29255747 377687770
440120610 950352634
915558515 673182786
85353007 883038778
857756236 593491850
285486837 174581789
607425359 963708742
703392654 694319933
192958856 212160372
732359027 685560216
416206692 833226539
549488095 313154397
130024240 47574155
686896114 181508935
588020966 981169835
280680425 338536666
304397796 621038844
366262301 339521040
841502150 938550511
651449672 458850910
697730412 205237205
605256596 654999411
236721166 922950883
636960426 779308581
427621226 217231146
780804202 280319802
75384657 651371409
839887505 522865630
206385913 471787872
180117084 739692413
843753715 569285
7944058 472487976
790742382 71250340
498143100 915359413
161605398 959294626
782122401 944563504
888130865 749597760
850503580 535954646
680397898 445411040
847496566 338194878
938121117 31182728
853815716 250841970
781091515 735209578
306615458 701557924
946947235 939051844
3194553 340034188
436867175 486633282
25485904 732125080
198465378 2589481
187164797 809550223
424113651 618093506
539582826 418536065
648246666 767556644
246875060 98021852
758203483 783958563
321970849 47094757
44695515 920440462
853843989 42143657
57682489 633081945
923393114 122279703
589147232 873640729
367709978 237775854
920231138 332911984
668027368 931038696
360722251 11905544
54761853 167308289
843235108 393584241
90621128 328728358
274488764 509792098
785539456 742865222
905111495 395221464
54946346 622022033
848664962 597140261
683427857 201648799
169162077 363959992
804535992 933940921
408054972 88410968
470558902 646843884
911992327 353543966
546615134 116372577
782244324 954082703
570319665 657121616
615663752 851797878
732113259 927670384
450124351 751742865
15696365 364362905
753422762 834729405
81127538 982025423
441620371 572298233
300953631 463204223
325096304 862995535
335942332 385864406
107260012 815794350
295003861 507345731
556694114 248734561
936652560 332513385
39612342 771491674
949076138 360089740
941196523 954689313
906709604 860423931
590831578 179710706
170215646 909196143
750698095 132361870
961908342 869693506
735262659 844470160
754988641 585450749
167709633 520537278
313434307 28485839
787141000 184115850
323511184 185831237
153627990 840953237
940884674 878523894
174964076 991324323
875133221 53599416
703287862 859522101
609586494 365818107
51286915 174063000
102655314 484747632
762689914 658417557
171069196 567760408
459349918 152340986
678092945 127709534
637927613 828242124
544462980 682762856
47039629 850405876
463852426 800073892
693908251 489266650
894630332 973276014
542574820 23565022
898503553 742884369
989282737 223477035
583997793 159949685
267878310 231203770
644439873 655484987
431908247 872048166
73785136 69656060
799959270 814529613
4414408 605489279
377448071 193567918
986344683 160115305
545102868 63505657
956790266 216765125
42701288 46116720
306113031 676763896
275837457 357503950
760773365 378812146
905056878 213087379
220388461 342652314
862372619 83083374
132322625 892924475
743529398 782771893
634957136 105448859
128315921 454001946
51759775 196413987
738850421 393857915
143988390 578892309
31628953 284228086
610186231 532215718
813485062 162563796
795935589 715648204
671613515 816172404
402378957 164351060
510634889 354747328
925310612 470726926
900059909 924703999
842190505 802624617
822793258 232688242
257790305 296498683
734257373 268975382
968354266 937755640
613148604 983959677
912419183 976059188
91848243 550644442
789343524 309190280
235672133 888175482
992639141 455003549
276428610 752278829
905937378 940156251
64743998 531514520
66985921 901129993
193209364 109964544
4129730 30992854
450501609 693647384
279768103 608061331
831522507 284410724
561867072 645564439
579489391 641040306
634882010 886340097
150316864 557044529
159071179 421699222
183327029 208787872
98381168 402777014
138883228 586167304
765867390 812581832
216797527 774081183
203308178 468323433
76725563 998423253
16855642 153829076
295790055 156625182
418191208 956294713
20597286 563241428
464516163 762969205
845837999 992077023
418596153 44065451
833463127 160649823
598489095 951377215
444837338 689473296
1386718 965724350
904864712 396419674
359875455 677853042
185893048 580352707
540704731 712953274
313197413 751324278
259649370 139667837
281242031 841294662
751299044 30919398
375929133 448105976
575172077 69448181
892473850 360339558
874684456 909267562
58260137 905336407
539599139 647973157
212137639 915452723
747441257 135560586
999921322 945834238
60876936 310951287
740896758 526736507
496277597 713441743
58443237 481030115
427769439 611235229
893493432 57967690
809265867 719947351
815714735 739641881
453947941 792736405
505177986 71965761
262119839 179782214
260800673 262746020
713567329 412824484
124692744 986508919
657518352 729902969
531397529 837532269
716906059 27563252
522890183 273472558
914614329 886854135
944553994 257359412
770461093 961043251
491750984 61977835
12704927 415517054
599409687 613573333
338565202 194414031
189711937 381825563
253674801 748176153
251681802 682438623
841685394 608847792
869267473 425915452
561578878 542862784
930657884 304909677
30502133 514078184
558219772 934605009
278784091 959673533
159166068 319870191
654385624 390317532
760170618 933436695
521379949 684335797
279357639 275174203
78242255 854212783
366425595 814348310
453252797 786076244
134509423 479347407
300506964 619608618
755793920 627750070
526407632 941876532
910241861 934371868
539006005 893623812
278346334 815038178
938068172 227007460
918927906 124171129
969143970 721537025
311009035 211200785
316497238 334375362
759176260 924918654
986696343 978068533
190489683 545865620
525643622 749962930
184919222 936212549
56279578 736409797
265321235 9170063
771804512 295581009
958008936 808236863
432927669 564388846
597311542 973095832
938589742 482759468
207631133 587739576
28464211 340097783
903525957 573133878
21291937 160584915
583680918 795397884
374934036 945627032
595350657 909800589
927694816 530305237
71196761 558870298
367404914 650397146
533538298 827829005
489859035 667178713
767659418 192426681
326342010 82998122
427656541 384973957
34579397 889345520
462823316 220534498
854017336 516067723
13044830 605014484
636581444 293780180
268575820 682046727
767959914 941020576
849269789 490961056
56416310 611279435
67050193 909188672
380711702 975620470
578293013 75946251
776627854 722976593
6329204 427770578
937031341 918308962
138442471 51422849
636233414 662484797
293357524 637253093
153736354 360077909
492412431 37236358
316894728 744746260
791671990 704522377
797525197 580794364
7113246 666761415
458518804 418353629
468438876 355099212
320275357 10926403
26222118 397675860
692680133 629224024
826826774 885979319
158824648 883409225
832129751 925672610
993939652 975215840
83642508 677361234
516328032 416904154
266675007 148880910
988549324 545112801
997966090 163795558
744490491 82965867
104933746 881444936
304646104 541586494
208237310 86101599
213800497 235675840
135133988 217529996
9953718 238564854
824875318 389522928
748990993 159200278
5559877 40602386
892039299 464377098
377254691 800031529
907117578 446474236
871754935 971447814
850658581 457856172
372792926 231024812
383952620 386800961
625162402 772277538
163544300 286493775
472564546 32469847
17052315 780649169
544894625 26535774
132483705 78939393
867386179 304425445
583547473 485584333
194551201 463495074
443971848 75299423
501711630 141665637
594858041 503909903
530428623 697164380
3582629 889994916
484772084 282815698
44421793 906470764
95684549 705309359
968186702 611289738
667024655 615462243
406294038 851686009
275379426 569231221
508834260 647213469
217153469 551849611
106749099 906539351
751462528 718753215
123447343 902833200
166764411 273305800
633464710 151580938
217883271 311495125
469139847 339983440
230472234 211398560
52476396 324486186
297729338 702334922
518730878 643564397
861635218 933613429
527991459 710150604
235294743 197930134
133669510 397607734
578080631 452243334
377103913 443636283
460299934 651401805
31029679 610564559
46295076 746679588
40449779 351513516
976049799 74946921
360874269 274177724
62927493 659869965
301108114 563715445
830287863 720127731
280885818 710363106
51595838 993400694
945787645 247090310
195908750 959761701
456562892 197148874
314597680 57946686
616320317 90316439
637563226 143775336
23922581 241693671
569158440 375441256
741407134 293101824
965177481 208435368
675340321 488215826
854217807 453852301
842945774 866801313
156011511 573133420
706834060 594594330
816398122 478173026
681334019 299538731
870893049 561995249
28542170 598458823
37070242 245395305
799610398 791396027
809595898 125722938
673747552 830273142
341632485 635974499
140668889 368708939
370786260 650768318
809897561 355753604
952898235 533628666
514219796 187283085
705490331 210242497
231288718 321423518
501227025 967665806
935412118 955870995
835713765 643065077
508475282 466461901
82834376 262649392
294111679 55995328
102745602 491776754
413844801 172425549
310868652 259407886
917877024 839869625
62196333 696753255
268543990 569055498
329499583 675884639
986659347 243323862
747373284 859538868
156792620 527962673
16677378 702902657
18340384 318779042
661457414 375689137
956567095 127567155
82358668 850103951
923257570 111652154
557633587 317887684
1354310 538842973
856947078 991655004
618797786 2331929
60561765 490461662
549204937 895669050
534707316 725452835
542029035 230079842
290583107 665672330
542246472 931040211
930634745 818766365
18644996 184529445
238612773 880779023
413813395 436244392
676177518 61385196
711663242 254307771
502076723 149994670
908312173 421698357
16248915 832846904
252458972 44053265
426873444 546661490
993858798 66299595
239345981 617415576
107434103 625198452
829480066 20128920
535261435 971020227
178401089 258268693
473036410 937540366
598747290 594746710
821422320 103249436
262827014 960286476
997681788 57075764
569398468 814148321
158183468 649095676
557698327 861267865
781127609 135270726
644419068 990374020
36760708 782039939
397662035 112340767
795518067 260438386
760166181 54788459
890415890 330085592
468018266 538600059
637549814 401308156
553578680 67273390
407078459 601058610
752765432 329554003
355278461 882968771
685808548 723686279
6825768 872597343
698723907 911372440
584192699 545889825
783133801 495122163
459220508 457958745
384613944 938664941
429682946 123154979
220312720 552102124
31748728 250587079
303450121 113126509
271566748 224177794
54893067 34472359
606328594 559565462
440226707 776848591
921814591 280659813
74086560 264912729
969031860 238080042
931783744 647098315
684100636 394145628
452990384 327350249
746495970 137339483
612886608 982645222
119671546 635619829
813772704 302027851
89281258 568699945
355053161 231482957
801664434 849124906
281794627 292136020
489554520 563852188
555138799 152048935
486026431 72264822
955570698 216313188
46914482 6114769
394217498 737678522
258756313 204527432
711662192 363656387
530308977 77123445
787713110 17119851
692990767 568355953
768013433 669264463
714596421 594472594
229181998 932669158
607758033 711975487
236101246 708908366
80781687 733308777
577238531 360854070
625142530 633533585
943024240 462909507
687703475 317448443
52246978 669365480
995672458 446482946
879016334 91417577
453940327 203977184
814906909 566065541
654894686 715970395
978821107 931471678
962381751 408273862
785000587 795930336
3280181 908152052
162540351 619469959
372654549 929802
295736438 933141839
922629266 846550047
559678189 938996529
589160727 409444244
956915649 47608792
333662173 838546053
582761039 997716202
724123400 515414380
345880223 421384170
63727670 821716326
456543574 109205878
442883909 186319060
885147875 410333391
302460020 506620024
563070862 810907171
655288042 115827518
306685015 123042905
958375660 890875230
515862767 173235213
419529941 342223466
749290482 59715730
839098510 404082325
657030953 663454437
226220840 161172943
571479305 780978417
401833773 269167093
406875848 112074334
435052735 912654724
711175905 141918525
224736041 455999856
58477296 229754769
699308827 434765817
558384153 704415979
387887834 76981515
695800035 419110791
262266281 282044259
566276473 132136326
966697187 241128558
348994912 81163594
300714792 210041215
878602215 95333656
477981047 833528768
159104508 197825912
503374085 65151675
98867535 145599226
993639224 807947965
329497435 630692896
534590787 701908955
179600223 185728198
703135067 602374332
23915797 502293425
852890777 946949026
906103395 303498008
546290926 631860025
926807811 89752676
740685724 32902878
15673573 621210922
787735003 985840187
539231832 429908155
179826622 580828752
711239953 647511463
969983881 894098926
505392970 890693844
463154215 70203129
847440746 785332871
448950096 290649030
656038546 948251653
705189638 917128185
628852829 272508950
605343759 796814247
612530581 885513450
370057808 267022246
844481981 40368557
318194889 358960310
763948217 565761637
267277353 485873636
8568863 724306733
713722380 165246453
803506668 727900370
996617596 307873115
21780306 87160162
895105624 763918437
625293539 528847644
403594792 526235281
64355016 66572953
436887994 342020182
937248023 953950832
679061045 185183055
766526484 81426047
454873997 46610043
952614563 173404188
351078688 675544424
309881733 921507818
332693423 376043140
453695811 46525400
973100208 60649857
38371161 789727288
659311798 163957645
899304661 370936292
315744947 549254864
860720673 289059814
922546748 922246806
329459439 232310872
200000799 18287588
308031009 391157494
941661688 987331958
907544472 236868135
977936541 493439059
777520101 883087007
415184407 179409923
239848706 400844979
152360863 946227565
136220731 788373095
77081875 626596257
317001199 68382962
514753251 279038737
432471010 588384769
133793592 681301297
657911442 22657230
512432241 217317969
409664031 10163067
6558106 308693816
418300592 552729866
516604887 13777821
22637811 623043097
162059970 630657595
503006057 706927791
618887732 262800933
504925789 267145112
490542810 130415033
303166949 203569023
25435895 662927838
993198853 234155350
999852957 192211050
872109700 427118315
438244385 501498085
624752654 13039797
5231130 842129563
442738382 313655098
697379479 746492681
369660611 682031479
441238063 91511173
656899302 392944950
847201567 265817511
286935470 255214955
977504128 558988823
436363784 622019947
48441525 778285357
833568846 800016178
713211167 516002942
440325988 447657266
624898753 997673753
111066434 979774413
157764543 681037380
805020693 602752635
634136384 548932878
521016385 451337673
48370754 619946839
87705968 864289135
567523658 710261180
171470223 361541281
350211798 752423104
142898044 296516387
242565391 479705888
475760838 39273203
429917131 454909692
690774230 686295986
472998492 420680096
222391441 622804168
998643921 82846641
521649361 589478108
401716772 302789403
978077957 711858233
634073706 36099688
370971987 926221837
334345760 217817369
163229544 599825370
672879755 626523091
43135906 303419781
253735649 206186712
956262618 808310928
104515804 237988923
828599959 389971463
2314546 823085068
494584318 171458253
722278561 7817458
699597444 105699831
447381699 756679894
898676955 611617798
455816421 155830738
249023542 428887893
873440619 696182942
914316689 589063704
865070519 387438250
458112369 18387098
715423918 493078940
100735301 174078855
423281229 760523793
310085061 300302289
63416935 936538372
468262866 731401446
1042105 653856362
33941609 765346561
611216272 384802368
492108322 426580987
891639241 836155833
205885253 183769980
409084123 635305937
722626779 259519268
610675331 305524367
600330679 52010899
763822332 133657918
727932229 787743397
97031518 724338448
412782150 371654237
520259790 534163771
483464867 892900348
938626434 884149895
940954340 812815943
150543841 810461677
407358889 378468786
147028989 581643312
803884713 156555665
501236132 577739904
991462718 533775512
342382777 74038236
434776329 822453587
578286342 975136775
119793343 206334187
348159494 124359843
654242811 630772978
578681408 561740677
491937965 331146834
370956110 810437819
157993470 200833090
764837538 475625835
943339688 469458022
296068359 783893231
583597222 588236411
45836159 217757968
500598133 136746635
169530597 91729622
370341336 842509964
559184409 886536232
7522024 588251842
113821371 111825270
950729259 685744507
241247212 641050697
48884068 79741712
874679634 859413691
296675966 986714743
791112873 888799351
401751275 714599943
574240402 654997810
236275946 920900359
320371660 861379223
390389428 540073970
848974283 859954390
172685816 528791757
104563029 242462344
398980260 975699591
665335262 191395769
361688648 467054480
64553779 295786932
648286385 387457321
197485653 711428558
696777971 54546548
283550483 662479450
241407748 800673024
856945455 468104826
252556834 815609384
654065702 800362761
714062924 985477494
232282135 486301617
215661702 496936983
636890930 183636457
635568963 627012744
661098731 820783808
478205176 993024019
492169022 190165004
794352899 440573943
720802956 547076686
612753585 500254892
868894186 178871966
332736554 486899493
269065806 777324842
686252143 410447161
633218091 876893021
221132773 461293004
403766963 99373253
833695508 427238069
85953785 29313219
976966815 934878089
104517750 964094372
761317783 342280910
992703385 470930792
539304814 21466224
938859939 562760859
413319711 858174809
596086959 552410285
893436313 291402685
119680998 764706131
857388528 736054336
755714209 692428818
722318117 876636251
778383989 468023443
241349891 377040675
896755443 671619309
511103766 984493569
149957841 369339013
98937167 221982064
161047983 302336423
369299284 648241249
449636227 380056437
103904459 415756485
327502160 527520129
319865238 703954266
983549635 145395699
960522138 38796006
100055670 768162232
145082186 349985822
195294799 637233028
517361922 866884457
1489950 345642230
678371962 564592190
666860284 616257021
62586070 990268153
189033086 984298600
34867057 920930194
563420057 804782664
806622988 360503888
973491731 523656397
417588230 655998890
189581202 968073669
162593853 528220755
811035532 581888605
952824385 724086066
681500144 792020324
223127196 643320737
972040263 724877495
184713941 503319790
844865967 536019747
976804816 839604101
202951975 361221948
204254615 246612096
356589423 358828216
992944690 147744000
244071553 675991235
757175928 285215373
931731829 61916575
622808311 459189771
569359331 962595970
363984416 650722722
448879203 809815683
83923134 142324859
371362732 476371810
206584752 466950790
417793990 332536895
463542344 743822886
754711603 7761419
549365786 381182542
419556763 226251128
293572191 367718129
644497133 540759486
887685748 220985855
555699583 323047553
99602810 987391375
272757658 362985467
189826288 637247701
673124131 254523651
181162408 556892751
964549272 58942156
38579115 114708875
57800459 658609847
829242359 743435022
440970403 908393045
964148792 237121795
389863851 751846469
842822396 570295906
12491047 47331298
999618141 936234360
928187703 519554895
818757144 991190434
142761014 599317286
46924260 660206556
904951371 922083721
790714052 503058102
553180741 627721186
452611087 99141880
160686050 692185806
842463153 208602717
819541785 634081430
40880202 958157674
445905339 891578382
628439448 867368806
139219506 461345626
73684014 260535024
431990061 275513049
434013517 959037959
124260229 783069239
326907010 241391823
235250487 717176651
165669674 635217118
877277962 152507335
607988130 619058298
198232184 141366219
839657368 377204206
45393623 690146251
865056782 814366824
885995981 700984051
251830278 325310411
406391656 696613706
574290981 598161072
779662680 638480913
832910260 785077900
429242503 700188104
528961882 455488008
953966275 450298702
577938288 197794958
637182808 313230569
282350368 801401648
992651485 952323150
712075714 332235958
371843625 759369182
14281629 564342420
194317571 556050022
439600566 59038882
882250468 411718094
184335344 183375965
252131133 656382669
193758892 359256009
899935902 792991912
595624408 79529236
26585505 776429273
749629972 405658098
577609205 710510036
431935995 379057053
5147568 287494121
199973698 451457071
910381062 503511488
754527188 465002163
215087016 159228918
706897384 897000580
113772886 854059827
18646695 16636936
118181291 448581441
425258730 910713841
79983510 299755762
484459658 872460988
700902249 338634838
585699131 462062776
529046033 935579618
252700719 377763940
546271214 683158863
631653633 405602309
416653504 860886217
645041842 304752068
921421884 847277462
313283700 521655006
887595559 613452577
58165963 814731742
878584089 502213339
838645966 906080621
80497147 661911270
16386191 100404556
61116210 860675712
343593561 225116669
767977430 212188140
449051467 861169448
769591181 164934374
431351343 240733412
916909069 476859788
842310575 673287036
529346288 726988757
183791385 64732080
608205199 87112355
839050136 532813913
822872185 477757336
539588330 329503380
682470698 685579927
504968506 625819509
662271479 209638314
940780649 579514328
411433114 48882671
246820094 135620139
712839541 80472283
287779685 122935660
371392978 138134538
822661779 908853939
696840944 376634766
26956701 61128132
186629177 929633655
389863961 48738707
490475316 872488692
76162482 71392852
30753418 12131051
994138179 171712238
854666021 784008674
418353634 471790168
521600260 201652195
808728188 114759042
274513251 794862579
962892473 465634311
126325213 291961571
259092565 142326043
682460778 633188664
716901553 759211894
772304953 906371212
798746392 799082436
492245747 121399878
647701142 899808965
66350174 684067674
640722144 922409880
36436 421777149
585259778 918786647
701709244 394810298
136039529 325495848
808219203 188801058
107733999 666319380
137030 450794011
505204855 856297604
198256270 862363096
701618443 513868765
360228266 415140261
82916302 133977591
596334879 897639418
984254290 800284387
940539950 577569641
24697070 510133302
601598371 400862372
667890908 248159320
985818235 835985552
598146064 623374978
611521311 83941993
770155015 749343883
105713571 59198228
796320503 788231283
66646856 635805277
919125065 947835926
994009598 938635556
647919007 928953230
658053895 215269500
684560104 254162622
683541974 801542594
905255901 442708479
171196536 902017816
757845938 822568035
674708423 524931199
179528672 413528508
403229462 89871099
808860774 744495852
776169934 790857915
339082577 43816553
856831149 310829425
599051309 973401505
192795904 190888646
294479701 260920662
548201655 127771711
935556795 517562933
18763787 65682107
571239960 823694956
713101373 662914143
500397271 176725580
611133249 269287236
283627369 639345205
618978147 808748969
768409385 103011334
328356308 493334789
471637566 829727063
264109615 595765790
430225184 311562045
738306038 242604661
374497883 284396376
359729942 642754425
22514100 950040027
715657223 861161290
344689947 805435320
452372715 372000304
652954600 391754526
8764353 930892628
288906430 264948823
659592797 162009229
344059957 849683869
721385030 512358863
531563929 295882755
14020368 696868017
541829911 714340629
724924120 651631796
452516100 518140613
683952729 173709227
396653176 114297702
348326773 917143410
491017024 712776804
107899255 396456273
978446391 777896414
351942884 131481486
11190183 495882871
271755422 832757602
439438125 731426302
178820384 864521123
839959181 650666129
874922126 864517016
355860205 288783085
135485390 313239481
670385650 448045755
360131303 759946763
433290428 798988624
525739623 908484532
297792215 941789321
203074199 180663550
929549663 509784959
178804032 241876420
558198370 994570749
331168901 128417024
564481348 447050690
944612434 499555900
295618455 375320634
712457364 888071775
750455726 34593959
423980298 160577692
149806854 54168035
951297705 180730123
390161204 368241691
452609706 999954707
882663569 662540936
847711663 777399245
812445446 225096449
829538127 433461959
735829295 876859458
182903435 649781101
973842815 612176666
982050583 634337565
566959159 645563405
165744906 678481502
715058729 812570195
784254890 524578673
941614604 809198844
897373219 597916740
421483994 772160305
775949530 228502723
17942576 275354866
125895244 378463499
699135198 657216634
704063824 362039100
841114428 429417990
261766288 553424397
548782933 979451796
287796910 10447927
436015284 495887834
901048737 568186449
629995472 160828191
984002450 331858896
676629402 908772953
495898426 255478353
131329559 709333087
273077982 499868823
245403620 868146724
481020008 602745614
215229124 74135588
75498929 499985377
922738138 84808418
702929209 186351956
370327390 304507627
1946925 732688331
709871610 604930754
17253691 95360996
660927046 612277900
395482208 407520520
528005629 700020904
812323248 255699029
359556587 737584854
890979865 628532252
256909126 157203439
427486758 632284309
739655426 950010989
442004221 523180145
989337575 766559217
500166256 399377977
827507739 970558000
805470981 601419139
200805726 262730425
439180657 588143384
17452782 572494384
729793692 843177787
889506232 737249101
63311015 107852186
626351447 973408023
75124059 463143060
93435601 376115118
194072242 743148533
365799933 171675954
706898964 314293031
260570489 712149493
267262617 889584134
347072963 179640061
430592110 419316008
258206106 791303295
428681731 943674088
359073412 361812908
195287235 347557121
925281131 691254943
990901898 694415161
26826663 770725202
931018749 989015643
296837097 789085923
612778734 143668731
141388484 843805348
678656454 959582548
522923753 821461555
970664029 441676419
419659871 63223824
41094112 898561201
169806756 565183935
393597301 655996778
196930443 877129215
799271452 558996351
998234633 226768576
562688178 253299837
803959594 912808414
476155677 116228693
513385536 329107453
931218803 766991400
767951479 73729868
359309008 139801830
910939154 832938208
503073886 247839243
674600388 422116615
144275892 48741288
723802701 566364236
20072132 567599509
744743326 544512028
776414106 422724970
77792260 214746454
567096157 224739800
77889451 203907075
314077387 3011778
696290860 653795918
983808006 870469115
181630632 838668045
312610240 620609418
946337012 317395159
955117032 959973252
306612006 608546209
809333032 714618071
659170925 782490352
206094110 302719325
555919333 815141617
567789696 387269845
757855321 679846332
843346084 777617562
758484628 92993261
642078593 611303978
632962281 127616534
115425582 382788224
735838530 711264505
50362405 364633445
718041501 443627616
307168970 122061871
213252449 610193236
522652985 632996785
300408098 746064020
305951588 81843683
6443907 875137341
276868053 862906840
128243740 982068839
598159752 629721870
410446117 274860061
931094252 679758333
883889122 33761876
770065407 76654796
546319237 680055090
397270728 608389239
906621330 44732674
458570903 819729005
982408662 775374023
797374723 233178223
131654842 527977659
360594637 754589018
577047784 733039161
852108862 706730023
627650512 561312007
184106832 86271796
896906302 262581281
793416886 250160198
225856867 370703829
348283005 88326515
144864658 75294333
721336779 640071935
380203842 614198596
141534457 888474798
463723870 712762796
876781930 987375802
571912208 757559608
809928907 598049946
24860396 986999204
417249712 919840053
465207828 498520588
711106998 529378817
67877742 998189390
662356898 690704774
794727913 953885720
162247370 568478558
916375883 534001565
950933576 884296508
636443731 121760203
550951425 341886065
309649746 243227162
818633025 74680391
589606053 529757818
237648032 185703819
909248617 219041029
576468529 833668206
697936563 137652207
117770008 874460119
714236171 619299660
687226523 859448366
231355450 823988291
397880984 268880424
171850580 756791644
391400953 713499293
41073615 582214749
64124475 229341200
566138469 634795682
485414258 718893451
184978092 244202652
298851148 24949123
858960375 743995660
993431353 469348861
220666575 316662454
967326610 115014429
824817541 717208958
665169997 779196464
87265545 726441233
825445252 695834720
239889196 812098382
776125671 511818303
971723703 622001792
952124871 999322135
196896563 211866838
442845776 553806086
75984338 472231439
646813183 801205184
492023608 713891285
270831362 392293738
884484458 474510614
865347903 292538911
210308197 142054392
41160640 677210227
857136658 488130751
123131067 882268089
516521586 256270106
10376273 815985472
843668041 274967019
419382376 340459964
696211307 373535712
273332091 488685537
320152386 29920797
561809218 51995251
448419060 601813212
126263492 519975826
326506507 240407704
936871312 245727137
748022762 217897176
166865275 424061966
177572432 372318771
537685951 395015208
652385483 543944205
734750510 498632361
55845514 470855073
45242932 556200408
187743306 995371686
625268413 752352650
953935715 398898535
244893027 934863626
522892749 993303454
147321151 27578904
657442522 515583550
766149738 252262030
268508659 594192586
823754716 319474307
195839525 558944355
719068319 986217102
349786147 115097249
875220601 205093392
225432156 771395202
797021093 196833686
912585138 861295125
566127598 323352243
689372373 130819611
159893488 178459929
5664114 433366801
594583633 130245061
777365307 768863381
179458959 124855902
355551514 340703635
976377117 537038114
321753114 787529333
206525211 927223764
600008552 407017186
145050856 50001561
95492688 918982442
124565621 942089051
665654334 644904307
33635941 820353922
893042022 200937934
757996494 457510808
784262183 764017920
430703362 46716488
422879482 95772106
480844636 859539451
895903447 240198326
8302503 142403043
494350870 183844440
588554941 603488418
88552845 494416293
675214799 643021775
414092801 542817982
114823801 988639782
541606046 812641094
715479812 476904077
143428975 361139020
325394078 287897631
366258929 198221229
590506624 389209820
261425591 225152499
318907533 4702559
802431421 478914569
337959432 42307179
223390621 983183848
147998429 509493149
608036355 389254148
269931645 151447116
387222213 815901119
330198486 278001740
106401767 788532894
213487536 684294705
233097523 757698795
866406165 186288436
213928970 489273760
396520517 694053889
494585978 884410808
299818943 826083174
709406344 711367475
390650167 266572896
796695669 525531388
417637353 243885540
793159350 51815738
991993711 320029446
53498790 188758765
664525135 287645164
397779068 893735052
710155935 494022898
519996406 778073348
419128460 659252342
948512884 346789636
922669440 3663171
373260379 161459314
290889417 44041313
678131914 974052030
480364588 901299893
80166421 682891284
998016249 508784516
142380999 826773668
186014405 575551179
205013570 888889252
582013110 228225300
674887944 714279819
607709707 816546734
567791183 613869007
281394888 579849542
324056798 956235809
198567435 826170906
553323688 168061513
500951412 847133092
460273139 707915629
683419315 955028593
784974461 635939983
544261164 442345780
35325898 94449152
652021946 249284653
404504594 663412133
221453598 138888168
838430897 388444410
987908783 783443906
5469974 766897700
599053299 99057004
468007915 920457968
561502703 913803420
814780874 429915672
548015430 247097051
487562562 592303603
582082977 272755213
55588967 202351353
838602778 549788673
539355459 414199781
422130138 893053306
921906133 256230249
90346357 525719864
237100715 539970952
489085010 652721367
163415766 360372906
849241570 211624143
349838961 699211177
887638533 296871022
990554008 489312633
282592019 387733488
883854665 535130978
855202510 534589761
168571273 471808183
65843518 9567007
190671155 137835276
521408410 612362543
834621871 847161757
214297666 52895453
585283176 595432501
966101562 149275960
906609949 62358638
112866459 959596597
540747411 8763684
690950128 242091996
877678796 466843204
467801151 601938858
234647638 113653228
343143146 538172208
817269409 743237642
931709132 713160189
907541058 248641325
566863179 32378681
747169556 270112585
402748429 77643353
803396565 865990951
914835002 409130716
450936036 265201401
926856219 815858135
885777317 704049117
481289782 303214830
850497298 45415815
556191848 371289931
13980941 10095222
846921700 182083952
592240381 431213038
427147324 266213997
836477593 150796182
705422716 28384438
266394177 559662160
187905721 196701234
535699979 300076146
469069257 932236635
122223632 212658240
939884696 713081836
541027755 869285638
3935600 332572364
291943196 328898119
936181994 429201133
445717467 209042283
819443505 195433803
889380377 815408469
810210372 560619602
696602410 805646877
738736440 754619372
893956382 877708938
984506941 325832048
703112749 60678162
283125178 4983663
761746187 997535498
391235205 884368251
573255791 991696366
787000608 486933954
244398017 794214129
378050049 695823377
726846791 656314823
376613375 286283992
429042520 762369518
495331038 43835232
891228141 950759286
752428820 716678055
86975683 800548000
86299539 380609122
191341986 169745420
323196442 934868064
958892701 51808043
817864022 536108002
212481670 293311332
920764868 748325256
265006987 877854463
464385707 316742923
774644632 815975318
349345971 370893911
195475721 663039556
777315162 616476482
352819404 666066670
702588881 124253573
336096594 353783000
745053069 893798968
79074421 598952884
775190860 804575668
79119468 399087979
114643154 125892779
204758145 313858499
184623605 175629781
727036486 73743492
860172828 576406682
565967613 984867735
752952358 81903708
351730523 710370251
714183780 992012360
478658615 292919016
98092055 28713276
724836004 173321113
60169849 775601334
898577416 512465956
764502400 940227822
841030851 278060851
100252964 922366147
601223305 957737351
386297672 640330369
469880059 751742641
286136861 370755038
550439924 870372202
546543699 359855919
639920648 712190069
915109816 741470061
653013255 646728173
72337559 765921198
577356757 460188925
106149785 538952495
810705572 846333798
491287432 993901700
859014591 905006732
947871343 10572194
976465627 621778439
517183233 293844862
994209953 758402278
452942406 398706645
329511116 341648713
985287313 170166786
734017987 759209629
65003328 624045498
389337500 948107379
484025021 339167127
220236089 40736525
4546479 980771888
491177837 589612755
874344551 463941108
910556359 877892887
486469925 286268683
941021915 297129562
61745241 651809571
112756498 493831194
305776531 780565836
927886940 6144501
451645900 438581606
744682490 821923563
207308703 611589636
350688136 653168801
988490124 110145296
262742669 322678594
521155062 126711702
611110385 887883529
136036767 909256876
573303892 872060531
549870894 788252472
217347614 202066283
301636673 396683248
986890490 616728489
269141219 402456500
370928105 329832976
428093265 526336990
302193557 922102593
436314805 168936359
370337687 953920172
40777541 230971901
811194333 87794805
769713656 682865816
364100092 757075788
883523158 827111200
779771524 520807368
456960208 720771726
423791155 982871837
590668006 661534661
576064967 320162313
983914636 273373578
219907292 632696408
303522716 681537599
602276196 426959976
968291236 798896359
252139870 760663151
47086510 143212219
456470379 788439254
495635577 666713070
383674036 521167982
80548760 384360130
509364515 553668571
983813992 781898717
417625533 108301048
625420177 142049139
465234023 735796865
174484415 679393043
47824820 340805200
937146717 758081012
885841168 467557532
32151431 63589724
41865837 793256185
412570880 553839351
83736135 728514240
590292842 381198177
767998399 860119241
267984785 395271309
446886889 745497581
122322198 110917950
783872327 904172171
641248709 34699028
556300430 799516479
38450919 918633946
991594364 286841312
14612564 848125803
8472928 203262373
937026491 412695889
512980043 321694482
882290298 422768633
425083193 615444802
513976737 211865646
228264726 554278197
946386406 28713487
96744840 438138228
119842687 632213077
140617125 127724666
691932358 104176689
210157959 195827766
900290624 551843504
875777914 153091077
395439980 567187613
917662679 729415221
620378353 435978945
388957368 39908974
728728958 445149186
701513061 360811413
526990628 227547603
16920506 313318877
337298844 162888380
389063721 585714551
65844093 793124874
475554535 532808636
779724499 944334134
511206224 212969679
823582516 344308686
678450739 125543385
705013831 377668307
719321004 345931671
963183830 26873806
211637112 798157359
986464638 710244222
732006611 368436319
427553885 381417791
411764917 648855536
299897078 746760772
507703074 52862134
889249621 48918099
612874606 847832254
111685836 673517737
97506728 300464987
119675511 832944931
758286103 232478088
145831465 962827619
20538074 808668015
980390775 826159041
881579491 102879986
194948233 92055761
885400212 557090326
730975330 53817145
784133214 744019383
804711441 35867582
399073380 929848634
523942958 381835735
58762248 836597734
267536648 509385205
509441526 289458564
882323380 516412007
677167017 830992312
346232157 806204001
972786768 195521601
78645112 948850817
951051100 837429220
215758202 302256398
939285015 915771807
811945763 46372366
289694307 110646038
876460705 438029104
111783459 886866372
670933948 14727410
351427944 716461731
502414535 586978075
370243772 512764387
250713905 413042606
93575079 551096623
626919751 756355483
815751951 210924639
932289588 618749659
286746695 3755469
658324622 700414344
659539278 369680722
361556540 898731671
190629364 583596150
97236564 744876006
423097340 94573573
374892356 982275134
957340383 519175136
874562784 866907720
653329567 283822980
360615055 107316801
939734572 129524395
573618043 414391231
274621796 181970896
389463413 701878509
927467376 860097479
244132190 574888179
463136664 953329342
207195359 137988619
105147322 463757035
13952340 330131844
507875709 45905002
106124433 332285565
276631310 887256089
208924878 65347329
891954065 234460629
810272305 436378823
987634724 490909130
84609240 692085369
920232968 574233613
322389263 865386587
217906508 68817132
554819608 714198892
349802936 777364100
223619716 749892589
694078768 114174905
833018592 265947622
661560931 776432408
319671516 25465965
97781129 478093947
783652173 571741667
508466776 209544681
609414199 32932155
977814966 231785285
262756613 173182886
836569998 368035310
183565301 10605567
877092648 537390625
348738609 37681411
868699318 948138784
683586423 8183325
662350085 42897360
207283133 711052452
84692139 603828744
452863469 734926482
172871925 154869473
576249854 64667013
916728428 784042327
615347005 67271460
904675843 902980093
531568570 654437515
196242080 482446179
396012966 998314917
983358428 189038328
577436321 767192609
90021235 67367092
959096032 527415727
827971484 316316155
742633463 570637212
97739047 719745713
603483954 850109274
793253725 321181889
897262292 881844043
295870443 454871871
366350448 787526318
495961290 856257521
511621995 552360512
209820707 303487709
149312935 468670844
635514522 338470364
163721956 788583372
952120718 670246220
436139656 991620563
716120228 29478716
939095311 418113101
188485436 966975516
329861024 445442009
317241185 424446733
713870782 689266160
728115484 637079804
513860537 542568858
826387525 578296440
394335481 671571543
22807854 93031416
236434801 49046244
671931153 286021840
12661434 117047165
410627811 114500743
687363023 363633486
766910474 584965068
966080159 511668339
94451958 154532437
529486263 253655399
220260719 107971272
20354468 430875345
989542868 487906340
276416911 353171589
696518230 74514797
831706388 62691329
135930507 725544523
368555148 132279661
255386874 261503893
868388985 862801846
180259049 276901209
295978036 771728761
577779972 438370084
389584230 727738846
606380044 395719735
122045604 761068898
278650825 869692798
197230672 184350596
541920292 759990617
972389998 46859924
181150349 884183933
790804848 222549584
19564179 955556073
593991588 756219963
873262697 815314794
77589880 630603990
936697172 328887417
169410998 83849114
536485183 744598517
341002677 571353977
414914878 437499215
650852488 920380756
194757971 582249221
425862909 617376355
236240874 155618638
627699910 903864497
176542287 790096276
826844283 185760058
582129592 673899743
914860533 220245503
247780958 974498574
931566449 671404340
895027178 390000064
32000686 374461097
144206378 100671410
48017771 421701020
871528035 465460974
819655734 805941334
439686177 972882626
499151742 777772435
605187102 689508818
594334185 866548727
369686064 115543415
276085218 341039755
912623774 566378729
283445896 141289526
509701019 182206199
446687293 87381684
876312560 927131094
455484306 780225911
830430241 939281134
532739655 31724579
902404062 445362765
121490633 159665774
792754414 141312032
176927010 590892861
658808342 864312014
26785314 921892888
468843113 568412306
466073249 858584789
385530784 927309142
475119657 718352672
261859942 462367526
545839504 176518878
961729592 55666394
698248225 922206257
29874603 96433179
59523667 638039428
115260021 735419831
191254926 93244641
128309343 358974484
487474205 825072963
155261599 552977088
46204178 314990074
795394063 748355468
789076889 484736396
175302838 79139514
591348772 677925084
193974128 948596297
275899492 232456109
360130778 256491028
805329231 221053261
502073636 501968733
243034926 387258569
28746003 392109741
143137362 664996078
689227834 38025675
75511764 656975282
890030404 505854479
960922590 865728707
391882795 643658374
199913432 856244582
263266103 6315675
510195559 940652485
994055955 670059519
793981870 126932709
378354953 509754405
741256103 106850719
878735514 347469974
373210299 873830857
474592302 446436122
393421739 159565849
141107726 239478026
449423622 62421231
931476581 976372720
117288294 267493140
647253053 907451125
949210862 303945731
234790136 534325625
888010009 924789239
761523965 445806824
368942327 864193512
620096098 135721887
583973526 677354762
802012056 787700956
924952434 391674126
30440600 902312541
325909158 672073809
442213279 894373326
207724924 989985653
257882234 778912908
676154505 738670800
266031042 48175565
732023095 602200070
93591847 433115454
437398880 700356008
859711240 417615322
280013913 42025295
28451548 327544013
282366830 953467309
939758043 470295709
832179296 518041687
534151728 615081893
806902971 38179684
612615310 261444584
861488138 65469720
338760383 330963755
950134729 29613196
675421919 685173961
691960614 291146657
47084283 620484392
410095186 675288747
609031440 460552809
612273498 539491701
56448491 244560548
78387055 565467858
612010821 595322113
419346448 118633427
33103008 710937051
161288862 858169245
717783935 141658139
425593359 544243970
209667884 792845196
999465260 64839897
563954049 892301263
165464974 443883224
963270662 567698595
818255242 466337813
532629980 31878714
844441479 819275982
722142742 459602039
615621869 53428472
444983079 753357201
106634738 448658573
583091759 36409518
835273842 743986635
406489096 917100010
335993113 850347236
103045958 491543348
334356555 857136025
915105635 705341086
868428107 333960180
440455680 411190388
132512138 30479783
647542327 248996811
875771349 361472514
783720815 791556714
963693319 635058364
478356241 379657222
187764136 138986205
623696888 711762188
619377775 964941283
784444979 870043308
188746992 277641686
746367494 938022872
319962077 747212437
967134532 545761966
498128059 774981783
267466584 972478831
17607137 468650390
939750670 521428344
505790530 865627203
162508763 6379407
254362626 187922552
529295309 928596113
158579402 868255764
21586811 678011818
651245864 661338865
239033769 88479740
990706991 987320561
770860711 603234562
531616165 597075609
713281020 33545792
104512586 245144679
839664876 48130415
213899170 203881604
724413843 64071586
153213421 915063964
116158708 664805551
124145421 931492643
606608182 787551004
508536403 688510292
935500523 269320517
522322730 841328117
114302247 823889482
493400594 19302833
106663411 99178320
140994677 773119849
715431061 763012881
833426575 474441697
125901436 96434490
481655059 910335456
119922477 756524187
953383471 288091494
404922247 346615488
310497118 573523326
359152629 494123
861274716 651599112
450386772 463738522
778577200 661986899
149750235 509405369
770530685 589051305
71537368 456185161
782336358 576245389
186759376 297545135
364630403 455554678
29410370 401739307
162508272 528373738
114137513 448030863
179429613 3321018
971872976 293340767
321985496 11719089
653668664 879935304
440485039 863193427
274237639 27390313
518287473 211202379
670207649 706978438
207547642 835713403
427624904 83003699
616381864 54897000
466740430 41621509
706865697 43501440
102668796 752488965
91196731 542948367
8312580 169405397
575694610 304813702
404269736 674661168
178280505 729395093
618788494 351882847
887311668 726193931
456383450 216393051
892189884 960045664
860854724 234021777
163698217 619211685
371658367 681043238
686278520 144016571
425342840 568745005
367057382 643977954
520432666 446535138
778354370 706827850
995601475 831990924
505052039 155118708
330929670 397316889
490277038 26249580
969067864 361326474
376890542 113378660
581569251 166045705
954355649 379845104
830670180 93146198
723670444 18866130
944959613 286322771
223416602 780972548
748713693 981045319
528848615 556112925
968773633 56864917
594568754 914401635
535459898 79182501
739573439 385506059
787022380 597921304
885488942 923195956
613005654 529500963
334156945 377630862
372884669 390358747
360179599 433610360
97377333 655703559
268473158 660097389
683419061 666438607
9615488 697951865
920847495 205437083
862632304 133943466
987490123 812863171
950982025 147168738
318286190 865796585
687539980 458612707
118995426 799940201
475232291 994960239
375933022 34495867
495070236 970276302
270533020 759641902
650807621 894820132
659459981 202161087
390207919 75513661
909606926 369360166
904475429 410989251
998332187 625385419
406076221 525195337
220714589 478484285
954208129 268647602
996184192 745715466
104706907 408986929
401853193 133518571
283089714 671647615
247717562 566880010
199279765 624586072
137586287 333076423
611801507 847218272
580179743 679399962
62824437 912046598
418879235 662938325
877746064 917745019
584349787 624658648
675219535 187504803
735981884 163145995
448900186 911721328
588677626 885234199
973189013 985768931
913242548 820523023
62917393 351503438
151687433 875518944
368054861 818678371
303140157 868660783
524940119 174193173
361060578 348864298
902961448 683289393
798090220 43568690
941207187 806587092
212824145 613003706
621881231 220055227
502591454 948776699
439450281 689136269
992293657 121589305
627570382 949065138
760404686 847443054
698557730 117891504
886387920 345488725
117290463 319578721
11178973 364809443
736829861 392476549
1169045 844856779
972597064 887834733
733668256 470397586
188151814 791803570
20850856 37143837
323173845 639637288
641615332 523963661
616064867 62197873
62466596 163247739
7488427 728076651
818816710 225066122
242540272 339897465
700768277 913313988
412330836 50028972
308105449 563133778
44809663 521394066
757651607 213956335
709811463 251533809
230739599 131594810
463187573 455220716
583659178 186843772
557493661 669004943
342538666 261316988
944857230 226812935
816725834 663496737
295097934 969743492
318464415 331220299
399905384 4539129
464289122 498092615
674909763 633995388
253540978 834111538
568084059 389305971
550883847 473048257
713842987 366300596
202886256 176985307
259930812 710622685
46697745 9600408
648712493 965536009
215584369 776724712
91960207 286361615
477848442 772744244
698134927 276170052
472143525 415067077
4693608 119224199
362101440 404622440
68511783 765799344
95214860 921451732
985352042 950178883
402300733 924668936
249103498 924778297
189605124 235171200
929925128 422217450
757927342 393005954
644011630 984321251
271827475 287114070
645621305 934396554
362466580 76707101
69947655 410876263
383954145 148939450
44857867 474127934
357158709 967773966
274267380 404295702
934051899 995081952
603590428 999644084
688350798 14278564
622681939 540873515
244831287 374081993
687912948 380479359
49036999 504204832
848723113 512674179
209195852 804921765
313651662 236191478
622487129 888554326
662373259 461949686
188834416 342195674
20548913 640434790
617074562 966228132
519237315 259986492
533565769 879247510
152403371 679491865
673058696 793869124
256373545 624583968
787720826 277467749
290050355 886013605
150164864 517408105
912530098 831804868
445044549 733364216
460566462 566373732
16266942 575614781
378694551 311794097
110778677 746899776
951254491 639466511
65567132 356817574
753220975 282576041
276010648 331016544
193766661 272672727
460156183 393546317
462696876 184538778
827408126 793454413
654258120 158637149
581689003 69652620
396748911 853128487
41072188 124249036
409555253 346829623
120856420 988671258
637240906 969082371
9398476 13949187
397402560 396928869
933674957 832803015
31533675 143208227
325046685 668876711
262282814 994288876
307238492 331120144
653138763 130305382
503181504 493563247
254320316 862521678
427585117 730450696
722608540 923627425
18679771 397982868
413843173 9701884
899301829 157357500
661260687 916767081
692981185 766499222
134726041 189396982
34655472 176270873
99937128 390577001
862865541 239811099
9040995 670194057
64845414 458347103
63944373 696362040
391198739 96943163
527062849 965453660
730403166 256993770
495130750 23433928
586001669 935628343
294775080 502127155
473057923 566308807
31938593 611579329
235358858 298285990
669459207 670598608
338371430 15372714
685884341 191459586
234096933 760421806
16377793 119075602
206364689 588982134
188016608 496231669
34300711 453656822
736821771 717251993
377972027 296161439
966122789 715332745
198517830 6436163
412853230 58247162
666457494 838890358
257501539 664410756
731692926 765804813
522328743 849007028
794303070 508004456
579308033 982613332
58558717 715415469
583297972 507009001
308054575 704950954
886833379 971801802
788992041 167060203
972514388 226904867
614965058 859745196
9638232 336236278
840163467 908110784
275645320 171227267
86743758 92844653
916369122 327608183
750851305 18300130
972713995 215772666
290537345 283340529
387854259 75614948
9100464 660119172
689209789 390991390
533007466 565671472
400951409 275164435
297943841 430060218
339161594 966782991
541504114 595321570
766768886 645681261
459117975 525443384
371109745 349848258
837509854 655444207
339265576 415273475
745083557 270493848
291711960 867020269
501234434 265645018
600179565 450232422
355321693 994367471
522351191 91072291
275456510 257233923
393827722 510150048
169504043 426080136
407394966 924875320
234580501 653236750
147426820 85364877
651889999 696829342
247453309 124279816
204079576 949324719
975140281 558899708
279589593 436881142
840457439 244627500
897176217 984002935
984426296 746976077
805173508 283883840
895883563 439492147
455009202 97510339
7392439 129188541
435781160 435130176
46066663 986979321
225209957 36820730
903342932 394774991
292630916 849981021
290262020 470683456
326951387 126101390
677833960 342413073
208062577 204856337
207686709 815786320
563978945 581738387
931403144 995709070
530207267 60179423
81210851 81122438
991124391 758005951
111138060 234422286
863566757 767607655
360262250 580286998
334911629 67177927
73543213 108250036
941489091 79485192
812658510 201799890
578981968 15950180
512496313 323543980
767976834 333229799
748905394 576167274
419359790 289040941
750425862 173255039
767074924 288234639
707243095 919876850
574680931 593012116
660530750 731442890
453074523 660161636
213243968 647912715
749697099 566952951
719171413 127350402
409271460 165519881
720034742 954410824
96288590 973902017
389519799 714283133
656061355 291050905
736340789 74057300
502637378 978832730
694279162 848743630
831006486 262302133
947486718 260971253
191049216 297077157
700422536 846854823
963249734 919212033
149354018 308771685
7528076 124812161
320436928 108089910
130498843 826922225
192915689 252213688
627869476 783738017
252581916 969327228
189698612 520316520
18272058 309196302
123994395 105626838
130091621 729967701
539076667 789193519
764426286 845131999
659459504 416813435
202010058 708051547
248538050 299193777
638931320 461365102
257355699 494762308
424119813 361296340
23324221 424435097
193561746 833609532
191316414 489492980
113471426 255452913
561613262 898978513
217357374 298193525
739045118 790426309
890434403 367908158
374035671 700140052
772063662 680080078
773439248 985380875
849922462 602387659
666159692 510134488
83210004 557178897
39597183 190575326
787614606 156633527
597841503 347716069
979530990 275511037
80163102 469247750
707885138 213737399
15683907 358993553
623568826 967338108
108978941 300234722
320460198 263147107
631450935 992317766
231116960 364393939
295350317 577950993
889388379 584905876
506502216 175452918
751839525 332497684
972673074 803675084
787394557 233770006
60748932 122370023
215833876 793372589
729577325 687896427
234578 801955743
821406188 732910969
95914029 622481738
826910147 379057696
233069433 698519377
837631361 469170387
506118231 225432163
305713688 273580958
231261481 78784870
217372750 381521457
490500284 998570314
959312721 603558850
455370961 100115306
460928328 242690152
358396377 724918399
186521666 503170258
545141417 957918089
446391531 500055446
918995962 808179437
878945329 863618090
567750733 875781189
810730926 241107011
94806302 90559136
214823137 193863859
960689489 143207880
133551164 504760130
101811194 934951695
24810428 67746919
320812625 454595958
933511370 706981915
298150065 228042416
357249029 823607043
461911110 878952723
299099739 467244779
412546274 90894039
280530962 742933564
630768979 732035252
686670122 882420924
780175942 92305112
974338789 18354705
648854617 464237630
12975053 309759237
308662943 108967791
168328753 815397545
908460395 531490666
601885515 655629195
727103980 413237776
229425456 759104740
456441131 537429470
143671841 649974274
508243697 830284911
450492807 599046464
778361693 482847341
171371050 727273217
699185007 938110235
593414207 740397541
91719126 624225818
391488424 273292641
629532600 273428976
32668436 726233553
687873132 50886561
186694894 469525006
398116062 449820939
135241757 229133458
883757071 24099750
693769404 503024545
406290427 565822082
327809325 815431661
599256153 955307286
425240138 157486032
332827012 676651998
229694728 24641690
193853110 450905949
819644467 376079057
709891845 401837790
812093744 319470694
513859920 339322980
662024554 160931326
420262482 182830972
884001890 72479773
899990736 326293312
55061734 179840427
698356484 756625537
942381640 890611895
770631567 544492079
209124474 565998111
492278680 763530751
433325871 594275146
678968006 518523500
231667723 803021448
655221354 201117286
322923602 496281445
990311519 62223584
393589322 566794906
111941389 173002951
664915658 419329501
785557120 499447969
240102079 620142919
208168631 882057540
8358263 605816871
657199570 168606907
749128682 206633001
395201899 898871910
305696233 762051679
326359787 114463459
603280020 185762222
400743975 316951232
881870360 613562857
988091187 931893993
617985693 88928088
641478123 964311450
196009636 907088967
607491610 799464130
244399361 365807539
738717697 254548279
388367370 799886333
326305447 525708738
687304879 592840076
340377931 446763114
825904156 377478746
690489604 131956632
271229943 426192807
492110523 666353186
910498094 76792477
848030641 551379104
733494566 126281759
739386813 338372356
490503178 346585307
423096435 147378030
104269054 118835814
483960034 503589956
4634562 186085862
575040366 718440437
432459546 430886995
324527174 750830905
338004431 852627169
761685014 368272361
33633861 804244773
926959787 47139224
767551167 518701489
299000855 718223979
950004911 662615547
984908846 472746759
258523314 975595430
444597421 439001319
463531279 494931243
152566392 306097563
699224513 910707064
205104067 775739916
822447748 160985395
774131550 92804805
600376308 49638175
164696418 636541653
960280149 272574098
199755243 203113937
418226477 767779854
31798989 18709789
568665550 62817962
745209425 427374241
40925629 890556046
297722827 456165806
95774025 550442835
795181440 813016581
207042569 498320988
564473821 265189754
710789340 2948219
187738582 328874220
566335361 729548330
711626662 185909186
57115711 142044891
960793883 512076003
468392468 202899054
448433745 944171734
391017295 399271764
793019144 895254878
31287430 552242194
752055229 186430197
329174455 493653573
554895524 950881293
883163506 764943962
26644191 90489916
784668854 988995085
728244641 273610214
942135484 974820654
745720111 946601670
246494975 675369602
254403970 107925489
43978596 153502117
435317837 83827200
975213842 424109542
574558906 525810991
163367176 228788131
923568212 608646041
852335189 310171676
930803483 629231054
650376525 380822161
709308064 531727924
515383892 168551743
642581741 2720845
320565697 156950507
275697109 371224601
234957732 894561970
870969375 564034131
626097176 578831853
892414861 757090884
584934102 766435188
635547201 261282496
586933158 829805929
357190109 676528523
685755175 18034941
23143074 999687222
102260798 405137739
777707271 587689596
317080514 639475275
189930251 376512530
884387703 852410294
401854661 670880194
892329714 789510085
135365636 477155875
854829045 977376392
820606744 97782856
231093398 848230682
584405469 965674734
601239117 436927576
269152417 865917892
953479027 337004546
831993935 896526179
379902387 715677817
410819880 518820290
476014420 362587445
721775223 128583813
528638132 972984296
984656255 232744976
157372266 710102156
472794691 520607771
11522709 261653040
196288275 887227745
193495270 575548859
691956815 493928751
716623855 419796938
214815902 24065912
510890124 894580317
798049315 498078264
753693548 424759134
584662826 396045452
182643604 279767920
376875533 636542027
248917562 776026442
607441017 311944817
124160199 993009767
670265279 381397899
195063211 268982915
43336792 19738935
456418258 486616795
856850286 163498531
709851072 122013041
828790987 798457950
800395735 376233511
305874783 766005121
947930914 220290641
735385060 917412927
813935603 3192818
259823673 388550933
417358530 539240214
406357491 338251995
534234349 82413939
831445501 530617543
920553717 10921851
674012770 551099539
65200107 346487511
449615724 92471617
839359866 112615716
784040835 899612434
259648397 739505751
780406578 901412568
678545731 591281945
906391398 173574381
364004315 250025371
474026827 815206900
567797962 191652113
141929451 345443592
55409465 541286162
492476532 6303454
618297336 889051592
810738054 252350459
839315081 625786067
871279444 538091142
475409533 851724275
787368743 156794077
524771012 440015508
335204699 51613611
209800256 222739555
42613021 513258058
226602349 344431529
182598826 394382344
745185563 874480674
575567798 167731990
783298133 202983595
352510724 639175638
575931389 530535137
423300051 260880796
775107644 498887396
291031496 869227508
468712059 836152555
832659475 838483400
295848473 658025510
316463133 979392684
194878264 41376454
652683314 805509321
406732121 137501381
863620250 822420975
533980999 821541679
309481957 135327616
749397817 734936659
823293168 529300028
965837258 624403763
612696542 848607130
360003903 936239800
336577447 411426700
623583950 484806679
276057995 468773858
927661970 961688040
925927526 989881424
195429411 479179512
696607729 348565428
456198778 19728168
312739830 292424815
866530585 313991906
839304353 694099647
3587094 424290857
678609088 556000236
448837616 525580576
324459176 176645959
495974314 35395126
885948050 426397322
316347950 238578598
60374386 663489652
361948062 451198644
366078380 230268799
654349213 811006617
807481845 564474531
257508760 99876155
781885529 893768242
643115613 760825560
763861991 523752747
712837810 383857535
777803733 880736240
947762664 96211504
795438251 737677721
172767811 423321024
470478967 712252517
281844003 765893793
194448910 322441771
607924706 958454459
514629138 979471352
996944578 490538640
275870754 79339046
848499694 464214372
474957912 190212969
195900651 85307594
892231611 205943638
188713904 156754125
478972593 227460574
810345969 945890626
650784808 366572663
498056180 46258410
468451106 752897573
402761234 311592681
889414768 219105725
741290327 527301635
517101072 340143839
755773475 838615175
288220319 210412876
237092240 427315120
454395526 373474150
370546409 647669893
696624641 366394923
351520365 136429915
513997407 570328541
534874104 806570538
448143297 316721433
837194222 443720319
469392204 291420760
48131570 28115596
711323445 221134920
782401969 829646315
90399788 88852004
689893209 788992728
414230115 138153079
511924518 283598272
740234179 739950655
469781089 201653644
57392594 865325071
581147841 207198874
504644171 993479220
708450627 230252912
630543138 268381702
7105865 955015604
335104146 149818137
560063184 873762601
676406655 898434844
48554772 45001053
652140083 822698545
706038578 209956377
341805568 340146401
558475666 279990024
203392320 537651127
275273812 166288599
129448878 299416129
283947588 327228212
883922678 399304896
554286086 691611552
794950957 627227163
212405837 894147679
503249020 967415649
276498810 271436859
61530192 53991561
830056850 967979877
867977220 506342584
360617311 784104261
214733482 670321273
722141834 819096545
500988800 506321533
836341207 748120477
33853381 320683155
723225181 551150303
956630121 358946094
104728152 763356793
587564741 954715853
553932674 987745180
20385019 787578998
279938197 26002377
256860984 610330096
9374762 260721121
68996272 301837153
868665276 230169323
944985523 647305646
321731828 74386473
143336686 282371600
303105394 155022717
76878954 786687164
568597540 669717389
778942082 540437279
415705007 850195774
420012530 904330216
680857967 226101640
371244878 982421293
487781265 757608421
88844650 498681753
946044106 310971169
917771506 304565290
885708202 966256983
577317165 314033447
326525917 5729342
867892567 144276567
345196674 291556775
598723714 114777986
624524423 390269506
625126877 788732844
473923942 558458679
220485652 254838316
556344022 472270863
453021836 204881602
641642067 440985776
692478309 203662642
441054515 815075157
470760358 153440200
11088694 292457744
184243073 885171272
62185983 974650385
747357039 307019363
354538434 62431330
323486510 457748967
790774585 629184451
963787176 322026647
18492678 952361351
64642916 584522654
759672992 269239163
488166976 2460225
424795902 969895195
925800313 616579679
337967800 176326663
939612337 813802728
313651867 161004565
572861372 237642207
973596508 929401271
466294779 239937348
833183029 160720855
207429497 913489514
862329737 460208785
596148550 777017403
430207445 618055100
294951594 938055719
239174675 540608444
790556057 960853411
864848301 921604749
726075881 509373645
398054277 710385617
39780785 31461804
608846725 572927680
300210501 123311755
506078477 333240101
900018071 254689546
596981473 808076718
842930473 783783762
459150891 368357915
204611421 236959315
619002883 25852795
332771170 28069684
123348993 224772053
139797690 392790924
192331263 608905567
771798656 486210308
572535345 17234995
814360784 363145418
439044307 275487634
391623485 572369340
105462258 870509733
837544488 344906633
145876287 672860986
971609920 777068118
869631845 68272094
852427596 656511537
475513917 308231739
766654383 782582854
305263854 564494271
164568614 939884990
708093511 835416361
180799684 45773445
93116128 656054788
76218099 899171729
635045542 590681539
8256066 80283121
763397265 555140157
417841124 634436963
475333208 192705848
235984191 828609019
540003179 942625977
739196956 201642875
532613570 284266321
16454083 657589459
84672596 422473757
278187169 763460324
115374400 14334815
477335702 874142216
861770818 437611378
940978767 160832218
247622690 591141993
462302704 26978231
377939962 828439553
774269403 780084695
529392531 911387615
3550997 819541904
964070549 588370734
432342532 458404252
430032927 492733008
714756074 261696497
533406505 413985861
996092666 40150830
183266776 756289831
310048198 335542914
91192460 170437992
108298943 441638308
235221013 884156236
567110791 622266782
305328453 339661907
611925199 569402343
88735825 935158685
796558884 972313424
672357770 515036864
125778040 286284965
96406805 832758442
511575594 584210587
381751275 502870685
937753670 255019924
508640106 458955861
202931337 341700532
599512851 247293163
65131775 590747001
373081342 489413669
623853873 896854981
200401634 642344787
285096622 553210201
168216748 113630950
956916519 759542061
785782111 244413311
419828843 153669807
87735981 788948742
712577986 34849434
896430015 404062745
67972550 542689906
499682547 370318771
531020335 985720630
864410673 679735959
496340577 971526028
171314485 422860290
797809026 637258533
886794522 19974640
12629679 419933547
349956281 648175883
162454570 202612334
827830243 878253985
280364300 726162588
733066384 175567405
2188824 459187528
924004537 989012080
903237560 235994875
878116430 318470805
509217150 431153254
399223527 738802493
508604006 17103711
90692195 819346774
943307093 830483436
504613038 892250757
714568939 888106285
225250477 516288248
998128436 865102390
875782693 397667302
559286089 410013512
919262506 614443778
734820891 281269493
667904350 530501027
254484965 339825862
596619921 957964973
980158540 624662244
547626025 26319868
681561868 197311184
111073900 109301989
501542255 480050482
797609031 766178543
609684942 600823233
960147528 323415841
392989152 931612954
209054789 272806007
820304997 414034000
675359163 534894999
132406396 863115282
800915994 81562737
696650508 847233363
435443544 975272875
77330231 185802438
795894419 742011922
179932974 485145875
606294006 50945469
215961018 908260491
346290508 933526499
126738331 703178713
433321570 309133406
895609539 805078648
223504715 423821336
793904107 219734819
934255620 587344729
857369650 618910717
293781811 558891029
571864895 497706089
7136846 483507618
757674279 427355261
351215876 536101981
308142225 19523251
134854006 660603457
198479827 816785931
100964251 760032784
668206295 937006192
415213210 903928928
171178173 761799942
871668878 829065331
477033385 37961211
818074500 276979573
292490686 190036843
316079887 985533865
198807418 500435639
751290904 237339922
23494495 256268903
723468943 686159627
400231014 920460770
969612972 347709646
627242082 812301258
724269225 895426535
769352888 616744372
817608723 144786583
732534175 549532337
983737046 757160125
869928948 682175832
782171555 987320904
520030480 954135075
226851461 550190552
290137741 543310740
62051254 321179736
839196238 611385600
496491255 209744982
79608288 735909588
352879390 521039000
394205133 680351935
442050822 915797671
15247752 531194258
321158417 137047880
492933856 160080604
550976986 329553121
882951580 564171282
799968959 928342838
492635019 109499827
678127675 377610388
950605774 779665739
664179354 717921359
676906172 935564928
764871101 533853016
284380638 491215461
238671774 302307925
909573005 125638664
781240888 449566208
777986449 401723767
621929348 833956180
84802670 7040054
846937210 963764246
429312844 24840577
777843424 694753281
372624161 797792919
605182933 667910834
54126905 366849339
813767162 340466486
137426936 381962488
224453709 668431442
863183040 421757143
864432016 273727539
296245910 154426842
525792037 244920144
528675888 67823018
343842570 834322423
921022914 65377412
286797430 112401430
971407445 129783962
806832241 485812319
934712587 348430645
849981723 910697783
573107890 999646265
783297702 584382853
473238930 678621926
470896978 73796021
229111817 279781166
293409471 972839010
233931639 34298489
224904420 512032618
379151200 563034208
629968980 704497764
874296050 189476563
69804150 363343491
164101877 558341596
599427482 138818471
571982962 576362530
338578086 934792687
478878064 795157908
299148705 738408084
467764594 174194301
927868804 187279948
466800637 82591503
218533807 681072255
584380025 409374889
464360150 567759362
734646908 196533650
797322894 5745223
798558918 434026661
117463886 630560917
335421812 876461521
318579021 921800615
494657364 211751642
407842909 494676997
343189775 716032768
798800930 205196715
666064677 891395346
348132875 350269914
978298710 333217294
95841434 941804760
186911623 846530348
711248511 661249004
265473591 636714178
681570413 426183998
684901729 736255310
775783280 871019512
955039433 695588925
129087617 927320483
57533000 297835141
13592452 445017427
768570770 148725940
259390742 582798791
554817155 603832800
207256215 822849955
839703081 104316926
720200165 515077696
341237843 476888023
555584374 80571374
357545256 70356296
80891840 813722475
416855989 840509854
41949707 825603835
979981787 908505598
361661567 42659749
125043845 32223012
453589453 594198671
914392947 469297843
6946552 77835574
697750650 278873126
501440271 134164682
896168158 725670794
147543603 563781805
371164649 185804878
765260702 893389604
638817162 638794792
972403825 441492035
347000150 879491547
303224972 970846024
840432484 563714623
682705775 438961994
204115311 987323449
761366643 392397767
755923333 49534248
153277874 585099083
585547744 180384442
745527856 237956088
15343591 634358846
713330965 688520519
735474381 498473076
233793241 146207435
899986023 937887296
326021047 278967974
966826146 663989358
764332290 192382278
154826920 575686138
718803170 606630352
956786067 397022504
323617863 762655932
62573171 856630318
874480401 867344198
4110112 83581758
243831324 991339672
699979892 701132986
591808262 933852583
369671290 801516034
881240699 723890596
758947259 359671914
711551174 521739586
281524653 854050098
668458523 333756722
295993773 679190247
12249424 915398591
66627373 664701177
618198741 99792142
676249655 878007839
844721563 16285833
347672877 43846477
998429881 886960275
854776386 849719689
783596539 904906854
363142750 136084230
54458761 201936503
840760233 588582325
236014766 339292160
136694210 452012905
215752604 917050498
875787694 681215838
398450625 304433766
111396805 497504455
566890159 111229068
92342079 987348198
361234238 93750219
426332567 269887796
348301725 147835395
369868754 496472863
142317994 861838579
437758623 135421897
721114337 433884782
487133147 706795071
705516004 133634021
700418114 713255713
926228143 902735564
455713078 964085205
346752161 417858150
801951653 914287163
83361202 919280477
51486060 231967012
802781844 535201197
684813620 291491245
493308566 159677011
543202100 14267638
253913247 74713359
69117756 834578921
499403789 266598230
84870909 804986725
668599152 649798170
245988000 92965092
607209224 247509163
805867597 927000728
42972198 128480778
60319279 941312824
430754302 987085848
772946873 787982779
74618215 410746156
308584033 262046838
534546867 521603830
952469957 774695132
187111478 870300530
589333613 535967843
604671196 508450005
928760927 851540683
464897720 553263946
887807617 183982687
761090776 859879858
697307964 580018441
543480367 958309414
153975010 821862114
811004709 802480126
381518959 715631284
245717750 54015148
205563624 978432130
852237384 919711795
556044479 942461257
469307623 774639880
456362797 726555806
321666971 160595026
577243462 204637978
834648267 928681349
34443129 129179411
941009777 7878938
107868516 787130598
917450042 935249556
459310777 313752286
786586945 330151810
973872374 742368902
790380790 904755682
311816684 700572594
375847790 999167087
931266116 322745028
598994718 874908639
619184283 878038600
552371770 442231943
141312470 572589100
126422873 224502162
42697223 841529128
465445690 96846771
522312461 609936502
669403004 252708398
415200954 444025693
436343153 732690766
654790985 448274164
986648666 759724240
236355677 450757475
800115643 679411983
834271050 231998876
226544660 991080342
74560296 216391053
335079450 768960443
381262147 642240958
454316217 52450647
73762804 734754557
284322781 256123610
213630386 773755681
880105518 818888973
988655848 867000854
586744677 228787862
677339607 691154432
533193304 674171396
686604460 888312729
662638489 180746066
731276190 952651970
653330183 254186965
705680903 37683128
461133816 71134059
341954839 403905292
341743386 5582486
893130804 285733223
492366139 180072884
965656806 126598894
470540627 666148506
74866602 151598170
343699829 237209396
242790090 260530394
137511331 46129840
76296755 863792114
223459122 848435017
210270610 650068078
363749792 612247784
724657152 189712471
307426996 18843304
944608454 799908224
670756937 210242124
343381197 367625003
119404261 848977480
562412771 611385547
898072841 209013521
537087913 152938304
654046380 531845122
15963040 794541471
558050859 996391721
397470005 583305151
34816705 886896512
292622028 795621518
701944979 249393477
586918769 629672042
739022496 74221481
837949051 949150138
64734480 418372532
716102145 395612432
410712927 621941480
443100082 864455398
523046447 670659087
468816897 68270792
223127667 234921542
367991122 218725349
4394482 728668508
522811013 681473428
581578113 393592674
47859273 96840616
501775378 462555407
634121580 523805080
694674476 484565526
229046904 325413460
181862411 512415945
483461053 430201596
307603262 574510346
126884012 50639946
1343444 588276983
613684593 960465624
332229520 90034496
586990606 9589803
451552900 505656946
875429847 266035223
760052408 244002226
246464741 851013504
293842164 407272207
333609895 901078505
202350326 481092953
201924598 642449564
197851822 433359593
636487734 54506483
640735387 1885793
48404973 918519222
534110968 852931301
91906577 191222166
341371164 197901895
797694379 89844434
189079163 845156181
928208354 187328970
547934815 939791463
238767579 556588642
450823066 841367811
31591397 885269181
829507359 693364624
678051516 134668159
28249140 878473274
21725860 678906599
153258690 112411963
112378501 544995904
136405578 685436481
867968951 637523720
411669418 330699661
371988873 287751779
892745096 310396361
25731547 887159493
39678706 943090834
195537548 55716684
738929959 115512952
658594298 235464427
241224586 627648028
134378409 751284957
893896004 605925504
435329356 768286537
677277466 52271543
729740288 406992351
837204698 573551699
607911546 511019751
737348702 4944195
814677345 534448453
139025153 500451866
385708868 705671586
17472556 120907471
503848027 688590069
870040461 155960157
603891469 289362753
730069888 570142369
755439172 45304200
294340368 265452038
913852987 570101866
101888942 558651081
573458659 169307226
70757220 527379158
595522906 464708386
103980800 517382051
985281733 771978406
414898826 276346705
643077075 393315771
484022940 805556755
342195031 58416968
974059844 463172871
711171875 664212961
304934137 958537738
524334235 912706276
771735680 242562216
722850255 46401258
202515130 338627094
86799550 273521111
944925390 539348312
421854403 287218577
361717805 141124906
620098224 992908254
604267900 864579253
208465998 685758583
884116915 761446747
668353388 712713824
947076491 634326565
351843165 302090632
157111368 160728418
535497874 528266393
905565469 216204593
905908308 978008688
41952047 54956792
308593891 24308782
776398818 579856568
571534301 405596300
457066004 638733066
679417928 130626133
490883465 235931834
724315143 440389109
249132796 435918586
713343600 930470997
328580170 210288095
89335196 624350256
937421746 554879499
56991880 599460286
50968046 768049478
474960901 853832352
940647812 686089454
779191428 760151399
506784145 228509813
969491242 867350675
940979759 782697073
428796002 18402938
117978540 718593376
404684787 60630168
613949338 481469104
293235840 936896105
442374033 377083760
294227862 903317110
573357242 875384819
805631141 401288176
253407194 635157405
579104124 881238550
811435059 156755656
447013067 45852004
887951327 306949472
607122525 211119593
775433499 640950755
475902178 712137446
559204558 924260363
10549869 886907993
220075971 668837885
962940349 906704208
933946837 44180771
938742325 972710114
260539102 813373508
617889875 943632179
968665875 712509029
443305951 252241124
226019248 205663048
510350284 964098260
184084614 120346242
915381711 457729905
575646972 490604170
408773551 241675166
888633962 239296852
516304857 55993029
697643915 829943748
739568534 81640737
348870520 701571496
980288238 81649645
130364103 414558912
728300609 616646735
437927795 889750601
393324159 178335896
399517394 584058510
561397787 436533778
749201936 262126680
567776618 496208598
109128207 958621482
160408408 124411599
332652565 408475419
542219461 394320981
78865772 960399597
66611605 616253767
262726376 448038858
616935654 762736841
952272702 492114064
369298765 339882781
944706445 728802219
267172632 536481898
22161257 469222625
581151517 978093739
795988346 979424376
804736289 290433818
918885542 967530648
380539727 826945023
80802777 869389957
336457692 733131355
861548661 602827807
125311042 993913428
57358514 131216041
395704341 31129982
149810187 35864974
321004848 752642548
987729581 967644658
57625119 745111148
472319026 104442108
217358386 886470433
840599489 729275479
839280825 448984032
125295056 911924361
4367513 633349862
657059054 738577404
394233677 964614642
547389037 960721588
471177853 91809944
977971089 795002431
146821066 549759243
760411386 956807460
184989267 493752879
312835409 600779547
689610357 526891308
850021301 812445109
129463253 156778177
32495760 842678901
165737687 790935953
656857937 492427298
15023382 725517377
299387963 855381698
485632223 498605153
507017819 569067880
284849674 90588056
402936658 396516802
681177423 914052805
126175079 879285163
200041803 664435973
914513673 830473183
399137983 707352692
767669279 816325763
341401495 47264818
147668992 998133483
119211358 672786288
529335712 681361763
599050740 162994743
104786831 526961827
528264916 54271456
537119447 535331824
895083101 341615982
368701986 574503747
649933953 719684227
555484164 371076687
541006849 285320400
5534915 179355684
8428875 4152846
751253415 653760525
769893245 825678991
892877696 524340666
133344031 380634581
847500252 743504898
298635536 359243011
664339286 85285684
52512833 226871557
947790126 841683688
56971240 706129442
485206849 624449253
966903643 299610601
316351229 741520348
214314871 949365024
889941761 253335399
62788635 296965235
433821452 457758275
76992295 630950091
644957217 862994806
217374178 801016731
872835246 77431013
834471098 472273564
817339861 788723991
902732750 95203172
720523051 901109322
545771262 124950176
50790056 648253192
844195131 12685444
327519060 519342280
257635087 58185664
788806303 605065025
777366963 256665679
771104811 713189273
289140529 332402293
610872733 782956383
623576228 798859431
862315897 979571646
752177050 968896558
546584474 354412266
666189211 682097970
932886668 792363402
947205764 579749564
664934176 891638737
9823795 910852537
796915657 693465140
801308373 481405560
470279366 869826023
655998384 444382590
495363392 326727806
807601529 939546513
299523047 631398143
791713863 998186238
923016963 464514855
280974188 197568221
257538671 752651594
426472648 957636032
132769877 852534705
442205534 961577921
463983935 872668480
14492985 988017228
202021671 834294002
202608584 425852596
232861607 244578072
628621443 436066559
985405529 25392784
386959551 887142557
810229742 248852568
711955653 395266243
35463065 713539733
316725456 30485000
308697492 545705430
126322725 426690661
670170708 16532219
455891401 532045787
249777257 296929084
937276311 721927622
945211052 490424190
391587125 495801857
106485388 930581744
110718794 796856742
183339028 616853054
390115985 701485588
832757476 596504017
160135603 87420684
494562192 794594588
895400040 915130355
211630980 691677209
267898336 33490224
160290546 928209162
608842761 505279846
448442538 556310280
712545401 814313410
384033683 302541155
395290809 917723808
580817371 12202094
689224332 610475069
605703654 923193781
106683250 818647483
346210080 280848887
856603302 41664935
654630102 840825264
560457790 29074845
542397884 44368802
808052271 511898341
714129032 15209370
701906925 884322826
451381712 729871824
18981127 512700280
109922372 254460400
97435301 330588860
629519659 251992578
456479782 772993861
485273419 995649690
737092726 110286783
735095489 77120072
338620785 413754075
249874215 644620771
132520992 21877607
510210153 155474117
232108486 146194334
454838295 46128862
405719639 92255348
315576758 972530536
659041763 572499679
744373209 903406086
286768673 533839732
860897864 201602305
923293840 836705903
312524244 288999961
722027869 573021923
476378071 963095142
902166063 924121935
748239517 752485746
497847166 681085976
570197832 808351603
154675945 148618515
207099661 710511643
608140630 32246413
341027886 867427148
975735040 664868132
841954070 452869493
612051932 494672935
544228321 779310128
29956078 22166808
873561995 777752216
779426574 149813911
876901701 9226703
237256505 314120116
118200071 26673923
710758320 236239669
711542248 748489358
820866521 830210379
204438024 567108156
924598954 557260202
427873750 714138928
535360217 507035153
192490945 431152569
391027344 688570952
938236914 191988010
961209609 92006397
937083273 747132096
405566005 697469249
445172653 954321516
920240759 433747017
793171522 969184004
296398541 480817345
597154092 475024122
631757907 800972519
835942099 294964692
31336398 604477470
854828057 561659113
12115006 61567740
30170727 61101428
31827845 667312304
415979548 633856867
935327742 500508349
790584807 384270564
15426824 300799531
310402989 842251024
477041332 771548234
623491889 595845945
261375779 845887186
772117484 909034099
303817080 651329745
410475811 349993804
143296472 517184743
713502766 314855130
390541253 128780565
705497411 325404911
135891368 91517924
977726686 623529022
125975657 412927452
573368549 831082609
569945468 995320850
456293022 778962706
144552198 82060570
367798825 35911694
785360504 451170164
125458228 947371777
291379871 133945346
604133953 310097206
214898930 152677967
776869634 938812594
382277690 969621330
222518144 234580960
272758336 869366984
200431315 862941296
291133443 448873278
296186303 736711454
53485523 90324860
391580739 457950342
575274413 911474299
871566346 564881595
2662983 758882588
852023062 929589128
902875545 195668372
750488603 525237794
734946972 321538025
939518098 836045903
35820005 248407075
731985786 821980424
271894389 58865013
965179812 505758891
618915719 304380641
708108861 252478139
82826600 266704421
460880149 343448593
81060357 531506078
890463458 303816216
998394386 393509053
740532876 299783831
647380511 419692341
548673384 6290164
170118781 786121781
347110147 480704658
271332738 946159241
381400873 656090515
361596472 173345466
322502382 45980702
883276643 824519540
589315607 794545515
813527770 587311130
706706921 786724358
28839921 205987770
635000003 834855846
349606905 678891265
718905901 644565354
480092416 653790117
903343169 649798769
643801078 471304042
189540777 731588115
912740086 642532751
714797621 157603162
91505036 682643742
613225275 610161029
292310630 845374938
327765967 915347261
465155793 14486529
712356807 15725955
224374703 778565482
952237851 264047421
814427690 281696411
739036706 181137501
184169585 416219586
198154753 490436156
17850664 973163642
463436417 347696030
504776179 581186043
128913168 244143319
864047591 326127166
749439075 204188503
496398237 736753475
7054442 931365578
455845102 61641078
817274286 146597594
284160180 532537260
675819377 560573685
614537479 56632192
515291877 489175954
173674922 802877558
983793567 528721362
905252084 833791416
746844674 272551976
866050366 260465360
936846291 944607494
500566580 266308428
121624080 648784281
511458803 598959827
272813793 178105739
484890783 928007507
473480823 91781573
446532015 646004138
387333352 343827227
428018144 351473266
858039388 952282486
729773988 79862493
507643261 521368611
740752912 362121440
543081667 166182406
625956223 534161725
518575247 490995407
202272714 532136647
639538207 464482101
143661410 722776884
352275263 244333709
654319371 358481380
173772755 273029097
155510677 356198680
501257172 438346231
118558077 397878346
956392940 174692083
36475099 208953344
368847978 411003978
450765663 379465923
156524854 274488472
47593400 667401819
336558789 560905750
945439274 863819150
415089619 783625792
464064517 860047529
978481983 186467997
706696772 407201312
855285735 862129085
812796747 389703584
986872552 154178850
62649637 755557455
72954067 942286832
527233357 57218304
688120377 645903327
778450777 781278008
790799590 484988190
129653657 414880004
183051892 753198205
785163422 749610793
590462072 853484897
206112757 278048585
705162975 95246489
927310240 242444724
122058965 214004768
975577089 287622414
552478968 361372270
531627775 52705556
716072049 373778102
19071714 98730645
46873841 100312241
102469637 963202033
114326512 852313807
984416574 267169124
187356793 197931598
914726499 986411370
493750665 262892913
632236448 964685279
991982609 177824061
716976131 196060463
824265726 451313851
314598994 736257962
919715888 708865676
699964475 391344803
572567892 932312674
537052852 739752260
232955439 230930765
695698638 135866482
391895540 585167152
882314867 351146897
59269959 541870260
867943757 548994184
13982059 949936310
670354449 938464213
916475249 155552810
244697032 365322659
566811155 173965881
64227752 62938448
401207337 320131561
150727468 898869371
226372915 513029984
383854681 839913845
837334830 904089867
184617543 154354641
100394775 667496887
275445777 890683333
52261059 259558980
960098539 360996269
584007351 945098214
468018448 485753922
293031495 807101705
56049023 424850980
553805494 540435643
267741277 83096596
228931708 310397914
243203516 170986505
268403849 436717957
312759655 42349738
362205367 816345665
42838909 443566013
966803786 295764695
711183705 722599795
176515538 442260693
289960498 723792636
920075406 936826829
969914562 511075831
372445871 536242625
710330335 244830056
462726601 905538856
595103590 537664161
653122086 638733635
735532609 64447685
608889394 944325243
222287435 146504625
369362565 511418366
684996631 339763878
991073227 35888928
326275192 820395789
469492101 276425379
945651582 783440707
632926753 42279099
817040821 431603580
174727185 773303942
599695786 294838113
741960945 948642028
548211139 173204136
37041202 719383481
221726786 677678341
141732352 766072792
775645799 179977827
487325145 361299525
728476067 691605024
123716725 398504159
143441669 880594354
757798511 506330686
480968891 108091686
532374451 320168661
366316186 497138847
905034912 90815293
862747041 601581507
87805375 243490840
762013531 23987485
165238782 838626123
924255651 134407052
966526564 245053739
322597370 7143941
415509636 728542222
373641612 299342619
588130406 656482843
831853487 792267907
913573342 892800327
461693545 517139065
663936637 766799054
512283106 722074330
942872425 521831968
731447620 968916472
689841475 409148323
996469121 849669791
93323910 743963803
811100507 118294693
823788232 589170045
655753430 674918257
72419400 728498010
319359212 56702095
45190305 148468084
560281453 212893263
130145811 35066791
417656911 283839612
11631292 166637560
978889421 345969311
32797205 249831342
621240773 220416978
655222404 2982026
51478315 145293187
59876664 499540379
71611266 246659173
683244430 405037085
623253054 460098889
496115207 357424297
655548411 691452125
695616740 818194014
94333491 532382804
16111465 274718500
987373629 593180045
54772266 400140733
850165594 608720947
24908169 809244543
682806904 507754512
896195591 242689522
12895205 840687803
824331209 967926505
302242343 676501172
647554989 970820206
735197842 666124312
974572162 222154093
674652994 966701206
313701456 17106569
471268543 876861481
230857359 169876684
579186598 119787845
388639966 440730790
325072940 263733809
100612612 570718330
609712918 96003976
201956591 901859621
889958850 923547408
822271376 617416553
988653203 102888660
491456198 928741326
368454197 771490874
744569419 45777735
187981314 203495478
256057103 991045204
595857442 618848767
916260668 372345923
381530380 118601092
840336115 198935788
144922154 529803611
857141261 952263082
123976973 514786923
893840129 676445917
417756629 192229555
222689643 213005288
282934309 191683324
300953699 985195619
146215172 569790496
237118325 925677938
612430265 740710494
737363543 703610560
6544796 546319917
155099930 763678210
224074966 364812472
857635597 950119610
621490410 83539657
762883423 617682702
40778706 667137566
121119891 929743338
146674049 417489011
644579517 810388617
457980078 888477800
974337550 98247713
17751762 56108017
607216307 108507793
816328738 394327991
98971382 635089180
550645891 623657792
670906920 459416908
971091642 346057762
570713106 394072874
858558517 689616488
344634060 409401267
975127360 833569009
553049262 458510204
350056515 443741504
228976963 743048372
616379867 465568182
703043812 169116885
862586213 369355967
345632425 970114220
12547397 910780598
508166037 505182032
139919858 585488479
726080997 585534881
450162445 610886663
345090722 976668003
729125291 408041421
481561961 346454937
104258474 362990216
774411417 205291384
343739181 96926755
676688420 324699488
666295251 29020005
733380883 312454621
665300900 410055461
945380574 385443079
844957133 676135944
104246980 918563546
972847103 265561339
570588590 175899471
269366358 46309406
925723017 482083327
490484573 487739001
6199925 827367034
425103663 490698410
916917841 568817568
6747731 664548281
779387602 541364785
465347982 103907158
455589051 662159240
403498305 217056439
496614269 212407647
507932013 198479241
623468245 540467912
239464889 138615732
751452102 737253151
568247262 97030544
448960292 238588025
130208063 381267969
524682683 516935697
270114668 311848556
308595162 979267309
968471873 140102602
834631084 265414215
699673472 142837833
927946129 979226015
699918614 310875476
33864115 606604091
226475161 797571649
452238834 707591957
676622989 731527535
731059017 641110988
181778618 966150260
58819166 689459390
894644772 378532748
154839709 794487511
420406015 94217138
316062527 883673730
900097634 858759743
975031098 645683082
486205275 346514712
670285702 174136997
497763114 57191923
656116527 531000171
334904275 610843938
643506183 243816998
976276414 319512777
164806285 932587310
990596701 780562999
398821429 144357064
307001747 870962532
660340270 825189628
689138961 937073755
943531582 211497184
612999879 445489164
781179395 753462829
701116802 738510528
248033423 857282462
652658590 153181316
771713200 433177619
181388925 44320897
408154127 361226445
248934212 653147072
846501903 367225290
508603053 672471446
754788911 85903521
88634774 856887831
493086226 304718353
996088914 181942039
977303347 202513484
894109909 174670765
909034486 457517622
415706766 101869444
755653789 149520820
510508412 827037454
252193175 409902435
924006915 377418142
19730796 522495101
624425696 476187625
835635609 401751513
82608481 922072156
551945256 14898478
554768151 970708042
982650777 310064737
25640627 276411092
358959143 876978386
167055699 998473254
559821753 74284872
989295364 12938491
726963413 180870626
475304811 957495693
816558136 169984634
367990750 259528033
822325534 29931045
411576189 255965036
250158096 974084518
348801979 184351184
164100255 956637433
294962099 154606513
553309394 354463643
67925732 42037985
571772500 786425933
200919373 232948518
12526657 245927336
685498479 427040790
48266496 867615176
263866685 920884446
823791846 109933797
572476869 224125670
184508960 91838721
607714872 378791181
875784932 586061103
404461334 239083752
394099868 637247934
641366652 837454589
296464676 537253455
849214683 282557265
305562821 387942447
775661411 183791323
283395897 472444667
393589576 188591977
889546503 790963701
347798293 222215321
636940766 508972323
179645658 670172296
257343153 345779550
855337637 101139160
198727514 315823266
917825909 493355185
917489547 866697848
135942315 266585745
856416414 193559924
710703440 320408381
301550626 365949301
431412986 195068247
675311309 422474969
358565376 485064284
964562438 53487401
348698219 668036007
557498656 283358878
134401826 8934071
645927365 130192439
305747524 816465498
353079062 318083777
586154747 583447476
391852264 306613670
44892993 733758812
104795008 343562468
406415838 529058921
859067587 929043942
12954777 845580051
371896249 968756575
620244736 176320109
293884112 592784110
790400788 820512493
944793389 970478406
409471228 960697309
945704362 346824168
349857009 412890016
211156232 329331198
749699484 474314704
672339202 265354572
350208774 716194281
103194251 253515137
357662089 256138238
843739603 965736926
459337009 168945409
457125260 629291535
926184401 543104345
172199805 753980561
144323145 805939157
917468979 91856214
803177333 428650355
52553150 620933839
742805411 542344039
230863044 621966382
753308461 235765699
486660282 245745799
617510047 662988938
995766349 180785919
863064931 25795718
687088144 251066477
772729887 678933347
337319986 159695129
98405113 407026279
742324079 260126834
51992379 131069268
155669093 318550573
609726512 912560068
333087717 91159988
776033706 487569153
505967680 692571932
213088261 426656077
183518205 278284525
310496691 159167711
40968382 104579179
743499029 883388460
544987217 998510343
698500385 267154456
634782365 353420973
970940003 790449449
288764705 455227379
695344926 238509881
332591183 991094406
58075238 187441036
943939665 230382685
959921711 61459578
78893122 957590390
308926719 638123134
798387455 709681978
168962802 8337786
518074206 241298129
743702131 648648935
33889926 122695612
749963663 702056913
377208145 71706164
935444926 433953699
812154125 202627883
895738119 262126707
274272792 291782596
33475730 250489206
814574472 922886281
524999636 916595235
541677928 641136630
672983240 112263519
378245354 300133658
308362600 646077884
173777852 638650972
90656828 829191129
804646026 917048699
575990015 685983095
119696597 570838268
634928239 149795315
323296836 909516808
816706753 294532175
888890029 827841016
381809845 190405172
645675095 346049119
77180167 584733233
750144190 786643168
845466826 345795060
383521035 318620450
736664166 616061174
325983883 46129796
549810463 17049603
31711721 90203203
861241652 733119258
192462669 655898287
653051519 116507090
896853650 761553262
995912246 441418745
259932218 380962752
382319785 364662238
208398630 81088788
479597904 732140820
65168377 247040666
679236966 946143564
544354467 749829216
481323211 100710623
610594027 720803494
352943226 130829474
591164519 18729700
107294720 201058392
598890438 865929563
434945032 173672084
154754680 67793110
382876182 991902946
545754061 909052347
658871551 710499646
424751240 985124385
807170652 410700904
644977843 715034955
245527869 601401325
633379240 161850591
670499872 867996399
997651268 310143245
710046431 699684317
820825574 283222743
335763806 424044420
797513575 896909772
4071020 806887435
283869432 144397170
180295742 961419481
462679712 218910837
685240152 636474678
992863053 626357422
495857347 660651538
917264068 920991052
146104215 661176867
409517955 903027638
661287846 45947056
613490790 753110034
610178557 220670581
34942850 359775644
955001520 909452869
83224416 3246884
429462842 764443749
678904625 306758672
984895715 131130801
356744400 757340871
245679405 115021420
619139342 50325406
75684080 761557872
220133314 96804272
703978659 79242065
492233696 126255552
845643303 709807688
566885280 355548094
241333055 997980044
335855233 617655291
280589991 285048234
39193492 738357379
45341885 8353631
610061329 417132661
562726567 554687663
555963847 475194883
816896643 985578551
895426753 629164556
870041125 299219124
903038672 821120491
909976256 167280922
612371249 581153169
153926546 389372200
444681263 372014175
576628652 725309509
76846437 708753002
397999796 685171925
587660420 918487729
725310806 796003048
277859795 27990987
704596372 567736812
66127131 449522262
578591179 921054413
481625706 833824409
648087864 211839403
611131151 48220537
206814954 730440578
824992515 954285094
994254755 356066438
699342725 385675474
932807356 639312812
814409525 902174102
944412150 411343541
565376232 952434249
270198229 852086450
314022111 566874591
632998806 398235617
209963817 114184085
8741375 198235721
233547208 573565999
28359624 387462597
685940066 552584639
575562054 590816241
741144415 981692684
763768015 447210833
636288585 328995377
23429908 449143629
272183870 785662978
871343331 834954268
34802706 197357298
909062244 477318463
731373031 475727134
955249186 200756259
506564719 614457566
48044117 957924256
554133121 732106124
356303738 964578144
43146915 69987198
503536408 592979613
621642282 516117991
142815439 685949182
311769615 251444177
674871739 920222108
449864443 961406461
585071046 728010881
546811999 506652955
83653360 989196782
267400585 800730898
587968007 409434871
686940306 524428096
64620422 956748413
535262968 580701974
91782269 938253364
106476435 152081037
166181087 386995353
64732859 102480829
937531264 4504232
94928808 824442562
807323955 456402660
269705993 766554301
637798846 68565706
402236138 396996833
187867756 803641799
301087468 242109970
658099249 988575514
224335294 686859126
85848643 888512304
484215546 25927103
621830649 145268242
538512686 477242559
199144700 2616802
3142304 797780262
252647250 462183975
631897799 3943367
404870684 594335291
627805046 462019124
404320302 658268624
845379980 386154054
111458479 362946612
164299126 316825904
158579615 162517244
731619860 421500606
699689497 547325425
24878200 661651618
404410249 241482577
304988486 891541343
803761231 635262948
866159508 755261320
80109420 750836469
102355025 30660187
336638876 143501039
6201119 618931852
243000692 62555267
857288669 790231047
17660643 556981380
112181966 205744080
615900040 564697888
671667089 87301136
508583439 673254690
983055887 317162550
235882919 861912914
980225786 860133573
190263121 443503763
809328315 574137724
817777405 384272511
770012863 348357798
943320815 541860506
181501088 65216838
443486935 863609674
145491513 438031304
205046709 236477508
66195272 785926518
645215398 737911273
269130638 276766875
539573455 588503294
654926385 344415180
119589838 917908896
237410821 808364779
121401523 15618336
494607209 415145404
861098786 640927487
476950984 295861334
754854772 803752855
364715185 589655627
554861918 861854557
201518407 314666604
20725650 517444625
146348359 481151288
163316424 206018894
574629523 124014254
957314061 688589146
709161479 919584582
199903729 250131822
532731437 933701491
271037318 254973461
860191672 458888178
391630393 692934761
364047108 332312401
478496678 214709074
772055771 800153067
703850843 501121414
109818994 141120738
725479448 720221660
929903242 132332982
780503084 573971469
35426464 158449965
18394775 360233625
836975372 946111018
845483340 350392238
824434552 872415335
459593953 513707430
613743672 330140703
697770192 997396320
434814293 786853761
592335381 27593713
841249570 568423036
180656874 906629424
158757243 802208764
621524909 537613653
151047176 618053603
286890346 639554591
849207868 362551387
517226451 212072013
419010811 660458778
938102078 910632594
318300124 4324262
749940066 747737735
484390682 803316868
757480460 861331367
277887880 696993616
510795260 935070595
984755765 490146029
541314547 57882924
939840396 868024361
106817962 697736834
573018087 458326163
929356620 123285963
260493807 789645558
336771955 467127883
829266737 818611466
439424537 799295984
378763021 771620753
603822808 641398768
355133960 578970290
884298346 174524812
922813600 115497849
838619524 99236234
399767640 807492896
465684281 308158584
572026444 152584232
21113135 199749692
877829574 826359622
371577024 733358578
472495158 748163102
386080883 201264704
739459499 309832714
864588362 71270465
597900129 928799789
365954100 690138562
585010080 460122588
827780391 461185195
290430995 48910507
432616951 957210937
521248499 173742699
260390372 232734950
156314936 531542821
233378968 642813457
780280053 116441563
776769088 703433134
311387634 383991798
627963627 649244859
179404641 110719917
15942517 428981224
502815685 196839068
72333358 950792077
971365906 590123793
455547667 40584415
363094513 362296846
943189150 877575397
731904054 911450128
510775791 868780001
279038431 874862875
454598492 422953249
57118344 320603600
978650601 836596033
615632497 987749236
244551283 525141202
623614798 123136688
42680208 420829204
983571768 47604037
376948533 292916944
864759080 120720569
203450979 941860077
25149341 553069726
772150823 43054578
645049697 883686889
53458630 867299448
28743251 80361529
828854774 151519
110611275 529587213
248487667 678398295
595582190 488348565
334581631 375192588
235820328 496700708
572954648 104987724
8116109 679304878
1700864 410693139
104049804 219569716
111351979 223075936
458114029 809320742
570103052 998044108
94819853 770280231
320428950 383919178
682126387 423935302
510193167 55760173
312170256 411642947
476209826 386605489
93957227 501805902
477684986 404367970
102217444 669862330
254875951 215666182
469240848 18988294
153599012 878499350
25063298 165195805
964445470 509395213
690683956 602058881
188793678 932147934
146155849 812181697
391858833 373649503
9959974 181547479
705298097 137366584
683672165 913228964
198816340 456334377
439397179 160724794
452486296 186070657
724220446 356868906
818139926 583317901
514909077 398832426
617389920 627951718
783332860 628704871
897328760 545741944
134238867 254124315
44555643 472952341
232451259 657985523
58727354 880725313
978237332 688972735
277470408 657107829
241423389 422813625
534141341 321701612
782301848 610773832
710854193 657101145
96734706 910267864
820646643 325142606
360695342 781691730
78249719 222215904
109977641 21330594
590835417 406905156
66897536 43697197
791630390 221447407
3612559 124713825
85405328 89585603
646937176 249299188
489312223 976747000
8390558 277511062
746626045 349552054
491860645 545819215
954666752 395605081
890149686 838807885
94718844 698465752
623616723 661391325
199567566 580154047
356723524 971973976
610565307 42054617
532079085 398473560
661784208 870777465
975445010 11128638
992236341 467221522
467739738 889606364
545330141 496833926
252357264 193886164
254298154 742120305
908029179 756334851
757687590 88383462
292321150 610210576
429775948 533846292
33728932 826653316
667481361 988279157
862940975 977760986
815693490 109134793
235917929 573324697
694615602 517588628
716017875 331404868
473617971 283309677
265602585 519744271
431704494 611866638
747709387 218518047
848474836 638583806
23703964 843855485
178481440 555018295
80388925 611327934
70882407 880323391
249031788 766338117
317304509 553543188
512338286 411531600
605267857 415952804
998555678 278983418
633780489 929958738
779448635 803434717
686438991 437606160
610241973 162616
119069147 707148107
579086095 726514076
783254767 493319130
70623653 428024708
966342509 277368778
51148044 445449457
96152478 183869535
795981362 26502249
494654369 100791930
577214154 10161495
628926686 322150997
665407618 759871907
340417603 669963298
764265875 122572414
771059017 22003043
696126808 165190804
652936668 494719217
933467116 362718698
378339911 32412555
90694735 205773071
874391384 980758952
164075537 219498125
757608363 55329858
374805034 117358399
118942036 942348035
771187379 199012836
650360471 319255928
838609312 405723130
99353730 868026494
84612386 208344986
346065312 30428116
41516259 60124304
819907068 59202265
189119357 652354384
669015694 460695507
732482151 158349864
359741669 258768536
314151082 190661850
949197065 173162799
894459147 174606739
729169078 952022431
146525339 417933159
258764039 564608226
127449173 401350828
649100602 799980712
687102416 448077337
205858174 949006920
597621223 977729840
263425837 886456063
911470985 843260281
909109192 62076499
661023262 11526396
532760601 108987232
363014227 870523524
549200602 682271138
955246874 308941655
696945523 605846546
658973017 853643469
245533324 24134388
347371547 926960297
406984712 625669549
926110557 685568790
750058912 333101840
256052645 764614795
888880190 841830059
864285632 466806497
458967040 891683584
816240635 841824292
716324748 493935675
316905316 618436982
202028826 937133180
376079697 358128835
628001446 218271317
603598366 804622990
698597078 321060212
939971248 200043573
213221546 275972669
503081344 215682475
73843630 749694687
13033500 138585688
796302373 475531860
745330470 225828580
153008406 211418963
6312938 33529044
389692558 931794363
51407442 319666459
732151979 552204991
404544392 853638030
900767353 600862282
885014728 439579010
661381699 559645125
255512771 350126852
111312233 200662869
80161948 60728258
861740624 339578069
187866436 983527421
220022038 814473877
919497343 628702334
90298855 505893286
788817913 217573855
372617101 124737082
55722020 112273116
754448286 702048242
983136323 374267494
491522236 173309762
991779483 310979314
178678919 496180406
832392923 526795632
259384115 954461963
40348325 185352438
680918109 37438039
96864610 131644306
551851254 39618884
735146118 301635361
558105311 464203913
671217814 104911828
125131585 188872475
467093354 496101272
677032992 145405357
268398458 746454044
904420359 519479645
338209086 111506428
176606222 45437561
301347438 341992369
767733123 79616475
917486271 897703497
993660791 420224829
441863996 44668474
157447792 430479298
825623341 415431752
603735195 965480936
54548847 83880312
25651746 418992195
848286862 939450040
855425010 20999463
72214127 696228173
152475784 298530391
244200217 794559062
779803631 957455503
384900972 133275076
967720361 133687471
683188940 155466069
167243305 722290810
373205386 450134625
985489757 243003056
517406374 726294106
612203657 353372558
31865625 168079384
935760884 823333561
707938104 733220828
973043669 198979466
99028258 625054841
103200230 761755042
884176649 273955795
892759107 464803603
894786695 174250090
983072315 418131094
631934458 62320351
19082701 410489538
389577890 310349430
188931844 255439270
159307518 906094984
985504949 654475819
40114391 881210377
582519610 72552790
962298043 195768605
40702013 538432099
432230738 905963859
99683072 653437099
674915913 808847142
141330054 426677693
13878021 404945707
991641009 890450032
895279641 657821179
419573702 450588852
949890846 800963672
890565665 556951937
865524793 741079514
154898944 151292261
692246206 782398577
497548405 554125840
64648547 364620242
249241720 692775663
453356080 96114585
442051629 785924882
186239305 41012319
602941974 691668279
913027862 909632393
578470448 463220986
340576361 987488458
448713998 264475632
932511629 908464326
547455302 55469242
240167565 45624967
338185808 727660267
999551064 730468617
123404715 180311947
820991930 345029614
840789631 476114622
413901972 234592229
203667071 608305994
906520507 249979082
415048920 744739739
123160123 874386030
393189587 588983325
995671163 783088343
822865135 442670212
848750096 66926750
177474416 559199569
378394462 766330941
554739570 88935921
596116205 192314348
116147437 859159889
336201598 521601111
306307253 19358018
63509338 94446377
411934998 514484385
861789309 293493066
431649379 996885025
113340396 94695796
844938854 647719408
449606329 977653838
888897004 875079661
948419617 291708761
179633147 380420847
