20653 32570
2 8724 6821
1 10978 13157
3 3687 6979
2 7442 606
2 448 14347
2 19316 185
2 17876 13489
2 14815 7010
3 11286 15439
1 10633 6043
3 5542 12721
1 14985 2682
3 18835 20138
1 8990 20107
3 5239 7400
3 20468 20580
3 7352 2709
2 5542 6514
3 8622 14462
3 9604 16180
1 19601 18053
1 8197 20258
3 3093 7046
3 14447 13066
2 3122 3357
2 11223 5470
1 17158 11821
1 795 18091
3 15513 5144
2 2032 5181
2 14224 20160
2 8688 4888
2 13494 2951
1 2780 8898
1 16529 20572
1 13201 5264
2 14474 9949
2 3783 15638
3 3848 13602
3 1395 12463
1 13026 19696
2 3909 7996
2 18717 5465
1 17997 3282
1 5696 15768
2 9427 1000
1 14771 8615
3 10226 5769
2 12337 4560
3 14802 9751
3 8868 11380
3 6860 12121
2 12737 13985
3 10708 3716
3 5172 15842
2 17567 19220
3 10363 7094
2 16951 15216
3 2324 2235
2 10714 11043
3 102 761
2 495 12295
3 5836 12015
3 11952 13037
3 19820 11761
2 848 3192
1 14633 9504
3 11894 17722
2 7526 16167
1 12906 14596
2 10610 18929
2 17658 11898
3 1028 4738
3 11894 1474
1 6280 19673
3 9102 15065
2 11222 19279
3 14854 11768
1 9694 16413
2 20439 7119
1 7474 3410
2 8761 13155
2 9003 3418
1 10919 11104
2 1255 10232
1 13255 10443
1 15784 10206
1 10499 452
2 5667 9233
2 14250 3620
2 17129 13847
1 19751 16469
2 18328 4574
2 17598 892
1 20498 1785
3 6074 13800
3 10581 13032
2 10951 19967
1 5072 2113
1 3407 4460
3 230 4687
1 19428 15996
1 17147 18085
2 19557 10652
3 14156 7017
1 3673 15927
2 18570 12331
3 216 8656
2 1862 4154
3 5974 5838
1 10270 853
2 9107 3732
2 2195 17153
3 7778 17007
1 17589 15382
1 8971 6875
2 3486 6547
2 14746 13786
3 15411 15780
3 13902 9689
1 9547 5825
1 3001 11209
1 12170 14964
3 14562 12343
2 11609 11059
2 11576 8752
2 4428 12446
2 346 20152
1 3278 4661
1 19791 5455
3 3956 7197
2 20286 6354
2 20653 9363
1 14513 19237
2 3302 13787
1 14626 9151
1 18505 7235
1 3502 2399
2 14877 9056
2 11376 15799
1 8605 7464
3 17649 9267
1 19060 19105
3 4670 7876
1 1932 4014
3 9118 11540
1 6965 8538
3 20340 11960
3 8353 752
3 12276 105
1 1009 8793
1 10846 13332
3 3354 17109
2 7225 18235
3 2272 15385
1 19867 19394
1 13379 11830
2 43 18459
3 10391 10317
3 9983 2276
2 3888 19424
2 15432 329
1 1111 20070
1 10754 4028
3 14391 14688
1 6906 11136
3 7146 10496
1 4271 18697
1 18219 19542
3 4515 19823
1 11618 10937
2 4531 13900
3 4278 6869
3 12072 16278
3 15113 9345
2 15690 1387
2 1295 11077
1 19959 13732
1 6791 960
3 13665 8933
1 17815 8396
3 5117 15349
3 7356 17758
1 4901 18991
2 16541 5274
2 10905 8927
2 19299 16077
1 17321 8244
1 16477 19629
1 9624 5732
3 5464 11653
3 11696 12416
3 1753 9672
1 470 15729
2 14481 15259
2 12172 2668
1 8568 14965
1 5436 15586
2 12377 4762
3 12245 7767
3 10438 8425
2 4677 13277
2 11467 3888
1 5721 5545
1 1251 18655
1 13439 7424
1 14857 1156
3 10571 10892
1 14735 15457
1 19703 12275
2 16435 20297
3 12801 12658
3 10768 9727
3 17244 5128
2 14481 15284
2 1096 2844
3 19230 18934
3 9789 895
1 19142 15564
1 17019 3713
3 18608 15163
1 8596 16169
1 16730 17538
2 7063 20486
1 2817 14388
2 10648 4748
3 15083 12737
1 20321 19722
1 19242 9692
3 17147 17915
2 15249 3821
1 6674 14594
3 12101 11120
3 14514 8010
3 8240 13313
3 7755 16653
2 12170 18340
2 9814 15930
3 515 1845
3 8622 11707
2 414 6819
3 2281 2767
2 15353 18248
1 13677 18734
1 13362 20091
3 686 14343
1 11001 19904
3 4588 19459
2 8502 16263
1 19682 15340
1 3224 4712
3 2306 10356
2 6396 7278
2 12171 19684
2 12288 9452
3 16996 12504
2 19624 5082
3 19599 4512
1 11465 8742
1 19900 13937
1 9645 4214
3 10553 11469
1 16664 18171
1 12878 12420
3 20319 16779
1 15923 8770
3 8660 3882
3 13913 4921
1 15531 3256
1 16714 286
2 16170 10244
1 990 4969
3 2753 19160
2 19360 3822
3 7720 12371
1 2743 8360
1 7979 9871
3 8254 15605
2 13652 3062
1 14069 12273
3 8119 19343
3 4702 1737
3 16672 5912
3 6350 17597
2 19615 18747
1 13220 8083
1 6486 1054
3 12097 9666
1 447 11077
2 16944 10887
2 17620 2185
1 19845 16268
3 12271 6933
3 383 11174
3 4372 6344
3 12420 8721
2 2751 7499
2 13188 3357
1 458 17300
2 8103 4370
2 8800 995
3 2110 11237
3 2471 977
3 9534 6756
2 18128 12782
2 5409 19802
2 5101 11565
3 12790 7457
2 11432 5014
2 10901 10921
2 3063 2792
2 18217 1023
1 18492 8151
1 8927 20382
2 1476 9213
2 8157 7552
1 8311 10515
3 18867 18752
1 13192 14197
3 9257 9385
1 9809 1189
3 11562 18374
3 768 9341
2 15300 19614
3 1171 9527
2 13603 5186
1 7529 2902
2 14703 893
1 17259 20254
3 9957 16313
3 7987 10199
1 3895 1708
3 11339 4057
3 6308 6929
1 9620 17295
3 6970 3408
2 5358 20636
2 16615 12469
2 6060 6130
3 10873 14856
3 14708 382
2 14250 8619
3 16514 4483
1 8037 13916
1 13986 9625
2 3410 14976
1 14786 4299
1 16600 11939
3 9841 431
3 16965 16840
2 15231 7475
2 9950 3558
1 13697 213
3 2785 8655
1 2116 9229
3 8638 11194
1 8645 2660
3 13532 17960
1 18335 15790
2 5563 7305
3 9097 9217
3 9487 11144
2 10005 18082
2 8038 18155
1 13179 4707
2 17189 15683
3 2575 17537
3 1558 4204
3 10961 19581
2 15715 5328
1 6229 18228
1 19151 16781
2 15711 4011
2 5949 1444
2 17386 4130
1 389 8606
3 16172 14882
2 7598 20323
2 19601 8411
3 18986 14177
2 14014 9472
3 3862 3209
3 10299 18116
3 16182 2838
2 13053 18975
3 11888 19747
1 3517 14288
3 7352 3646
2 7335 2065
3 17494 19049
2 10822 7618
3 1307 10462
1 7685 16351
1 7220 8119
1 14841 1700
3 3972 2403
1 1817 4793
1 19251 15108
3 9427 4978
1 18609 17508
3 19932 9589
3 18291 13675
3 2945 16983
2 11809 18558
3 11030 5086
2 1680 3295
1 4428 20355
1 19334 2202
3 13138 382
1 9723 18719
3 7431 14080
2 11806 10001
3 2116 13613
2 6610 20328
2 9431 3270
1 19675 18512
3 20653 2264
1 17593 11762
2 1775 19732
1 17951 12908
1 6483 1468
3 5641 1857
1 10867 10644
1 6446 20482
3 2668 7369
3 11898 10911
3 3430 16949
3 7115 15672
1 946 17288
2 548 8393
2 15296 10213
3 10821 18265
1 6420 4061
2 16757 6875
2 17716 16112
1 10104 6670
1 5239 18415
3 8246 15860
2 9272 467
3 8588 12052
3 17445 7462
2 4744 13924
1 19032 8241
2 5549 5514
1 377 349
1 3894 20583
2 8768 13697
1 15763 12220
3 15702 9628
3 14861 20436
2 14156 12386
1 5997 8719
2 8926 7802
1 3656 8872
1 3843 19023
3 3134 18260
2 1401 6446
3 15025 10285
2 18405 9089
2 12702 12386
3 18989 5298
3 14379 9036
3 12277 5079
3 17060 12766
1 8993 18870
1 1561 19662
2 9738 19699
3 20145 3001
1 2462 4507
3 4572 19809
1 11483 10025
1 2744 17060
3 8205 20068
1 18070 4794
3 17598 19286
1 20294 14960
3 9723 11495
1 4455 19586
3 8327 12725
3 11572 4019
2 8094 10408
3 8561 17791
2 9877 7748
1 15868 17137
3 11208 13298
2 15845 15270
3 1090 9181
1 5489 20211
1 2792 18417
1 1416 1541
1 18406 18893
1 12759 18330
2 19341 767
1 19495 13064
3 7360 2798
2 12929 2458
1 14892 20355
3 2402 6727
2 4870 19521
3 16862 17224
2 2955 11506
1 12010 9757
2 2481 10774
3 7602 159
1 5428 4048
1 19703 1524
1 10211 5702
3 8624 6061
3 19338 1351
3 11698 15490
2 8671 11506
1 18401 2948
3 10549 13742
3 11900 6515
2 12476 8243
2 14519 14413
3 4771 1341
3 8675 7651
3 3714 6598
2 18586 18578
2 4839 12061
3 19491 15369
2 4091 15332
1 2144 5505
3 17178 19010
2 12250 309
2 8066 1283
3 6460 18751
3 9274 9145
2 12172 11756
3 8415 12202
2 9952 4481
1 8425 13812
2 199 15619
2 893 2229
3 5950 4131
1 1563 9344
1 6645 19866
1 14169 11216
3 15479 17913
3 9291 15115
3 16633 17200
2 6770 15409
2 803 8770
1 1473 4445
2 1215 10933
3 10502 15346
1 15632 17693
2 5623 7005
1 7160 3956
3 5952 18964
1 16474 10692
2 7335 1010
3 2353 19149
2 20390 18844
2 16009 3969
3 17178 3440
3 5445 2352
1 8654 14686
3 1871 5268
2 7621 8830
3 16361 18085
1 11747 13516
3 7031 10294
1 2013 7672
3 10272 11391
1 4448 8327
3 11493 9802
2 17891 17767
2 20192 13697
3 13209 14933
1 10136 14272
3 8470 5840
1 16835 11542
1 14329 14950
2 16957 19812
2 18279 12063
1 14823 2344
2 27 18003
2 11753 11329
3 1679 17906
1 20086 8210
3 16600 12978
3 13174 9671
1 19892 12017
2 17222 7320
2 7475 14710
1 19246 4773
1 4806 6895
2 9814 7873
1 7256 20427
3 10960 189
2 5811 7737
3 1739 2176
2 19769 563
1 2239 17749
2 3500 5389
3 6400 19799
3 17543 9946
2 4995 17517
3 10108 9843
3 721 1808
1 17066 17363
1 7130 450
2 5507 8134
3 8919 19342
1 17094 11466
3 12888 4400
3 7094 19510
3 12068 3748
3 8347 13826
2 10212 9840
1 10841 1194
2 14719 15756
1 16860 9652
1 11626 5770
3 11370 4508
1 18992 13197
3 11614 18457
2 16209 7041
3 12807 14277
3 19038 2286
3 4574 9263
1 3110 2042
2 6679 12961
2 9025 19005
2 18216 16558
3 4763 17825
1 15004 1050
2 10255 6284
3 4001 3649
3 19782 11159
1 10208 7235
1 8303 9728
2 2951 13050
3 14397 17751
1 19642 9187
3 6101 18889
1 2768 1621
2 10328 4047
2 16665 14122
3 11198 18271
2 5589 2200
2 3803 8863
3 9137 11875
1 1476 18436
3 1744 15269
1 14041 1428
1 14199 15011
1 8656 15812
3 4914 9159
3 16296 4758
2 17077 11557
2 2329 1224
2 7303 13339
2 19466 3790
1 3357 18117
1 18110 7792
2 18381 8702
1 5620 4162
3 7544 19704
3 7092 15727
2 2309 13362
2 14493 19397
2 17517 11974
2 14574 3068
2 2939 12714
2 14547 7132
3 13209 1715
1 521 11797
1 7719 12017
1 6821 158
3 4382 708
3 12122 8060
1 5336 4010
1 16425 18552
2 19772 17530
2 20182 12634
2 6498 10884
3 1243 9371
3 13321 4972
2 14218 5765
3 1131 12754
1 19729 13749
2 4490 10209
2 17851 8486
3 2746 14099
3 13760 8760
2 2681 4292
3 18880 10554
3 420 19007
1 11317 10969
3 10318 6745
3 5314 8142
1 16962 19353
1 7058 18031
1 7055 12033
2 16468 16593
1 4187 4756
1 16382 15029
2 5815 6234
3 3998 15632
2 12259 8494
3 2810 10407
1 12085 1009
2 7310 721
2 14877 17766
3 19492 11366
2 16347 9469
1 9367 13521
1 2667 6126
1 18510 7471
2 17237 20341
1 14262 2303
3 17264 15302
1 13476 15963
3 2342 18735
2 6511 5369
3 10474 7770
2 12983 14827
1 15722 14189
1 12489 5741
2 10010 16839
2 6008 11538
3 10059 20048
2 19810 18329
2 7374 289
3 8694 11753
3 4731 7372
2 19368 3512
2 14051 19885
3 10958 13648
2 10437 17521
2 9658 1293
2 2495 1641
3 8103 2869
1 6468 20322
3 9426 13304
1 13583 16377
3 4111 4791
2 6109 8348
1 15796 14299
3 12539 12095
1 7800 2371
1 20136 10571
1 17683 16894
2 3534 4663
2 13094 14940
2 15640 16872
1 18588 4576
3 15977 14739
3 4672 18955
1 16274 695
1 8004 5658
2 574 5607
1 1063 6631
2 10013 9527
3 14287 10991
2 19604 4489
2 9760 2381
3 17824 20405
3 7627 7435
1 10644 10304
1 8065 3932
3 2759 184
2 12259 7931
3 1450 10897
3 8382 20035
1 11490 19227
2 7098 17968
1 18976 11920
1 20489 20483
1 3673 5055
2 18157 619
2 12884 7348
3 15147 2826
1 9827 10354
1 11511 3176
3 7597 14820
1 6493 15593
3 17389 4832
2 9051 4725
2 3958 10179
1 20012 11144
1 17940 4253
2 19035 12331
3 20396 176
1 15316 5559
1 15595 13646
1 11344 5531
2 16285 10146
2 1677 5043
2 4205 12529
2 7292 11476
1 1293 2508
1 4701 13832
2 10752 13258
1 15421 16706
1 15255 10662
2 7148 2003
1 6935 10503
3 13344 11315
3 10045 5051
1 8198 5151
2 18367 11983
3 2645 8562
2 8993 14676
3 2399 12647
3 15948 3426
2 5285 8760
3 20268 5246
1 4992 19714
3 13993 13847
3 809 3682
1 15807 2986
1 20579 10516
1 20047 8733
3 5930 12634
3 1494 9590
2 19583 13304
1 12641 15103
2 20072 19751
1 7287 16364
3 14543 14731
3 18120 6868
1 13060 4007
1 16891 3692
3 11499 1000
3 3531 4041
2 14443 10420
3 18286 3431
2 10495 13902
3 13572 590
2 2744 11611
2 18638 17326
2 7552 3437
3 7969 6078
3 19987 15486
2 12225 14129
3 17980 4676
1 563 10698
2 13643 3460
2 8743 15335
2 18163 13206
2 18428 18214
2 9013 13933
2 411 14608
1 14914 1407
2 10610 10825
1 12579 20144
3 17566 15922
2 15119 11553
2 4012 8454
2 2706 13690
1 19341 18665
2 15985 3439
3 7 6884
2 5941 14780
2 6702 6505
3 18410 1102
3 11009 11230
1 13820 20080
3 19761 379
1 19409 6540
2 10313 11258
1 11978 8926
1 5353 10133
1 6796 11857
3 8739 19825
2 9015 16046
1 12330 19644
1 10882 20328
2 2265 18220
2 16723 17856
2 12267 5262
1 4455 1036
3 6181 13653
3 3316 13007
1 15376 10751
2 20433 6672
2 3761 6006
3 4952 18564
3 12414 5264
2 14217 7205
1 18590 14411
3 8482 9874
1 2728 13990
1 9424 5590
1 17965 17494
1 16075 11462
3 4032 6947
1 16055 20021
1 1959 8081
3 1588 15363
2 11103 4160
2 14816 1908
2 6035 12670
1 13547 5417
3 4548 10055
3 7851 6978
3 8847 19441
3 9082 12889
2 20565 5250
2 9299 17562
1 2863 9308
1 14728 18123
2 8566 4707
3 6840 19833
3 3044 12339
3 13712 1238
1 17704 13004
1 20196 2998
3 6228 16644
1 7800 13230
3 19462 20617
1 19055 4410
2 15493 15144
3 10805 10981
1 17343 12246
1 16679 8264
2 11882 19948
1 15443 15190
2 16907 11960
1 16992 1548
1 15040 2731
3 17138 19582
1 14600 10772
2 10889 9029
1 8875 16221
2 17753 19557
2 4197 13440
3 10441 18954
1 5015 18526
3 15274 3112
1 19413 15301
3 6727 20239
2 10734 16261
3 12317 6037
2 19585 10555
2 19384 20056
3 14024 3581
1 5238 16062
2 20432 10616
1 9460 13943
3 20190 16231
3 9975 95
1 15567 8616
2 7085 1479
2 15717 17458
2 19630 10351
1 7581 2005
2 3561 17564
2 7690 5933
1 476 6564
2 14730 15988
3 950 20037
3 3602 2923
3 19508 809
3 10794 10138
3 13956 8405
3 3493 17014
2 1067 7750
1 19943 61
2 17807 17033
3 4452 19951
2 8327 7167
1 14563 11917
2 13764 4688
3 5823 3065
3 5422 19375
2 18289 13037
2 20089 2374
2 5045 18757
3 3167 8916
2 11623 12393
1 11827 2203
2 5290 12269
2 7729 14075
2 14274 205
1 17106 14786
2 19178 2650
3 4190 16828
1 1674 4314
1 18612 9631
2 17545 3997
1 5930 20631
2 16553 17222
1 13701 11828
3 11864 15176
3 7578 13226
3 9455 11796
2 2455 8314
3 3574 18921
1 8330 15880
2 15448 19205
1 19111 20585
2 10563 1200
2 6928 8310
1 12511 8919
2 11748 18483
3 11889 5003
3 13379 17350
3 11556 19231
3 7641 1603
1 17931 11062
1 1608 13768
2 7518 17760
2 18538 4923
2 3088 16744
2 10970 11942
1 13390 1407
1 6138 3649
2 16962 18350
1 16205 9563
1 1623 14112
2 5194 18657
1 16877 7050
2 11268 13370
1 7436 16269
1 18459 12105
2 13673 15528
2 16088 4201
1 10785 4128
1 5350 7318
3 10417 9677
2 2364 16052
3 19935 15106
2 14653 7567
2 11936 14556
1 4465 6323
3 10062 12666
2 20199 1406
3 11430 9971
1 11303 7453
1 16363 13931
3 5422 18723
1 18733 7706
1 8835 18385
3 104 328
3 11012 17013
3 5258 3199
2 18856 9458
2 10302 17995
1 2651 222
3 2385 5924
2 2670 2552
3 4090 14666
3 20593 7557
1 13382 10013
1 20236 2417
3 5243 13228
2 948 8486
2 12230 2184
1 13324 5627
2 17590 11622
2 14871 9569
2 1101 2415
1 15982 9385
1 10430 19645
2 3487 14884
3 12316 9899
1 13956 3173
2 17859 5214
1 17922 3793
1 186 9924
2 17366 5230
1 16266 17449
2 13915 2595
3 19916 9052
2 8761 7549
1 13379 17373
1 4614 18195
2 2667 13012
2 14534 18090
2 15811 14855
2 6614 16685
1 5312 3358
2 20066 3007
2 9974 12719
2 11970 11287
2 18488 10006
3 11810 5993
3 16613 8401
1 7118 14486
1 8976 16877
2 12172 2235
2 8658 16745
3 14574 1826
2 18727 740
3 10128 20338
1 11304 13428
3 1352 8076
2 19680 8947
1 13513 15161
1 647 7907
1 15368 18870
1 4038 18074
1 6136 4944
1 4671 17167
2 17485 7696
3 12145 13304
3 5194 16661
2 5969 8973
1 14373 17818
2 19803 3847
2 8719 1217
1 2704 13697
1 117 3730
1 4671 4988
2 19499 7789
2 9143 5344
2 8432 18770
1 4603 1572
1 10520 13031
1 16085 14079
3 2104 7518
3 17692 7468
3 20018 19971
3 5073 8559
3 13126 9061
3 9704 447
3 3032 1096
1 16260 10013
3 1238 15834
1 16283 2006
3 9298 18125
3 13555 13497
3 12434 7056
3 1950 15383
1 18779 2479
2 2282 18687
1 16857 2728
3 7216 10019
3 399 5199
2 10588 4285
3 9024 10419
3 17636 8734
1 5860 13289
1 8816 5260
3 10440 6515
2 12735 8429
3 20424 244
2 10687 16532
3 17353 6323
2 633 13728
2 11590 657
1 18182 8669
3 4328 13363
1 9465 3945
3 558 4047
3 4626 11432
3 2500 403
1 19220 2686
2 14088 3391
2 10810 8649
3 18809 2254
1 8192 894
3 12234 16925
1 6893 15219
2 19897 12542
2 7225 17886
1 9061 8204
1 3098 11877
2 7157 4137
3 11548 17565
2 17556 440
1 12885 4202
3 13047 15910
2 8235 7774
3 7730 976
3 5997 16544
3 6221 17478
2 9631 4379
2 12465 13611
3 12983 15805
2 6117 14320
3 773 15512
2 7582 19760
3 19686 11179
2 20239 17756
1 16974 19071
1 5053 11296
2 2980 12881
3 10265 4764
2 12861 10828
2 12615 3791
2 16676 6617
1 14522 2142
3 5189 10827
1 18410 15108
2 3623 1395
3 16143 16214
3 15190 4236
1 15886 19906
1 17315 5066
3 12721 451
1 1868 18253
1 3386 1087
1 16692 10024
2 5675 19703
3 13443 5501
1 2768 1485
1 20556 4658
1 11457 20290
2 6724 7694
1 8605 17453
1 20108 4421
2 20594 1312
1 13328 10014
2 8905 8405
3 17611 8404
1 5369 2755
1 16089 13582
2 16586 18825
3 10328 8515
1 8140 12539
1 8310 9839
3 15833 6631
2 14906 17386
2 17366 7285
3 13077 17502
2 20418 3936
3 5626 19090
1 15567 4115
1 2842 13739
1 2947 7883
1 4417 1597
1 12242 9130
3 2362 13017
1 17186 15381
2 15683 16898
1 13990 13477
3 15427 9454
1 13496 4253
2 4863 14774
2 1563 4587
2 11159 3631
2 19364 6511
1 20383 6790
1 10621 13021
3 19613 20454
3 15914 9915
3 1851 5160
3 17216 5885
3 18180 6878
1 12080 10192
1 10214 7909
1 13933 8085
3 15826 13612
3 12569 5648
1 11245 12579
3 15070 13223
1 20234 14120
1 1298 10508
2 13366 1569
3 4260 19686
3 5831 981
2 17760 7726
3 17634 4698
1 12786 293
3 2 10918
2 2841 18451
2 19199 8160
3 9494 6435
1 12450 6328
2 20402 15412
3 1972 5083
3 12199 3008
2 5384 15595
2 18540 16249
3 5709 10636
2 7564 6608
3 6002 17946
2 9733 11902
3 11726 4508
3 20498 7647
2 14376 13544
2 14022 1625
3 11858 8111
3 11616 3526
3 4433 17939
3 10317 17729
3 3627 7710
2 18756 12662
3 9334 5766
2 9142 3587
1 13089 1105
3 384 4098
2 6290 14004
1 6842 2929
2 8220 5293
1 11386 9048
2 12426 18352
2 13007 1196
3 678 2238
3 2327 18998
1 10385 11596
1 13616 11604
2 607 10483
1 2688 11322
2 2963 7263
2 3726 4653
2 225 4083
2 17675 1580
1 639 10947
1 14112 8976
2 4661 13812
3 296 5617
2 4240 9543
3 937 1750
3 3132 13393
3 8936 9824
1 4186 10805
1 9002 10526
2 3361 18211
3 14595 1359
1 19962 16121
2 7075 3058
1 15700 6206
1 4270 7916
2 20527 12215
3 2875 14379
3 3723 17374
2 19740 6952
3 7476 5296
3 7360 19922
1 8812 4228
3 2979 19637
3 2469 4858
1 19150 6501
2 15024 15858
3 16023 7399
3 5330 15981
3 18213 366
3 13856 15727
3 7958 8468
1 8264 9701
2 19111 7175
1 3203 7359
2 2718 13860
2 7534 2096
2 5414 8207
3 18266 14940
3 13897 11132
1 12474 17856
1 7860 12235
2 10134 16722
3 15540 6159
1 8239 11498
2 1781 4208
3 6125 15128
1 19971 5231
1 2367 13488
2 19924 14492
1 251 11303
3 3560 9352
1 12065 13776
3 5238 9520
3 17136 12444
3 14105 7909
3 11794 10792
1 17597 9686
3 13109 10798
1 13069 2260
3 15808 5934
3 4261 12547
2 17983 16944
3 1874 7858
1 5799 2261
1 5398 15698
1 2388 14463
2 5273 11333
3 10977 9172
1 4832 13067
3 7891 17678
1 14283 18450
3 1347 12200
3 2438 7888
2 978 18152
1 10656 4091
1 18230 4773
3 7867 19488
3 4005 13679
3 6440 5876
3 8774 6501
1 3416 14399
1 2740 20150
3 8873 12506
3 14098 16094
2 4025 19181
2 18998 15321
3 19848 5581
2 1489 13496
1 7288 11131
3 19840 20334
3 6240 16784
3 11288 9030
2 298 5108
3 18125 5584
2 3665 9469
2 12266 17162
3 943 11867
1 9986 3250
3 18016 20310
3 3116 10982
3 898 8068
1 15505 17424
1 19801 11896
1 16502 17503
1 1494 10891
2 3843 6858
3 20056 6578
1 8865 8037
2 14507 4434
2 560 14302
2 9688 3255
1 15051 2565
2 15701 3987
2 15697 9482
3 14809 14567
2 4407 804
1 18416 13027
1 3542 5329
3 16893 13092
3 5723 629
3 8355 9144
3 15317 2306
1 9846 5953
3 1540 6542
1 17297 15743
2 14958 7875
2 2556 19728
2 2137 4438
2 12440 9599
1 3443 10558
3 7015 2847
2 636 11639
1 12315 6744
1 6638 9288
2 6117 15943
3 13396 2453
2 4896 19832
3 11679 196
1 8254 18740
1 17471 13218
3 9464 15273
2 18251 2355
2 6665 8434
3 1051 2854
1 10944 16493
3 15299 766
2 15717 14377
3 3266 7689
1 7249 12810
1 10887 5729
3 12531 4961
2 19796 12174
2 3173 18961
3 227 18945
3 7567 12673
1 9138 15248
1 6171 2403
2 6487 18026
2 5024 10678
2 18633 3295
1 20135 12320
2 17212 15979
3 7307 10722
3 20243 5669
2 1352 17405
3 16722 10440
3 3736 7445
3 16392 858
3 860 5054
3 18890 2637
2 18172 17428
1 9708 16616
1 15554 11268
1 186 10192
1 13740 409
1 4874 18181
3 3116 3915
2 17938 6337
3 12773 12207
3 15403 8087
1 17687 12940
2 12143 5827
2 17922 4136
2 15567 16062
3 17989 8105
1 13864 9106
2 6308 20563
1 2362 6497
1 6913 20478
3 16231 3664
3 11850 10374
1 10759 2258
1 10916 3911
2 16655 13653
2 19457 13856
3 17263 15336
1 9310 13545
2 12479 14768
2 1866 13638
1 2502 15044
3 17823 17385
1 14774 890
1 7556 6862
3 9849 8305
3 2798 9407
2 15520 6146
3 16288 19609
3 19673 18806
3 3364 3718
2 17618 9893
3 14493 14158
1 14854 11744
3 14812 12211
3 3805 14946
2 16849 14150
1 14068 4132
2 4930 16103
1 5192 20302
3 8297 4160
2 10301 4873
2 8458 6286
1 18799 13264
2 19843 17992
2 252 4076
2 5337 13341
1 979 39
2 11051 5278
1 5325 13208
2 12414 11853
3 12964 18433
2 2353 20043
1 8891 4213
3 9300 588
3 1441 8517
1 2656 19421
2 5534 5
3 2896 14410
3 10856 2014
3 3577 12069
3 4685 15309
1 1170 10176
2 12564 15654
1 155 17067
2 16327 8683
1 4316 2141
1 2665 3582
3 20059 5938
1 10537 15284
1 11703 15486
3 10424 134
2 13523 14487
1 18382 3944
1 14501 10519
1 11637 10045
1 15258 20479
1 19757 6040
3 18343 2949
3 3576 11040
3 19475 15312
2 17919 17460
1 20411 19579
1 11645 18953
2 7663 12319
2 17205 5107
3 585 17488
3 13790 17480
3 18091 624
1 2394 19700
3 16791 4841
2 17925 19771
1 12944 13838
3 10587 11760
2 13256 11555
2 19795 20462
2 14962 15531
2 9288 1925
3 6914 5426
3 18317 4515
1 4559 19324
1 1959 13938
1 1006 13570
3 6479 8838
1 19016 2829
2 7954 8007
3 18342 20318
3 9755 13677
3 14417 8954
2 7501 11417
3 6567 3372
1 2563 7728
1 16785 18246
1 13583 12782
3 9035 17568
2 13896 19841
2 16966 13298
1 9446 11980
2 5225 9988
2 12642 13601
2 9964 12590
1 12867 18927
1 12122 19519
1 18485 14976
1 8745 1564
1 269 8113
2 3654 6913
2 5385 4923
1 14369 7228
2 9599 1997
2 14947 5800
3 10795 18971
2 15307 3894
2 10006 12780
3 1766 18040
3 8598 15127
2 3834 17014
3 14750 5743
2 11390 14844
1 10793 5693
2 18945 5216
3 9090 13574
3 17553 20164
1 4104 16548
1 10910 6589
2 17230 16455
2 20238 4000
3 11480 11790
3 14343 19436
3 12186 5796
1 1844 5727
2 9881 1337
1 8044 16597
2 15370 4515
1 16255 13098
1 11344 12551
1 9799 11174
2 2544 2402
3 229 3575
1 20066 18309
2 13778 19226
1 20165 4420
2 6413 4517
2 6272 9188
3 14670 10975
3 8461 6718
1 11378 5040
2 17049 10633
2 7453 13470
2 3765 13242
2 18721 16752
3 10951 420
2 14198 20027
2 15441 7282
3 4298 19655
3 3972 6342
3 11320 3154
2 3354 7167
1 11860 5842
3 8058 20141
2 18341 12692
1 19586 9654
3 10379 17618
2 13961 19408
2 1191 17387
1 8813 15265
3 10319 850
1 2637 965
1 8080 4687
2 6094 16647
3 4631 4809
3 6823 6260
1 13086 14444
3 5130 14743
2 13496 5290
2 13039 20471
1 19284 8466
1 16191 16903
2 2829 4269
2 10721 12098
2 7137 8183
3 11966 19856
3 8912 9639
2 18859 8960
2 20301 6092
3 17551 12845
2 18772 7267
1 11392 506
3 13078 18160
1 19655 8806
3 5903 4311
1 17662 15790
3 16217 14520
1 2763 12849
2 19242 9759
2 18861 16334
2 3377 924
2 5968 876
1 12840 13338
2 2581 1337
1 6156 9342
2 1945 3298
3 1600 18290
3 11333 20604
1 3718 18620
1 12101 16095
3 6459 16806
3 16858 20230
1 10849 1621
3 340 15350
3 3301 9790
2 4559 9548
1 400 15165
2 7926 4285
2 11534 13766
2 14925 9070
3 17670 5610
2 18050 3237
3 13607 10943
2 18382 425
3 20273 9113
1 314 17501
1 17959 14243
2 18281 14127
3 11555 12691
1 2249 7593
3 11614 12377
2 8870 9420
2 10186 9625
1 15357 14850
1 19663 16330
1 16450 17642
1 7714 20492
3 12113 8501
2 8752 4397
3 19180 1189
3 16505 5372
3 14894 10741
2 14058 16947
1 18155 11666
3 18859 20353
1 6525 3041
3 5297 19713
2 9808 19733
1 11991 16842
3 10804 1382
1 6344 14584
3 9779 2106
1 9461 1873
1 7341 18394
2 6536 7978
2 11856 9543
2 13115 14161
1 16000 5719
3 1927 9218
1 14621 18193
3 8422 3544
2 12173 620
3 7389 11398
2 18445 15494
1 673 9599
3 70 965
3 6683 10328
3 4981 5722
1 13631 1185
2 3734 17358
1 6814 11679
3 7069 18685
1 10655 8509
1 14396 18546
3 19956 8944
2 10831 20113
1 12784 10090
2 20555 18396
1 8100 20511
1 18411 7048
3 7961 8762
1 6795 13123
1 13254 9778
2 8936 10870
1 6569 8333
1 4617 8297
3 20052 15593
1 18392 13282
2 4426 18477
3 15397 762
1 17941 20033
2 5614 2970
1 711 14556
1 14634 19921
1 11892 13350
1 9518 2096
2 10146 4810
2 15918 9661
2 9475 10454
3 7003 13424
2 7843 20503
2 1821 7425
1 6499 19839
2 11043 6779
3 14494 11355
1 8063 11485
2 6339 19190
1 7582 11043
2 15451 7351
2 3979 6240
1 1215 17665
3 5198 16732
1 9026 4079
3 5807 10052
3 15774 15843
3 484 18244
2 18862 6878
2 11311 2621
3 4333 18963
2 2353 12103
1 19423 15666
2 18477 14631
1 7214 12741
3 14568 16611
3 4222 4501
2 15944 3128
2 15834 17247
2 13312 13635
1 7198 1404
2 6567 6282
1 20076 16096
2 362 9514
2 7371 241
1 8785 6397
3 5179 6994
1 14070 15499
2 3034 13416
1 4645 16730
3 3723 6148
2 8239 5136
2 11466 17357
1 13422 6400
3 9177 17546
2 18347 14830
2 12232 16805
3 19472 12573
3 10967 16453
1 20606 358
3 8867 8959
1 17088 17831
3 8841 8796
2 7129 27
2 5922 289
3 6186 4776
2 2685 2025
3 1873 10084
3 9402 13535
1 16599 15890
3 17077 11939
3 11005 19874
3 4469 12726
1 12154 6601
1 7694 13343
2 11982 5906
2 4249 13464
2 341 16105
2 14981 7223
2 17893 5364
1 10841 4403
1 11275 18783
2 17726 9846
2 18992 16432
3 7542 5508
2 2191 10607
1 6737 6698
1 3825 13353
2 9664 8406
1 9157 3576
2 10992 10223
3 1697 17631
3 14321 12623
2 489 18933
3 511 465
3 7027 7309
1 5368 8832
3 19759 1497
2 8553 13036
3 20212 503
3 8606 9778
2 20085 7285
2 6910 6395
1 14772 14555
2 18491 14165
2 10936 7970
3 12734 11521
2 3350 6901
1 288 9135
2 20360 10992
2 12211 2212
3 12723 10248
3 16841 11815
3 9063 2046
3 9583 3141
2 18858 184
1 6115 2911
2 6012 6891
2 5742 13856
1 16764 7706
1 13184 13228
3 7651 13227
2 7605 2766
1 335 8314
2 14738 11271
3 15782 15679
2 12569 3388
1 6969 8791
1 583 6741
3 11421 6265
2 10524 10612
3 18181 1752
3 13774 7789
1 1999 6977
3 12018 17762
3 15927 15966
1 6023 294
1 10825 12067
2 24 14825
2 19673 4052
2 10044 1620
1 6923 5272
3 11061 2605
2 11471 8521
2 7586 17229
1 4473 15615
1 949 18558
2 14874 11411
2 9570 13246
3 3775 7314
2 20356 2376
3 16423 15274
1 15255 12924
3 11851 10226
3 17980 8035
1 17634 18615
1 9320 6977
1 19731 18840
2 2930 18457
3 16138 13287
2 12234 18323
3 15276 17069
2 4128 13272
1 19067 9348
1 19827 18400
3 4895 14464
1 20290 1186
2 18798 16334
3 12258 8939
1 1624 2466
2 18038 9739
2 6029 11249
3 16987 968
3 17618 8332
2 13946 12946
3 10003 10899
2 1243 1903
3 6894 12560
2 16785 6511
2 284 9763
1 16318 9113
2 1464 6342
3 7102 7076
1 4891 4117
3 18330 857
2 11282 8342
3 1141 17246
1 5772 16135
3 12733 12724
3 11512 10530
3 11340 1612
3 1471 16542
3 13135 13203
2 4709 19639
1 2749 6485
1 1513 11732
3 10416 11676
1 9763 10168
1 7526 10534
1 17700 16724
1 7605 10591
1 1938 11805
1 2669 12352
3 4119 12301
3 7905 12692
2 19939 12696
1 14540 6652
3 12225 6849
2 10671 8625
2 10116 11121
1 10068 16126
3 12018 11397
1 19099 10319
2 11764 4155
3 2636 9629
2 1812 15792
2 1895 5379
1 16273 9615
3 3124 3263
2 14581 14504
3 14629 14211
2 19533 11749
3 19297 5753
2 12365 13713
2 11602 9409
2 8060 11478
2 12673 2814
1 8730 7555
3 930 572
1 3920 15926
3 8956 9932
1 10215 20357
2 15185 5334
1 6445 12528
3 10568 1274
3 6121 7427
3 11400 15206
2 19411 17746
2 5265 19517
1 19725 8661
3 8106 19095
1 16724 1664
3 12314 1047
1 14675 17475
2 14241 3642
3 8842 3585
1 17443 4512
3 3555 13506
3 15884 1921
3 8949 4871
1 18885 928
3 10519 16690
1 6273 9490
1 16082 9159
2 18732 1425
3 13971 14196
3 8086 12634
2 7900 18762
2 17395 5571
3 13952 14197
2 780 7371
2 13903 3787
2 180 12642
3 19052 8270
1 7360 10421
1 1344 2905
2 14652 1567
1 9635 2712
2 20113 17903
1 12375 2577
1 12074 10728
3 4997 20124
3 1335 13249
2 2146 7596
3 6786 20151
1 18733 8525
2 6793 19067
2 5394 18527
2 10162 11490
3 4380 935
3 12825 9383
3 16535 17282
1 17535 2059
1 13318 12154
3 8153 4172
2 13615 14811
1 8315 14913
2 19854 14292
1 6788 6397
3 17318 13167
3 18073 10101
1 4865 19384
1 6722 7541
3 3712 19301
1 5791 8568
2 15398 4866
3 10139 1195
1 14551 6519
1 19728 20144
1 4782 4432
1 18669 1054
2 13197 20094
3 4006 16909
3 4301 10298
2 16685 19527
3 13245 12777
1 17716 12048
2 14227 8317
1 14816 17940
1 19430 6890
1 1648 14975
2 13999 14320
1 9001 7645
3 3610 19169
1 13361 9508
2 14130 11725
1 1402 10074
1 13020 16636
2 6529 89
2 5226 8141
1 15323 19459
3 5157 14118
1 7762 3796
2 17268 12267
1 1147 16322
2 3227 11587
1 3483 525
2 14352 20348
1 6392 19457
3 19963 13262
2 11919 12311
2 2468 4850
3 18274 7262
2 7417 15734
2 20545 9601
1 1643 2457
2 2552 7205
3 12181 7385
2 13473 10872
3 13905 3974
3 15289 17806
2 14127 1534
1 14257 12549
1 19146 11323
3 9309 2364
2 9867 19094
3 6642 9644
2 11254 9883
3 3107 3280
1 7315 11130
3 5915 11790
3 7650 1249
2 15720 18604
1 1544 3126
3 11617 14013
2 20213 12678
2 704 8673
3 15021 11966
1 14729 10747
2 19914 2571
3 10549 12379
3 3610 17963
1 8323 16916
1 11420 8733
3 1377 4671
2 15331 17458
2 1526 12929
3 19211 3682
3 18124 5415
2 1655 13443
3 1893 664
3 11821 20015
3 5437 1911
2 12152 13331
3 4357 19509
3 7201 10319
3 16825 10561
2 949 19152
2 17884 11803
2 7821 1261
3 17545 18624
2 3950 19937
1 810 15717
3 5287 18334
3 19141 3907
1 20388 8954
3 14890 395
1 13064 1976
3 2118 9062
1 10138 12057
1 14877 20446
2 17201 15230
2 14044 19087
2 14867 8754
3 11949 9922
1 2114 7435
2 7984 11131
3 18727 12470
3 8918 1304
2 9041 1820
1 16947 6809
2 15885 4547
1 1408 3336
1 16164 18541
2 18477 17191
3 6316 12876
2 16231 5732
2 6789 5699
1 9051 14139
2 17174 15291
3 7943 16486
1 1679 7119
2 17870 4011
3 9471 20505
1 19051 14886
3 7198 11194
3 5493 13254
1 3918 10722
2 4696 5766
3 19533 5952
2 13786 7948
3 220 3756
1 6561 10103
1 7707 17450
2 17134 12745
1 4399 4437
2 2908 16577
2 10429 17462
3 19570 3634
1 19737 7516
1 17548 12793
1 14547 15388
3 18702 13277
1 13443 10066
2 18948 2183
3 1013 17876
1 5808 1977
2 9128 12349
3 2226 12184
1 5308 9009
1 14955 10144
2 19237 17595
2 15549 14418
1 14264 7093
3 16344 5089
1 11994 15068
2 1746 3968
1 18894 2198
3 1530 4862
1 8375 6361
3 13094 15945
1 13331 13859
2 3861 1037
2 20210 3498
2 3018 20146
3 16949 13771
1 3375 11819
2 15997 13708
1 19961 14330
2 11173 12092
2 2583 1381
3 9785 5494
3 4388 997
1 18154 17764
1 8636 9650
1 1515 15287
2 11969 11698
1 11029 8323
2 2733 9565
3 8961 9837
2 7377 3558
2 10016 19776
3 9677 20138
3 6896 18804
1 5416 17012
1 8364 16359
1 16395 18204
1 3258 13199
1 14753 10483
3 17792 2845
1 8075 5278
3 19632 2004
3 15566 8473
2 8007 2722
1 11031 17219
1 6923 12119
2 13119 14327
1 5924 13055
2 1269 347
3 7517 5197
3 5757 5709
1 7594 13202
1 8351 6792
2 4257 15786
2 19205 20613
1 12438 6208
3 18249 1630
1 13211 14747
1 5909 13423
1 7703 13352
2 13783 1424
3 11540 13114
2 20518 6141
3 2170 17837
2 704 14020
1 18746 5272
2 13759 9522
3 12906 5654
1 760 10428
1 11568 17433
1 5889 12744
3 8920 2168
2 6278 18708
2 13466 15860
2 5244 2374
2 11744 7213
1 19383 8595
1 6371 6586
1 10853 15800
2 19067 15450
3 4666 2732
2 10949 2520
2 19785 19084
2 2697 1246
1 9706 9974
2 18660 5654
2 15024 15164
2 17730 1719
1 660 3387
1 2809 11451
1 355 1526
1 15501 5854
2 1830 8824
1 18524 9603
3 20636 10054
1 4964 9086
1 7447 15758
1 17776 11365
2 18055 11794
2 3486 8314
2 1036 1811
1 6692 6705
2 8130 17569
3 6031 753
3 9308 11258
1 3159 11891
3 15067 15685
1 11443 11380
1 16511 11371
3 6922 19341
2 2269 683
1 15498 20263
3 17090 4430
3 4519 4113
1 16504 14301
3 8164 9997
3 8705 9636
2 10693 18652
2 1414 18039
3 18031 19750
1 8707 9375
2 20547 18328
2 6842 20141
1 9174 247
2 13252 4651
2 18714 18147
3 2883 9798
1 3501 9332
2 7280 2215
2 6514 15246
3 15646 16584
3 20118 13809
1 17853 9591
2 11958 4502
2 14424 14852
2 11239 20594
3 9953 491
2 11273 3161
3 4273 12311
2 4201 13634
2 17427 4055
3 15961 20534
3 3943 12208
2 12236 357
3 14360 18511
3 11061 1743
3 20097 14605
1 13986 3030
1 16881 1400
1 4706 3765
2 13228 4519
1 18096 4943
2 16539 8231
2 1023 12742
2 3019 9184
3 6806 11247
1 20545 2378
2 346 18267
1 18574 18593
3 3008 3683
1 2198 8483
1 16459 7061
1 9710 4066
3 550 20476
1 4165 1046
2 2978 12234
1 10167 9066
1 7891 20402
1 324 11026
3 8215 16542
1 20517 12449
2 19004 10785
1 7451 10106
3 556 18335
3 9803 12706
2 10443 474
2 13845 11964
3 7068 24
3 12744 10023
3 5986 3780
2 8400 3658
1 13561 6896
3 5895 10761
1 6972 18963
2 8446 16311
3 19715 3007
2 11281 16799
2 12826 6510
1 323 20547
3 1933 7141
1 559 13776
2 13597 8718
3 15737 6225
1 17174 14436
2 16565 6372
2 5787 12269
2 11047 11018
3 19958 909
2 19282 5644
2 16145 8230
2 4543 3198
3 5987 2437
3 17189 1390
3 2413 9997
1 10440 19590
1 12617 11119
1 7302 18671
2 19985 11461
2 11515 745
1 4191 13410
1 2993 14351
1 9490 15619
3 7287 12169
1 604 15475
2 9420 12105
3 11481 5897
3 3489 12904
2 16104 310
2 17358 11413
3 9436 7276
1 15052 19906
1 1818 15476
1 18138 13339
2 5544 13902
1 9164 10213
1 19553 5214
2 9518 3443
1 948 7652
3 6932 12432
3 9517 4827
3 9338 5015
2 13417 19217
3 8223 6670
2 13438 16923
1 4199 18520
2 16317 2377
3 8114 18885
1 4995 12791
1 238 18747
3 12669 13770
1 7677 10009
1 6230 6829
3 16965 13352
1 9211 9451
1 5715 1905
2 9259 3601
2 4610 9364
1 7551 1864
3 5057 15947
3 18827 8492
1 8231 6974
3 12635 13985
3 14259 18304
3 14725 139
3 20153 20645
2 14463 8123
2 12798 9328
2 13668 6909
3 12565 8126
1 868 5334
1 18673 14721
2 15329 6405
3 7674 13512
2 16192 10964
3 14913 16313
2 3636 4861
2 9666 1817
3 15456 16590
1 16759 3125
1 1335 8165
1 13172 15359
1 8284 15777
2 1652 8125
1 12888 1380
3 12112 3452
1 747 3225
2 14984 9253
2 4589 17141
3 319 19434
1 4458 399
2 7067 13802
3 19004 19096
2 18515 10753
1 11017 14324
1 4517 9812
2 5722 1622
3 14506 4847
2 13978 2309
2 1784 14535
1 5725 2482
2 15358 13878
2 2765 4903
3 8956 1143
2 4910 4920
2 12433 1467
2 13106 2091
1 10952 19675
2 18616 4327
3 5610 2784
1 74 15798
2 4402 13875
3 7052 3077
1 651 4330
2 9979 15518
1 13713 761
2 13983 8367
1 314 18560
3 5528 13821
1 8655 1824
2 6834 132
1 16656 4614
2 608 17522
2 19443 13959
3 8426 20558
1 19778 3511
3 9257 10088
2 3854 3377
3 10314 13378
1 10016 11969
3 18697 3127
1 17380 19127
3 18016 11203
1 30 4101
2 1712 18137
3 13687 17899
2 561 14848
1 7575 4203
3 9041 4465
3 10445 5748
1 6631 4136
1 5676 3100
1 11184 15058
1 20243 9149
3 13585 2015
3 10706 13035
3 4342 15947
1 14890 16185
3 16039 9423
2 17085 82
1 17423 19545
3 2649 12987
3 139 7157
2 4399 18563
2 16856 3040
1 18158 1877
3 7051 19447
2 6271 17498
2 3487 1611
1 5513 19904
1 8347 1788
1 15351 1742
3 12848 19699
2 11442 7201
2 276 10113
1 16819 4160
3 10483 14702
1 13415 11007
1 17476 9755
2 6693 5723
3 77 2537
1 3244 3004
2 8117 12293
2 2032 10362
1 2269 10781
3 11135 13080
2 2444 20306
3 18021 12156
3 8573 15736
1 4834 3555
3 6792 5883
1 7248 9539
2 14158 19328
2 12747 4305
2 16849 12695
1 15788 9216
2 9781 17959
2 6624 5004
1 7523 18410
1 17239 19224
2 18425 185
2 17714 3897
1 2019 20339
2 8759 12412
1 14646 5652
3 4593 3724
3 15274 13759
3 3665 13521
1 2280 6567
2 251 13229
2 16212 1286
1 12607 9535
2 1051 14615
2 1366 5755
2 10025 548
2 16134 15433
3 8778 10094
1 12353 12014
3 19690 1260
1 19585 9193
1 12583 9928
2 1462 7029
2 8043 4979
1 881 9077
1 15848 3280
1 4909 6567
3 11072 1749
2 4477 15505
1 2187 18544
3 10703 17574
3 2701 20321
1 16213 16518
2 15662 13496
1 5968 12674
3 16868 18121
1 247 7103
1 6449 1192
1 9842 13229
3 9687 12605
1 13264 9865
2 17095 19769
2 14392 10032
3 9241 15405
2 2028 14109
3 19043 17995
1 9707 492
2 16438 10716
1 778 5090
1 7926 5686
1 5796 12048
3 14589 11135
2 2995 5198
1 1571 797
3 6524 13274
1 4221 5450
1 9770 8743
3 1404 15437
3 946 19821
3 12509 12436
1 443 3714
1 4277 3550
2 19798 18535
1 18068 10960
2 8602 9478
2 16895 10895
2 8400 17761
1 20009 12860
2 5179 4980
3 12825 591
3 15170 5424
2 15395 7116
2 9809 4136
3 17461 18534
3 81 5934
3 19382 12951
3 5835 13754
1 20168 8723
1 19546 4548
2 6435 17086
2 9105 10586
2 8788 15018
3 16174 11082
3 7258 1953
2 18432 2758
3 8552 6211
2 8744 1875
3 15442 15123
2 15953 18276
1 13152 18030
2 2087 3276
1 7654 15464
3 7232 2620
1 2200 2156
3 10763 1288
2 16673 16290
3 8347 1362
2 652 6191
3 18288 3860
2 16723 2582
1 7051 3109
2 10538 8357
1 4647 3044
1 14454 8434
2 14980 10480
3 2519 9072
1 18206 7204
2 4352 19718
2 19262 11599
3 10836 1554
3 19540 19858
2 5730 14168
2 1613 1839
1 14290 10300
2 16049 8656
3 17475 17769
2 17183 11232
2 8680 7954
1 5880 19182
2 12281 7151
1 2714 12269
3 1675 8444
1 15611 15153
2 12093 6739
2 12504 4759
1 17509 19137
2 860 4049
2 19075 13792
1 18901 9910
1 60 15512
1 6687 19147
2 20364 15534
1 2371 13746
2 19937 16637
3 4211 12920
1 3785 1968
1 14354 15815
3 9837 12013
1 9056 8795
3 19869 15685
1 10608 4892
1 3895 16411
2 11309 18769
1 5666 10411
2 7256 20513
2 12256 9509
1 8056 5851
1 15645 17249
2 10077 18985
2 9737 13710
1 8766 18384
1 7422 1285
2 2501 796
3 816 6027
1 19959 2210
1 8327 10985
2 17200 2997
1 8794 13624
1 20007 11935
2 1519 19964
1 2935 1991
2 4290 7783
2 6542 10346
3 10942 1595
1 17267 19735
2 2179 10054
2 2977 360
3 12606 916
2 1065 14137
2 5744 424
1 8351 12710
1 14896 10810
3 11092 621
2 8739 12773
1 13337 18400
2 15490 18085
1 13485 17003
3 12649 16949
1 1941 2871
1 14447 11718
3 1450 3029
1 6096 9854
3 1422 19302
1 19662 10026
2 15040 6355
3 13753 11148
3 6685 19877
2 15462 13539
1 2206 12855
1 10259 8540
1 8575 19510
1 9355 14881
3 4288 11070
2 14216 4778
1 18717 11713
3 1758 13298
1 4363 3785
1 5950 10631
2 114 11625
1 5921 16565
2 4391 20327
2 19865 1664
3 18288 18058
2 19796 18964
1 6857 6537
3 4375 15019
1 186 5718
1 20360 7203
2 6096 7388
2 19996 5603
3 10483 1431
3 19902 12265
2 10996 9709
3 17758 5995
1 6202 13856
3 12847 3060
1 11650 13827
1 5332 11213
1 9725 14094
2 14106 20458
2 10922 8730
2 13524 10466
2 11454 9685
1 687 16440
3 17496 4532
2 18795 767
1 12356 16233
3 16716 18967
2 13774 15535
2 15211 13921
3 5259 3150
2 18875 548
2 17466 18976
3 12702 14587
2 8511 896
2 1642 1170
3 5640 5904
1 18595 16290
2 18983 19160
3 9933 5451
1 5987 6895
1 6539 16745
3 8000 3439
3 13978 10997
2 9907 9661
1 12934 18608
2 4535 3813
1 6336 16046
1 19996 7788
1 16372 186
3 20646 20085
3 8801 1766
3 8930 16132
2 2540 7334
3 11147 14311
3 16688 5301
1 9871 11375
3 11754 9222
1 7066 5211
2 9693 16052
3 18174 9194
1 2019 1666
2 6278 4882
3 20137 2856
3 8737 11937
3 3609 5068
3 13139 8346
3 12507 8115
3 9681 10730
3 6690 12284
3 5460 14294
1 15053 8473
3 11212 3285
3 15020 8960
2 13103 2184
3 2095 7219
2 18315 20152
2 7909 7769
3 13657 10751
2 10577 3502
1 12851 2979
1 11970 13087
3 1600 20235
3 11649 19283
3 20635 19325
1 4956 18508
3 401 2973
1 18438 13376
2 8696 13674
3 3782 3166
1 8071 9586
3 12972 14724
1 9046 18327
3 18018 9816
2 18967 7291
2 15794 16557
2 12821 19082
2 6101 653
1 14293 9185
2 8398 17436
3 1817 593
1 12595 12960
2 8663 2919
1 17567 18432
3 19971 10726
1 6793 11059
3 16481 6122
2 6054 18435
2 19375 2182
1 6840 10638
2 4361 18786
2 20181 4816
1 19442 8588
1 14681 14468
3 13891 19047
1 15228 17941
3 16900 16524
1 7122 3528
3 27 9895
3 11667 9835
2 16774 7831
3 4440 11224
3 9736 9916
2 10693 10298
1 2702 18431
3 12684 18971
2 19796 18488
1 3293 6120
1 7283 604
2 17073 4276
3 15528 11164
1 7446 18959
1 13609 20583
3 7604 5450
1 19544 12331
2 15408 8064
3 16616 8521
2 15606 8137
1 16199 10288
3 6304 13632
1 8658 7853
3 14907 19119
2 336 20311
1 1488 8177
3 6184 6627
1 10094 6291
2 9011 383
3 6757 423
1 6374 8548
2 8644 14782
1 7025 18119
3 14397 16739
1 9361 9639
1 1313 4433
2 15093 1867
1 3251 2596
1 9094 6376
3 3097 20610
3 5938 3090
2 16039 14839
2 663 6575
1 930 5346
3 8412 5474
2 8393 19459
2 7954 1878
1 789 9451
3 19210 19899
2 13179 15042
3 6608 16937
2 1265 2078
3 20276 15281
2 9143 10860
1 6292 11366
1 18485 4736
3 4772 3867
2 12100 15081
1 9504 3632
2 17162 8912
3 18859 11036
3 6170 7201
2 8178 11645
1 14350 5899
2 829 9802
2 18432 10174
1 9497 5228
1 10423 405
3 16464 10781
2 5181 2365
2 4334 16138
3 4991 17622
1 14373 868
3 7597 9068
1 5849 7574
2 19003 14480
1 12844 5832
1 10269 3476
1 11747 4130
1 1401 3902
2 12185 13075
1 16705 15882
1 9104 3911
1 13657 16252
1 7221 11996
3 18357 3669
1 4012 4278
1 19657 19836
3 5643 14974
1 9104 7913
1 13869 12127
1 13536 4816
2 20284 12087
3 3065 7619
1 19899 786
3 11984 2595
1 2304 10809
3 1135 9930
1 9347 5122
2 19335 11945
3 8675 12299
1 15709 2111
1 7240 6083
1 749 8266
2 7172 9955
2 5471 967
1 19357 15736
1 16937 9114
3 17921 3622
2 10717 11164
1 16565 6854
2 2433 1230
3 18762 11880
3 5903 2764
1 14690 467
1 2558 15052
2 19574 18950
3 17017 6757
2 8351 10087
3 2108 18741
2 18845 6839
1 12433 11692
1 10177 15728
3 5249 4607
3 11495 7638
2 10975 18643
2 14367 16559
3 11475 5230
1 9678 14219
2 8818 18141
2 13606 8603
3 1745 17763
2 3724 3592
2 10015 5215
2 17122 16790
3 2394 9111
1 18019 12471
1 14617 16667
2 7180 16846
2 6518 3023
3 4904 19970
3 10968 2187
1 15548 13911
2 8189 12397
3 13778 15305
2 18860 6195
2 4320 17120
2 16741 10322
2 1862 9466
2 5145 13393
3 16686 16852
3 17321 18821
1 10383 6776
1 2932 2447
2 11758 10097
1 11222 7247
2 4569 13121
2 13944 14828
3 20326 13944
3 15118 7467
2 9470 11309
1 9171 15014
2 10538 19548
2 18322 1507
2 14674 67
1 8721 17864
2 10551 4952
3 18497 17533
2 14796 12162
1 8408 10445
2 20397 6048
1 6999 10733
2 3669 16162
2 2008 3009
2 14275 15716
2 16489 9357
2 8064 17126
1 19312 705
1 15484 2395
3 3295 2898
2 5656 6654
3 3547 10322
1 730 19685
2 8207 3604
2 9758 12086
1 4849 6865
3 3986 7066
1 6475 7001
1 18579 4043
2 6957 19424
2 979 5894
3 10841 1607
2 4398 10448
3 10318 17385
1 15203 13396
2 14093 4364
2 2114 14225
3 4865 19626
2 7398 652
2 15458 716
1 9107 8765
1 4850 12429
2 18806 1777
3 17556 16228
3 2290 10000
2 15821 14487
3 10880 4020
2 15222 2896
3 15298 2194
2 14283 8451
3 19303 3597
2 3959 18129
3 12555 14138
3 17042 4063
1 11875 4551
3 8915 14281
1 8261 19115
1 12617 6395
3 4228 1776
1 15285 2862
2 7904 11718
1 4736 11858
2 19336 8719
1 7139 17004
2 4413 64
3 12845 3343
3 15509 7472
2 17619 4555
3 19613 10586
1 509 20002
2 12693 18951
2 1855 3023
1 13039 17387
2 1520 19361
2 6612 18975
2 20280 13304
1 8126 15140
1 7114 13378
1 8328 18663
3 14341 8541
1 4269 6492
2 17478 11905
1 14420 10941
1 597 7706
3 18078 9137
1 11070 546
3 7728 2209
3 18647 2892
2 6908 3113
1 3054 14167
1 393 13005
1 6740 7812
2 6525 10631
2 13415 5901
2 20497 16185
3 16868 9813
1 854 3216
2 5200 7831
2 13978 7522
2 5436 9826
2 15637 1662
3 12471 4217
3 921 19195
1 9700 18219
2 15661 6259
1 5537 15794
3 16999 2608
2 17663 14523
1 10089 18928
3 1258 503
1 20036 11925
3 49 15065
2 2161 1029
3 5234 3542
2 1250 3282
1 18355 5999
2 7257 10857
1 19934 14780
2 8042 17087
1 10958 168
1 14160 18774
1 1686 7254
2 3874 5608
3 5543 2880
2 2615 16570
2 19881 14828
2 17139 3027
2 16507 8717
2 15790 2804
2 10742 14596
1 8081 19558
2 17835 19221
3 14536 11596
3 18065 14155
1 13461 17306
2 14789 4068
2 3891 18120
2 3334 10551
3 9485 18784
3 2706 16072
2 20245 10956
3 8356 4951
2 19816 19201
1 6551 5124
2 2553 3611
1 17052 18334
3 9593 6140
3 13412 19678
2 14225 6068
3 1351 15976
2 3086 18372
2 4371 9471
2 5763 19693
2 9017 17933
2 2160 14356
3 2017 20475
1 10670 9688
2 10811 2382
1 3206 1524
1 15273 13693
1 18833 11878
1 20025 10535
3 6829 19436
1 1132 15129
2 12896 4097
3 16975 891
3 18494 20387
2 5723 11041
1 9707 15923
1 2299 11996
2 7994 7575
1 2375 1584
1 12827 9323
1 3051 361
1 7955 11462
2 1450 14148
2 3657 4625
2 14317 19643
3 1403 14137
3 4632 11630
1 12057 10485
2 17139 14165
3 18869 8236
1 16589 18004
1 6950 15670
2 13537 14420
1 8813 19417
1 576 12179
3 10994 11851
1 1521 7922
1 18854 287
3 9093 6865
1 7055 5893
3 19339 15978
1 17463 10357
3 232 8224
3 17629 158
1 1844 6644
1 4742 17657
1 19859 18284
3 14087 1562
3 13468 12014
3 10456 2026
1 4489 2115
2 16522 3170
1 18513 2596
1 10865 19400
3 19807 15377
3 10830 20449
3 8011 19827
2 2918 9255
2 1459 1295
2 19606 13830
2 1300 5710
1 13091 19626
2 110 18809
1 11267 16396
1 19406 2601
1 10781 6175
2 20423 3548
1 6263 3668
3 15725 4233
1 13718 10978
3 5475 18022
2 17222 9060
2 6616 13016
1 12259 19543
3 13250 11660
2 15946 8920
2 4188 9422
2 19868 1660
1 10118 4311
1 18200 7725
1 11329 2164
3 5891 7138
1 1884 17644
2 20183 16220
3 13536 19096
2 9173 8865
2 5377 2999
1 13590 1386
3 14010 11930
3 15955 8818
1 10257 5900
1 15651 6099
3 13910 16958
1 13019 19583
3 2981 18363
3 10320 12124
2 3561 14919
1 9183 18807
1 2848 8314
2 7850 4394
1 8298 9604
1 11319 1606
2 5482 5157
3 3234 19849
3 12916 18354
1 3920 2967
1 12085 2189
1 248 12953
2 3883 2001
1 3878 20321
1 11336 308
3 39 12251
3 7228 6565
3 3351 11965
2 16677 16919
3 16311 16492
3 16579 7685
2 5823 3712
1 18129 16760
1 4683 17757
3 4661 8803
2 1134 5681
2 9787 3057
1 41 14648
3 13905 4930
2 13803 6092
2 20565 15436
2 13880 18966
2 13315 11577
2 12253 10567
3 18789 1407
3 8523 3251
3 17841 11281
3 19764 2441
2 3909 20206
2 17181 8640
1 16940 19551
2 11408 20445
3 1017 6091
1 14043 11731
3 13446 13885
3 13880 18297
3 17394 6052
2 2685 1666
1 10844 9515
2 16620 5871
2 15993 10116
1 8056 15406
2 2619 17785
2 14747 7604
3 11200 11609
2 8757 1463
1 17501 1343
2 7501 12334
1 16408 9584
2 20524 669
2 11044 4364
1 13545 19674
1 3142 5640
2 17792 14148
1 12893 9897
1 4150 17453
3 7910 11867
2 4990 4357
2 11895 18573
1 1606 9952
3 11005 1007
2 7644 11877
1 14077 11877
3 69 20138
2 19192 7594
3 17269 10046
2 17583 6028
2 14914 18671
2 19950 6953
1 14440 14553
1 14232 9608
3 1451 8945
1 17402 12341
3 16757 12969
1 18566 3866
1 2513 7820
3 10590 11148
2 15339 7267
1 9381 12504
2 18225 20159
2 3542 20031
1 15700 2618
3 4540 8946
1 7483 2063
3 2290 13045
1 20368 6626
2 7997 1604
2 17427 3289
3 194 2748
3 2641 20062
1 5296 14714
3 11865 14289
3 19997 1601
2 5549 1759
1 3865 265
1 9270 16546
3 11063 2082
3 4694 11638
2 10978 18995
3 5946 8351
1 8256 3659
1 8371 5442
2 19537 12880
1 17630 5863
3 11220 15948
1 18132 1006
3 12118 2811
3 877 4587
2 13110 14262
1 13990 4508
2 8895 13337
3 16268 5907
1 7419 20255
3 6981 10413
3 12144 5579
1 11131 1228
3 17337 20307
3 5382 20260
1 3951 6210
1 17722 4916
3 18130 18037
3 16309 7136
3 18067 9740
2 14183 3837
2 8658 14372
2 15508 14252
2 6516 7922
2 15821 11924
1 19589 9866
1 18428 15639
1 5157 17911
1 19328 13585
2 7278 14671
3 435 11315
1 3302 15058
3 4701 2691
2 8319 10289
2 18475 16871
3 7200 3523
3 1954 13922
1 5062 11331
3 7246 5470
1 14967 17198
2 18002 9340
1 19141 18997
3 13576 13183
2 1442 14423
2 14432 13609
3 4676 2332
2 16337 8879
1 10974 349
1 6733 5140
1 11418 7434
1 12409 3412
3 16312 18361
1 16524 12095
3 8518 4319
1 930 2826
2 18698 8661
2 3678 12000
2 16052 15988
2 6811 1529
2 18861 12941
1 19981 8547
1 9858 1433
2 14504 10531
2 5203 18719
3 13695 16109
3 5616 10327
1 2318 1308
3 10492 20426
2 16870 14483
1 9111 9732
2 17518 11650
2 13143 1414
2 15336 10590
3 3188 14819
2 143 10203
3 8612 2500
3 13874 8305
3 20613 1722
3 15390 5162
2 11631 261
1 7296 5157
3 18572 16989
3 14093 14307
1 5425 1340
3 9894 19056
1 9018 7083
2 16560 12231
2 15291 8509
3 13391 17559
3 4660 7719
1 19879 5421
1 18085 12308
3 16501 6346
1 19927 17727
2 13463 12330
1 2690 10461
3 15852 7119
3 19429 4578
1 9071 5503
1 14197 9462
2 8890 10966
3 19707 13581
3 1681 5724
2 12224 20503
2 15364 14209
2 6882 10895
1 12151 11453
3 17846 14813
3 6132 5580
3 6977 724
3 727 3810
1 11519 8474
1 17392 7824
1 3038 18022
3 9514 9157
2 11810 1501
2 17668 15758
1 2473 16239
1 14376 16289
3 14358 13539
1 14562 10771
3 12371 7998
3 4863 4789
3 2049 8688
1 700 6435
1 11241 18595
2 4907 12484
1 11381 16582
2 15442 11549
3 9558 9302
1 20203 18010
1 12787 9106
3 4411 12122
1 10803 13190
3 8209 11434
2 10397 8499
2 7809 16167
1 16005 7707
3 18483 13450
2 15170 17197
1 65 5707
1 13985 6573
1 10630 7978
2 18523 5240
3 4489 17809
1 13007 10180
2 18204 20060
1 18237 2749
2 19740 18417
2 15989 9483
3 19398 11761
2 14364 13041
1 19562 19317
3 17785 6952
2 16704 6690
3 6896 8017
2 14471 2293
1 17814 3977
3 9952 14155
2 4693 2183
2 7317 19773
1 15319 3751
1 19142 1620
1 17167 1657
1 5254 3437
2 7940 5985
1 15672 7841
2 4616 20173
1 2108 99
3 17497 19456
2 14780 215
2 2307 13060
1 16662 7677
2 7201 11694
3 16586 16766
3 17766 788
1 17055 6340
2 9812 2898
1 18554 14776
3 8358 14797
3 7726 19542
3 11936 18094
2 3338 7902
3 14568 19301
1 10735 2840
1 16254 15687
3 14692 1762
2 12853 9990
3 2286 817
3 17797 6947
3 9057 9151
2 1938 14201
2 11454 969
1 10236 15362
2 11951 11610
3 16092 4174
3 16243 18922
2 13969 14116
1 5070 19223
2 7655 6009
3 13888 8406
3 1611 10543
3 18449 4439
1 18484 18396
1 2731 13791
2 16105 5331
1 4479 15648
1 411 17656
3 20446 15508
1 3360 18467
1 8740 18906
3 18121 9094
1 1518 4512
3 13840 15975
3 14888 11557
1 1984 6501
1 8735 1659
2 12515 19189
3 18119 14692
3 11146 4621
1 19360 20193
3 14262 2621
1 47 12069
1 8780 13256
1 5915 13236
3 3272 18799
1 19648 8904
2 6650 12425
1 4889 8647
2 14326 10015
3 18556 2863
2 9163 5417
3 19211 6126
1 7255 10805
1 10171 13935
2 14120 7087
1 1451 18036
3 4856 5795
2 5840 2894
3 17503 11692
2 3862 12022
3 9059 8691
2 4195 20031
2 3512 6783
2 12322 9034
1 7881 5333
1 5499 14826
3 11049 1766
1 4553 16913
3 13090 12141
1 14306 6812
2 5827 10063
1 14927 7911
3 10751 19988
1 14020 14925
2 19423 3849
3 8361 6105
1 11582 3662
2 553 12297
1 7984 18325
2 269 19032
1 213 13413
1 17254 15982
2 18685 8041
2 19159 6332
1 17618 7400
1 1470 13062
2 17025 19304
3 791 16852
3 825 19315
3 10792 9081
1 1086 16372
2 12693 5548
1 16000 12967
1 8990 10948
3 8911 3206
1 13439 10069
1 1687 9462
3 1900 13617
2 11294 18753
1 14703 20495
2 719 18953
1 5994 20564
1 1756 2247
3 14455 17500
2 13339 2734
2 12471 17392
3 4193 18103
3 3376 17027
1 2420 779
2 3560 6530
1 7663 2645
1 4634 8560
3 13874 8182
1 6219 657
2 7781 3813
1 3052 11125
3 4878 182
3 9178 2394
1 20426 20099
1 10063 18355
3 19455 11382
2 20319 9025
2 12483 10925
3 13274 11562
1 4985 3728
2 14428 9552
2 8011 8186
1 10194 20580
1 772 7129
2 7235 17742
2 16839 16653
2 19559 832
1 331 16140
3 13119 19632
3 14513 10867
1 6185 6312
2 11906 8400
1 19444 5434
1 14484 845
1 10199 8756
2 4228 16120
1 9608 11996
3 10998 18204
2 17462 7529
2 4151 1998
1 12238 15491
2 16071 14782
3 18011 13118
3 6848 4104
3 11247 12152
3 4235 16293
3 4975 18563
2 709 1721
1 18127 8858
2 18164 16051
2 7986 11853
3 17841 12091
2 18414 11329
3 94 4039
2 2013 17422
2 14002 15788
1 13148 7018
2 20608 15340
1 14636 4822
1 16872 12954
1 6264 13793
3 15055 13660
1 14701 1775
1 8023 15340
3 395 15558
1 10973 12516
1 11115 1159
3 9182 17732
1 18752 7123
3 9409 3417
3 10000 17021
1 6348 3299
3 17264 2073
1 12995 9652
1 3082 9402
3 3315 15762
3 1473 3560
3 7089 1617
2 10356 1426
2 1766 7532
2 1022 18599
3 12446 14951
1 16202 20282
3 9487 13843
3 2920 9184
1 14157 3384
3 14655 1274
1 10383 951
3 13212 3431
1 12166 5495
2 20144 17921
1 13299 6225
3 11617 9320
3 11079 12325
2 4576 8995
2 19031 4360
1 13153 18212
3 10431 2903
1 9908 11582
1 9014 19405
1 4211 11691
2 2799 7415
2 7526 19940
2 5851 295
2 14694 7521
2 18564 7833
3 19417 2452
2 16444 1522
2 2711 6389
3 1109 6168
3 11320 9412
3 13169 9259
1 20611 13799
1 7078 17943
2 1394 18664
3 15630 2573
2 5653 14785
1 7036 9144
2 19381 19233
1 10917 14059
2 8057 4743
3 11393 13960
3 14088 17567
1 13252 962
1 14889 19276
3 3001 17457
2 11615 20214
1 3084 9376
2 19696 1154
3 20515 17722
1 15755 13794
2 14509 8571
2 11296 18440
1 5957 6210
2 12310 17611
2 5372 7224
3 404 11666
1 1654 8668
1 3810 19864
1 20028 19958
1 19077 16088
2 17045 2188
2 10987 19584
1 19289 7441
1 18154 16500
1 15901 16201
2 10006 12483
3 16653 392
1 11096 5780
1 2337 10768
2 15402 7080
1 19153 18095
2 18820 13193
3 15653 20566
2 17760 5970
1 12412 11815
1 11508 1287
1 3116 7939
2 2234 825
3 4153 3202
2 13431 1312
1 5964 17117
3 5798 10646
2 8201 9964
2 10450 19060
3 17116 10950
2 7055 317
2 14489 12719
1 18798 9346
2 2702 3371
1 16547 2871
1 20095 8779
3 2069 13131
1 9470 9251
2 2040 4583
1 435 538
1 6378 6370
2 20105 3673
3 13256 12541
2 8766 13536
1 5202 13941
1 1101 1994
2 9435 6887
3 9830 959
3 18779 5061
3 246 6045
2 6554 10102
3 1580 12953
3 18464 10656
2 13839 5330
2 6615 4721
3 6628 8455
3 7625 19137
1 4349 18367
1 13064 527
2 249 17571
2 8701 2346
3 5603 1555
2 1349 1113
3 1124 12008
2 1041 13309
3 3971 11781
1 5171 15102
3 17232 20420
2 7395 15057
1 17226 4512
3 19393 3015
1 17446 20630
1 16768 10677
1 19912 8312
3 217 4015
3 3886 1561
3 12761 8823
3 17153 20529
2 13627 5911
3 7702 8115
3 6752 4667
1 11226 11643
1 2156 17055
2 13746 17626
2 5520 15704
3 15336 2068
2 16155 8042
3 10808 7887
2 5537 17114
3 5906 13969
1 16117 7394
1 2622 696
3 19855 2062
3 18095 7559
1 14082 6917
2 14823 5256
2 20382 3810
3 5752 6098
1 7546 6481
3 10235 6816
2 18040 2920
3 9513 14394
1 19230 15658
2 6819 18409
1 17899 20434
2 19757 8944
2 12774 11801
2 4825 3826
2 7517 3901
2 1401 1125
1 13848 17490
1 1246 9869
2 9354 14446
3 8078 8685
1 17721 638
2 15127 2467
2 2516 2186
1 15051 3500
3 5979 10978
3 11684 5996
2 1242 19985
3 13077 18013
3 12409 7891
1 20338 19644
1 4469 8436
3 15820 3260
3 4161 19510
2 20379 16449
1 14607 8731
3 9924 17213
2 17761 3726
1 11011 20035
1 186 3107
1 7564 11261
2 15380 5527
1 10156 19068
2 3293 14039
2 1291 19060
1 13099 3009
3 20613 5982
3 5270 15403
1 2030 3497
2 10530 15520
1 2768 19627
2 7887 3377
2 2475 14867
3 8985 15738
1 16119 6712
1 6191 9799
2 3581 16227
2 20364 7609
3 15109 6111
1 3875 18556
2 19219 17871
2 11351 7650
2 9333 16995
2 14048 4979
3 1640 4486
3 18177 5569
2 13165 8691
3 15992 13448
2 4338 16906
3 15044 19090
2 8172 18630
3 12076 5257
3 227 1402
3 8387 10251
2 14552 13764
1 15496 192
2 8546 1778
3 2880 8253
2 8965 18049
3 14591 3495
1 93 19360
3 11990 17859
2 13461 12726
2 7633 952
3 4123 4739
2 19904 2729
1 10547 14368
3 16522 2159
1 13403 19758
1 6083 4575
1 12835 6480
1 13590 851
3 12373 1608
3 9436 16598
3 6450 8494
1 7727 3171
1 9390 7417
1 9979 3875
2 16660 18377
1 2893 5230
3 15474 6985
2 13235 1473
3 19723 18205
1 16608 3288
2 12501 1174
1 17225 10649
2 14375 5303
1 20429 1333
2 12704 2848
1 1092 10911
1 15931 11887
1 7783 11591
1 5436 5018
1 3331 3991
3 6569 4324
1 4578 19292
1 13437 36
1 19350 266
1 3271 7484
1 15310 14303
2 892 10141
2 14078 12561
3 7760 2841
3 9800 16723
3 10360 12776
3 17789 18003
2 5097 14426
1 2988 17374
1 20428 6320
1 16404 17005
3 18745 8626
3 11537 12481
3 7438 19513
1 6109 18481
2 13016 20377
2 6490 8988
3 8100 7346
2 5472 10088
3 9284 10263
3 5557 12175
1 2048 11705
2 16314 13775
1 17761 9452
2 16842 10538
3 9799 11744
1 13897 18619
3 560 12911
1 92 13807
1 17004 14834
1 719 6347
3 11733 16119
2 2714 2794
1 7552 20120
2 19031 14325
1 10899 13225
1 14361 16310
3 5596 7014
2 9317 7808
3 14587 1180
3 7907 17779
3 16716 19138
1 16034 20422
3 16593 6063
1 12983 11301
3 16895 10344
2 7118 18231
3 8538 6005
1 7380 7529
1 5144 10312
2 8481 18667
3 3639 12830
1 8076 17652
3 18818 10584
2 20023 18193
2 17405 2301
1 18477 18237
3 5926 4329
1 18230 11439
3 9552 11499
1 8735 4882
3 10219 10097
1 9350 18785
1 17476 9454
3 277 15827
3 11913 527
1 14171 1016
1 12137 8319
2 13293 2140
3 1350 2669
1 12279 7877
2 12860 15822
3 7840 10999
1 14102 11750
3 13155 11755
3 9907 5781
3 12246 11451
3 14634 19363
1 9654 10102
1 7341 4667
3 12778 5463
2 19349 2439
3 18863 981
3 4103 15192
1 1816 19565
3 10196 794
2 13555 5794
1 15675 15607
2 2633 11483
1 20200 8666
2 18058 7074
2 2377 11396
1 9257 14852
3 20046 11902
1 2835 16810
3 3674 8970
1 8302 19224
2 16622 17124
3 5143 4223
2 13603 17585
3 3088 442
1 3493 892
1 17175 3426
3 7571 3944
1 8583 4546
2 571 14961
1 17828 3133
1 19380 4213
3 1205 1135
1 11091 16648
2 18484 17704
3 9427 17879
2 16853 567
2 4876 6320
2 2581 16128
1 10703 13035
1 3422 738
1 3982 12803
1 4409 5390
3 19985 15511
2 14803 6364
3 694 18848
2 10687 3191
3 14714 13978
1 16874 9900
2 12858 14889
2 19355 13229
3 5999 19941
3 17400 19059
1 12043 8105
1 5221 4685
1 768 3891
1 6800 6780
2 4206 4153
3 696 18013
3 13225 19480
3 4630 5000
3 7863 14555
2 19483 15223
1 17830 494
2 12964 13798
1 18426 612
1 7179 4884
2 14982 5772
1 7207 15521
3 16378 325
1 487 17490
1 17930 18134
3 14913 11750
3 16566 10934
3 15879 16516
1 14904 7620
2 882 6155
2 13404 16899
2 5316 11508
2 4296 4027
1 8215 10100
2 18324 7498
2 11375 10209
3 17209 6380
2 17330 3166
3 12876 19157
3 11451 15488
2 20173 15118
3 16742 14186
2 12665 6191
2 18131 13484
3 3679 10868
1 6257 2319
1 5519 8843
1 16689 15300
2 2426 11973
2 375 5487
1 3240 19292
1 5638 11741
3 3736 20278
2 2365 9674
2 10682 1757
3 4292 2086
2 5861 18926
2 17366 17661
1 398 20012
1 10555 11811
3 18839 17779
2 6028 6640
1 5489 12996
2 3957 8628
2 3698 12501
1 11788 8767
3 849 9272
3 10663 2650
3 17397 4431
1 466 11203
2 15725 13478
3 15613 483
3 7517 9674
3 2603 1751
2 5878 13912
3 9242 17171
3 14032 17775
1 2230 5922
2 16818 9737
3 9239 10131
1 10523 3169
3 5467 1601
1 1023 12426
3 14056 17712
1 7140 14073
1 741 19672
2 19528 12502
1 43 1477
1 888 9812
1 12778 17549
3 19974 22
1 2754 4361
3 839 5801
3 16783 5837
2 5124 19419
2 11487 9390
2 6925 7863
1 1190 17113
1 5540 3198
1 9345 3794
2 9150 1547
2 2079 12601
3 8280 5314
3 18960 12233
2 15335 17538
2 19420 13679
2 3167 10170
2 20537 1821
3 4623 3271
1 8376 9143
3 101 16520
2 9521 13614
2 10283 6284
1 18443 11101
1 19837 4574
3 18577 3432
2 9058 1107
2 11461 14448
2 13807 13201
2 19790 13315
3 9880 14028
3 16102 11512
3 14491 7903
2 11534 8177
2 13992 11944
3 14352 10253
3 6679 4372
1 2542 17208
2 6732 10698
2 12997 16197
2 1278 14025
1 19387 13531
2 2415 17013
1 15038 16302
2 18684 10870
2 5912 20189
1 19186 8382
1 13253 13687
1 9283 11000
3 1107 12394
2 3961 15037
1 15401 7121
1 12418 8481
1 12435 20448
3 9208 2339
1 357 3284
2 47 18521
2 6632 20373
2 19546 18633
1 8064 18199
2 19087 18544
1 7182 10086
1 18854 2582
3 9468 3971
2 15570 20445
2 19576 9507
3 11621 8013
1 317 16484
2 7278 10776
1 2804 12831
1 1007 2872
2 15266 11304
1 4739 17924
2 14369 16984
3 729 4666
2 4814 8318
3 10792 3157
3 20119 12469
2 13730 2053
3 10167 7094
3 4520 13643
1 3524 48
2 5693 5997
2 19139 16567
3 119 14149
3 411 17261
1 16518 14989
3 530 14210
3 653 16096
1 3995 6217
1 18861 15874
2 5920 12909
2 1775 4615
3 5488 5210
3 2626 9274
2 19233 17612
1 7148 14153
2 8319 15406
3 12265 19806
1 17734 19775
2 8766 10186
1 9020 16339
1 10661 11380
3 8212 2860
3 5462 19417
3 16747 4654
2 5333 13552
3 12352 10968
1 6463 7899
3 5894 4712
1 18897 1451
3 11266 460
3 19396 1181
2 4251 454
3 18108 5911
3 770 8662
2 4746 7138
2 259 17335
3 17174 1144
2 7285 12822
2 1982 12734
2 11645 20627
2 11876 13243
1 14163 4702
2 9508 4705
2 522 5107
1 15891 14085
1 4355 18135
3 16545 14452
1 18546 8813
1 14201 16545
3 6077 14966
1 2389 13322
1 6028 10327
3 17730 5881
3 13666 11762
2 8269 20649
3 10932 4530
3 4793 18436
1 13485 1313
2 4209 7895
1 20315 3501
3 13633 4077
1 18035 10904
3 19158 10334
2 13319 3933
2 8609 5421
3 4699 17004
3 9099 17316
3 8987 1190
3 6813 12463
3 2172 14676
3 12724 17817
3 15416 18681
2 19452 19127
1 10691 10991
1 2386 2574
3 14071 18215
3 18891 13455
2 4976 12644
3 7669 1212
3 13401 19208
2 10567 17688
3 4152 20021
3 13314 11164
2 11492 15752
1 17386 2313
1 10099 5790
2 879 15826
2 20110 12693
2 18872 15732
3 7367 13698
2 7405 9287
3 2507 13946
3 12168 15739
2 17640 15894
2 6933 808
2 17884 1466
2 6571 20576
3 6367 19561
1 9802 5958
1 20055 2314
1 20385 2467
1 6450 14526
3 15738 19941
1 20274 2711
1 4054 4146
1 19976 15127
2 11119 2771
3 15816 4495
2 4425 9213
1 11592 2050
1 18231 6294
3 1845 3396
2 6745 14552
1 20155 5138
3 8300 5223
2 1673 12374
2 16742 6170
1 1029 6179
1 760 4571
1 6875 19429
1 12954 18181
3 1702 17986
3 15695 20629
2 8960 4971
3 14563 15231
2 7018 14170
1 12970 9808
3 15246 11582
2 11429 3021
1 20138 3211
1 15641 10261
2 9030 7797
1 6423 1203
1 4751 7324
1 5823 7607
1 7172 3331
1 13812 16286
2 13062 3981
2 2909 7925
3 802 744
2 17183 5794
3 12675 18194
3 8160 19098
3 2174 9859
1 18689 4959
3 9448 19845
2 8375 7010
2 14352 13239
1 20599 7853
1 14855 4577
1 19953 11403
2 1502 15655
3 9221 4040
2 935 11598
1 1791 12671
1 17826 3933
2 12957 17983
2 15572 6719
1 2171 8258
1 8554 7682
2 3216 1141
1 18551 11587
2 2647 14550
3 18411 6359
1 20197 1805
1 11885 13686
1 1188 1630
1 16592 8808
1 7551 11820
2 15827 11192
2 12299 16426
3 8790 1974
1 10229 17403
1 8443 6485
1 8107 14473
3 17137 7499
3 5581 5792
1 15596 11247
1 6838 15988
1 9364 14388
1 15055 17467
3 17994 3689
3 4798 17521
1 6133 704
2 11108 15261
1 4774 5847
1 11676 4935
1 10934 9628
3 12732 754
2 20476 9016
3 10874 5338
1 4736 9838
1 2957 14728
3 8103 17869
3 2706 1770
2 19964 3493
1 7896 17128
3 16264 10615
3 11302 6890
1 4269 13722
1 10382 4094
3 8419 2930
3 11821 5105
3 12439 9559
2 2023 13147
3 2508 7597
2 12484 8201
1 1848 4445
1 19449 16314
2 14326 3115
2 11091 10871
3 205 4297
2 14249 14629
2 1866 573
1 8635 2348
2 15263 6919
1 17739 10886
3 19759 11888
3 12550 3726
3 6196 356
2 10295 19115
1 1724 15229
3 9236 3736
2 5402 519
1 5565 2807
2 6722 12229
3 14853 2764
2 2803 9446
1 11378 12660
2 1182 841
1 15281 20335
2 16012 4749
3 7265 8466
3 5912 7857
1 15425 7553
2 9706 14952
3 7306 9201
1 17325 1539
2 20181 17116
1 16497 12843
2 9983 5141
1 18292 12741
2 10850 20181
1 20517 1198
2 11071 12783
1 6506 20158
3 1326 19623
1 15783 11800
1 17305 17960
3 16313 1927
1 11712 8482
3 19535 14151
2 10474 18128
1 8367 18599
1 9099 9389
2 5209 12619
3 19421 10314
3 12684 15386
2 4752 6764
3 12227 18179
2 9946 4246
2 13979 3901
1 5472 10724
3 15008 12082
1 10463 6852
1 9044 7624
2 12761 10556
2 3730 1552
3 2926 13117
3 8549 6921
3 17181 18576
1 5955 13833
3 19945 2064
2 3279 11311
2 279 19705
3 11844 2246
1 17547 11573
3 13925 9945
3 3807 10388
3 19679 12365
1 13606 17702
1 14676 5563
3 14404 2377
3 1979 12413
1 2823 144
2 10775 9082
2 3451 19157
1 15968 13320
3 12935 7571
1 13582 19578
1 6435 11043
2 19387 6418
2 16982 14889
1 16595 2074
1 145 14125
2 1720 14982
3 19838 5118
3 7998 2904
3 9546 10177
3 15865 17439
3 12872 11042
2 13886 10657
2 17295 11678
2 20580 8890
1 1686 10765
1 17269 18060
3 13376 10298
3 8923 18719
1 5484 668
1 3014 1543
3 17160 12000
3 3079 17863
2 5913 19941
3 2041 8900
3 3807 8925
3 17181 9239
2 18668 8543
2 1648 733
1 11756 15772
2 11380 13588
1 15118 9433
3 16113 14971
3 6007 9524
3 4374 11236
3 3300 7100
3 10726 10759
2 12743 15115
2 9024 3710
2 15953 12395
2 18780 7324
2 20406 17961
1 9427 2119
1 7283 10054
2 7423 10017
2 18976 4701
2 19276 7966
1 8546 7745
1 11033 3875
2 7301 14933
2 16615 1397
3 17904 5028
3 9668 6835
2 3312 4710
3 9261 20603
3 16781 5466
1 14007 18310
1 20236 12113
2 15774 1867
2 18981 19725
1 13373 16024
2 18226 19208
1 20120 7773
3 18376 9974
3 3162 17447
1 16671 1995
3 3442 7435
2 6431 7767
3 12073 843
1 12704 12087
2 19682 1863
3 12123 820
2 2092 4907
1 4540 19770
3 18513 10855
3 17644 3897
3 1492 17197
3 12381 14062
2 20308 5089
2 14317 8871
3 2196 3160
2 17545 13935
2 1052 1833
1 8896 15466
3 1540 17362
2 3489 6377
3 14466 518
1 1857 2423
1 794 18733
3 7812 18776
3 14142 11786
2 9172 11045
2 17068 14774
3 19988 18845
1 763 10140
2 16434 12208
2 15467 14293
3 5201 11096
2 12932 12729
2 15180 3746
3 17035 7725
1 12616 6783
3 3764 2253
2 6992 3403
1 9920 17440
1 19380 14279
3 3654 16690
2 15041 3673
3 12549 5960
1 4304 9938
3 8789 8663
3 5656 1464
1 19841 11560
1 9328 5936
3 12049 19789
1 8091 15404
2 4339 9274
1 8785 9050
1 18402 16089
3 8056 12519
3 455 4025
2 14362 13674
2 5950 19232
2 15636 14718
1 17199 12823
2 15903 1181
1 11487 643
2 2730 13476
2 19967 13370
3 6890 5213
2 2224 6335
2 16212 19578
2 3334 1023
1 19049 1022
2 3324 1295
3 1690 6289
1 5240 6168
3 6045 3493
3 4030 12362
1 8412 14504
1 4844 2233
2 5333 4320
3 2574 4266
3 9169 5260
1 4152 13646
2 19893 13375
2 15078 9152
1 20157 14201
2 4899 14227
2 17974 19951
2 11171 9035
2 14059 5622
3 14324 17119
1 2225 4907
1 17119 1344
1 20552 15678
2 9408 9122
2 10663 16038
3 13292 4241
2 15751 7392
3 13964 13695
2 11901 5932
1 16877 14910
1 5368 16894
3 19809 8707
1 15679 19246
3 889 8525
2 7026 2886
2 1178 4678
2 8601 19326
2 10157 16189
3 12825 20119
2 10783 6267
3 18730 2597
3 15673 17196
2 6402 8922
1 7084 7603
3 14627 11756
2 19751 12627
3 16164 17500
2 267 13451
1 1477 1835
1 13588 7300
1 17412 8158
2 2521 15000
1 18674 1842
2 18771 19685
3 5307 10219
1 14113 3657
1 1995 5601
3 11156 14073
2 5851 10969
3 7242 15687
1 4000 14043
3 13365 7674
2 6394 7421
1 14672 12555
1 11489 11362
1 5002 6116
2 20403 7388
3 8981 18504
2 8487 2962
3 3928 4546
1 8352 10729
3 7027 1718
3 14686 8368
2 6837 13375
3 8091 18690
2 20370 7729
3 17118 3734
3 13029 4377
3 17224 5514
1 11795 14937
1 18592 5364
3 9698 19735
3 20464 18510
1 4694 8290
2 14940 1838
1 1478 11564
2 2070 9016
2 14024 2604
3 14573 8428
3 16887 18571
1 20616 3211
2 8636 9026
2 5176 13195
3 9090 12140
3 17050 14523
2 8686 15529
2 13604 1607
1 5694 12385
3 5338 19104
3 1412 12110
1 9609 8611
1 12880 17243
2 11922 11849
2 2839 10735
2 7663 15640
2 8791 15280
3 18764 7463
1 16041 10892
1 17695 16640
3 16238 18717
3 12015 3730
1 15350 15243
2 16046 16150
2 10548 19725
2 6939 15501
2 2301 18859
1 18071 7914
1 19246 17137
3 7407 18897
2 2010 16868
1 10230 15506
3 15355 8158
1 16258 12036
2 6159 11794
2 16068 15754
3 15494 4844
2 10649 7192
1 5916 2419
2 3647 12238
3 8967 13579
1 15935 12023
3 4813 19981
3 14660 11201
2 13940 830
3 10213 4993
2 11397 19352
1 20173 8998
2 12929 19919
1 6836 5840
1 12982 7184
2 12502 15135
2 12533 3042
2 18952 5828
3 9323 18025
1 2015 10620
1 2789 13284
2 12389 16328
1 10261 16992
1 4645 13495
1 1363 10663
3 19229 13078
3 724 11779
3 9214 6568
3 10722 18105
2 2124 537
3 844 14327
2 8865 7500
2 2989 2041
2 3455 4367
2 20581 6193
2 2289 18019
3 9089 2503
1 5757 19568
2 5814 18410
3 4597 12478
2 6683 10258
1 6471 1469
1 17090 17075
2 1975 18151
3 16703 9362
1 17200 3614
3 7464 5816
2 10605 20341
3 4235 6742
1 1532 2302
2 10621 19287
1 1541 15598
2 15834 14799
3 16505 3024
2 7330 7450
2 9193 15422
1 1214 1516
3 11022 19688
1 15692 13552
2 19888 9975
2 16444 16122
2 6925 9661
3 11473 2269
3 13546 15414
2 4793 1550
3 7423 14045
2 16786 17938
1 16996 4785
3 18110 1229
1 12115 13205
1 11417 3918
1 14372 14531
1 7928 4546
3 14068 13592
3 11961 6689
2 14487 20028
3 14006 9146
3 1323 1861
2 8978 13101
1 18094 19353
3 20445 11020
1 7599 2056
2 17288 6876
2 13770 3627
2 1285 12567
2 4438 10436
1 7257 18246
3 10265 13951
2 5091 18731
2 9468 16313
1 133 9681
1 4716 10352
3 3438 9299
2 927 9954
1 20506 16254
2 10321 2633
2 16119 1801
1 20458 634
1 5946 18385
2 8954 2339
3 3027 6301
3 3979 16614
1 5475 1683
2 2405 13180
1 19488 9911
2 2377 5690
1 17060 580
2 4002 19361
2 19166 15915
1 5865 15630
2 16480 3464
1 8662 13890
1 466 17347
1 6778 159
3 14887 12152
3 2016 13956
3 19618 6578
1 5222 1000
1 11531 12507
1 6669 14514
1 4863 7791
2 87 1884
2 9151 15211
3 4692 9729
3 12452 1502
3 6297 8862
3 16784 8224
3 13000 3322
2 2320 11234
1 16662 286
3 7034 8580
1 8479 18297
2 15012 2761
1 6062 1537
1 8600 1570
2 17388 10164
3 9521 6926
1 19226 19620
3 18185 20416
3 7674 18525
1 18553 4386
3 10406 11333
3 3812 3151
3 19011 14677
2 12389 9326
2 16624 12850
1 7726 20190
2 20286 11158
1 2457 3444
1 12624 20161
1 6398 19835
1 12811 10258
2 3282 10099
3 7629 19542
1 12902 12426
3 17092 12448
3 2011 10725
2 7560 12388
3 17935 6344
3 1375 4700
2 1453 7508
3 17814 12673
1 5670 19665
2 9393 17040
3 16335 14358
2 3591 78
1 8104 5876
2 14881 12366
1 11918 2723
3 12772 13813
1 7900 11139
1 19379 1047
1 11657 8143
2 9424 270
2 7651 6963
1 6738 10251
3 12236 3030
3 6729 10194
1 5435 11757
3 19261 1268
2 13993 14150
1 13924 11710
2 11800 14885
3 1497 15210
2 16067 12456
1 5330 17218
1 14198 18630
3 10460 12062
2 5498 774
3 15392 16537
1 1485 4956
1 20385 18194
1 9957 8089
2 7843 3681
3 15226 2110
2 16140 15353
1 11836 9363
1 19667 5470
3 996 10432
1 412 15207
3 12259 19274
2 13546 4915
2 9561 17591
1 10116 13784
1 5440 3502
1 3270 8648
2 6290 11655
3 19599 11087
3 13008 12027
1 11940 18045
1 19419 17905
1 11563 12705
1 17785 9608
2 4379 11481
1 48 16989
2 1992 19916
2 662 4806
2 17190 6158
2 12847 12729
2 5882 6859
3 10117 4614
3 12666 10780
3 727 13133
1 9338 6141
2 5693 4489
1 10262 15028
1 11384 15695
1 2566 17682
3 11016 18801
3 19364 18413
2 9591 15969
1 11572 14459
2 10218 9111
2 2406 8671
3 13366 17278
3 3138 7544
3 2411 8977
2 880 13625
3 3846 16144
2 10197 17391
3 13934 8693
1 20122 19274
1 7118 2587
2 3823 5742
1 6041 18667
2 15036 17719
2 2570 13869
3 4576 4793
1 11590 8531
1 6427 4548
3 8296 6926
1 4136 12039
3 7558 9298
2 11301 1079
3 13191 16988
3 19769 9286
2 14352 7072
2 11487 4204
3 17083 16375
2 7634 3877
1 8298 5170
3 2673 7053
2 19332 7278
1 9699 10610
2 17410 2332
2 4643 15997
2 20640 8434
2 8985 12341
1 311 17224
1 19466 10490
2 8868 1590
3 7313 10789
1 3313 7601
2 14059 3857
3 5310 14578
2 1698 1201
3 12020 11411
2 18997 7351
3 13603 8016
2 14496 14626
3 8773 2381
1 16309 2187
1 12811 19329
2 4396 17447
3 16495 13459
1 15185 7824
2 17576 2855
1 132 8763
3 6290 9998
2 14334 13981
3 8664 10649
2 2365 3416
3 697 204
3 12308 16738
2 8142 20114
1 6963 12488
2 16672 13278
2 3359 15568
3 10357 595
2 5848 6596
1 15638 20256
1 3032 7303
1 19269 9249
3 3401 18038
2 1844 16779
1 20026 3157
1 18431 13170
1 6205 14820
2 14747 7074
1 10303 8862
2 12503 3446
2 13709 11697
2 20295 15187
3 8236 2235
3 15240 17990
2 3477 15287
2 9468 18760
2 17015 7839
2 1136 18128
1 8994 18769
1 15155 18604
3 10535 9983
1 20108 14410
1 12045 2106
3 18104 18190
1 16101 3014
1 19127 12879
1 4979 18207
3 17718 2566
2 5917 14282
2 19818 18406
2 13678 6594
1 11166 12989
2 14386 14247
3 20269 9769
1 4945 8924
3 18170 12633
2 2303 3544
1 19115 7006
3 4251 9612
1 1470 11552
2 10108 15843
2 4928 9115
3 17826 6618
1 15605 3059
2 14383 13719
2 14981 8237
1 19744 13600
2 19906 16428
2 12316 17238
1 9823 8179
2 2863 18164
1 14745 12408
1 3153 2759
3 5527 17071
1 5358 13275
1 16556 12764
1 8493 7141
1 8567 5446
2 10339 14450
3 3105 12027
2 7095 19030
2 18729 7577
2 15203 74
1 2199 1952
3 16979 12500
1 19799 550
2 10227 13648
1 9923 9751
1 10604 4435
1 255 18441
1 16522 18008
2 3749 2408
3 8230 16049
2 13846 8387
1 7817 18879
1 1743 17465
3 10517 10781
2 2577 13721
2 15096 11021
3 8129 10001
2 16658 19489
1 7254 17082
2 6945 11231
2 6195 6824
1 1075 939
2 1648 5416
2 12614 2483
2 10388 16714
2 16719 18369
3 8789 8676
3 14066 3337
3 13823 15930
2 20383 16880
1 4891 7927
1 8426 18622
3 5304 2322
3 1511 10560
2 6917 10679
2 18244 7976
1 5421 12359
1 4769 16210
2 8272 13227
2 17357 16301
3 18413 3770
2 6139 1303
1 901 2357
2 5314 14233
3 18223 10012
3 7478 14628
2 1261 3864
1 4709 2552
3 19522 8172
1 11272 5046
3 9516 17349
3 2377 19144
2 2107 7908
2 15970 19414
2 3932 2497
3 1455 17181
1 875 621
3 9003 10918
1 17165 2973
1 1624 11278
1 5439 7589
2 1614 17462
2 8980 14613
1 8410 2797
1 10811 2987
1 11602 8790
1 13884 16221
2 20100 5781
1 14825 5545
1 2963 17096
2 2250 8206
2 7199 7356
3 13930 8609
2 17228 11056
2 12551 12838
2 20591 15236
2 17290 13439
1 7704 17855
2 2560 393
2 17427 4102
2 19845 2255
3 18897 6349
3 786 9553
3 11579 5091
3 16001 9485
3 289 16137
3 1424 10288
2 18933 15786
3 13182 3654
1 10662 16652
2 1119 1443
1 16066 10943
1 5275 6552
3 17033 3357
1 2633 17603
1 277 15673
1 5287 4273
3 18878 16606
1 446 10525
2 13483 12511
3 8090 2593
1 10177 11758
1 10214 9695
2 17205 781
3 9366 3409
1 12442 8888
2 5072 3478
2 14254 9958
2 8404 20118
3 4452 16205
2 16442 5912
2 7410 5283
1 150 14032
1 8149 5686
1 15627 10643
3 11608 3450
2 8627 17348
1 18953 2684
2 3616 9306
1 16511 15011
2 18467 1103
1 18261 5976
3 10133 1179
2 15543 2946
3 5303 3491
2 5053 13207
3 15148 9536
3 18205 11766
1 356 15221
1 20416 11428
2 5371 8457
1 18973 19463
3 2835 16219
1 18159 16632
3 7699 18280
1 17483 17431
1 3565 18267
3 2481 5271
2 10504 8394
2 13307 13654
3 19163 7123
2 19729 15028
1 1922 20048
1 3550 11891
3 11695 1865
2 6525 5137
2 3091 13938
3 2295 1284
2 2512 11246
1 20384 5866
3 6785 10682
2 558 8979
1 19166 10927
3 11165 20539
2 17639 15435
2 728 15468
1 19796 11785
1 15694 10182
3 3028 12588
1 20338 7748
2 19203 8834
3 6817 7947
2 14269 17407
3 20448 4329
1 18543 15184
2 5743 15493
3 8668 13728
3 17793 13220
3 6614 12685
2 19634 298
3 16258 19080
3 1303 3670
1 3975 586
1 17855 9904
1 15086 18032
2 17625 14185
3 18145 5044
2 14395 12391
2 9667 10328
3 15840 1738
3 2917 20220
1 13958 7147
1 17969 110
3 15426 11771
2 7120 2262
1 9154 15098
2 16863 19386
3 19905 13631
3 12499 1891
1 376 12657
3 5691 14259
2 16614 3454
2 10168 1759
2 12983 6945
3 15581 962
3 18332 2986
1 3495 16645
1 6010 5144
3 1182 19573
1 20271 5443
2 1834 2425
1 12009 7965
3 13691 716
1 1904 11854
2 20649 5584
3 1326 16642
3 18928 17445
3 10658 13840
2 4072 17795
2 20260 8526
2 5090 17854
1 14775 14494
2 14820 3181
1 652 19836
3 18280 3955
3 9665 2222
1 18746 10032
1 9019 1567
3 13051 18858
1 9664 14628
1 3296 10118
1 4959 18072
2 3761 10600
2 19245 12563
2 15729 2365
2 7658 1682
3 16693 10759
1 18947 5379
3 6166 6434
3 5133 2771
2 10030 10306
3 19573 8841
1 1181 1346
3 11968 20417
3 13514 10360
1 18976 12834
3 4453 8640
3 5323 7494
2 4105 8374
2 19153 17314
2 1610 17236
2 6624 14932
3 7199 2180
3 1470 4647
2 11900 7110
1 12053 8569
3 1897 606
3 15186 6320
3 8410 3155
1 18440 4146
1 1993 6626
2 12021 19914
1 3124 11171
2 7362 15867
2 6669 6515
3 1783 17146
1 8973 11700
2 4151 7936
3 7764 17785
1 15809 11062
3 8586 16548
2 9271 7694
1 9338 11750
2 13382 3252
1 18538 12550
2 18095 17185
1 4796 10226
3 9904 17033
1 14302 1420
3 4902 13894
3 9433 2182
3 9147 9054
1 1033 9774
2 10623 20041
1 17757 347
2 15206 13712
1 3930 12631
1 7831 2757
1 14817 670
3 509 19820
2 16974 17924
3 9089 2215
2 12368 13329
3 8871 15729
2 2907 4128
2 3150 8796
1 3564 15851
2 18726 14678
3 12425 14870
3 14455 2502
1 5949 3230
1 5362 13006
1 11339 14380
3 8419 9754
1 17878 9215
3 4058 14024
3 6035 1345
2 11705 12332
3 20336 14253
2 19581 10435
1 15055 15931
2 18400 16336
3 9421 20418
2 9357 4357
2 17504 17815
2 119 19000
2 3789 16576
1 2572 658
3 7451 14202
1 19489 13881
3 8012 11308
1 13463 4145
2 14586 9287
1 11860 4125
1 18022 9420
1 16800 6506
2 19516 9716
3 5666 6489
2 13852 14488
2 19746 5361
3 5707 11795
2 5389 14383
2 19369 6966
1 18496 13814
2 13122 6467
3 8111 7802
3 3797 3436
2 7196 981
2 11630 3570
1 13675 12841
1 3220 17257
1 1256 2474
2 18123 12610
3 6667 4031
2 19691 3080
1 3577 17963
3 2705 12584
2 19385 20130
1 17658 20238
3 14793 6789
3 10882 11811
1 18202 17370
1 19594 17729
2 19761 16792
2 8651 5296
1 8194 10226
1 11854 16641
2 244 14853
2 8500 6144
2 13554 2581
3 1505 12901
3 9138 4532
3 15597 9560
2 10554 2752
3 2022 5493
3 1536 7946
2 7813 2880
2 2038 13267
1 19586 6433
1 10631 2416
3 6620 14013
1 17104 4427
2 12613 4111
2 1042 11633
2 7944 2458
2 1028 8730
3 7565 1407
1 16040 6370
1 4362 16725
3 11335 10289
2 1746 15243
3 12106 7659
1 16538 19174
1 6795 13180
2 14066 17581
2 18740 2936
3 3168 1751
3 19515 14251
2 5553 6356
2 12830 11872
2 15956 20258
3 5490 14336
2 18477 3584
1 12071 9395
2 17856 17825
3 9972 4151
1 6499 13907
2 16410 12320
3 7509 10992
2 2663 16496
1 18867 19306
3 17326 9514
3 14123 14523
1 18375 12700
2 12562 15951
2 3190 19128
3 5850 17407
1 11598 18224
3 10288 7328
3 15392 19674
2 20478 16824
2 5379 17831
1 11591 13390
1 4752 19250
2 12761 12949
1 10303 12962
2 17098 7498
1 7584 973
1 19604 356
2 6365 13719
1 16932 2690
3 15782 12365
2 12649 6555
2 9966 11144
2 7817 18018
1 16278 19906
1 5760 3331
1 725 6608
3 10007 952
3 4211 11304
2 4474 16360
3 3030 8031
1 18727 4578
3 2880 17957
1 13608 7039
2 16675 16256
2 4319 19367
2 14038 18685
1 190 12427
1 14405 7088
1 12211 9985
2 17254 12997
2 20245 8169
3 1514 10887
3 18809 8396
1 14534 13778
1 17317 17421
2 9230 6027
2 6928 15146
3 4984 18681
2 775 5211
1 4673 18023
1 4061 9961
2 2559 8800
3 14420 6014
2 11307 6864
3 6394 984
3 15513 8362
1 2372 13164
2 9295 7477
2 12074 3325
2 12578 17656
3 9091 7033
3 6914 9334
2 7056 8259
1 7479 12593
2 19753 1287
1 12335 15590
3 13227 16278
3 15233 7672
3 18781 5194
2 13807 12079
3 13706 16729
1 8341 9235
2 9575 8363
3 9238 6635
3 4097 16205
1 20543 7871
3 6435 10663
3 18034 18786
2 15832 2457
1 3102 3531
1 13854 2158
3 16266 9923
3 10856 8619
1 8245 620
3 7215 5691
3 18016 7873
2 17110 1577
2 12930 7046
2 14305 16926
1 1830 4831
1 14090 10338
1 3301 17953
3 18131 19039
3 20438 5173
3 3638 1740
1 14496 7995
3 14948 10911
2 12510 6212
1 3646 2313
2 10901 3048
1 1067 12294
2 18154 4126
2 10635 18528
2 6413 540
1 5399 17553
3 16053 16654
3 10235 6896
3 8392 11529
1 14386 10654
2 5640 7581
1 1182 4798
2 3819 20641
3 15560 1408
2 11796 4745
2 16923 13080
3 10927 7441
3 1326 14888
2 12135 2339
1 2369 11852
1 3612 2331
3 1820 5261
2 10621 11718
1 8070 12522
3 14322 4997
1 9216 18199
3 8730 14751
3 19037 15267
3 4606 19220
3 8147 12945
1 6760 211
2 1733 1072
3 5050 9144
3 19313 20437
3 7112 8974
3 1964 3008
3 17082 8642
1 2424 3366
2 6327 20619
1 3554 17382
3 11628 17619
2 20426 8091
2 10950 11841
2 6278 19390
2 8274 17158
1 212 1157
3 17231 19435
3 3576 15978
1 10297 13011
1 10731 3633
3 16355 8048
2 1421 17558
2 18206 10781
2 14116 2827
3 9569 12598
2 16572 17553
1 15760 10221
3 13058 15492
2 19648 2786
1 2012 17981
2 14686 16723
1 19594 3358
1 9431 3111
2 1408 381
2 11072 10170
1 3904 5607
3 16828 10676
2 11807 5615
2 9470 1528
2 13592 16724
1 6628 14724
1 572 12459
1 4857 13056
3 8036 7471
1 15998 1489
1 2666 976
2 17377 14109
1 8316 5552
3 13601 2592
3 16516 18550
2 9595 13514
1 10788 11614
2 8173 19345
3 9230 17667
3 1722 1494
3 5831 10763
1 6650 6581
1 10188 7523
2 8492 12969
1 11637 20457
3 4163 18656
2 9522 13590
3 2229 17787
1 15910 11964
2 20418 3118
2 20583 8942
1 55 13543
2 9915 2020
3 3831 9986
2 8307 17643
2 14010 17050
3 14995 2262
3 7721 13936
3 3733 1909
2 17738 944
2 17441 12551
1 2051 13651
3 11468 14206
1 768 19724
1 3268 17252
1 4087 19371
3 6864 11075
3 4639 7396
2 15242 5861
2 4008 4188
1 11494 11193
1 7016 5229
3 12856 9092
1 17901 5761
2 2671 16685
2 20260 12541
1 7072 3782
3 1573 19225
2 6577 2137
3 13844 3509
2 382 17593
1 12133 19325
2 14578 1905
2 3865 5228
2 17474 1180
1 7092 12519
2 11101 6321
1 16303 1855
2 6934 19244
2 552 2082
3 5799 1504
2 19740 11784
3 14374 6612
3 10233 4879
3 1782 19722
2 1682 3221
3 15691 2201
1 13852 4726
3 8577 12500
1 12382 11884
2 7307 5281
3 13442 4614
3 18835 11708
3 7763 11308
1 20474 19799
3 14835 10157
3 15914 17427
3 20442 12391
3 15005 19543
2 18799 9834
1 7034 15360
3 4235 9544
2 5088 17650
2 16228 19389
3 18260 8353
2 15734 12343
1 14882 8487
2 8509 12742
3 9196 19624
1 7822 4446
2 17003 7462
1 5643 15642
1 320 13301
2 3792 3376
3 15554 3216
3 18535 12331
1 11112 7631
1 15264 14589
2 19607 10323
1 5712 18057
3 9564 5079
1 18323 7982
1 10629 14550
2 7478 2234
2 16059 1002
2 4241 7804
3 8817 15300
3 532 2049
2 18826 19620
1 2369 1812
3 6567 4205
1 7590 8157
1 15421 18326
1 10399 19464
2 7277 12233
1 13414 9338
2 8184 4164
3 3136 10961
2 19032 14397
2 3120 11317
3 1335 13775
1 20362 11693
3 5507 2315
3 2922 12859
1 7668 19945
2 2053 19707
2 14650 10160
2 19063 17662
1 11071 20088
3 17601 11263
2 6398 12797
2 5235 13548
3 12761 6939
2 12215 9090
3 2277 1832
2 16271 12042
2 10690 11897
2 18121 9954
3 4916 18751
3 1227 7096
1 3599 12014
2 13734 1727
1 5550 1903
2 13476 6808
2 16820 14792
2 9107 4192
3 14631 1379
2 5887 13475
3 9118 16669
1 5323 13024
2 11848 4419
2 900 16309
2 7199 18252
3 864 9699
2 7697 1527
2 9726 9187
3 9336 16164
2 11070 6976
3 4468 16625
1 10211 8910
2 12224 10825
2 3563 9703
1 14121 19825
2 5773 3126
1 16105 18800
1 7510 13802
3 7434 4721
1 6327 2149
1 2122 10727
3 11005 12016
1 18577 619
1 4646 18656
1 15033 16015
2 13306 18803
2 13681 8468
3 9443 8540
3 19292 17501
3 4141 14234
2 12074 8201
3 8759 19614
1 5543 1157
2 18646 9654
3 6465 1954
1 4118 15776
3 11914 14315
1 554 11635
2 9537 14010
1 8537 3557
3 10340 7543
3 19161 490
2 15894 10589
3 14517 14430
1 8453 4580
2 3502 1496
3 11556 18828
3 8409 3775
1 9227 11902
1 19948 17150
2 16399 10642
2 12885 12411
3 2351 4606
2 6626 13190
1 15891 19230
1 4829 12917
2 11390 17605
3 18542 15253
2 5872 5541
1 9164 16976
3 3759 15719
3 9222 15863
1 6517 3449
2 2908 17834
1 12304 16786
2 19978 11436
3 7612 19011
3 11777 6131
3 3190 13605
1 4368 19197
2 14160 6458
2 20476 8289
2 10295 10903
2 5640 16430
1 19977 6470
2 13513 19788
3 4261 14909
3 272 3194
2 8901 12691
2 12220 18050
3 19297 16806
2 1289 12293
2 19842 5972
1 19844 14635
2 10172 17856
2 18799 16418
3 15273 4391
1 18119 2565
3 3949 10836
2 2053 20089
2 12882 1429
1 6756 8811
2 13598 17678
2 6497 18927
1 226 3505
3 14655 6816
3 5015 8887
3 19853 13173
1 9190 9997
2 7881 8816
3 13076 7822
2 12434 14062
3 6232 14198
1 55 2373
1 14562 13754
2 10848 1288
2 17169 8448
2 16806 12780
3 14525 7334
3 10200 8579
2 18575 17417
2 11300 11065
3 14394 17942
3 12322 12129
2 17045 8989
1 6827 4943
1 14955 1952
1 7570 1422
3 8316 7730
2 14227 10092
2 3545 2259
2 16509 3765
1 6698 2911
1 19152 18722
2 6737 5881
2 13478 9551
2 1442 11289
1 19268 790
2 7201 9960
1 20053 13558
3 2732 7025
2 18917 14636
2 19448 18361
3 8922 7163
3 16770 20414
2 12769 5950
3 8803 479
3 12519 13311
2 7555 6966
3 18913 14011
2 15101 18967
1 9782 11701
1 5313 17897
1 10665 8705
2 19922 2542
1 15264 15914
2 4968 17424
3 6960 18421
1 6732 13073
3 5347 11090
2 2316 18182
2 17967 12430
3 7742 13624
3 1626 4308
2 19597 3185
2 16044 150
3 12090 14298
1 74 6968
1 16432 1143
3 15996 18713
1 9185 20606
2 15615 4403
3 17814 5293
3 5451 2184
3 3747 9079
2 6763 13225
2 16330 16863
1 18938 15591
3 19244 14786
1 8878 13683
2 15661 19186
3 8713 3783
2 7513 9474
2 16364 8603
1 12800 18687
2 5259 8335
3 12640 10610
3 14815 796
1 8292 962
3 1970 1422
2 10754 16393
2 3711 15247
3 11173 982
1 6493 11561
1 15376 4557
1 15534 2827
1 15885 7191
2 9063 15122
2 12785 17206
1 18577 16318
2 10765 16376
1 5049 14102
1 18533 13240
2 2978 15190
1 7230 2815
3 6398 1433
1 2691 514
1 6678 20588
2 7342 9212
3 11805 5818
3 14518 13589
2 15380 19167
1 3618 16348
2 4563 18987
2 19650 7584
2 8791 9212
1 2466 4491
3 16196 12413
2 12181 7981
3 7998 1217
1 10915 20643
2 15936 19333
1 8043 712
1 8770 8432
2 11786 3057
1 5171 17082
3 5889 15738
2 1432 19290
3 10929 14797
1 12822 17255
1 15187 490
2 5989 16141
3 16113 11596
1 5851 1992
2 45 2149
1 19837 8936
1 5694 5352
2 457 876
2 16209 20380
1 10460 17267
2 10831 7127
1 11437 12937
2 19867 17565
3 2236 10457
1 18021 8859
3 2801 1568
2 4162 8103
3 5778 20228
3 13804 9943
3 8030 4414
3 18480 11702
1 9350 7422
2 1031 10868
3 16225 6800
2 773 12820
2 9566 12088
1 13122 12459
3 5712 9235
3 18347 4378
1 113 10703
1 1769 9704
3 7382 3550
2 12926 17578
2 16511 8219
2 13779 11421
3 9722 9120
3 19124 18370
3 3592 7435
2 14908 14005
2 19872 7911
3 18880 19238
3 11658 12344
2 5203 16230
3 8636 3884
2 10429 17910
1 8074 16632
2 19426 6630
1 18641 3751
2 2536 19584
2 2726 5785
3 17014 13224
1 4215 2437
1 4050 9849
1 8461 3559
3 14746 7568
3 19038 8561
3 7954 19119
3 2407 7135
2 16539 1912
3 10610 10260
3 9427 6410
3 15849 10811
2 20523 2102
1 11591 8611
2 161 2478
2 6085 6256
3 5757 3956
3 5797 9631
2 849 8566
3 18092 18055
2 6809 12580
3 11537 4316
2 9443 6983
2 16475 12311
1 13495 1335
3 19123 6302
2 6118 15459
2 1096 18439
2 16948 10838
1 5618 15220
3 1975 6507
1 9066 12313
3 7871 640
1 15078 13267
3 1212 18154
3 19844 2986
3 2865 4877
1 2593 3328
2 11955 14299
3 9514 18760
3 7787 5227
1 4475 18873
2 8834 17586
2 6437 11823
2 6718 4691
1 16756 19087
2 16019 8643
3 17563 11950
3 13960 13635
2 4157 11179
1 17393 882
2 8820 15250
1 16841 7692
2 14975 18377
1 19407 20065
3 12681 18748
2 10543 6370
1 5923 9952
3 8611 11457
2 3170 583
2 8649 8483
2 13608 7827
2 18263 7429
3 12722 2007
3 15809 3950
2 15873 13820
2 13909 3322
2 17505 12370
3 16215 1320
3 13855 16091
3 4704 18648
2 18317 15657
2 4759 10030
2 5223 850
1 7549 601
2 15706 35
3 14715 9389
1 13979 14111
1 13960 6116
2 11993 9036
2 3389 12335
1 4089 19780
1 18842 18883
1 15930 7691
2 12116 626
3 7695 14202
3 13452 17470
2 10614 5967
1 14904 20367
1 3454 3318
1 10500 983
3 17145 13614
3 907 15514
3 15445 17350
1 5861 16652
3 4810 528
2 4649 346
1 8629 6843
1 17503 16749
2 7261 20368
2 14243 13959
1 4952 3009
1 2450 779
3 7616 8391
2 19144 3884
1 9016 13638
2 19121 1618
3 10141 5097
1 13067 9119
1 10193 572
2 16309 7202
1 19254 6759
3 17261 13093
2 17833 19903
1 11071 17858
3 11437 8007
2 16557 1774
2 3528 15133
3 16305 14040
2 10377 13435
2 3909 14852
2 13567 19631
2 20466 19327
2 6412 17015
3 15636 13029
1 10848 8791
2 15488 12723
3 1434 2904
1 9981 13816
1 2043 15630
1 12098 17105
1 12100 14546
1 16450 10177
1 12789 3911
3 1783 6638
3 15631 5776
1 5324 11768
1 17657 3675
2 10858 15473
2 11551 9671
2 4718 6764
2 12031 17441
2 19400 20277
1 4186 13231
2 243 4382
2 5279 4516
2 6343 4003
1 6961 10210
2 2112 20088
1 1625 2451
3 12815 7374
1 19877 12500
3 11591 12036
2 11093 7515
2 8716 11495
1 17313 13113
3 6479 7023
2 6112 19640
2 14070 3038
2 12209 18063
2 17982 6602
2 11043 6043
1 8982 1004
2 10616 9869
2 6189 53
2 10869 14737
1 3520 8283
1 19785 17441
3 12468 2671
3 11718 10899
2 8392 19893
2 5254 6326
2 8634 18085
2 20595 16212
1 16815 15429
2 20247 16231
3 1220 18783
3 20299 9469
1 50 11970
3 17843 15747
1 2817 8092
2 19759 6205
1 19384 18219
2 8361 2970
3 11909 9523
3 10110 15044
2 13206 15347
2 3382 4001
3 1842 15980
2 2074 11084
2 3824 14064
1 11904 3497
2 15252 180
1 2924 3602
1 15485 18414
2 40 20521
2 15951 19982
2 12920 12295
2 10486 16771
3 12968 19820
2 7856 6750
2 14803 9216
1 7890 11138
3 2174 10144
2 11650 2023
1 16267 10027
3 18868 17356
2 7208 12418
2 3849 19245
3 2767 15998
2 20095 9418
2 16169 12375
2 14367 11880
1 9345 4078
3 11346 16401
2 8854 13869
2 9079 18115
1 18554 15951
3 13536 9263
3 4536 12284
1 1041 7583
3 1933 10639
1 16542 10494
1 10176 5803
3 17795 545
2 3357 4173
2 11892 5807
3 20493 19475
2 18018 6872
3 10408 18058
3 18303 8533
3 3715 15318
3 15298 208
3 4821 12834
2 20268 20495
3 8601 4600
1 7673 9997
1 9810 276
1 8543 4541
3 2829 18859
3 1944 6343
1 17348 12326
1 10415 1557
1 19956 7093
2 8469 11288
3 19135 19047
2 343 2324
3 16819 4818
2 3112 14321
3 4195 1921
1 2947 2995
1 901 15492
3 19095 1980
2 18996 9204
2 12439 3845
2 19150 6079
2 20083 8932
1 12031 8234
1 5411 10153
2 14418 19400
1 16640 18597
3 253 7091
2 2071 1222
2 251 9454
1 11011 9808
2 622 10449
1 14308 9661
2 13487 3486
1 3827 13685
1 7610 12379
1 19452 11673
1 17298 15666
1 16447 14490
2 2465 14918
2 10916 8607
2 289 3159
1 19467 7116
1 6401 1644
2 152 12597
3 9065 669
1 9463 10328
2 18446 16394
1 1390 17924
2 16528 9218
3 10787 19461
3 16964 14218
3 14144 11213
1 877 15126
2 17908 4915
1 17183 4014
2 19859 8658
2 13076 8085
3 13219 8727
1 3880 14055
3 18000 13597
3 2712 9916
3 10322 3615
1 717 2271
1 989 2726
3 20589 18346
1 13516 16972
1 16778 956
2 4234 9191
3 11091 9932
1 193 17759
1 3449 13424
1 18453 5101
3 14016 19397
3 17002 3089
1 13162 16067
1 16834 20307
2 20087 19385
3 5490 8080
3 294 2957
1 11930 380
2 7667 10739
1 14294 702
2 9675 20495
2 10993 12092
2 17881 7938
1 5489 15650
3 9084 17334
3 18886 2687
1 9067 14439
2 13391 3924
1 12419 3528
1 14473 9977
2 4122 330
2 15960 1092
2 7682 19988
3 11010 19331
3 10144 15970
1 11876 1567
1 13258 4447
3 14580 5518
2 3057 6489
3 15297 9974
3 216 10971
3 2447 18679
2 2627 4665
2 14420 7034
3 14921 1272
1 11823 1064
2 3386 17095
3 17541 5826
1 16671 4150
2 14263 12660
3 214 16235
1 10611 8011
1 8325 16344
2 14275 12146
3 3911 12900
3 16802 1446
1 15745 5621
3 14729 5201
3 5818 12937
2 13496 11515
1 4033 6843
1 9362 1898
1 42 16233
3 2852 563
2 9928 14418
3 5953 13231
2 1789 11425
3 20160 2784
2 12704 10798
3 19509 3128
2 15336 7769
3 4570 3985
1 13218 19892
2 81 2092
1 764 921
3 3638 6207
2 9075 14158
1 15681 1137
3 6325 6746
2 2717 9076
1 17911 270
2 16415 9173
3 12226 905
3 7965 18257
3 5684 4917
2 17552 4639
3 13256 8612
3 12742 12911
1 4461 9166
1 991 12847
1 520 5121
2 7057 10880
1 9053 1293
2 727 10660
1 17432 8612
2 1501 3825
2 4328 7517
2 13172 6882
3 5829 10225
3 8087 275
2 5266 16254
2 4782 12120
1 16655 10389
1 11480 12688
3 19216 17369
1 19763 4261
3 17424 10364
2 10717 9907
2 19622 9798
3 12110 7789
1 19593 15899
3 9622 12172
1 4260 17785
3 1852 12549
2 16202 14700
1 6975 15873
2 2092 6722
3 6355 14288
1 16710 17288
3 5583 14178
2 11587 18313
3 14089 19125
1 12433 12503
2 13089 9374
1 1583 13398
2 20188 8902
2 19200 1576
3 15426 2813
2 16591 13327
3 10799 15597
1 891 2176
3 14031 3376
3 9576 18059
3 10135 8708
3 1606 20557
3 6643 5000
3 17753 9658
2 9813 649
1 12940 14270
1 915 9572
1 7461 13642
3 18061 8817
1 4428 12489
2 13406 895
3 2004 14934
2 7272 4005
1 5286 20070
1 1947 5680
2 2704 4452
1 11398 9210
1 2362 1040
1 7296 2149
2 9980 14216
1 12511 8606
3 17264 10196
1 17835 13599
3 13401 20447
3 15454 10372
2 4335 19577
1 14619 7625
3 16986 12040
3 9736 20205
3 17969 5752
3 967 8546
1 5404 14813
3 18588 10963
3 17049 525
1 2114 6922
1 11807 9550
1 2369 7057
2 17852 2784
1 11128 17897
3 6459 7858
2 16016 5889
1 14549 4531
2 3491 11553
3 11240 19966
2 11087 8352
1 15888 11441
2 2137 14675
1 16906 5983
3 5728 4076
2 7646 10288
2 18951 19885
1 10310 5782
2 1258 4608
1 18732 2469
1 2445 15145
2 3909 10451
1 15505 2918
2 11455 12434
3 17430 15733
1 17614 7016
2 6309 4901
2 12542 18701
2 19739 11135
1 17839 16586
2 1997 7990
1 711 9114
2 8263 9985
1 15676 17319
1 783 7829
1 17769 9526
2 3549 20601
2 19221 11618
2 2391 4750
1 9468 18730
3 6344 6733
1 13974 11138
3 4132 13666
3 10469 6754
2 8961 9453
3 17559 1787
1 2511 10293
3 6334 10403
3 12880 16668
3 18351 13501
1 4871 8363
1 4510 1608
1 15342 10591
2 6665 13424
2 10680 13756
2 2952 7421
3 5962 6706
3 13130 20019
3 18512 20332
1 1824 3939
3 11370 10192
2 3753 1181
2 6280 5332
3 17722 9599
2 19974 13105
1 13735 11550
3 13621 17653
3 7065 3630
2 17480 5812
3 1310 5078
2 7531 12964
2 3680 2869
2 14652 11100
1 11820 6526
1 1442 5456
3 20255 7454
1 18908 18034
1 16419 7921
3 3514 12067
3 7562 20170
3 7734 5697
2 15800 16192
2 16810 6133
1 18495 18769
3 835 8488
2 10911 17716
1 13692 13527
1 19677 4384
3 15672 13267
3 6406 12893
3 19168 6339
1 10355 2273
3 17412 15159
3 11947 4144
2 14415 5717
2 16466 1358
2 8777 16259
1 15009 15389
2 18493 8177
2 3714 127
1 12057 6133
3 10018 7657
1 10423 19179
1 19707 11805
1 3492 1579
1 6665 20399
1 13529 5058
3 6304 12835
1 6523 7401
1 12000 10539
3 4144 3148
1 9247 17348
1 239 13236
2 6865 16706
2 1030 16036
1 11878 14593
1 15011 3665
2 7051 9870
2 14956 9795
2 11863 19762
3 10968 8411
3 17921 4839
3 14189 9545
2 4430 5943
2 8217 20198
2 1728 16634
1 3958 6463
2 4921 3174
3 1977 4076
2 6594 6935
2 15075 17498
1 1005 17145
2 15571 20320
3 6729 12655
3 4145 14072
2 11562 9966
1 7099 6576
3 18390 11448
3 9231 6501
3 16735 8001
2 13583 19932
2 2589 9105
1 362 15693
2 14256 2160
3 7319 3671
1 19391 3003
3 2009 5455
2 14711 1992
3 17974 13855
2 20370 17077
3 3850 16380
2 5647 7663
1 12141 7587
2 14904 3839
2 10623 18964
2 11899 7708
2 14589 12080
3 7208 10683
3 19446 16375
3 1979 16040
1 14897 299
1 17504 5432
2 12637 12931
3 3690 11669
3 266 4894
1 15558 14460
2 18000 10939
1 18986 18258
2 11432 15306
2 8876 17282
3 3410 8955
1 1460 11972
2 17700 18507
1 3246 5645
1 13184 16661
1 1537 6918
1 8199 11895
1 15204 12879
2 3957 13406
1 13378 13718
3 10988 14450
1 3139 13675
1 19588 7892
3 6725 5100
2 9986 921
1 14709 4945
1 17338 8771
1 4377 1172
3 890 19856
2 6278 8485
2 4408 7793
2 3610 19855
2 4787 13855
3 7023 19501
1 601 10051
1 4466 5409
2 11913 2576
1 7290 18034
2 12303 20043
2 715 9797
1 1770 19107
3 9920 15851
3 5708 12657
3 15638 900
1 16347 694
1 18127 14950
3 12184 5427
2 4007 4786
1 15197 18449
1 725 4004
1 4689 6503
2 8092 9375
3 16324 14194
2 12293 8389
1 4057 17409
2 14763 6285
2 7672 5906
1 10221 15768
2 5647 14013
1 4061 15962
2 17041 13480
2 12162 6733
3 13726 4549
3 18731 7466
2 559 3248
2 1953 3010
2 569 2680
2 2143 11783
3 15769 17627
1 7802 3616
3 16110 262
3 2602 15064
1 15775 4541
2 15688 2335
1 18590 7653
3 16532 15378
3 3167 6334
2 5411 17713
2 3393 18200
1 20382 18988
1 828 16992
3 760 14883
1 12832 15372
1 18459 5750
2 19040 5507
3 18684 8657
3 17152 19465
3 4415 17324
1 19251 15953
1 3144 4092
1 9213 12933
3 601 496
1 17204 8267
3 6612 19809
1 17481 2019
3 14232 3114
3 19229 6813
2 9009 9583
1 11045 4814
3 12014 17760
1 14624 16206
1 5896 16687
3 17278 8509
1 8149 2134
1 7864 11777
2 19312 10924
1 11864 18383
2 16279 3864
1 20005 16983
1 6285 14088
3 20429 9472
1 17310 12067
3 11558 17514
2 642 309
3 6388 14390
3 7625 2409
2 12336 13396
2 18808 2154
2 8276 16818
1 13772 4736
3 4433 12778
1 1864 7882
3 19466 14618
2 9785 3506
3 16137 19156
1 3344 18820
2 1195 6356
3 10967 17955
2 790 8225
2 4254 13390
2 789 12975
1 15432 15794
3 14799 5157
2 12706 7932
3 7320 12653
3 1241 12332
3 18955 18283
1 10193 3178
1 2357 5813
1 11612 1562
2 13690 18396
3 6831 7768
2 14513 6000
1 13153 11094
1 14470 3036
1 16594 3590
3 13262 13890
2 12052 11458
2 3936 12174
3 6902 9709
1 4691 186
2 6554 17203
3 1298 13834
1 19462 4098
1 9739 8514
1 3079 13230
3 13326 17391
3 19649 15561
3 20616 1598
2 20103 5614
2 12267 16784
3 10149 444
1 4045 17800
2 1072 7348
1 9862 1974
3 1029 20111
1 17744 3178
3 11214 6218
2 19859 20230
1 4460 19620
3 19722 17997
3 4820 12537
2 12659 17532
1 9902 15807
1 19083 20438
2 14409 2058
3 8636 19890
1 3420 6380
1 8339 4563
2 4994 18860
2 959 4424
2 17660 869
3 19549 10082
2 6831 18306
2 11541 9023
3 8627 2475
2 18206 11136
2 11613 18610
3 17719 12096
1 10261 10757
2 12120 12488
2 2831 4130
2 8444 15033
2 15049 18788
3 6007 8695
2 2234 17170
1 9267 11167
2 18750 1704
2 10925 10020
1 2504 11662
3 8018 7363
2 15553 13825
1 9037 9515
1 11223 7035
1 13505 18588
3 9606 18080
3 8564 9259
2 12280 15824
3 4225 4608
2 17177 3926
1 18471 19415
2 6551 6912
1 7804 4717
1 6890 908
2 11293 15036
2 1264 12503
3 2584 4184
2 6390 12216
3 7334 1449
1 19154 3337
2 11354 5605
1 11431 1986
3 9766 2717
3 5029 12659
1 1277 6600
3 856 18251
1 19529 17636
3 12528 15803
1 11117 12076
1 3871 5328
3 3370 19987
2 8499 8278
2 19389 16837
2 7647 2217
1 20412 4821
3 17368 13206
1 11650 15945
3 18624 6057
2 20173 8710
1 6764 9403
3 124 592
3 19002 20299
2 19524 13521
1 15889 15959
3 14269 8656
2 3701 18998
3 2485 1978
3 13751 19386
1 9783 5948
3 3205 7625
2 15004 10563
2 17377 4516
1 18693 6729
1 16577 3059
3 13757 16394
1 2594 17800
1 17510 18944
2 19584 1922
1 2465 878
1 12606 11459
2 14550 10097
1 9887 12574
3 6212 5455
2 14428 13324
1 13730 2142
3 1480 20357
1 15691 20205
1 936 5584
3 14247 7183
2 15720 8076
3 4860 3125
3 11323 5645
1 12888 4989
1 18255 9171
3 20359 4938
3 10239 10031
1 16071 19645
2 5469 9917
2 12264 19765
1 10884 1383
1 17153 7969
2 2617 8182
3 19682 6572
2 15321 11091
2 12544 2812
2 6151 15549
3 7129 19519
1 2510 19181
1 4789 1707
1 17983 4399
3 9773 18633
2 18780 13862
2 11123 6689
1 2703 18910
3 12942 6906
3 9887 14711
2 5164 3204
3 17466 12604
3 12454 8778
2 6834 5662
3 4839 18620
2 10553 248
2 5430 7940
1 15893 7723
1 14851 7445
1 13575 17416
3 16257 17539
2 5987 6513
1 9717 283
2 4305 14923
3 8580 5491
2 15169 573
1 11921 11683
1 11567 15129
2 18905 20108
1 7340 14868
1 14271 17749
2 10194 1860
2 14889 19967
1 12072 10277
3 14865 12439
3 17649 7707
2 9068 10750
3 8918 11566
3 7678 11718
3 11697 3874
2 19794 11305
1 13231 15118
3 5877 7384
3 14252 9141
3 3743 2403
1 64 3262
2 9674 20212
3 6956 10495
3 5878 11144
3 905 618
3 11680 7042
3 16922 13939
3 10059 9509
3 19582 11123
2 7692 8895
3 4608 469
1 11013 16089
2 17709 15952
1 4620 12005
2 10942 5979
2 18969 17011
1 1160 3902
1 2799 10290
2 10580 18913
2 17204 12379
2 5296 20353
1 14752 14479
1 18717 6614
2 15269 14507
1 5245 2243
1 19338 525
1 12436 18067
2 4390 382
3 16302 9643
3 5699 15894
1 6170 12414
3 3019 6786
3 8788 17613
1 19597 13897
3 1851 7858
1 11357 18914
2 19292 6444
3 10394 13006
2 15647 5755
2 12915 15480
2 16195 20508
2 9949 12474
2 708 4019
2 14512 5707
2 15883 17369
1 15757 7183
1 1741 2533
2 5435 14568
1 4558 15743
1 4812 20047
3 12518 15100
3 20489 7040
2 881 5332
3 1943 114
3 17113 15073
2 11305 12555
2 13974 5221
2 14673 13732
1 17618 13394
3 18688 5165
1 11024 9823
3 327 9732
2 8492 195
2 2088 6152
1 13770 7001
3 1009 4748
3 9925 10667
1 7764 11485
3 1664 4134
2 8992 4095
2 4270 920
3 11632 9835
1 18280 11995
2 10172 17085
2 7368 338
2 13470 2190
3 17070 14956
2 14745 20028
2 18737 7881
2 8830 1288
3 2803 14515
3 15299 19811
3 19493 9065
2 20418 3718
2 12430 12902
1 12618 9190
1 18769 20138
3 6269 7319
3 19117 17691
3 5925 8911
2 1223 14440
3 20417 15483
1 14763 1957
3 2336 2304
1 15254 2518
1 8753 18233
3 14310 2664
1 15213 10990
1 19261 4060
3 5776 17583
2 4922 6163
2 4832 8798
2 8989 10871
1 9399 8531
2 13212 11441
2 7058 9124
1 5113 8552
1 18771 1599
1 9392 17069
1 2756 18621
1 1973 4852
3 8318 3333
3 7699 1893
2 20081 11612
1 2842 12912
1 5240 10417
2 9326 13005
3 7571 19052
2 13088 2112
2 11836 20162
2 17069 8318
3 13240 17183
3 10558 11216
2 3392 17468
3 11785 9616
1 12034 17348
3 16163 20001
1 6180 4847
3 5112 13277
1 8120 4580
1 15128 13360
2 9700 16837
1 11770 11620
2 13272 4734
1 13723 691
2 17325 16741
1 13698 2995
1 3574 9243
1 12705 4433
1 1888 11769
2 3699 13945
1 15556 12088
1 9643 14636
2 18295 14340
3 19043 10804
2 4383 16297
1 8096 16496
2 14878 14877
3 7596 16780
3 4743 13736
3 11550 13200
1 3855 6599
3 14524 16175
1 19170 8380
3 6316 12606
1 19894 7170
3 1364 16219
2 276 10948
2 9564 17423
1 1981 1441
1 5604 13480
3 15234 19008
1 17585 8038
3 7951 9108
3 2283 4681
1 9959 20345
2 4555 19282
2 2305 11478
1 13680 13726
2 4468 14700
2 1419 6216
3 18672 18996
1 9101 7152
1 13764 1387
1 16738 18741
1 15556 15281
2 15665 3808
3 13180 13308
2 4489 1604
3 19197 8414
2 4910 1856
2 13268 14210
2 7921 14688
3 20217 16582
2 5857 4314
1 13611 11804
2 1582 4730
3 7244 13013
3 2624 6970
2 1384 8144
1 19030 8773
1 17477 9701
3 17696 20128
1 19118 2362
2 19000 20535
1 14561 6528
3 13045 17839
3 15830 6724
3 10900 4685
1 4487 11606
2 14848 9286
2 555 19796
3 6308 5078
3 14522 423
3 10165 2679
2 15874 5870
3 1011 11767
2 11385 14983
2 9804 15480
2 15990 5663
3 8407 12618
3 11429 68
2 9322 19368
3 18150 11631
2 1672 16000
3 13832 13045
2 13573 14684
1 9490 15751
3 14806 20480
1 4330 7731
3 4790 19718
1 15343 13234
3 10707 3947
2 5481 9323
3 10624 20438
1 114 3387
1 7775 18255
3 3120 7977
3 17561 7098
2 15446 4071
3 2831 14937
2 7448 10290
3 14971 16715
1 12495 12302
3 11675 1271
3 1482 17050
2 10015 6160
1 13309 17104
3 2161 19599
2 12912 12933
3 16803 14056
3 18389 3531
1 17574 7170
1 19462 3119
1 15078 3640
3 16242 11014
1 17907 8411
3 14161 847
2 18885 10754
3 8490 10385
3 14404 9593
3 7334 10056
1 15531 13017
1 16135 2171
1 4038 13228
1 343 16701
3 12657 15940
2 19687 1937
2 17729 1394
2 3270 10914
2 8406 1039
3 19188 9315
2 6201 3012
2 10724 19192
1 6375 9014
1 16281 8176
1 1859 1128
1 15550 4882
2 3130 17132
1 9505 3630
1 12463 9298
2 6202 18768
1 12949 7917
2 16837 2225
3 16790 11117
2 2993 15455
3 20443 11786
2 7758 8532
1 3712 2690
1 17688 10010
1 18037 16386
2 20028 6238
1 10 11281
3 17445 11500
2 12277 4904
3 1493 19218
2 16200 8661
2 8956 8713
2 17590 6449
2 14602 204
3 4862 12453
1 14918 16844
3 3100 9347
2 8570 18605
2 12736 19709
1 238 11485
1 1885 19450
1 6502 4266
3 13396 16080
2 10375 10948
2 9267 12357
2 20374 17442
2 17906 2274
1 12021 1130
1 5671 8322
2 10541 13896
3 4715 6435
2 9419 12474
2 17662 19729
1 79 11682
1 18569 18400
2 7881 12859
3 5169 20106
2 10680 20052
1 17646 6274
1 20319 11985
1 5249 15894
1 15450 2769
2 11301 15797
2 7551 18621
1 14015 5378
2 7398 9975
2 8958 8170
1 15831 14137
1 19147 15812
2 7739 12101
3 7289 18107
3 6859 562
3 16919 5384
1 14638 5370
3 6439 13536
1 15267 5633
1 6275 2815
2 11611 12073
2 734 4296
1 12419 18047
2 11525 18988
1 20502 5620
1 1513 16828
1 750 1549
2 6743 18887
3 11012 19379
3 4839 11161
1 7685 3253
1 8791 11681
1 10289 12044
1 13349 7677
1 7531 13419
3 5626 7868
1 13854 4285
2 7507 5274
2 16198 678
2 18489 5475
2 16563 14866
1 1727 3089
2 53 17333
2 4269 11792
2 8479 17895
2 11662 16374
3 10786 1948
3 10553 12778
2 10747 10579
1 15669 18602
3 17676 1923
2 15616 20286
3 3632 20116
3 1829 1614
3 3022 12819
1 19765 4563
1 12973 20357
2 3027 6884
1 15229 19250
3 19418 580
1 19513 20444
1 2811 7118
1 6074 17369
1 801 18629
3 16528 6002
3 10044 11271
3 2423 4897
2 551 10831
3 8968 15316
3 6184 15376
2 20235 15774
2 16438 7050
3 17441 5032
1 18951 12663
2 19602 7328
2 9273 7300
1 2636 9092
2 14513 6487
1 1210 1325
3 18163 1315
1 12419 325
1 9948 15520
1 7686 2765
1 17181 10322
1 5908 945
1 8213 7070
2 19766 583
2 14991 4034
1 16471 6643
2 1897 7079
2 15324 9239
3 1497 5946
2 11224 9216
2 16129 8950
2 16701 15994
2 14665 8782
3 2335 1587
2 18363 15380
1 1429 4308
2 16328 15844
1 4563 9298
1 9480 4374
1 19085 15491
1 16878 9529
1 7734 17864
2 10305 6220
3 9874 18429
2 6730 17802
2 9457 7213
3 15654 13196
2 9753 16235
1 20151 10472
3 4735 3607
3 5440 5371
2 6279 3905
3 7430 2546
2 12279 1508
2 19620 4207
1 13538 2570
2 5409 2907
3 17803 15961
2 7240 3826
1 13177 15381
2 18425 9146
2 5160 12722
2 13351 17191
2 17523 20265
1 18159 2128
1 18141 2482
2 13211 19903
1 11923 445
1 6029 13926
3 8778 8981
2 4568 7590
3 13161 1501
3 13272 6783
2 3538 20504
1 3083 9689
2 8819 5695
3 6407 11666
2 4160 12178
2 18454 10176
3 13226 497
2 9502 3329
2 552 12668
3 17101 19752
3 20180 6260
3 18809 16569
2 1768 19842
3 1334 9591
3 15429 11607
1 8238 15134
2 15989 15402
2 9755 7895
1 12169 14838
2 4496 19460
2 1037 13476
2 16809 19854
2 3787 2163
1 11393 19576
3 11081 14971
2 3553 18598
3 4482 12401
3 11380 2255
2 10628 4579
1 1409 15207
2 1544 10147
2 10203 18441
3 9264 18694
3 1270 9509
2 17356 8929
3 1928 8573
3 7824 20159
2 7328 8710
3 5344 4311
2 8834 16223
3 11365 3308
1 9886 15539
2 18831 15868
2 15232 15002
2 1726 11128
1 7849 10278
2 2409 16153
2 17218 4106
1 12169 16490
3 13368 10559
1 9315 10523
3 6828 10837
3 11184 16857
2 13562 4532
3 7894 3173
3 1126 18958
3 4000 5971
2 18350 14722
1 11873 1093
2 563 17805
3 8224 15865
3 8729 18106
1 5548 14068
1 17859 300
2 3786 763
3 5252 1453
3 19369 6274
1 12074 16534
1 20376 4062
2 8558 1353
3 7618 1218
1 7525 14895
2 19928 10798
2 7383 20460
3 883 4453
2 668 19609
1 5558 153
1 5223 1716
3 13368 12673
3 7257 9617
2 10312 513
3 6865 13743
3 71 19769
2 2320 142
1 8676 14206
3 4617 15616
3 17597 13251
1 2509 11537
2 19338 2250
1 12148 15920
2 1741 8692
2 14453 15339
2 14044 3798
2 6917 6477
2 18130 333
2 19206 733
1 10966 6754
1 1116 13096
2 12036 17036
2 17006 5128
2 14240 15546
3 9359 19081
2 16864 3754
1 5829 1864
2 19398 20022
3 17397 19679
2 14231 759
2 1534 16754
3 7542 16051
2 20622 15438
3 10998 17653
2 8175 1950
3 384 15344
3 2714 7128
3 10517 6580
2 11531 5870
2 14669 20439
1 7984 844
2 16710 11032
1 13479 4574
1 1722 12142
2 18860 20592
2 9055 17209
1 9266 3203
3 2355 2519
3 16091 5423
1 16091 6707
2 15956 943
2 15307 19247
1 628 16365
3 12160 7356
3 5503 19248
2 1739 18981
3 131 15948
2 8045 7119
3 18672 735
2 18812 18989
2 14974 2003
3 9170 5360
1 17026 2557
1 564 20172
2 9163 3486
1 19334 8063
3 9176 5101
2 4139 18115
3 11543 422
2 185 917
1 1561 7741
2 1677 13131
2 1321 3917
3 2494 19018
2 3932 8226
3 10057 8338
2 18419 12644
3 20194 13722
3 8494 13322
2 9658 8635
2 16416 18484
2 20238 5592
3 7416 15810
2 6231 14621
1 11832 10392
1 10556 7766
3 2861 19467
2 11577 1905
1 4219 12168
3 8016 10475
1 11586 20481
2 7475 20501
3 20440 12990
2 7509 11223
2 13874 10574
2 1919 9431
2 7581 1132
3 17132 16238
3 16442 17086
2 4845 5387
2 10310 4152
3 11785 532
3 1246 1926
1 13279 20593
3 7786 17229
2 14345 7997
1 9227 10819
3 6044 19975
1 665 15561
1 3298 2365
1 3343 15640
2 8401 13246
2 6192 5906
1 18324 3535
2 12240 18506
3 8286 14465
1 6002 10740
3 17824 1242
1 16327 14659
3 355 14192
3 4269 586
2 13775 778
2 9447 15524
3 9857 8958
1 14547 4812
3 10265 14337
3 1968 20154
1 2422 6095
3 12284 3044
1 19884 5665
2 11862 6903
2 15990 15886
2 18301 11563
3 8446 13358
1 7016 15285
1 8256 746
2 6243 3379
1 15918 12020
2 17909 7380
2 10133 10138
3 8624 10696
2 14261 19539
3 12246 2026
3 5670 910
2 7430 17074
3 16415 1077
3 5920 11674
3 19024 9669
1 18668 19493
1 13533 13626
3 3984 15102
1 16805 17312
1 18571 14857
3 15091 10848
2 223 14242
3 13617 11365
2 15551 17041
2 3613 11967
2 9042 15375
1 15345 2824
3 395 14752
1 10281 13282
2 1222 12203
2 10302 19562
1 14886 14870
2 10241 1545
2 15471 13683
2 13287 6671
2 795 20400
2 16634 8008
1 19975 16742
2 6367 13647
1 730 1052
3 11350 9358
2 8175 12024
3 16045 7715
2 11208 19359
3 16518 2523
1 15985 11378
2 10167 12464
2 1215 17098
2 6596 15774
2 5452 16607
3 240 5860
1 13618 1562
2 11414 4677
2 4654 4628
3 12980 1839
1 6267 2499
1 3172 1816
1 15282 15842
2 17288 984
2 6741 9623
3 858 5244
2 1628 13480
3 4040 9298
3 2620 8070
3 1727 18726
2 6327 13465
3 17516 6534
3 14118 20281
3 16963 6896
1 840 13025
3 9720 15955
3 2680 20004
2 6358 2044
1 9207 15705
2 1326 7828
3 17629 3418
2 13217 9595
2 17235 1840
2 9464 15483
1 7917 1851
1 6559 12372
2 8664 12661
3 6285 1758
1 16 12145
1 11058 12036
2 2409 2383
3 18133 14397
1 6026 13228
2 9476 13653
1 18568 6745
3 5900 12999
2 5962 15857
3 6004 12246
2 5381 18440
1 8619 17121
3 20169 10693
2 4029 12215
1 10828 2350
2 19252 20023
2 8502 20412
3 13333 14861
3 18430 9498
2 14703 463
1 4416 12949
2 1744 9555
2 12063 5473
1 9425 5490
2 1854 14275
1 9466 1593
3 16420 5982
1 19603 299
3 18388 20437
2 3618 10799
1 12269 2294
1 2287 12602
3 6735 15248
1 312 12963
1 10098 2256
2 4524 19118
3 5190 18054
1 2329 391
1 11854 15133
2 11068 8214
1 8491 7224
2 20315 12617
3 11658 13985
2 11734 7362
3 1447 5861
1 13257 2634
2 12961 6276
3 4783 6447
1 11959 19564
1 20436 18089
3 10866 14582
3 965 9099
1 16823 16723
1 9488 9544
2 17052 760
3 703 631
2 17341 14918
2 1056 11282
1 19088 17411
2 11761 4530
1 4768 15902
3 1451 8696
2 14851 13211
3 16603 8961
1 813 3488
3 10899 7830
1 7069 6434
3 17516 1030
1 17458 13531
2 15805 3363
1 7430 8624
3 12304 1011
2 17345 10884
2 666 5282
1 15351 19071
1 6081 19649
2 15495 16837
3 3458 20391
3 4794 8677
1 7951 12636
3 16709 14163
1 5273 19214
2 15405 7771
1 18550 10086
2 16101 15963
2 6943 2122
1 18728 17743
2 19431 9573
1 764 6989
3 18234 10773
3 9268 11194
1 19262 2717
1 19032 7491
2 20357 13931
2 8766 11046
1 18224 4763
3 15495 14359
2 19923 17870
3 17231 308
2 18996 4235
1 6280 9713
2 10521 5509
2 9679 19405
2 3275 19557
3 11894 5250
3 6301 17217
2 10810 14712
1 14559 7222
3 3207 20507
3 8622 3449
3 15535 8884
2 13181 9362
3 6891 17146
1 5816 2880
2 11614 1216
3 2463 12501
2 15824 11155
2 2254 14271
3 411 5767
3 9471 2830
1 19663 19499
3 16222 10787
3 7460 11450
2 18152 20156
2 4906 15640
3 10497 10464
3 8571 17021
2 13902 6624
2 8558 15011
3 20416 6676
2 7973 11723
1 2186 10047
2 2206 4948
1 12980 20147
2 1427 895
2 12678 8748
2 2479 1936
3 13604 8709
1 17328 9532
3 9714 12469
3 10957 17120
3 20001 11990
1 19425 14417
3 8582 3394
3 4100 11428
1 20384 16635
1 17872 20434
3 299 837
2 9035 15535
2 3497 11984
2 18105 9103
2 16116 16543
1 17305 13894
1 13769 2319
2 15645 12019
3 11503 15858
2 19168 17574
2 12882 2254
3 20276 15220
2 8676 15684
1 11455 10134
1 16597 10977
1 1148 20190
3 7458 2553
1 15975 12208
1 12345 9490
2 11888 20595
1 15162 7542
1 3908 2211
3 14108 12
1 10721 2376
2 14019 2551
1 13972 20052
1 10395 8820
2 14663 7987
1 19713 18455
1 17566 13010
3 4392 12445
2 11394 19018
2 5514 8309
2 8479 6
3 19799 5325
3 8020 5193
1 7534 7651
3 10765 2425
2 14070 4466
1 7664 19121
1 10887 14213
1 19179 12150
2 7852 5101
1 10174 16893
1 19968 6912
2 12819 18037
2 4384 657
2 15984 9078
2 11604 4737
3 19447 16509
2 19901 5546
2 7710 18881
2 17747 15594
1 10817 18834
1 18396 899
1 8237 15897
3 9514 18815
3 12321 11637
3 14805 1608
3 9198 15521
2 4163 8031
1 12261 9091
1 1419 9715
3 4547 8078
1 5140 1388
1 8589 7857
3 1526 4594
2 16835 2746
1 4654 300
1 3728 7226
3 18648 20535
3 1511 5097
3 20503 3793
2 10780 17719
1 19171 13305
2 1830 1551
1 2752 8840
2 5283 13968
2 9645 14524
3 10329 10090
2 1898 15586
1 1023 6651
3 16543 15446
1 7032 10100
1 15978 10904
1 17016 11695
2 15856 10203
1 18680 3256
3 5574 4141
2 1314 16497
1 2203 3093
3 10019 62
2 15238 817
3 8685 8432
1 9777 19059
1 5895 3473
2 16185 3720
2 2794 7314
3 10652 8169
2 10480 15400
2 10364 12988
1 17189 7786
1 18526 14642
3 5382 19386
1 14519 17255
1 17101 13291
1 3627 19011
2 18775 13378
2 6040 7439
1 10898 13174
1 1525 10094
1 12694 5946
2 20103 3333
3 2091 12434
1 4558 7607
1 19861 17059
3 2129 107
2 13315 18086
2 11215 9196
3 8960 266
2 1033 9736
3 4012 3289
2 17201 14709
3 1000 16538
1 17382 20117
3 5984 16324
3 11921 19168
2 2818 2981
1 1395 915
3 18735 5169
3 3432 20207
2 7013 6776
1 1733 13559
3 4624 19668
2 3657 5455
1 19295 923
3 1169 19963
2 19183 4236
3 9383 7352
3 6322 2931
1 6870 7086
1 15710 7921
1 18649 7958
2 9880 20168
1 4658 17619
1 18323 7041
1 10917 17884
3 14451 15405
1 3577 12027
3 9772 9296
3 11038 4365
3 8381 11464
3 8610 17303
2 14030 6966
2 11341 16469
3 11780 15445
2 17234 14833
1 9903 15123
1 8252 8966
3 16405 5078
2 9561 12784
1 15428 15952
3 12529 19764
1 1078 10853
2 18546 15144
2 2476 13385
3 14103 7674
3 17506 9067
2 9633 3843
1 10661 4059
2 6189 8621
2 19613 6463
1 20347 14515
1 15809 18367
3 9066 10931
2 12825 11084
2 5216 15555
1 1866 6374
2 2844 17305
2 12395 8304
1 6529 4127
3 4987 10269
3 16857 17074
1 14873 18627
1 11862 11811
3 10824 6845
2 4760 17275
2 19781 18609
3 11618 5393
3 2854 146
2 12906 8162
3 8667 9856
2 3378 17284
3 19917 9131
3 7042 11961
1 1029 3623
3 6105 16119
3 1534 7247
3 3637 16998
3 17021 7050
2 14015 13646
1 4838 6571
2 17318 9726
1 5017 19969
1 9760 15719
2 18690 7387
1 1080 5750
3 19274 16396
2 14801 13570
2 492 17774
2 312 12030
1 2144 5570
2 3295 15127
2 2414 10552
2 4555 7467
1 8498 5532
3 7533 12405
2 11962 15353
1 2633 9587
1 7408 10201
2 11863 2159
2 1698 7167
2 12610 1875
2 15395 7994
2 16861 11006
1 26 7022
1 5369 1861
2 14069 8968
3 3356 692
2 20166 13192
1 8534 3816
3 4058 1509
1 15267 4096
2 18328 19792
1 10022 779
2 11923 8335
3 8123 18652
2 18024 18214
1 3947 2068
3 7411 19747
2 20361 15407
2 11621 18523
2 6362 20609
2 4887 13147
1 8415 8949
2 12428 10928
2 4324 17124
3 15602 4598
2 11059 7349
1 8288 8961
2 9155 8026
2 12075 8295
2 20128 8830
2 221 14140
3 3096 16088
1 3104 2749
1 6330 14736
1 106 4425
1 9537 14975
1 9596 20206
1 2523 2042
3 349 10126
1 3023 19429
2 4898 9062
3 17035 8998
1 19511 16244
2 14901 2325
2 7638 20104
1 15330 2172
1 3884 5854
1 3667 423
1 744 7803
1 13731 10548
3 6304 2936
3 16471 8661
3 5456 6787
3 11627 1929
1 5963 6493
3 7183 2184
3 6990 18749
2 2754 7470
3 8518 12451
3 7476 4847
2 657 16920
2 3087 15900
1 4217 2493
3 10781 6536
1 4872 18501
2 14304 2062
3 14733 9770
1 13575 8704
3 8665 1983
2 15960 18340
2 4478 5934
2 15431 3002
3 9455 5215
2 16608 12861
2 12525 16676
2 18140 1321
3 19586 5988
3 3156 8111
3 2996 17336
1 1141 7402
1 4135 17836
3 10237 10940
1 6919 923
3 972 2386
1 14794 6241
3 14493 4095
1 8480 18858
2 16580 14231
1 20128 10197
2 6648 1749
2 14976 19103
1 14681 6585
1 10244 6271
1 4291 20565
1 6351 14359
1 7578 15978
1 12009 8285
2 18762 134
3 1483 1602
1 5726 2052
1 13009 6715
2 9525 8930
1 16144 4121
2 3326 12734
3 2713 8021
1 13638 11118
3 16919 11632
2 12469 10446
1 18799 19577
3 1647 9095
3 10321 11315
3 10504 11643
1 2626 17036
3 7339 14735
1 26 14624
2 3873 9982
2 17593 17665
3 15421 4813
2 5251 15583
1 217 17580
3 8252 15548
2 18283 18222
3 20121 18094
1 796 16199
1 18326 13042
1 9000 11600
3 4116 13102
2 5384 6636
1 3802 14295
2 2766 17453
2 16706 600
1 3199 438
2 11381 3087
3 2855 8207
3 6652 17378
1 2101 11982
2 18888 17979
3 14284 16136
1 5061 8163
2 16753 18155
3 2000 1562
3 13233 1402
3 7866 20475
1 14878 5480
1 17339 16854
1 10473 9440
1 2063 19855
3 6714 1551
2 5505 16178
2 717 745
3 12574 4890
2 1513 6149
3 2908 4314
1 10992 3233
1 12093 17089
3 15285 6695
3 642 15294
2 14397 1185
3 3481 154
2 2739 11328
3 18336 18151
3 10216 6036
1 4794 10552
2 2597 7347
3 791 8585
3 11009 12006
2 8101 10017
2 15557 8753
2 20048 6392
1 2980 5267
1 7876 14659
3 17219 7651
2 19162 9812
3 1268 8564
2 17453 19740
2 7923 4519
1 14121 3300
1 5132 17831
3 18969 9641
1 6319 9264
1 18668 9940
3 11283 3680
3 5322 4686
1 1528 4389
1 13753 3211
3 4137 19927
2 11629 18955
2 2897 4693
3 2686 17527
2 7093 2295
1 13902 9878
3 16652 18010
2 15970 3718
3 17643 13617
2 18409 14904
1 7388 9870
3 18198 2529
1 5840 9346
3 7170 19725
2 6867 1394
2 18693 18789
2 9557 8896
3 1229 10327
3 12980 16416
1 14584 8870
3 4863 14722
2 10956 18881
2 2212 1532
2 5636 6129
3 14747 7618
1 16004 590
1 9257 15992
3 1962 1029
2 16746 11714
1 15135 7088
2 5152 12431
1 15922 14520
1 9063 16159
3 8644 20153
2 3870 15704
2 15650 3922
1 18281 16605
3 3077 19093
1 11964 8818
1 4569 15255
3 13650 17091
3 4523 5094
1 2154 17371
2 11369 6392
2 18050 2113
2 17627 13288
2 8554 10938
1 2795 3168
1 9801 12159
1 14394 4667
3 1138 7296
3 2253 5632
2 2924 4733
2 8918 20370
2 9780 10627
2 3842 8696
1 306 20061
3 20089 15097
2 13881 18846
2 5739 19043
2 13423 3449
1 7974 4448
1 14966 1090
2 15975 9053
2 20482 18609
1 16759 8726
1 18489 1172
3 16589 1055
3 13439 7855
3 5691 7281
3 2422 15916
2 10915 8528
1 4502 10824
3 13974 14222
2 789 11756
2 7780 14469
3 16290 13457
2 18073 14004
2 5026 2313
2 964 17360
1 18957 16552
1 11217 13757
2 10335 3137
3 10363 9489
2 9624 16073
2 11448 17906
3 5576 3213
3 20483 3024
3 4274 6212
1 15402 18414
2 15609 4238
3 1897 18292
2 15850 19669
1 16260 19751
1 10601 14405
3 4307 10529
1 15133 11580
1 6089 7445
2 14947 17539
1 18903 17511
3 16101 13607
2 5980 4826
3 14409 17597
2 7930 12748
1 11040 5217
3 16889 7519
1 9009 9140
1 17688 1667
2 5069 12605
2 16855 7338
1 15104 14171
3 10379 19757
3 6602 8134
2 15790 13060
2 20495 17795
3 14973 16416
1 1280 2094
3 14690 6679
1 9932 13357
3 125 565
3 9408 19565
2 20507 16572
2 20205 10136
1 7249 20010
1 1933 14131
1 11079 14854
2 19803 595
3 11370 9996
3 5639 4299
2 15932 1660
1 4151 1316
2 19759 4500
1 10171 12335
1 10949 17320
3 18735 15496
2 16657 11872
3 7566 2097
1 13150 10920
3 13573 19306
3 1299 19866
3 384 8151
3 20585 10788
2 5442 10790
1 14910 17217
3 393 165
2 17373 7519
3 16532 9342
2 2964 11752
2 19812 18738
1 11043 14254
2 13202 5790
2 5707 7128
1 13897 340
3 339 20315
3 8149 2273
3 11301 1661
2 9863 10767
1 16094 3222
3 15705 11258
2 13702 10823
1 916 2232
2 6624 18707
3 13611 17739
1 3761 10896
1 4776 11412
3 19758 3543
2 6377 17154
1 12037 12228
1 20046 18574
3 11549 6067
2 927 11289
3 8836 3371
2 7062 717
2 9880 2957
2 4234 2785
2 8484 19538
3 11663 2235
1 11794 13816
1 9356 6196
1 10479 3246
3 16574 8119
1 15459 5689
1 12970 12440
2 5020 16061
3 10966 19982
1 10984 16758
3 8756 12275
1 5763 10015
1 4458 8038
3 9545 15932
3 3793 16335
1 887 9319
1 9675 1744
2 19215 4217
3 11672 16892
2 12738 6551
3 20077 4590
3 12758 4559
1 7136 19588
3 11062 3903
2 5291 17137
2 2768 14403
3 9192 5859
3 16614 6112
1 13002 18870
3 20317 2306
1 15056 16778
1 3403 20282
1 15646 12509
3 17932 10213
2 1365 19029
1 15557 19998
3 8914 6224
3 20109 12252
3 7109 11376
1 2740 19353
2 8723 15792
3 20349 6627
1 11489 4761
2 1194 13428
3 11933 13751
1 17138 15449
1 7154 2772
2 1748 20583
3 1466 7719
2 15784 4030
2 18969 13771
2 3347 16648
3 12864 63
1 10665 12423
2 7294 4519
2 14568 20471
1 1469 16900
3 646 583
1 6926 8715
2 15414 4829
3 10161 9499
2 8762 14074
1 5772 3622
2 19503 9811
1 13822 10231
1 9802 8017
2 11132 4034
2 13131 1673
1 8021 20629
3 8462 16810
2 17178 19122
3 14953 5846
1 13321 4794
3 13545 8471
3 2643 18423
1 10949 18137
3 932 13682
1 18226 214
1 13204 4948
1 5683 7066
3 1655 3366
1 8125 1311
3 14617 8196
2 19887 11340
1 8910 19053
1 4591 14667
2 15611 9578
3 10390 258
3 9682 6515
1 4709 7443
1 15501 6220
2 14027 15455
3 2402 13758
2 7453 8665
1 14674 3
1 20381 6186
1 6679 8595
2 1639 9137
1 19393 2824
2 7355 3895
1 26 14893
2 6702 15586
1 16133 3797
2 2236 6499
1 9641 19690
1 13721 7082
2 10195 18940
3 4782 17843
2 641 5712
2 4348 3011
1 7706 7857
1 18603 11537
1 9156 14502
2 14154 13878
2 20275 2308
2 12243 4676
1 9842 16110
2 11991 12522
1 16510 12745
1 6642 3327
2 9187 17192
1 14982 16696
2 6062 9229
3 20159 556
2 9716 20024
3 20341 562
1 7936 5154
2 9596 10430
2 17432 5931
1 11694 18309
3 6697 631
1 8070 6192
2 11188 6212
3 3623 9920
2 17458 2654
1 20458 9989
1 15177 5470
1 14849 11912
2 17366 12957
2 7654 12113
1 2275 13654
3 17747 1624
3 19151 19021
2 16739 865
3 2373 4924
1 13441 13706
1 4149 355
1 17751 4113
3 2287 4496
2 6172 13799
3 10525 8543
2 8365 20431
1 20364 5620
3 13093 19423
1 8736 18861
1 776 17597
3 19724 15308
3 16797 206
2 18042 8049
2 8137 6274
3 3001 1869
2 5489 10157
3 17031 19083
1 15739 17732
2 4067 17540
1 11271 1962
1 16305 17572
3 10243 15470
1 11859 20035
3 18968 8055
1 17111 9265
3 20186 6392
2 11807 11279
1 6139 16997
2 9408 16401
3 940 17457
1 15307 5902
3 5356 15875
3 14198 5442
1 17381 6122
1 13316 16553
3 8216 9482
2 16006 6107
2 9746 16031
2 424 10039
2 10866 14128
2 5969 5663
1 4818 15599
1 2022 3872
1 5173 1822
1 6101 4465
3 12349 20014
3 18115 2658
2 10349 3166
1 15187 20242
2 13223 8140
3 1979 1331
1 19232 14175
1 11164 2826
3 15981 17783
2 150 18722
3 2904 16545
3 7906 15991
2 19462 18366
2 18912 6547
3 11669 10773
3 10427 9467
3 4336 11891
2 10912 6929
3 17465 14194
1 19805 4525
3 16543 18983
1 16910 16102
3 8536 10449
1 14027 6581
2 6943 1531
3 6014 7503
1 15704 14362
2 14948 12836
2 13142 8235
2 1695 2408
2 1175 13615
2 11228 13584
2 13310 2128
2 19660 13545
3 2134 3497
1 9949 19202
2 18635 10894
3 19844 15950
3 31 1542
2 8604 20379
1 12807 2388
2 19733 15406
3 7500 11926
3 8841 8111
2 14196 8874
1 2087 16345
3 11416 8479
2 16298 6624
1 10744 8779
2 15798 12619
1 895 1524
1 11238 13535
2 19739 576
1 2273 14595
2 8843 2396
2 8142 12750
1 9530 16090
1 10521 10362
3 9757 16453
3 8695 11731
3 1909 18065
1 3944 7147
3 5547 9519
1 19703 4663
3 16361 16578
3 12615 4127
2 10691 17747
1 9121 8938
3 18712 17161
3 18760 3827
2 2496 12274
1 9324 15865
3 10571 19750
2 18558 4224
2 8040 17205
1 19979 4228
3 854 14440
2 3978 11400
1 16274 15474
2 747 17473
1 19608 145
3 16385 5039
3 1062 584
3 1475 2974
1 2210 5398
1 4724 7604
1 18112 4309
1 10520 14567
3 17638 12530
1 30 14138
3 15239 16357
3 3492 13949
3 13941 16837
3 13911 10489
2 122 7666
3 3747 4850
1 9790 11876
3 4853 10977
1 17738 8811
2 14195 12706
1 2733 20328
3 7298 9580
1 12955 15713
2 17545 14215
1 11490 9697
3 7947 14742
2 5503 9607
2 11523 18631
3 10495 1087
1 1385 16654
3 5168 7317
3 1026 15925
2 123 20145
3 14276 4480
3 10376 12662
1 8411 5806
3 20212 18804
2 17016 17684
2 2933 1095
1 12654 1351
1 14876 8398
1 14428 7835
3 13696 11407
3 18454 8542
3 8097 12399
2 3177 13760
3 18922 28
1 11699 6135
3 11014 15643
3 6430 7352
1 3253 12251
3 2094 19797
3 1319 15200
1 16851 17159
2 916 8495
1 11568 15313
3 16963 13225
1 17551 14987
1 17390 10541
3 12967 14446
3 13358 2924
1 9880 7792
3 8800 18821
3 8620 1815
2 19394 4032
3 19837 6466
2 12490 455
2 3557 19197
2 19623 15445
2 6805 8108
1 8111 4674
2 3936 16150
2 3284 16435
2 17810 15214
1 8471 6497
1 8177 15148
1 172 11817
2 17751 10218
3 8977 20225
2 13730 9142
2 14906 5395
2 7569 6019
3 14048 18750
2 17073 8874
1 16627 15914
3 10734 2209
3 17755 4937
3 1791 5419
1 18852 4749
3 15359 351
3 10753 4036
1 3850 3299
1 16998 17218
3 1997 19780
2 15113 19445
1 4550 7449
1 18443 12285
1 15407 10609
3 14966 17953
3 14983 1299
2 9354 6788
2 10875 14624
3 14147 6079
2 13611 2446
2 15095 5716
3 17797 17908
2 1895 17301
2 9281 8038
1 13089 6205
2 102 12332
2 3170 18898
2 2088 7591
1 14456 6928
3 6565 1588
2 483 7892
2 18079 11001
3 7100 5065
3 12790 6820
1 1022 2507
1 11942 2945
2 4780 13581
3 18784 1124
2 5765 13364
1 14190 9547
1 4123 4382
2 13051 9561
1 185 15481
1 12918 17120
1 2544 8821
2 2257 243
1 15878 7116
2 7655 15107
1 640 2506
3 20132 16426
2 13874 14712
3 2590 6207
1 1582 17176
1 836 11142
2 15527 3804
1 14778 7372
2 15331 10641
2 12754 17919
2 10301 2415
3 4126 6282
1 9826 7418
1 11182 6816
1 20555 9616
3 16868 11908
2 16307 9533
3 6944 14045
1 12429 2538
2 20128 17689
1 18267 17462
3 20012 12303
3 18321 12117
1 9776 3570
3 19525 392
1 318 9759
1 3586 16827
1 11748 8958
3 3004 13583
2 12459 14787
3 5728 6654
2 15284 16292
3 5677 7893
3 11148 14652
2 10798 18079
1 11660 19019
1 6786 19205
1 11030 11542
1 3249 12141
3 18064 126
3 14590 11711
3 9423 18566
2 1991 6077
2 3372 9398
1 4317 15215
1 7690 12645
2 17744 1658
2 15239 12602
3 2753 16450
1 14276 18395
3 17111 19957
1 3769 9557
2 9766 10915
2 16269 3283
2 15948 4516
3 19260 8634
1 16108 8636
1 19701 613
3 18702 978
1 9867 4063
3 9983 16536
1 14285 1854
1 3862 18064
2 1134 6055
1 8171 7461
2 13360 4201
3 19543 8857
3 11582 17940
1 2524 18201
1 1560 29
3 3844 10749
1 2571 16279
3 8105 3666
2 18515 526
3 4494 10781
1 19251 8212
2 5267 16789
2 16485 7000
2 15895 12643
2 17270 5976
1 211 8684
2 1945 9424
3 12285 9307
1 4029 8072
1 13997 9550
2 17923 10175
3 13240 8052
1 20514 4649
3 17637 8676
2 13316 6990
2 1794 2271
3 14277 8020
3 17682 8870
1 6840 19628
1 8773 7631
3 13748 9086
3 805 310
2 6366 2003
1 1426 2034
3 20608 14593
3 3926 5519
2 2965 8303
1 5248 7258
2 18453 19434
2 15656 9138
2 17742 17787
1 1293 6139
2 9684 8377
2 13165 19224
2 6270 791
1 12756 4081
2 5077 1819
2 9132 320
2 8369 18980
3 15607 15468
2 12795 17062
2 15229 11192
3 18258 13042
1 15331 4096
3 4606 15320
1 12306 14704
3 9282 8415
3 361 7084
1 6786 11718
1 2558 8607
3 18126 9065
1 711 13478
1 20509 11710
2 4121 16275
3 16453 20029
3 16439 13270
3 13170 9310
2 13312 18467
3 16260 10031
1 15993 14267
2 4910 14189
1 11135 954
2 16313 17200
3 10128 10230
1 16025 8063
2 2390 7081
3 19422 19552
2 18443 18963
3 18170 19204
2 7737 12022
3 12647 16887
2 10013 18640
2 6972 10160
2 478 10981
3 15699 11984
2 17766 18720
2 12544 101
2 2710 15303
1 11099 1126
1 5455 8481
1 1567 8777
2 6 717
3 4178 7358
1 11175 3300
1 4903 10277
1 4964 10623
3 7724 13541
1 3355 12629
2 18638 5784
1 6889 4131
3 15205 16773
1 10338 17205
1 5885 11667
3 12586 2493
3 16817 16910
1 20414 16216
3 15779 13263
1 11625 6926
2 11085 5822
2 11188 751
3 14003 15560
1 6172 15889
2 11843 13061
2 12343 6411
2 3530 9829
1 10724 8822
3 7215 6521
3 15425 20289
1 16838 6367
2 1848 3156
3 18594 2227
2 18031 19953
2 9595 14724
2 19886 14805
2 16848 20344
3 4674 19788
1 11528 15301
1 6280 12406
1 10888 9601
3 17763 5340
2 3551 9920
1 1465 5079
2 13961 5252
2 15993 8515
3 20020 12479
3 19575 12474
1 7726 6464
2 12887 3689
1 2508 12949
1 4426 13003
1 10568 1122
3 418 8365
1 7932 8630
1 1877 2906
2 20172 18144
3 17902 19599
2 15477 18599
1 7271 14296
1 2761 6226
3 2350 10550
1 5203 13489
1 9359 13522
2 2324 3650
2 11741 544
1 1285 7023
2 9820 10832
2 14161 261
2 6172 7694
3 12201 525
3 10402 9637
2 1358 15988
3 20035 14080
2 381 8571
2 19344 14778
3 17489 20185
2 11642 13050
1 12524 18628
3 4999 5279
2 19543 5707
2 15809 14403
2 1087 1106
1 4706 18836
1 19726 17781
2 1283 2600
1 6698 20090
1 12389 14232
3 11344 19086
1 6811 19672
3 9372 20066
1 8846 4644
1 1146 10396
1 9338 7977
1 11020 1199
3 13380 17057
1 4693 14644
3 6140 15627
3 847 6924
3 204 16814
1 620 1140
3 15064 885
2 14350 18889
2 4036 13410
3 12096 17088
3 9217 5643
2 10655 15850
2 489 4081
2 15952 11272
1 7013 1575
2 740 10078
1 18429 8432
2 3260 19910
1 11489 4688
2 17995 15999
1 5322 16523
1 5906 9878
2 7132 9100
2 3130 2913
1 12295 16287
3 17890 2668
2 11082 3193
3 6842 7332
2 4280 12890
3 3178 6761
3 8806 8923
2 1510 19768
1 926 18557
2 13325 8112
3 20041 2533
1 12267 17786
3 18487 14653
1 221 18894
2 19530 3268
2 13529 2302
1 17993 13695
2 11101 11651
3 10888 4055
1 805 772
2 468 3731
2 2282 821
2 15187 1940
2 6521 5432
3 1961 6768
3 12485 3093
1 4835 13782
1 13738 13930
2 13183 17496
2 780 10527
2 9962 15811
3 11018 2120
2 2956 10348
2 11203 6017
2 13641 789
2 11538 5148
3 1264 11737
2 2263 14982
1 13491 586
3 12599 15690
3 7242 2435
3 19471 3536
2 19407 3414
3 2092 16909
3 10207 14768
1 6819 16589
1 18476 1171
2 13918 13785
3 4833 7016
1 14692 10117
2 9613 16853
2 8070 3455
1 3668 17152
1 1714 11304
1 15885 7079
1 2688 9916
3 18409 9303
1 16628 15817
2 2890 9667
1 19453 7262
1 20544 12690
2 13397 1847
2 10164 2622
3 16631 19843
1 3629 3768
1 7972 2368
1 4719 972
1 3360 2053
3 12673 10573
2 6436 5542
2 11647 16304
1 13030 8218
2 19651 7402
3 15268 2440
1 19567 2128
1 9470 770
2 4127 17366
1 20582 17099
3 7047 17601
1 15935 18421
2 117 12317
1 16862 12461
3 2579 2160
1 5325 20589
1 256 18583
3 648 1720
2 4676 20161
1 16242 10932
3 8949 12373
2 20200 9567
3 3663 3775
2 12725 3033
3 7291 14554
3 8939 20534
1 2722 5008
2 381 4573
3 17252 10885
3 18109 3523
2 15525 16670
3 2392 11620
3 13431 8478
3 12889 5624
1 10723 9905
3 14942 15409
1 10816 4050
1 2957 8859
1 5137 14061
3 2885 1056
1 12907 16814
3 14887 3007
1 16456 17984
2 10352 7384
3 19906 1105
3 19847 372
2 4012 4775
1 13266 9750
3 16482 5876
2 5286 15830
1 1021 5153
1 11308 16291
3 13973 13128
2 7388 14498
3 15921 3510
2 2785 4526
3 2414 14732
3 18765 13940
2 4997 13728
2 17167 4568
3 867 12588
3 19325 1729
1 16033 15857
2 569 13465
2 5720 19850
1 12469 1824
2 8179 16384
1 6981 1124
2 20287 4286
3 7298 12932
3 14230 14308
1 1022 17467
3 10130 1678
1 7538 890
3 11571 7337
2 13859 19578
1 6636 17626
3 20111 19310
1 10657 13564
2 9202 8900
3 9465 11140
3 6430 18239
1 7055 11325
3 18400 4781
3 13098 19359
1 4687 11961
1 10621 10753
1 4992 3505
2 11460 4351
3 15344 14055
3 16636 5303
3 2877 7497
1 904 11644
2 16810 11038
3 13742 6599
2 17172 4654
3 4105 15152
3 15477 11542
2 20653 2681
2 5861 18792
2 3354 3720
3 11070 12674
2 9078 4075
1 11945 6269
2 19644 9370
3 11064 4088
1 17951 10699
1 1856 7283
2 18530 14750
3 3233 19058
1 19982 1301
1 9513 10973
1 2782 12731
1 15986 7353
1 748 4032
3 646 20388
3 12245 17624
2 20128 5990
2 19815 14782
1 16066 9836
2 8587 16552
1 12323 10534
1 18667 11408
3 15181 12417
1 7608 10018
2 1098 14922
2 11962 5803
2 3119 19901
1 11562 18513
3 6275 2418
1 8971 15368
1 13526 13839
3 10165 13936
3 10594 18439
2 9953 14409
2 3391 10805
2 12272 2916
1 8524 4492
3 14732 3779
2 10474 17899
1 11348 5705
3 4041 10497
1 8108 10078
3 19215 3345
3 20253 19430
2 12111 2647
2 10777 16445
3 17669 9211
1 17933 15521
3 6838 2887
1 12130 16525
3 8854 13311
2 13177 18689
1 18352 10783
1 20212 1979
1 16706 18655
3 5359 4727
3 7110 2044
1 2231 8530
3 4929 11013
1 18095 20289
1 15820 11926
1 6374 16134
2 5896 11452
1 5680 12889
3 6470 10095
3 11817 15205
3 8447 825
2 13429 15133
2 7286 18261
1 5763 5679
1 12624 3938
2 7774 10884
1 11288 11664
3 10617 15330
2 2156 10039
2 2696 2883
2 3252 15818
3 6700 18188
2 2066 16128
3 18735 12070
3 12173 11762
2 14782 18381
1 5486 627
2 14171 17457
2 15168 13568
3 4146 17712
2 16393 14439
3 19129 6788
1 17120 6561
1 7981 12003
3 5602 8736
1 1795 1888
2 19654 16342
3 6773 660
2 137 6081
1 13705 5870
3 19966 4906
3 19472 5349
1 6853 16032
1 5894 15273
2 5273 9121
3 10486 3030
3 17800 9387
3 19334 19125
2 18081 1368
1 979 18651
2 15172 6092
2 19947 20274
2 19730 11772
3 2410 18939
3 17121 2788
3 6080 10596
3 8917 1717
3 12841 874
2 4967 20436
2 13083 4423
1 2398 18067
3 8252 8801
1 712 2290
3 19401 12051
3 13891 11618
1 19478 4566
2 17587 2799
2 15725 8500
2 11778 7286
3 18644 9832
1 2816 3607
1 7703 12199
1 8810 180
1 10126 17059
2 15242 4342
1 9968 11744
3 17801 11117
3 5701 588
2 8666 16260
2 13842 15314
3 20492 1267
3 6108 20110
2 17175 976
1 17756 11135
3 12288 18001
3 10957 13712
2 15033 11197
3 19273 7789
3 1902 2892
2 10263 16272
3 10928 16100
3 9792 8543
1 8243 19888
2 9398 13536
2 19265 16907
2 6817 14050
2 7755 13205
1 14731 18151
3 19485 10793
1 10656 15435
2 43 18410
1 17526 16101
3 2773 2829
3 18609 3156
2 12444 1219
2 2601 15370
1 17085 3929
3 4079 5272
2 18356 5101
1 15947 10397
2 1886 18703
3 6997 17408
3 12438 47
1 9870 16354
1 11620 10753
2 1641 5237
3 5835 111
1 18238 2133
2 4391 19368
2 3388 14403
3 20521 6577
3 14663 2533
3 10169 11404
2 8601 16101
2 9317 17792
2 9387 13537
2 299 2187
1 4976 17730
3 11015 13779
1 19523 16320
2 11590 2034
3 15863 9332
1 14730 17440
1 12838 1754
2 20257 6019
2 1692 8511
3 4360 3731
3 5300 12808
3 18743 12747
2 9755 2528
3 12267 7369
2 2063 1195
3 18884 9825
2 4374 226
1 5221 17340
3 20355 15418
2 6252 9422
1 10222 12142
1 3507 8380
2 6113 6564
3 12399 3120
3 1783 16847
3 299 14049
3 14625 4302
3 664 15168
3 16529 3022
3 14762 13207
3 11338 2226
2 7437 19875
1 17977 5524
2 3184 15861
3 12482 15205
2 1017 5422
1 9496 1910
1 9569 19278
3 2981 9632
1 8584 12645
3 7584 13228
1 13078 11496
1 11477 6436
3 20636 2193
1 2636 10694
1 6861 18471
1 622 3611
1 15883 5354
1 15124 5713
2 16267 9340
1 5279 516
1 12098 9477
3 660 15390
2 10916 10707
1 1443 1449
2 2515 7556
1 5788 11114
3 16452 15753
1 20060 5844
2 18321 10640
3 5443 10786
2 17857 19487
3 16007 12211
3 2422 14817
1 1412 16194
3 374 12693
2 15917 4773
2 15190 8043
2 13350 4425
2 9790 13549
1 9137 1354
3 232 18801
2 6426 19579
3 10148 7336
2 7748 181
1 1890 12739
1 8713 9497
2 20300 8298
1 5934 14038
2 9993 17966
1 986 4373
2 16636 18444
3 6344 2103
3 9891 7189
3 18255 1759
1 18448 18231
3 10767 18604
3 14147 17808
3 20331 3155
3 17464 4155
3 7595 14926
1 6018 3912
3 12689 10477
3 16962 9568
2 14568 4162
1 10702 3989
2 13893 7409
2 3987 8100
1 12276 863
2 18924 15500
1 14263 4691
3 14635 18804
3 11129 2212
1 1454 11130
3 11501 2501
1 18057 12087
3 3151 7954
1 7598 12954
1 18074 10115
3 5160 15585
2 11010 6925
2 10881 2496
1 9444 6755
3 1587 20650
2 5586 672
1 8027 19612
3 6653 12070
1 4604 18155
1 8022 2315
1 10401 6089
3 17761 9224
3 8966 6533
2 19254 20265
2 20055 1198
2 621 18869
2 3674 16209
1 9824 17893
3 1422 17834
2 13307 17288
3 5044 8726
3 1449 9302
1 19992 2856
3 19604 8300
3 12922 11808
2 3290 13493
3 1205 13801
1 20171 3323
2 5925 9314
2 12110 11715
1 14382 15174
1 4228 20477
1 20051 3615
1 1151 5083
3 13200 17361
1 7705 859
1 20211 18882
3 212 4532
2 7467 17558
1 1381 14642
3 7844 2734
2 11432 10485
1 1321 3909
2 1630 401
1 3433 2992
2 6613 10234
3 19477 11524
1 4385 8232
3 8771 8745
1 20144 17353
2 19037 840
3 6524 18843
1 6079 18709
2 6877 19878
3 9562 494
1 1029 18250
1 773 6956
2 11285 3237
2 17917 316
3 4956 10514
2 6043 12942
3 6820 7835
2 14979 13371
3 4559 5738
3 12052 4833
1 17742 7786
3 16529 15376
1 14029 243
1 10202 7838
3 1864 19935
3 16097 18082
2 12212 200
3 5799 10856
1 17146 5701
3 3292 12104
2 1581 20596
2 7056 17990
1 16342 18888
2 3347 13234
1 4594 12989
1 6346 17931
1 15120 5301
3 2384 4555
2 8010 8976
3 20151 4895
1 17124 7733
1 15972 1269
2 7149 16428
3 17603 19728
2 20544 6401
2 1586 18089
3 17545 14980
3 6414 11225
3 15962 18429
1 32 3143
2 7010 19526
2 2887 2486
3 1229 19876
2 385 16675
3 18547 15040
2 4300 699
2 13769 6276
1 12046 11054
3 9441 12962
1 15223 11266
2 12639 8050
1 13231 18707
1 16217 12072
1 2031 12807
1 5961 19721
2 7436 7063
3 6388 12597
2 19720 2736
1 13479 13015
3 1504 13261
1 17265 5880
3 17553 11808
3 1090 7234
2 3624 14444
3 10268 12141
3 15389 7901
1 5391 9303
2 17793 8070
2 2763 754
2 1178 11587
2 19581 3426
2 7601 7428
3 168 17960
1 5679 3643
1 6563 17208
2 6268 11066
1 9013 7460
3 15581 6596
1 12810 3132
1 6317 18895
2 14125 11856
1 11713 3663
3 16719 19647
2 18790 17005
1 4833 11618
1 13652 18023
2 5912 13159
3 20095 4174
3 16718 2038
1 9411 5044
1 16899 12478
2 11248 15345
3 983 899
3 3256 1877
3 19999 14620
3 14764 1725
3 15172 8589
1 19387 1313
1 1400 16424
1 1781 8911
2 14480 622
3 7375 17843
1 9716 16089
1 1367 7521
2 17558 4068
2 11991 8276
1 2338 3042
1 16362 4273
2 16669 12821
2 3259 13247
1 179 8286
3 2588 1831
3 10167 20526
3 17254 17311
1 6425 4128
2 4487 17585
2 11166 14516
3 14452 6721
2 14461 4686
2 10051 12256
3 2309 14758
1 3744 1254
3 6766 15463
2 17589 12716
1 15304 5788
1 15522 3928
2 1833 10743
3 2770 136
2 6791 13709
3 4043 5080
1 2942 20357
1 8639 6017
1 6343 16217
1 9391 12886
1 6805 12455
3 9143 8873
3 13746 3696
1 3326 7452
1 5306 5626
1 7109 17939
3 9371 5993
1 19589 3551
1 2302 6498
3 13337 9933
1 14116 5590
1 6994 14811
2 15402 3057
2 14482 1316
2 4033 891
1 14539 18959
2 20331 10875
2 5438 5731
3 19923 15188
2 17040 6814
1 3710 10100
1 9225 19090
3 1646 16236
3 10801 17066
3 12013 8715
1 13492 19463
1 13025 18701
1 18210 6410
3 4172 10396
1 13184 17223
1 18700 16449
2 4241 1310
1 1694 15139
2 14180 18973
2 13911 7965
1 10058 3846
3 11097 8000
3 1049 9387
2 12998 16770
3 10942 17079
2 15991 19073
2 11256 11061
3 890 6612
3 16033 15310
1 12416 4905
1 20635 11702
2 10284 19939
2 1934 19221
3 19661 6286
2 10533 18949
1 5129 8059
3 20497 20097
3 4588 2770
1 6957 10479
1 10454 12968
2 15711 19158
2 19385 6393
3 12586 17273
2 1174 12828
2 845 18785
3 13292 87
1 16234 11527
2 14729 15257
2 16585 2925
2 13103 11699
3 9810 17725
3 2151 15696
3 7399 17989
1 12930 7842
1 14350 18509
1 4295 3640
2 5839 1253
3 4375 16459
3 20463 17375
1 6726 7250
3 2193 3565
1 478 14729
2 3812 390
2 16057 12214
3 7750 1290
3 12070 2740
2 6 6337
3 704 1638
2 19200 18484
2 3174 2265
3 15058 12508
3 9692 17308
1 11676 12620
1 12584 15100
2 4209 13365
2 18615 15270
3 14409 13113
1 7805 14809
1 18297 18691
1 18803 15356
2 1355 10626
2 18813 11885
1 9613 4330
2 920 1424
3 2622 20061
1 11990 4599
2 17114 1123
2 18356 16811
2 12703 13667
3 6354 427
3 18397 6027
3 17642 9311
3 6407 9895
2 4690 4206
1 11038 6102
3 597 1921
2 10916 14960
3 17347 754
3 12862 10725
2 14682 20069
1 2743 1726
2 5399 15210
1 8933 14834
2 12363 13404
2 11399 3587
2 17888 537
3 18485 19704
1 3009 17947
3 17847 15621
2 17859 8188
2 16785 3509
2 7504 10354
3 3142 18173
1 19042 8947
1 16808 12069
1 15757 14619
2 2107 14148
2 11223 10769
3 4365 557
1 802 1246
3 3390 15799
2 9850 11347
1 14855 8650
2 14470 16065
1 4834 10449
3 8769 533
2 10309 7441
3 15195 4946
1 20270 14257
2 6908 8874
2 11756 15230
1 9935 13849
1 17290 12868
1 17327 14806
1 4803 11225
2 3592 1412
2 8905 10920
3 12501 17707
1 14041 7756
3 19942 18797
3 5444 7777
1 10269 15265
1 7343 8153
3 12760 6414
1 18996 19960
3 12580 5436
3 18422 14266
3 15610 799
1 18507 1593
2 2682 7013
3 674 16348
2 16874 10030
1 7655 11216
3 18346 933
1 11701 4622
2 7335 9424
2 2323 1169
1 8636 1105
3 815 20123
1 6013 6629
1 9730 10581
1 13484 13838
2 14831 3117
2 15563 3362
3 6422 11087
3 3315 19919
1 14 11809
1 3712 11243
1 7387 12075
2 20245 5100
1 5744 17479
1 15813 11818
1 15375 7136
1 11699 13538
3 20303 17062
3 1436 1991
2 12261 9338
2 5522 14487
3 2847 18525
3 16823 7602
2 19763 8241
3 9120 20391
3 20164 17681
3 6712 5982
3 18287 10993
1 9888 10764
3 14760 5602
1 6887 5789
3 9514 8929
1 17364 18257
2 20271 6431
2 20313 6955
2 3288 16129
1 6753 14812
3 14670 11314
3 18378 18234
1 18782 4656
3 4419 12740
3 6240 12204
1 20113 6386
1 16167 2262
1 7891 18787
1 6398 15211
3 2166 484
1 13598 18067
3 11222 1364
1 7601 1404
2 15773 14525
2 18372 4915
2 13903 7663
3 17106 20338
2 13369 10552
1 3570 4413
3 20276 12690
3 15647 13913
3 19369 6679
3 5916 6994
2 15268 16894
1 3305 20095
1 423 8097
3 1509 797
3 14921 4503
2 20315 18498
2 10179 13357
2 20590 12120
3 15038 7082
3 20028 15174
2 3681 18611
2 10244 9075
1 19298 11332
3 20175 2726
1 3463 659
1 9314 4364
3 15091 17259
1 18841 7849
1 847 9259
2 14864 19777
3 13467 16949
3 6017 10713
1 14391 17248
2 19147 13627
3 12217 6608
2 6654 13774
3 10890 5503
2 19040 16916
3 17682 1868
3 11762 12135
3 14580 7941
3 882 17912
2 16370 3129
2 4390 13646
3 20107 357
1 13370 19892
1 9799 11958
3 18161 5891
2 9358 16753
3 2787 14598
2 11444 1625
1 14565 18351
3 17187 883
3 6993 5261
2 3214 17585
1 7882 3443
2 17351 8100
3 18888 19963
3 8275 14306
1 2895 825
3 10462 1108
1 3861 3888
2 17516 8930
1 16126 4567
3 14344 3106
1 15497 6216
1 15998 8066
1 19247 17460
2 8063 16435
1 3224 1552
2 389 16712
3 5531 5602
3 16813 3060
1 20601 13393
2 10260 17485
1 14444 11638
2 11205 19734
2 1359 6444
1 16994 6562
1 20543 15485
3 7206 19038
1 16886 7659
3 19798 7377
3 16357 759
3 6131 14762
3 14696 16709
1 14943 8728
1 20405 16698
2 12756 20083
2 12084 15029
1 11747 14079
2 17443 11574
2 13100 9840
2 10342 5323
3 18537 7943
2 10935 19241
2 6335 7167
1 2245 9372
1 12310 3392
1 19821 1606
3 19937 7548
1 18136 862
3 7332 20345
1 4650 11925
1 11743 17192
2 5164 10543
3 17719 383
1 12839 10952
2 15800 12812
1 16123 4624
3 5190 15139
1 392 11857
3 9324 19154
3 10508 3902
2 18780 15635
2 7921 710
2 8697 20433
2 14616 20149
2 18798 6945
2 8477 16302
1 6044 5409
2 8177 18853
1 3923 15112
1 12088 1224
1 20462 3860
3 13604 16808
1 5799 2036
1 4833 13337
3 20573 15739
3 1317 14957
1 10525 14280
1 9960 12132
3 4498 6666
1 14 584
3 15612 3444
3 11093 11810
3 9926 4389
2 16024 2308
1 17293 15721
3 3016 7998
3 16482 6011
1 19212 18412
3 14758 17528
1 12199 8270
2 2595 19479
1 14199 4869
3 8229 2748
1 4384 18934
2 18711 10501
1 17039 17118
2 6408 20356
3 17699 19225
2 9575 15490
3 8100 15398
1 18869 20531
1 16686 11060
3 19529 7411
3 5773 7727
3 17909 18764
3 18819 2490
1 1096 16679
1 6408 9141
2 284 18100
2 6593 14024
2 2300 8064
1 6697 16141
2 4913 9702
3 1433 12464
1 5377 6518
3 9739 590
2 10570 7135
3 1138 19341
3 12656 2071
3 5069 13477
1 12024 9976
2 12605 14271
2 6770 18515
2 6547 19804
3 6492 170
1 16787 16772
1 11572 5917
3 13298 88
2 12397 8784
1 7586 5107
3 4475 858
3 19581 5981
3 17545 15244
2 6677 15244
2 2522 9796
3 20318 14886
2 7136 19361
2 9638 854
1 12191 7125
2 8685 6510
3 14741 6077
1 18766 16493
1 6473 20378
2 14320 12822
1 2031 19514
3 15063 5488
1 4285 18546
2 14342 18691
1 7407 14766
2 18054 3299
3 6904 12784
2 15140 3124
1 20044 15199
3 14091 9058
2 5113 5117
2 2044 2406
1 1685 12717
1 17017 6197
2 975 866
1 17603 17271
1 3115 9570
1 8800 945
2 9418 17393
3 3101 17648
1 3403 6743
2 20633 311
3 9906 11583
3 10578 8374
1 11338 14862
2 2510 4063
3 2747 19275
2 19202 19075
3 5418 19334
3 10283 14897
1 14569 16619
2 18484 4891
3 18490 6736
2 1647 882
2 1350 16853
3 1608 10281
2 11968 16633
1 13864 8174
2 16235 12431
2 333 11204
2 11463 10299
2 10539 3853
3 9478 7183
1 223 11420
2 18241 12304
3 16714 17124
2 20138 2346
2 2707 15447
3 19823 8426
2 459 20234
1 11490 15353
3 19836 1249
3 18106 15597
3 1407 18127
3 3073 6920
2 14772 9344
3 14090 2260
3 11661 10631
1 20517 18723
2 15938 11229
1 14035 629
1 8403 6948
2 4123 4316
2 14778 11774
2 3039 4958
2 9271 4272
2 8707 13164
1 17187 2939
2 16897 8065
2 1463 4746
1 1380 13810
3 19749 4897
2 10627 17644
1 12766 4089
1 7798 16966
2 2056 15394
3 16032 585
3 15921 13730
3 4963 19429
3 14393 11035
2 20629 11714
2 4466 1939
1 4616 15332
2 932 17382
2 6487 12902
1 11141 15652
2 8132 11414
1 17943 11310
3 14322 3531
1 19059 5743
3 16030 561
1 285 13100
2 19718 2721
3 19150 14214
2 17884 1942
2 10713 883
1 8429 1334
1 16905 2176
1 17857 17879
1 8403 5822
2 4682 11385
1 2870 16280
2 8244 8743
1 8929 3930
3 15783 12990
1 12639 3760
3 14861 5534
2 11390 3560
2 17836 19301
3 12122 18687
3 438 16508
1 4792 2423
1 6286 2558
3 8625 14604
1 1315 5766
3 8720 2526
3 8328 17561
1 19894 10079
2 19468 20539
2 7895 5121
3 19886 11787
1 18893 388
1 14960 20540
1 15709 15553
3 7230 8906
1 4647 300
2 11674 2346
3 5163 17725
2 16112 5146
3 7024 18256
3 18282 16144
2 15657 14165
3 4567 5310
1 973 420
3 15239 9677
3 14616 11130
1 15241 5923
1 14848 11468
3 15072 4947
1 19484 487
3 15595 9313
2 536 15177
2 13271 10498
2 4181 15705
3 9210 14931
1 4923 8117
2 12401 16274
2 3836 2264
2 3709 18356
2 19302 18442
1 12449 13101
1 15971 720
3 12135 18323
3 16782 14162
3 10661 18757
3 4098 15376
1 2957 18126
3 6485 10606
1 19891 8814
3 4279 15383
1 9148 16351
3 4168 14377
1 16580 7077
2 10144 4416
2 4584 2671
2 17736 18985
1 5295 20443
1 6219 1405
2 12590 14916
3 15137 4597
2 12751 1834
1 10915 14982
3 14618 14008
3 13603 399
3 4069 14439
1 17640 11382
2 5975 11018
2 11677 20117
3 3089 9256
3 18358 4510
3 18589 5223
3 12654 1399
3 8587 19472
3 11793 2578
2 8837 41
3 3374 17514
3 19565 13471
2 9707 900
1 17440 19414
1 447 3249
2 6094 13785
2 18170 7044
1 19598 7659
3 15363 13485
3 3584 6001
1 20326 15120
3 7793 12530
1 18938 1772
2 8280 13753
1 13008 2941
3 14174 4764
1 15357 7868
2 10501 8511
3 7710 15775
3 6914 5275
1 8182 10621
2 11587 19255
3 10465 1772
3 3943 10156
3 7379 17831
1 2490 14361
2 10910 5247
3 4106 20182
2 5322 13530
2 8361 11091
2 16295 11568
3 15005 1115
2 12887 8805
2 3506 18381
2 16649 19747
3 15996 3145
3 4519 5752
2 13300 20098
2 9871 10590
3 8848 17703
1 10006 18128
1 17544 8692
2 215 8965
3 3047 8230
2 18091 2903
3 18081 17308
1 8479 3034
3 10981 9499
2 3331 14136
1 8 12573
1 12040 15433
2 5286 12577
3 12678 19148
1 15453 19608
2 20396 18775
3 1931 11448
2 12235 13743
2 10352 3877
3 2445 9300
1 12301 11344
3 16907 2618
1 12725 10523
1 8431 18868
2 1483 8115
1 7290 13309
2 1953 6190
1 2865 5393
3 822 15804
1 4294 14310
2 14652 7536
3 8498 398
2 1738 18293
1 12291 11705
1 18705 14960
1 17756 15966
3 13262 16253
1 4321 3058
1 15022 14291
2 15167 5417
1 15122 540
1 5361 4496
2 3166 8823
2 6684 17771
3 16420 1086
2 12311 20263
3 4027 14350
1 14999 17753
3 12227 796
1 115 14162
2 16199 14484
2 10550 7297
3 19774 17194
3 3206 7925
2 13233 2831
3 16550 5211
3 12703 5075
3 2309 11146
1 11477 18579
2 16458 15957
3 17453 9860
2 11085 13723
3 1321 10366
1 16214 505
2 11334 3263
3 3129 10595
2 17958 10522
2 2602 14240
3 6971 12513
1 14740 11690
2 6050 3834
1 17693 16054
3 7997 20652
2 10701 7008
3 13412 9041
1 13409 1276
1 14469 5787
3 16324 586
3 9018 7047
1 711 18435
2 17489 4004
1 9161 17997
2 18445 10649
1 13935 12232
3 5653 6275
2 15954 15556
1 15581 4834
1 17802 17142
2 9925 2055
3 4 5347
3 8139 9486
2 6260 10521
1 7614 6617
3 19933 10862
3 11035 15081
2 301 19787
1 19177 12945
1 17920 5980
3 16882 16554
3 19494 14880
2 8295 1977
2 17982 8937
1 16285 7353
2 7979 15579
3 5668 3526
3 18482 761
3 12000 3145
2 12634 13162
2 14323 17715
1 11902 10482
1 16923 19754
3 19113 7453
2 9000 14629
1 938 10593
3 8703 16490
3 1472 6313
2 18230 1293
1 1689 2109
1 18586 19721
1 1115 4495
3 7941 17755
1 20007 1654
1 4679 16110
2 2372 18897
1 13650 777
1 13520 20556
1 12311 6148
3 1607 11019
3 3544 8366
2 8584 3336
1 6957 10358
1 6403 2001
3 17241 267
3 14668 2433
3 15303 7183
1 9859 10820
3 3591 20643
2 5644 13324
1 422 762
1 14177 1936
1 8662 18926
1 20126 8920
3 18380 7955
1 12944 15316
2 14387 11493
2 19482 5419
3 19537 2626
2 3702 8465
1 9929 8763
1 5436 3646
3 2266 17083
3 6403 19033
3 505 13274
2 3375 3302
1 15730 6059
3 14819 2537
1 15128 2732
2 261 5185
3 19195 9645
1 12121 6077
2 12038 7395
1 12079 13056
1 15620 267
3 10456 19480
2 14858 18333
1 2975 20062
2 8824 10183
2 6958 18127
2 15267 18362
3 3662 5323
3 11645 4373
2 15718 18506
2 15157 3375
3 12407 18506
2 13077 1584
3 7375 18652
3 14053 18528
1 14293 20511
2 12111 15975
3 9224 20087
3 12533 1122
3 5781 5195
3 20600 2773
1 9274 7874
1 3883 1028
3 639 6105
2 14074 6355
2 10589 901
1 20219 6894
1 15970 19736
2 8295 6348
2 10619 15798
3 8784 11972
2 8140 5057
2 7139 16786
2 10955 6166
2 13768 6734
3 20231 3555
2 17116 546
3 3874 19493
1 16760 18545
2 18672 6354
2 2614 8703
1 20283 10720
3 12409 3348
2 12922 5708
3 561 15863
2 7880 13637
2 7230 12825
2 601 18932
3 7289 14455
2 17251 20255
3 5446 1554
2 6858 18522
1 13112 2178
1 1510 4033
2 1694 8545
1 6247 8819
1 16916 3333
2 18894 14866
1 14407 5972
3 10719 8682
3 809 18452
3 20176 13539
3 6269 13728
2 9692 19567
1 20325 9379
1 10748 4957
2 16207 2240
2 15655 10875
2 17054 6042
3 14207 16876
3 15555 5662
2 6952 9969
1 4858 17524
2 12714 7702
3 2377 17257
2 14827 4365
3 16898 19616
2 566 448
3 615 405
3 17299 11563
1 8947 581
1 18760 16874
3 2687 1774
2 14397 9715
3 13693 12660
1 10453 16903
2 7506 15497
1 11382 17375
3 16185 12378
2 20027 20447
1 20077 15344
2 12336 10331
1 9702 15264
2 9133 8996
2 285 20498
2 14117 11642
3 11444 4094
1 14939 19301
1 20104 11935
3 13891 13419
2 6428 20405
1 13908 5653
1 10547 6255
3 20220 19828
1 19241 15331
3 17662 138
1 4585 500
3 5181 9896
2 18551 3763
3 13358 7450
3 6700 8689
2 4708 13842
2 1892 14837
2 7878 10253
3 20057 16044
3 5554 20219
2 16733 10796
1 5223 17365
1 15457 22
2 8379 20502
1 20030 6135
1 5804 2754
1 17602 9990
2 3861 711
2 9780 8605
1 14188 7590
2 17122 17090
1 6096 1699
2 16143 5848
1 14671 13791
2 13244 14676
2 5695 766
3 910 20643
1 12551 19003
3 9895 9938
2 8339 19882
1 5133 6236
1 8669 16336
1 1617 1651
2 4093 3223
2 11902 18145
1 6350 12418
3 12831 16287
2 2821 5895
2 14216 2237
1 4546 13180
3 19429 14478
1 1366 7037
3 250 6757
2 9247 2676
1 7210 12342
1 2521 12225
2 17558 11410
3 2396 20507
1 4195 5408
1 15473 5550
1 15404 6063
2 15874 17176
3 17107 8754
3 17836 15244
1 12821 17656
2 144 17781
1 19099 15081
3 17345 7198
1 8261 10743
2 16969 9555
3 20137 6816
3 18835 4360
2 8782 3678
3 8607 15890
1 5766 16148
1 18127 1289
3 8933 4497
2 7523 1150
3 14949 11322
2 8814 1235
2 13690 7972
1 17304 13189
3 13776 2090
3 14180 12603
1 8362 7722
2 4372 8384
2 3541 16555
1 14268 11363
3 4320 3786
3 20101 3431
3 929 19730
3 8638 2643
3 15581 15322
3 18524 15188
3 14433 7545
1 3611 110
3 8944 11760
1 19215 5781
3 18336 3761
2 4067 2568
2 13529 3096
3 4761 4430
3 12637 13024
2 16255 3208
3 2292 18019
1 2860 6750
1 13210 9899
1 5745 13991
1 19389 6108
2 8956 17038
3 1346 10029
2 20284 19942
3 3818 7915
2 2509 17534
1 11410 9201
3 11353 10896
1 16380 3882
1 5503 8933
1 1197 16863
3 5690 11691
2 9426 14482
2 11818 17767
3 5881 1028
2 19703 11175
3 15096 11543
2 18216 346
2 404 18073
1 8843 8052
1 6388 6984
1 17459 2314
1 14709 10288
3 10749 17258
2 8058 18268
3 5272 18211
2 4997 17634
2 10163 12610
3 19292 18752
3 11857 1676
3 19116 20367
3 19727 13660
2 9232 9202
1 10612 6730
2 19816 11450
1 6464 627
1 9200 8079
2 8525 20565
2 2516 15344
2 5558 11045
2 17028 12127
2 11216 62
3 1379 1804
2 2817 15831
3 2300 19722
2 13401 6191
3 5546 18355
3 13718 15850
1 7741 16764
3 5179 15881
1 8284 4029
3 8597 12636
2 9382 8995
2 18940 17824
3 13202 1247
3 7842 19261
2 9505 16527
2 14179 14610
3 19474 14835
2 7488 16230
3 10264 14879
3 2183 3916
1 19084 5280
1 20054 8944
3 1535 11079
3 7871 19878
1 18433 13557
2 10275 6058
3 11139 5633
3 13003 1231
2 4469 16571
2 6607 4473
2 10559 18514
2 2216 13422
2 14018 15011
1 11600 13146
1 8050 10318
3 824 8223
1 20639 9003
1 13172 13396
2 8361 16636
2 18714 2126
3 979 5926
2 6678 13841
2 18996 19805
2 18164 10561
3 2451 10698
3 9446 13216
1 6861 6077
2 6199 19738
2 11138 4029
1 12651 154
3 624 19248
2 8996 2357
1 13518 6535
2 20309 19168
2 1690 13463
1 12256 13799
1 180 6543
1 5343 9756
3 15264 1031
2 8582 9799
2 18771 4917
2 4886 3155
1 3828 5995
1 10915 9551
2 15444 2554
2 6648 15443
3 3228 15987
3 1751 2336
2 7100 19731
1 2664 15444
2 7177 15583
1 4528 13831
2 8109 2381
3 19799 3429
3 16301 6670
3 15660 9853
2 17229 8145
1 18972 3675
1 4661 11866
3 2590 17283
1 7754 19988
3 20535 17320
1 10024 7120
2 17746 404
2 17446 8141
2 19571 8326
1 2090 7985
3 12129 859
3 7651 16268
1 2889 8684
3 2892 16598
1 17193 17963
3 125 4904
1 19687 17278
2 15498 11164
2 1276 14561
2 12222 12051
2 2397 10721
3 18508 9473
2 14407 3768
1 17519 6806
2 14529 13411
3 7406 10731
3 1081 19617
3 17242 299
1 10857 20054
1 12619 4574
2 4458 11368
2 1991 9675
3 3888 7285
2 3009 18869
1 18628 6182
3 6487 6233
3 1503 9617
3 6877 8512
2 15782 16722
2 15572 11221
1 20091 9001
1 4046 10968
3 5559 9573
3 16816 17888
3 16711 2758
2 19446 10110
3 475 19175
3 6738 4190
3 7619 10438
3 19817 1282
2 15692 8342
2 7704 1594
3 11364 20439
2 2398 7733
3 4600 17085
1 14569 13067
2 14121 5232
3 2123 6450
2 5291 9042
1 1209 10461
3 17967 20096
3 15487 6467
2 19452 7779
2 11576 19085
2 9163 1233
1 19843 16178
1 16481 6857
2 15239 19064
1 2240 4627
1 11222 17546
1 6048 3194
2 14348 17726
1 20364 5479
2 17550 15876
1 4484 6459
1 10493 15364
1 1578 8287
1 15492 2604
1 15861 1497
2 14879 2839
3 10379 14279
1 19710 20350
1 4121 19644
1 19847 19611
3 3518 4172
3 2030 8701
2 17678 19903
3 12344 9696
3 10332 14502
1 11070 1915
1 7365 8947
2 9293 151
1 12557 7674
1 18247 3991
1 9563 8513
3 8692 18319
3 11994 15438
3 7450 4418
2 3557 6648
1 18434 4488
1 11305 19097
2 19332 17187
1 304 9595
1 7232 7790
3 960 14145
1 11327 20002
2 1263 12392
2 20351 9651
3 14380 2869
1 8886 3930
1 5536 8848
3 14650 20651
2 8944 2269
2 19296 1463
3 13819 12886
2 16399 5228
1 13609 11015
1 15786 15596
1 18019 20404
3 5777 16543
1 3461 12867
1 7555 8756
3 9107 3444
3 7621 20226
3 8869 15534
3 2780 10405
2 5747 8443
3 17998 16946
3 11812 7381
1 6173 17957
1 230 3552
3 10333 3336
1 3036 14768
2 10167 1867
1 13856 6512
2 16725 8707
2 17571 9618
3 13828 12899
3 18803 8585
1 15879 17711
3 9905 7442
2 10605 16920
3 16812 11511
1 10896 7352
2 1744 8453
3 8054 14366
3 4399 7659
3 16759 8820
2 15596 7958
2 7634 15190
2 2016 983
1 6844 15087
3 1593 4559
3 44 6735
3 9257 5788
2 15633 4173
2 13778 16350
3 3226 7188
2 6089 12789
3 4683 16374
1 12421 11331
3 7470 8100
3 13431 8046
1 451 13804
1 12919 9812
2 1721 8113
3 12856 4308
1 14623 12678
1 20338 17419
3 1427 18397
3 14578 8811
3 7668 12830
1 19113 9292
3 2759 14548
2 18719 1151
3 2437 1782
1 14054 7898
2 3209 2935
1 2352 12608
1 18456 12072
1 17098 14818
1 18477 12824
3 3876 5098
3 15996 2280
2 19322 10259
2 14134 10602
1 13239 11196
2 15466 10506
2 1276 4572
3 20376 16613
1 14753 16780
1 782 17525
3 941 4686
2 19298 2212
1 6525 18956
1 16941 6497
1 20382 1087
2 2088 19637
2 16455 20015
3 2631 20471
1 6332 14621
2 7835 20102
1 20357 18634
3 16883 693
3 19571 12023
2 11660 4630
1 17709 7822
1 10959 13315
2 18418 11345
3 13903 324
1 2923 828
3 453 15987
1 8852 1020
2 3391 17668
1 17294 13081
2 820 18791
2 8942 352
1 12432 9803
1 13217 19782
1 7069 11265
1 1699 15369
3 17999 1578
1 4778 3264
1 16763 13568
2 9133 12233
2 16259 5949
3 14405 14763
2 8769 11486
3 13425 6114
2 15163 3698
2 13251 9796
3 4806 1590
3 3461 6173
1 13452 4488
1 9085 4209
1 7342 16421
3 11435 7601
1 10662 12123
1 244 5429
2 12207 3484
3 13908 9837
2 12919 1477
1 20182 10721
3 9362 6679
2 12791 9966
3 14651 9351
2 5553 1534
3 17979 7425
2 7932 1023
3 7152 11971
3 18823 18828
1 13089 20119
3 18116 856
2 9041 949
3 18883 16243
2 8705 2402
3 7546 15776
1 11909 7909
2 20227 14956
3 13894 16549
1 13773 12745
1 11807 16716
3 10361 11427
3 4167 16484
3 11136 19827
1 9334 6541
1 2259 2018
2 14768 6721
2 2638 10343
1 19576 9297
1 8412 18644
3 9617 9313
1 7998 11479
2 7723 13916
3 4624 20226
3 18648 13322
3 1185 14371
3 14071 7531
1 19491 12394
2 8207 7022
2 20038 162
2 2202 19228
1 5060 13792
1 6804 11090
2 19549 18612
3 17373 5830
1 15505 6183
2 17820 7217
3 3335 1880
3 8151 14909
2 5957 6247
1 15712 9222
3 12433 13109
3 2727 12279
2 6039 12824
3 18407 4178
3 8614 1204
1 2962 9247
2 7643 12994
1 17851 12894
2 17287 14787
1 19147 4103
1 8039 9523
1 10861 4882
2 10102 8623
1 17485 16325
3 12927 553
2 6746 8113
3 5771 1350
2 2837 13382
2 14268 1187
1 2762 10158
3 7317 5626
1 8144 13743
3 15437 10852
1 5033 3202
1 8159 18793
1 2564 7458
2 14701 4052
1 2466 14834
3 14857 17087
3 18027 7776
3 17603 18100
2 14656 14920
2 13139 549
1 1070 11446
1 15539 8073
1 3845 6957
3 9831 14361
2 14803 17564
3 14514 14283
1 20402 15927
3 7619 17678
2 7802 17077
1 2675 6023
1 17187 18608
1 4575 7512
2 1844 14924
1 10821 3272
3 11517 1911
1 8384 18154
2 13285 14336
3 17887 20133
2 6054 6103
3 15527 10624
2 3779 12185
1 13790 1702
2 16549 20339
2 12413 13935
3 7279 11596
2 17658 4833
1 4695 15951
2 18038 18613
2 14666 8989
2 3821 12644
2 19127 7655
2 5017 5809
1 10404 11933
2 11785 7274
1 20143 3438
2 3758 4990
1 17618 13545
3 1226 9193
3 13013 7996
3 8322 4393
2 12365 16305
3 12442 19323
1 5240 965
1 10142 6251
1 19111 959
1 2215 10689
1 5674 6064
2 3094 8098
3 10667 2097
1 2348 14040
3 111 1818
1 19030 8689
2 9212 3465
1 1850 13636
2 13807 19507
1 10485 15344
2 16372 6018
3 8308 9108
2 19605 5126
1 18003 13038
3 2708 1951
1 4463 4373
1 18737 11538
3 17088 4946
3 10291 17483
2 11740 20388
1 4868 9729
2 6435 19974
2 16459 3383
1 733 19092
3 5466 3896
1 12010 17581
1 2489 10976
1 18261 17761
1 14263 13117
2 7735 15351
1 15906 4496
3 6905 9889
2 19128 11431
2 9575 9337
2 20007 8215
2 17873 20055
2 17815 11791
3 6691 15555
2 2360 6270
1 4760 1576
2 6037 8545
1 3646 17742
1 630 19803
2 16305 11203
2 8251 10265
1 4625 11949
3 9752 13901
2 15807 11862
1 3192 6931
3 15594 8357
1 1840 7863
1 5773 19513
3 7270 11238
2 10318 19002
3 2597 5165
3 19574 9220
2 9864 6228
2 13384 11233
2 6479 11658
1 17610 3501
3 18454 20620
3 12569 3406
1 7494 1213
3 4725 6084
3 2369 2129
3 1946 2358
1 14043 8579
2 11742 16130
3 11524 4206
3 731 5874
3 12068 20432
3 8672 17318
3 8835 10789
3 15868 16990
2 8075 1095
2 7934 19214
2 2446 17495
1 14035 1722
1 11792 790
3 14596 9139
2 16255 12895
1 12290 12986
1 7987 7063
3 9864 20029
2 14843 14496
1 4091 2746
3 18086 12100
3 2753 20236
2 10733 17803
1 8784 20652
3 17824 8835
1 4086 1210
1 17133 16336
3 51 6550
2 13729 10955
1 15638 5776
2 8502 20567
1 12659 5132
2 4887 2653
1 19291 9013
2 16332 12404
2 12729 3243
2 17198 3401
1 19025 5453
2 12540 14023
2 1727 18087
1 8727 9247
2 5756 17394
2 19385 1002
2 15268 17845
3 13812 10338
2 12686 19365
2 8302 2228
1 17331 9905
1 17021 4450
1 13255 18659
1 7660 3777
1 7334 3223
1 6788 14612
1 14255 12187
2 18248 17619
1 12192 13867
2 14024 15523
2 18878 9167
2 8137 20105
1 4069 18641
2 7735 6150
2 13429 5085
2 11234 317
3 14995 2043
2 12573 907
1 5439 3777
3 1695 17896
1 4550 4369
3 15727 4002
3 13335 4575
1 2589 15144
3 7480 1374
3 10778 20475
2 15144 20110
1 8736 4822
1 16052 7393
3 1798 9969
1 4139 16460
1 840 2281
3 18288 2724
3 5611 17350
3 14097 921
3 4790 15033
1 9419 1290
1 1563 5389
2 6012 11016
3 2189 1970
1 9810 19343
1 16105 2220
3 14527 9316
3 20546 12891
3 9093 4020
2 13188 17795
2 1355 370
1 12696 10578
2 14095 2738
1 20087 352
1 13005 17611
1 8691 5492
1 14193 8554
2 2532 13962
2 14802 1737
1 4014 986
2 9862 8385
1 9618 8959
2 14791 11621
3 6676 11873
3 13594 19240
3 18209 17464
1 7939 15688
2 13956 1217
1 19071 20634
3 19425 153
2 4513 2639
3 10534 2655
2 18577 12237
2 2443 3257
2 12955 14572
2 8419 2041
2 6427 6449
3 14097 1597
2 4591 5940
2 5986 6901
3 695 8088
1 5460 4739
1 14867 18591
3 12217 5262
3 9856 14970
2 15402 201
2 13580 14075
2 13442 15162
3 1177 20294
2 6659 18645
3 3659 9854
2 792 12319
2 12196 3186
2 18071 3656
2 17375 15616
1 10160 14775
1 12839 3132
3 17887 17616
2 3492 19728
3 2363 4936
2 17640 4822
1 1293 9468
2 18513 15298
2 16304 3475
1 4846 13186
2 2010 393
3 6312 14742
2 11710 18400
3 3899 18388
3 9905 9778
3 5994 16160
2 6338 5678
2 5721 16791
2 13275 2615
3 14260 16418
2 13865 151
3 5076 201
3 13333 16631
3 3898 10412
2 15283 20103
3 8462 18441
3 3701 14378
2 10059 17273
3 3633 13977
1 20094 5798
1 14125 17587
2 19207 19145
2 8398 5518
1 5842 17349
1 8475 13777
2 1790 14779
1 3290 11199
3 4866 15892
3 8124 11697
1 5802 9976
3 10364 17092
1 7321 3131
1 12632 20075
1 4052 9429
2 18195 13975
3 13625 10111
1 12264 2128
3 11189 8415
3 14058 8188
1 19408 19021
1 10736 19081
1 4408 16273
2 16450 12706
1 15182 5571
1 16365 12175
2 8079 8311
2 4633 11257
1 811 1063
3 6213 10800
3 6523 13464
1 18557 13577
1 1824 10424
3 6319 16419
3 12110 4136
1 14363 6063
1 16750 10603
2 19985 9944
1 5090 20535
3 12189 17135
3 15093 8530
3 4502 13575
3 4942 8741
2 8384 10902
1 2731 12153
3 9778 19682
1 1004 13702
1 2694 12410
3 19474 3269
1 3558 10346
2 10775 1694
2 11997 10091
2 9915 11773
1 9153 3575
2 7428 1778
2 9375 10275
2 6691 10203
3 2277 6676
3 2007 12336
2 7202 19952
2 17749 9977
3 10653 15381
2 11234 3384
3 19432 12056
3 4995 6197
1 6903 2251
3 15327 13271
3 651 9391
2 19996 8389
3 3789 7845
2 6625 12383
2 17669 1338
1 4949 15208
1 6103 4345
2 19652 10911
2 8217 3071
1 291 10829
3 15451 2471
1 11504 9220
3 10543 1593
1 5237 11109
1 1964 6438
1 16473 7606
2 1655 4854
1 11158 10354
3 1182 16568
3 20496 7493
2 15135 6912
3 9017 18508
3 11444 2600
1 4560 18335
3 9425 13432
1 12677 2433
3 20048 16117
1 17802 19372
2 9642 17842
3 8460 9612
2 17457 12795
1 2946 6062
2 17040 16173
1 10816 5318
2 17210 7017
1 3387 14229
3 1577 4164
2 17342 15144
3 1929 134
2 19731 3717
2 13808 9416
1 6526 2596
1 18148 12554
3 5195 10607
1 7222 5765
1 6609 327
2 2763 13602
3 3563 124
2 11518 6740
2 5960 19061
1 9026 9538
3 8072 12785
3 18232 15415
1 17565 4059
2 11230 14806
1 15974 20357
3 14461 20468
1 13847 16065
1 19611 12497
3 15342 19288
2 5784 52
3 18177 124
2 14074 8730
3 20556 9841
1 12215 2283
2 11971 8716
1 11979 7877
3 12811 5740
1 4743 17197
1 6215 4989
2 2040 20179
3 17513 12002
1 13327 8092
3 9545 6835
1 13367 5500
2 17495 2094
2 14838 15632
3 2816 12985
3 5580 191
3 8410 2296
2 17450 2985
2 17660 18693
2 15068 10930
2 19158 311
2 8939 18325
2 1665 7326
1 13316 10237
2 11761 16752
1 10313 8725
1 10019 17470
3 19622 6158
3 4080 6073
2 19023 17595
3 5148 11191
3 18419 1916
1 4329 2442
2 18261 18081
2 9386 15293
1 6928 12878
3 16463 19436
1 15100 13389
1 10951 5670
3 6766 20256
2 2225 16885
2 3680 17457
1 16598 9830
3 18650 18060
2 11327 5197
1 10289 19861
1 10160 9296
3 12916 13264
1 10039 20075
1 2925 6562
2 17286 6304
1 8884 9950
2 18541 395
2 17828 17774
3 7736 7543
1 4487 14833
2 20387 14411
3 7436 8187
2 1673 245
2 4319 18425
2 7322 9160
3 15506 17545
1 12936 9623
3 9439 18379
2 9081 5224
2 20441 20173
3 9269 2944
3 17317 8935
1 9545 9716
2 16874 14307
3 16972 16852
1 185 3753
1 10678 17379
2 19925 8030
2 5015 9053
1 9696 10109
3 4146 20647
1 1487 7871
3 7144 11872
3 4327 8569
3 20191 14499
2 9864 1506
3 5349 4238
2 9971 8627
3 12301 4341
1 3980 4968
3 9578 2736
1 7115 7619
3 18077 6087
3 16486 7993
1 440 4850
2 145 6701
1 5155 2791
1 20245 8345
3 3736 3369
3 17095 8644
3 5107 9510
3 2645 12462
2 15239 20472
1 13966 15377
3 6454 9848
1 19106 15341
2 12491 17471
3 5416 15690
3 5445 16490
2 6053 9113
3 1590 18674
1 2491 11926
3 839 1149
1 13744 11251
2 2408 3130
2 7767 20573
1 8998 16587
3 14354 9856
2 9332 7987
2 13479 6007
3 17886 3469
2 8815 13205
3 865 15316
2 6499 8970
1 15579 13095
2 20344 19677
3 6183 11674
2 1582 16515
1 4482 16097
3 7991 2578
1 19132 2627
3 5697 10627
2 2927 19109
2 13686 7902
2 4550 18310
3 3999 13166
1 13259 14429
2 19165 4627
3 9785 17887
3 11616 1175
2 8093 8446
1 1870 8907
3 19475 5429
1 19648 10797
1 7248 3144
1 8380 12985
1 12749 17938
2 7912 14840
1 8392 13910
2 19461 6638
3 14078 6203
1 1211 15469
3 10937 7545
1 7839 16099
2 12683 11565
1 13030 19729
1 14515 18089
3 1908 14344
2 12907 63
2 2133 11943
3 15590 17433
3 9136 13171
3 17587 11502
2 3915 10862
3 12189 19800
3 6831 3150
2 10858 18238
3 8151 2642
1 15004 1926
1 18214 9161
2 19889 16501
2 7387 10615
3 19286 18246
1 20559 13080
1 15047 37
2 17014 862
3 17788 632
1 12804 15071
3 3283 6866
3 1125 14295
1 19030 16212
2 13714 5039
2 6426 16503
2 13900 2720
3 11513 9686
3 2396 16142
2 10153 19364
3 4024 16207
1 8220 12409
3 1962 7306
3 9825 17795
1 11881 3874
3 17768 9485
2 5572 16178
3 13192 9310
3 17725 5098
1 9461 7153
2 15385 9316
3 1502 2128
3 20341 11977
2 14618 18285
3 19870 4019
1 18717 13422
2 5916 17407
3 3850 12940
3 7473 6007
3 924 12528
1 10595 13907
2 10566 9588
2 9253 8443
1 20367 401
3 15430 1091
2 5130 1648
3 9181 12877
1 1015 5810
2 16734 5395
2 13166 9610
1 11688 7735
2 4034 10192
1 19836 16778
2 9731 4032
1 19115 9129
1 12719 7152
2 11018 8599
2 1069 6488
1 18447 2905
3 2348 1502
2 18413 6628
2 2589 5742
2 14822 18354
1 3883 13839
2 11598 14763
3 15864 15695
2 825 16766
3 19070 4529
2 2576 19080
2 8532 10341
2 16147 19871
1 20364 6212
1 8332 7168
2 17730 3001
3 14359 2284
1 17508 5783
2 4063 17372
2 3329 14935
2 3898 17860
3 15872 623
3 15981 8810
1 12679 19165
2 14659 15596
1 10522 17002
2 2448 19378
3 9379 9968
3 13996 1631
3 17651 7352
1 6015 19474
2 2932 1272
1 9578 13305
2 20225 9538
3 12434 3609
1 5126 7698
2 18695 13097
3 11728 8798
1 5615 20497
2 15353 19322
3 7813 2954
2 19029 8392
2 6508 8408
3 5423 19666
3 18172 6453
2 13648 12761
3 13778 5692
3 2833 15801
3 8162 8561
2 7590 3928
1 5517 7917
2 4215 782
3 1615 12775
1 10453 5720
2 10719 10792
2 2021 7486
2 9797 856
3 2730 10175
2 9027 4161
2 2793 7233
3 5571 1013
1 11283 5547
1 17598 7803
3 2592 201
2 1672 17670
3 7589 1116
2 1653 7003
2 3594 2858
1 471 18207
3 15314 15581
2 1532 7324
3 158 5898
2 479 20199
3 14953 17895
2 7909 17229
3 9830 14061
3 10005 10507
2 12740 18934
2 10116 5428
2 20512 5853
1 5799 8073
3 7793 6465
2 13175 60
2 4659 7655
1 645 18433
2 6586 2428
2 12973 14302
2 3979 5139
1 5490 4598
3 10879 10410
3 1955 12250
1 801 8038
2 5467 6269
1 9669 3719
3 768 16998
3 516 2556
3 14184 8997
3 2369 2637
3 14588 18529
3 4236 19204
3 19349 10956
2 4138 1398
2 6756 9693
2 11371 19644
1 10572 3834
2 17268 16247
3 1605 9811
1 16211 14558
2 6551 12914
3 14662 9759
3 15262 6973
1 3161 5498
2 15535 18858
1 18095 12721
1 7179 11427
2 1216 5530
2 11742 13194
3 12972 845
1 12669 4974
1 8857 1500
3 4378 6754
3 11131 5317
1 1775 14386
1 15822 17102
2 4775 9826
2 19951 12102
2 20557 4707
2 1131 15102
3 6688 409
2 14490 7196
2 16143 11097
3 7485 2609
1 9646 6715
1 19192 16406
3 7381 6711
2 4580 14967
3 16851 15377
3 4044 17451
2 13917 14783
1 17457 3131
3 12856 18356
2 2350 14219
1 14825 11608
3 2202 10824
2 16939 5643
1 15854 19006
1 294 6046
1 3129 11003
3 3275 6989
1 18228 17103
1 13359 92
1 8208 7137
1 16067 18119
3 10833 2182
2 1202 16831
1 16179 10436
2 8207 10396
3 3714 5612
2 465 9977
1 9387 15723
3 4185 20470
2 18015 11841
3 6640 19101
1 9332 19926
3 9326 14524
2 13308 8964
3 11449 12044
2 5312 14776
2 17283 6929
1 9478 7396
3 239 6109
2 2285 10840
2 12335 4667
3 11293 10116
1 566 3133
1 17437 8429
2 7564 12111
2 19160 655
2 9365 3121
3 8746 17265
3 2187 17348
2 16906 12027
1 15073 16995
1 13463 11216
3 2477 2522
1 17152 6077
1 16003 8424
2 129 5401
2 12172 11953
2 4692 18076
1 1629 3222
2 13211 14692
1 7129 10957
2 5796 20556
3 1813 4190
1 13508 3215
1 1242 19800
2 14833 7203
2 15359 11595
1 16548 2207
2 16064 20512
1 10606 15920
2 16133 8044
2 16056 10234
3 18373 14786
3 15404 19913
2 9172 1818
3 16694 1072
2 11250 7961
1 887 11255
2 730 14970
3 16970 4284
2 17260 6845
3 7149 9216
2 2669 7826
2 5411 20133
1 4195 3602
3 19491 15286
3 17992 3221
1 10697 11736
3 5194 253
3 18568 3129
1 13319 14303
3 20106 19474
2 1368 4275
3 12620 5803
1 5734 484
3 18301 12384
3 9049 4075
3 7479 10073
3 18942 8097
2 9325 9707
2 19858 737
1 1219 6078
3 15450 7484
3 12585 11482
3 6560 3502
3 19625 4213
3 1535 15815
1 13278 16167
3 19649 9697
2 19826 7822
3 17746 6304
2 16104 3072
1 19166 14546
2 19348 16888
2 13167 369
1 5180 10727
1 5382 10412
2 18953 1387
3 16355 14839
1 18943 4536
1 1940 8858
2 3650 1143
2 5497 5609
3 20204 4882
3 3055 17711
1 461 17252
2 1125 12875
1 7927 5294
1 15300 6558
3 7920 13421
3 12201 20499
1 18457 15916
2 14905 12868
1 6880 10824
3 12414 7438
2 13983 18558
2 9512 2361
1 7929 12758
2 398 5517
1 10826 6018
1 1704 565
1 12633 8577
3 6221 1167
3 12445 5341
1 10915 14323
2 16155 17989
2 13116 19570
1 19889 3397
1 13960 2406
3 10758 2509
3 20364 8615
1 18443 20023
1 764 12255
2 11319 11014
3 11521 6432
2 18232 2375
3 17412 4897
1 6958 12060
2 14935 13310
1 5812 5559
2 11029 20013
2 13237 4294
1 1287 6389
2 14292 79
3 6489 20056
3 10968 18183
2 4802 5649
1 16891 16925
2 19529 13070
2 15684 109
2 13232 16430
1 4380 6371
3 16889 16473
2 453 19002
2 5306 1026
2 265 10681
1 16670 11120
3 2246 16786
3 11549 13188
3 20316 17710
2 10426 5551
1 20260 349
2 18718 1473
2 406 15357
1 14411 14028
2 554 10025
1 7968 11657
2 18961 17248
2 18876 3021
2 18655 12489
3 12659 2056
1 772 7169
1 8310 3781
3 7479 7387
3 988 17924
3 19432 6599
1 17877 7124
2 19472 14867
1 4285 2650
2 12956 17948
1 1856 6564
2 17836 5650
3 413 6027
3 5143 5054
3 3492 6473
2 10021 5950
3 1772 10031
3 9169 4331
2 10917 1487
3 12351 5709
3 3372 2885
3 17858 14881
1 8082 19977
1 17199 2231
2 18911 5917
2 4977 23
1 14064 17310
2 7338 15111
2 18962 14392
2 17024 18169
3 15807 10623
2 13322 12347
3 7768 17838
2 19371 3898
1 16817 12328
1 18608 7489
2 8458 3127
3 3795 3414
2 4784 16713
3 20023 1637
2 15114 1162
2 18252 19535
2 15758 18896
3 8758 7722
2 12332 10919
3 1037 19665
2 3498 12286
2 10289 5555
1 5839 20034
1 5729 17891
2 4032 17985
3 7975 9368
3 5958 1860
2 711 198
2 2647 16754
3 10801 19204
2 3706 14775
3 9396 5855
1 9300 18236
1 15321 18041
1 15283 3109
2 17520 7887
2 9673 8869
2 13070 8341
2 15384 13398
1 3105 2376
1 15023 12122
3 4450 5463
1 14566 17514
2 4470 11902
3 16810 4504
1 613 9141
3 14880 13125
2 8454 11620
3 2560 2624
2 12184 12343
2 14483 4803
3 3874 4604
3 16780 3309
2 16496 3997
1 4557 2498
3 3526 13092
1 11478 9003
1 14901 10536
3 42 10149
1 1694 13499
2 2762 4288
3 19124 11510
3 3793 14800
3 4539 14409
1 1736 4328
2 7477 20249
3 4215 14572
1 12437 10223
2 14870 8865
3 12475 8767
3 5546 13756
1 11300 10777
2 7256 7881
2 4131 16632
1 3039 18699
3 18319 14642
2 4659 11321
2 9100 16034
2 20090 15264
2 10661 137
3 15317 9536
2 3998 1729
3 1553 8031
2 2121 15135
1 16727 7233
1 10254 8824
2 16479 11330
2 2902 15262
3 4866 11416
3 392 3605
1 2583 896
1 4461 11213
3 15930 4287
1 9109 19344
3 12807 3237
3 6224 442
3 14091 6637
1 16081 12302
1 11349 17491
2 11970 13376
3 17021 17267
2 20633 19989
3 16233 5866
1 12273 19434
3 10799 6163
3 19386 16658
1 15410 9437
1 15134 18813
1 3428 11686
2 18479 9555
1 12836 5405
3 967 2399
2 18704 12185
2 5840 1621
2 789 13041
3 15727 15042
3 13083 4273
3 19349 2201
2 16192 17614
2 4145 14706
3 12487 4911
2 17851 11324
2 8137 1541
3 1060 13056
3 956 9306
1 8192 2276
1 1667 5103
3 9368 16707
2 5746 18877
3 4811 20613
1 3833 9899
1 18849 2590
1 18705 5404
3 10233 15120
2 11463 18329
2 10611 1356
1 15833 13813
1 18244 9183
1 18727 17033
2 15084 6837
3 14969 1523
2 15930 2863
1 18968 2275
3 6323 14615
3 4015 19854
1 1018 14398
1 17828 8334
2 3614 17186
1 12727 15552
2 7926 1687
1 5515 18199
2 9125 2409
1 19398 14241
1 9111 7611
1 15171 14017
1 4433 1657
3 2291 1359
2 11336 20375
2 9290 16820
1 11915 18476
1 10487 2377
3 10622 10494
3 20445 2272
2 8412 5308
3 2119 3615
2 14470 17232
3 2422 18640
2 12452 5377
2 1293 9417
2 18955 4069
2 2722 18793
1 3535 11670
2 9854 20641
1 4481 7818
1 1053 5284
2 13623 884
1 7172 15377
1 5605 790
3 17449 11628
2 9960 4448
2 17504 14051
3 12835 20114
3 3059 18892
2 2391 15208
1 19042 16593
1 5290 4807
3 1675 8624
2 10102 990
2 19800 10218
3 15396 12736
2 8000 2878
1 19021 6691
1 780 15858
1 17894 2549
3 18693 495
1 19824 15982
1 20273 1281
2 5463 6402
3 8826 11154
3 1644 16131
1 16078 17683
3 16390 2038
1 573 2272
1 11514 17218
3 18954 429
2 1179 20373
1 18234 6697
3 11981 16710
3 2944 7867
2 12664 8112
3 15364 3528
2 14179 3470
2 1521 3076
3 2962 5270
1 12649 7798
2 3522 1671
3 2985 7299
2 2161 1732
1 11142 6888
3 14990 2787
2 14433 16423
3 5949 5138
2 4390 12305
1 13212 16143
1 3557 5682
1 10055 625
1 17224 1008
2 201 6436
2 2159 10996
3 3548 4807
1 7997 9459
3 11544 7901
3 4099 8634
2 10648 12230
2 4867 10865
3 12352 11419
2 7127 13424
3 17848 20197
2 8545 20045
2 14576 970
1 6062 9781
2 1062 3483
3 8778 7022
3 19701 12753
2 15023 18009
1 9906 17092
1 18202 3895
2 10514 10034
2 15289 8295
3 10967 4444
2 13552 19502
3 15289 16657
3 19204 2426
2 15800 10131
3 6396 6216
3 16898 1390
2 18952 3841
2 3610 19580
1 8457 20239
1 9665 7681
3 6395 17506
3 12633 2276
3 16547 6278
2 9284 15408
2 308 5077
3 13739 1826
3 1331 2098
3 11339 12900
2 6748 837
1 6786 9119
2 8120 17228
2 14054 3194
2 522 13461
2 4355 12551
2 20045 3152
2 979 6125
1 12160 1085
2 19237 10159
2 19332 605
2 16275 5205
3 275 17390
3 5777 14815
1 11163 18704
1 20140 14050
3 3178 19154
1 1398 10120
1 9326 12864
1 9260 16975
1 19375 1684
2 989 7854
1 46 9373
3 19215 267
3 20504 7705
1 8309 19577
3 4842 7999
1 18982 1209
2 13710 10951
3 14725 20228
2 1838 10956
3 15720 12972
3 2480 15720
2 19745 11859
1 5673 7732
2 6902 9177
2 7928 18226
2 4349 12386
1 8769 8652
2 303 12602
2 13935 7836
3 4110 10116
3 1555 11875
2 1772 373
3 14241 11172
3 3336 12739
2 5905 15771
3 19328 9871
2 15189 18634
3 580 18668
3 3534 7135
1 12928 15777
3 20319 6225
1 9373 20004
3 11167 15404
1 4849 18959
2 17718 1227
3 17676 14782
2 4499 6484
3 14726 14715
3 11873 5600
3 17821 3087
3 10748 7829
3 17748 10175
2 11277 11200
2 5938 9320
2 13 14791
2 5750 20211
3 11216 4159
1 5646 4124
1 17798 19946
1 17150 6319
3 4594 4885
3 4545 4452
3 2583 16242
1 12029 3915
1 17972 7002
1 10201 18678
1 19739 18212
2 11509 19904
3 12861 10598
3 12736 3307
1 16289 15367
1 8329 5794
3 10280 13763
2 15023 16482
1 9951 11015
1 15355 12971
1 7438 9622
2 2326 19485
1 7269 16314
2 4521 16093
2 14807 13590
2 19124 4869
3 5117 2597
3 14687 18441
3 18246 315
2 18560 288
2 19185 20341
2 5455 14644
3 7540 629
1 4381 13582
3 12519 9374
1 13716 6027
2 13238 20271
2 5724 577
2 13513 11521
3 15427 7992
3 2577 6069
1 8967 2924
1 2112 8544
2 8942 8791
3 9110 5706
1 816 19104
1 7473 11002
3 1219 8847
3 15281 15568
1 12258 1414
2 6916 18263
3 8502 2914
3 12031 7661
3 14503 4162
3 9876 18695
1 16682 1537
2 5062 20397
2 7709 2019
2 8130 1981
1 31 6643
3 18047 18932
2 15912 8127
3 7901 15671
2 17596 1753
2 11170 15763
2 3441 14890
2 15573 12786
1 15518 19346
3 16208 6039
2 12679 20185
2 9471 11911
2 14217 38
3 17560 6867
2 14568 12043
1 11884 11666
3 10032 16716
2 6171 11796
2 15997 9170
3 20224 16598
1 1646 2954
1 15425 20352
2 20364 18257
3 10194 8727
1 881 8040
2 13347 4641
1 10195 11301
1 18037 366
1 2897 20487
3 9524 19119
2 8397 17406
3 18929 10540
1 3782 19932
1 5646 13235
1 20507 5445
3 12716 2421
2 11998 19140
1 18673 659
2 16619 18312
3 3931 3164
3 15180 11982
2 12883 6503
3 15764 1294
1 14331 11999
2 14157 18346
1 7249 1518
1 8971 3433
1 4415 10403
3 19353 19102
2 12438 14772
1 10785 6272
2 16666 6408
3 3768 5617
3 9749 8071
3 11785 18511
1 7775 16998
1 19391 10416
3 9376 13729
3 10855 19147
2 3672 4547
2 553 13684
2 10892 6553
2 15639 14698
2 3735 8614
3 15098 4984
3 18571 15297
2 18178 17131
3 16038 7542
1 15818 8160
1 2606 8913
1 19515 9695
3 12718 11170
1 5665 4903
1 15043 2741
3 446 20348
1 8266 14445
1 1244 13052
1 15904 12403
3 6619 16911
2 15906 1871
2 4571 11625
1 20282 11985
2 3546 2975
2 10488 16238
3 5794 12050
3 11332 19011
2 13315 4692
1 3739 7306
3 10489 2560
3 4652 20299
1 11123 1904
1 4654 19537
1 7375 20038
1 12203 418
3 13213 4599
1 10718 20056
2 13641 5062
2 1237 3632
3 8286 3498
1 1888 13066
1 20502 18799
2 4790 1812
3 1742 11182
1 1410 4475
3 15744 16513
3 379 18848
3 5456 2195
1 1685 12419
2 19071 815
1 11737 3162
3 1338 5820
1 11091 19651
1 18960 8191
3 3694 11797
1 826 4368
2 848 3372
1 17220 16370
3 15418 5995
3 9675 14006
2 2602 10046
1 781 9134
1 9654 7090
1 8816 11681
1 15164 12846
2 14090 12401
2 8414 1253
2 19985 18205
1 13643 9987
3 11075 13198
2 9353 8934
2 6697 4635
1 1946 15360
1 5675 11239
1 8399 14050
2 20404 20214
2 20424 14492
1 17837 18809
3 3235 6395
2 16796 7009
3 19620 13583
2 2636 3715
1 15332 9157
3 19807 812
2 7671 16765
1 3206 17400
3 13168 14946
2 13060 2846
1 3415 8141
3 19886 9303
1 9859 6440
2 12154 11212
3 15998 2764
2 13381 5767
3 6105 18642
1 3964 2736
1 10420 7045
2 11191 12349
2 20320 1206
3 4757 20600
1 6694 18121
3 6172 4534
3 3043 20521
3 13347 20565
3 12805 3085
1 2111 13063
3 14578 14376
2 3698 3273
1 11559 18240
3 20263 19284
3 2552 15873
1 11526 3333
1 8147 16144
3 792 3464
2 18764 16329
1 16329 9504
1 16607 4989
3 20054 14347
1 2237 5393
3 3379 8305
1 14346 17455
2 15823 14292
1 12531 2321
1 16067 1016
3 12873 4059
1 123 10459
2 1862 379
1 10119 10821
3 3794 19414
1 13344 16555
2 8836 9784
3 10917 8927
3 15707 1635
1 12854 13607
2 15074 6446
1 12061 12626
1 255 386
1 14802 13351
2 12521 10663
2 12989 2782
1 17174 16807
3 4954 6537
3 14406 10183
1 1127 3185
1 18300 1987
2 2163 1515
2 18670 15695
2 3428 20345
1 2555 1834
3 13029 5342
2 14089 15275
3 10552 9368
2 2993 7139
3 14246 16252
1 12315 3660
1 1146 2434
1 14000 10884
2 3021 19020
3 6176 17831
1 9388 15484
3 14336 14531
3 11012 3722
2 14702 5753
3 18738 18557
2 16703 7168
3 597 15188
3 11246 11146
1 9811 5824
2 1005 8394
2 4731 5273
2 6280 36
2 5814 11000
1 12936 5755
1 1558 15812
3 18683 9480
2 12402 7516
3 6082 13747
3 5507 7719
2 5069 3711
2 13667 12697
2 17425 10783
2 7611 6683
2 18037 4889
1 8495 15453
3 17331 14200
3 10400 1123
1 6879 20612
2 20543 566
1 2839 17683
3 4866 11242
3 8789 5208
2 6590 8228
1 12183 2822
1 8491 1506
3 3615 4099
1 11597 2704
1 20520 4740
3 13058 15398
1 5575 20292
3 14214 6593
2 16420 13658
2 6362 19186
2 16446 5600
2 4564 16356
3 8111 232
3 1122 10722
3 19679 13190
1 1811 1136
3 19058 5956
3 8611 15145
3 1313 1792
3 14465 4209
2 14813 7401
1 18490 10212
3 20270 8766
2 2825 8102
3 3576 10618
3 17966 7523
2 15367 6436
1 9347 17537
1 18806 7285
3 11677 13275
2 7049 15906
1 18337 7948
3 14117 8542
1 11522 948
1 5689 1428
3 16641 14915
1 20447 10070
1 6604 20255
3 10363 12937
2 18597 17965
3 11169 19321
2 16880 18965
2 14035 10454
3 16416 1442
2 8701 12458
2 19025 13056
2 3052 10948
3 5560 13702
1 8396 4698
1 18820 14684
1 15564 2546
2 20499 18893
3 10644 3305
1 980 1478
2 16566 14364
1 1709 7463
2 4120 10877
3 9670 11926
2 4474 6821
1 15205 10001
3 18142 1077
2 10939 7755
3 9767 15795
3 6807 20267
2 15957 189
3 5595 12802
2 18985 8646
2 9678 5501
2 17868 10692
1 6692 1854
1 6397 7758
3 11574 1141
2 5464 340
2 13603 18282
3 15794 14421
2 14764 225
1 5240 5373
3 8032 14184
1 9573 3540
2 12904 2136
1 16678 13043
1 1789 1803
3 3294 10376
2 6281 15886
1 4398 17636
3 2528 4865
3 11068 12784
3 3874 8192
2 7220 4494
3 1118 10827
1 5257 18152
2 1367 11024
2 8979 14033
3 3569 17863
2 780 17222
3 18714 15268
1 20122 4635
2 3787 8773
1 10078 16377
3 16601 1882
1 14867 3950
3 7026 1607
1 13164 14225
3 19613 204
1 12732 1590
1 7913 19159
3 20270 7613
1 11456 252
3 11640 18905
1 10276 3986
2 9051 19335
1 15492 9098
2 3787 2905
2 6921 9929
2 8197 11963
2 15507 3309
3 19937 17773
2 16850 10329
1 10593 19682
2 11794 14417
3 14577 4761
1 92 615
2 13683 7495
2 6113 10656
3 153 3124
3 1183 8559
2 3884 12161
3 14553 35
1 17354 2666
1 18459 8511
3 18638 2904
3 7520 14809
3 19975 12180
2 11460 8179
3 638 15976
2 16554 18446
3 12593 12687
2 4746 10211
3 16148 1618
1 355 237
2 8109 1908
1 8681 10106
3 8308 508
3 4291 16316
3 5978 7618
2 17553 7117
2 4475 6090
3 7736 14994
2 11463 16262
2 9636 19087
1 9167 19064
2 11596 2809
1 5783 15366
1 10765 18280
2 12740 20147
2 13879 19675
2 6858 12825
3 10653 6272
1 15403 17924
2 1866 5834
2 17571 3565
3 4334 12466
3 5852 13885
3 425 14287
2 11858 818
1 17213 12528
1 9452 20528
1 3033 9713
3 8370 5763
1 8628 16316
2 13559 15874
2 7698 16269
3 7973 1605
2 7294 8421
1 10589 443
3 14125 13813
3 3345 13674
3 5827 7527
2 8175 17683
2 6122 5171
3 4434 17294
1 11739 625
2 5734 20084
2 2249 2003
3 13985 16969
1 14897 8670
3 20248 12821
2 6729 739
3 11054 11417
3 20417 11630
2 17174 9525
3 16800 17538
3 9950 16762
3 19420 15416
1 2891 11968
2 8007 2023
2 4320 14502
2 6076 6956
2 13255 14595
3 16635 6623
3 11157 13270
3 20596 9748
1 9953 3524
1 1897 15127
2 19745 312
1 5615 8158
2 6917 9085
2 8185 16727
1 15322 1952
2 12746 10894
2 5111 9967
3 19493 5676
2 14675 9449
3 18958 1584
1 4235 7605
3 13698 13144
1 8087 8556
1 18882 15545
2 4130 19280
3 11843 13403
3 10342 10417
3 12597 12529
1 9502 7208
1 3653 12759
2 6423 19913
1 14495 11831
2 14616 18499
1 3284 12977
3 11401 5808
1 10950 1551
1 20517 8675
2 6194 1443
1 3625 3499
3 17871 18784
3 8151 10819
1 3198 3231
3 3845 19156
2 8333 660
1 13175 9703
2 1273 10632
3 18033 4895
3 18624 8664
3 15049 8805
1 18772 13229
2 10089 14014
2 18486 5404
3 14043 7691
3 2349 17144
2 10732 6164
2 5821 9563
1 19082 16738
1 9432 11624
3 2537 20472
1 11909 19846
1 7009 15426
2 14307 8340
2 4227 13332
1 5322 2133
1 20308 15933
1 12365 8675
1 10422 17619
3 12288 10852
1 13659 20350
2 8345 5625
1 13009 9260
1 9357 7102
1 4798 18782
2 3948 964
3 15272 15774
2 19241 1290
2 14741 19811
2 13510 358
3 13390 1771
1 12477 17219
2 17701 3450
1 7958 3510
1 19221 12532
1 405 1305
1 19273 9790
3 16784 10373
2 16027 19974
2 1496 3185
3 12161 3668
3 5422 19265
3 19864 17008
3 4303 4372
1 10419 2796
1 10986 2205
3 13704 946
3 17409 16484
3 5819 15858
1 2870 15877
2 20481 224
2 16437 3118
3 355 3431
3 9277 14466
3 9149 11252
3 9468 17370
3 11966 15024
1 4764 3664
1 10126 17698
1 17450 16238
1 18263 824
3 16768 2475
2 1971 13413
3 7736 17580
1 6815 10439
3 4037 1680
2 13609 5004
3 8642 6002
2 17218 18270
2 14910 8104
1 5002 5339
2 2624 3769
2 18048 2380
1 13798 14455
2 602 18530
1 8058 15414
1 9379 8800
2 15218 17094
3 8534 3802
3 17593 3737
1 18448 11365
3 11596 6874
1 8231 4751
1 2071 2828
3 8541 2307
1 11839 2489
3 12063 9140
3 13640 3472
1 3948 5431
3 568 13688
3 2259 5271
2 14317 11045
2 11734 2182
2 12626 18406
1 11328 19612
1 18376 13743
2 5296 12266
3 15534 4491
2 1133 19741
2 12368 10595
3 20193 1589
1 11734 9242
3 5015 1311
2 13251 8041
3 2826 7125
3 5728 1351
2 8633 13328
2 4010 12011
1 7916 3296
1 9743 19133
2 20459 8928
2 16893 18384
2 8600 20624
1 20365 5477
2 1339 8747
3 4251 3194
3 106 8799
3 2197 7858
3 8957 3780
3 5537 2589
3 8083 4966
2 4458 14733
2 601 17962
2 6332 20298
3 300 16467
3 20219 12200
3 4390 17444
1 5529 2270
1 16627 7530
2 7060 19963
2 18938 7987
3 14685 7594
1 6885 20131
2 13315 13284
1 15726 9694
1 12760 9379
2 2335 3575
1 13315 8359
2 19883 9108
3 13493 6499
3 3914 18846
2 15001 20107
1 3845 2653
1 6979 4195
1 7937 1003
1 20069 18931
2 3394 10095
1 13059 13454
3 16568 8922
1 19601 19416
3 1182 8613
1 11840 20644
2 20410 7216
3 11859 4196
1 5990 2220
2 18951 6782
1 18281 15515
1 3651 9170
1 9596 19727
2 19089 782
2 9349 9055
3 19752 10247
2 5941 15562
2 10933 13068
3 6875 14288
1 15422 16772
3 75 9758
3 7521 7169
1 5137 5286
2 9907 7835
1 5588 10648
3 7797 1348
1 4394 3582
1 5761 16513
2 6475 20325
2 10545 9402
3 7847 2382
2 5328 18985
2 3230 3393
2 11143 19987
3 12687 15762
1 14655 523
1 18442 497
1 3155 16694
2 222 151
1 13339 11338
1 2951 3495
2 12437 18325
1 6690 6001
3 11915 14587
3 210 19367
2 6948 12817
2 11128 9005
3 9584 9345
2 4241 8599
1 14822 17251
1 19789 4778
2 17761 12546
2 2125 14960
3 11842 5922
3 11614 19418
3 9068 16343
3 8841 4924
3 9798 15821
3 3127 14832
2 11971 17391
2 13901 3025
2 15969 9242
1 1374 6291
3 3444 16145
1 18871 10930
3 7445 2854
2 16666 4667
2 5471 10333
2 14527 13734
2 14498 14652
3 5857 667
2 4241 3620
3 2500 10934
2 4902 18228
1 3172 368
3 11887 11428
3 9389 19512
3 13509 17780
3 20564 2910
1 19843 7378
1 14217 16166
1 5668 15580
3 7403 8438
3 15396 5963
1 13210 6896
2 575 8190
1 16153 17267
2 18592 4683
1 2858 18309
1 383 9195
3 19579 3512
3 8356 19181
1 537 8306
2 3538 11912
1 19126 18486
2 16109 15262
1 19148 3947
3 13840 16351
2 9014 15096
2 11983 5869
2 19578 16527
3 8955 18756
3 5130 6946
2 17985 14927
1 16968 6639
1 12881 17793
1 10845 10304
2 12265 2957
3 14423 1348
1 11729 18914
1 15534 5249
3 7568 7779
2 747 7879
1 19614 14117
1 20129 10662
3 13200 594
1 3647 4133
1 9207 14276
1 6004 15807
1 17275 20534
1 3687 10569
1 13520 16522
2 2408 9728
3 12771 13408
3 12871 14218
1 2198 4224
3 1733 17848
1 13484 17664
3 10196 15085
2 14161 386
1 10538 11600
1 15211 635
2 9431 11440
2 2684 10597
1 15068 7280
1 17162 3104
1 7544 18000
3 6019 16095
1 2053 11962
3 11735 9257
1 19701 2646
2 17741 20094
1 15598 6500
2 969 6141
1 16734 19589
1 4430 16356
2 14723 15270
3 17303 1601
3 17513 11418
3 11677 550
3 3458 6396
3 20478 18235
2 4428 85
3 914 2108
2 17549 8233
2 16191 4130
2 5153 3359
3 13245 17613
2 7679 10042
1 6418 19096
3 4355 8054
3 4544 137
3 6773 9916
2 2798 15565
3 10789 9861
2 2196 16653
1 18371 12435
1 14677 8908
3 16521 18752
2 15368 2811
3 15465 12955
1 11272 16456
3 4307 3251
3 15109 19114
1 273 6904
2 9834 13794
1 632 2910
3 19644 17496
2 1078 10957
2 18765 7541
3 2194 7726
2 3855 8890
2 7728 18996
3 20284 7040
2 12241 5095
1 18250 11621
1 20135 11921
3 12845 381
1 2916 10183
2 2767 13910
2 8081 17710
1 10736 11402
3 17176 4668
3 5347 19899
1 5601 17772
3 6636 11440
2 5175 10137
1 15473 18420
2 14360 3146
2 13548 9790
2 14415 5903
2 16714 9077
2 6126 20148
2 761 9459
3 2448 9495
1 13621 9752
1 19221 18176
3 15226 6596
3 7871 12683
2 389 12726
3 7786 20502
2 14712 409
2 6684 17302
2 13005 637
2 5933 15957
2 14756 11138
3 11417 19593
2 17214 15252
1 10590 8168
1 19357 6578
1 4948 656
2 7436 1736
2 15051 13001
3 226 2451
1 554 3698
2 6889 19989
2 19194 13799
2 12998 10780
2 9124 5909
1 9453 16577
3 5459 11136
1 14565 20461
2 1236 11956
2 13501 743
2 3375 10542
1 712 11659
1 14512 3175
2 19604 15563
1 7175 19218
1 2311 12807
1 40 18781
3 14846 5183
3 17610 6480
3 15822 16910
3 11636 14344
1 219 102
2 15473 11046
3 4128 10532
2 4895 1406
1 10722 4355
1 19654 3887
2 9989 20072
3 17084 15016
2 5924 10742
3 17815 10241
2 14759 15915
2 16509 4162
2 2490 4932
1 8643 16909
1 1411 10607
2 4545 11087
3 13805 13621
2 586 16331
3 13574 8119
1 2094 17819
3 19092 12913
2 18577 13223
3 925 9990
2 17375 6795
1 11631 7327
1 9743 12941
3 18 11475
2 6057 9409
3 16507 9638
1 14627 20206
1 2588 13119
3 12736 2442
3 9220 136
1 9504 6504
2 16679 19299
3 8895 16762
1 1062 3816
3 8052 4792
1 7536 18411
1 6667 16463
2 9230 1157
1 7066 10010
3 12742 2009
2 16179 2519
1 12001 13433
2 8294 3332
2 12729 13668
3 20613 4846
3 18665 17578
1 17254 18768
2 7698 8618
1 20410 3762
2 17445 12840
1 3541 192
1 4700 3452
3 2116 2433
3 17340 15127
3 15521 2342
2 18109 8529
1 530 19264
1 10841 16762
2 19456 18649
3 17686 4476
3 20409 9060
1 12421 11831
3 10736 15045
3 12476 12582
2 16375 19334
2 2812 11349
1 12493 9103
1 4710 10464
1 8441 18111
3 7297 19853
2 10551 13187
2 1992 10138
2 4056 14364
1 4102 19765
3 6110 1843
2 4309 11148
3 4083 4683
3 18637 3902
1 13938 19310
2 9199 6264
3 16306 2095
2 17558 9915
3 4956 10505
1 6259 3085
3 7933 7739
1 18496 5100
3 17289 15681
1 4653 2343
3 3593 20520
2 20026 9348
2 4307 19169
3 15634 4253
1 15269 9741
2 2150 19795
1 6397 179
1 5844 2111
3 18549 14385
1 16116 11703
1 13695 6884
2 11604 13544
3 19046 2342
2 16804 14924
3 2365 15971
2 15866 17867
1 3784 19503
3 12775 13137
3 16650 12725
1 615 7871
1 5468 3121
1 15544 17560
3 10587 8936
1 3993 7025
2 7983 953
2 4184 11340
3 14917 11737
2 1093 1443
1 10143 5253
3 1309 10991
1 775 9357
1 628 14216
2 2188 7185
3 3704 8417
2 1666 5329
2 18393 409
2 4042 20100
2 11147 18887
1 13059 15964
3 925 40
3 1767 3944
3 15738 11467
2 1211 15681
1 18503 8675
1 18458 12131
3 12916 4672
1 13770 9404
2 12511 3938
3 10034 4587
2 6572 15496
1 8421 14865
3 4241 8501
3 13261 10758
2 11365 10305
3 4014 531
3 15186 12146
3 1376 17885
3 12084 14218
2 6451 14174
2 18541 1185
3 9161 5868
3 19156 9337
1 8208 2998
2 3013 12766
1 10968 7053
2 3487 12105
2 13305 8305
1 13239 13690
2 19786 16117
1 17584 9609
3 15228 13972
3 10377 4416
1 6465 14365
3 20093 6492
2 9450 11866
2 12743 938
2 7261 3271
1 17295 11994
2 13235 12153
1 4730 14569
3 19159 15965
3 9792 18031
3 5436 10145
3 9831 13677
3 14703 9709
1 19791 20080
3 4155 19862
2 9113 14044
2 16569 3804
3 16145 11835
1 6925 8138
2 5074 2959
2 12055 2202
1 19818 3356
3 17156 11966
1 16339 273
1 14353 20479
1 20281 8770
2 20166 19503
3 9734 19416
1 17027 13171
3 13066 18768
2 11929 7818
3 7259 11673
3 13396 1438
1 12101 4172
3 13203 2754
3 11618 1516
2 4812 10807
2 13521 10765
1 16450 15816
3 14735 13533
2 15357 7308
2 12630 2372
3 11197 1464
3 11337 18700
1 1354 18979
2 4543 2990
2 2699 5803
1 1060 19228
1 12989 13206
3 17971 1493
2 10720 4481
3 1960 6933
1 16325 4040
2 19903 2029
3 893 4795
3 9655 13541
2 9210 14804
2 17780 6878
3 8986 10473
2 16288 2543
1 14071 4372
3 8978 5444
2 19788 9339
1 9125 6251
2 902 4982
2 466 926
3 16467 7139
2 142 2810
1 17922 6418
3 6895 18088
1 2933 15595
1 8613 14349
1 19016 16371
3 18282 10849
2 3774 9744
1 7541 11416
2 3787 20389
3 19676 18880
3 7896 10937
3 7890 17064
1 19523 16959
3 18078 9436
3 4795 17426
3 20577 11114
2 11317 1123
3 14557 13438
3 3072 7796
2 14023 12787
2 6909 11453
1 564 17430
1 17499 15578
3 17431 1961
1 6741 13913
2 11910 13497
3 9628 19485
2 5922 3038
1 4666 7631
1 11415 19503
3 6851 12782
2 19891 8952
3 13006 11213
1 8847 19089
2 13116 1186
3 7696 9217
2 13544 1647
3 17422 20593
3 551 18877
1 2473 19318
1 2635 3182
3 13781 9784
3 17634 19490
3 203 11049
2 8843 10198
1 7287 16844
2 14374 14286
2 15372 11358
1 13899 11055
1 8062 11389
3 20466 12844
2 2074 230
2 11079 11022
3 6706 19506
2 10131 7934
3 11348 13212
2 13613 6180
1 15969 3481
1 19521 17146
1 4931 11767
1 622 13641
1 2754 6132
1 5999 6895
2 16271 18888
3 6806 16275
1 3230 89
3 4778 8601
3 6908 14610
2 9365 11551
2 5222 10365
2 9976 17035
2 5292 20274
1 3401 11440
1 11731 9399
2 10513 10154
3 18430 14926
3 16707 6080
2 9062 15541
3 5106 13448
1 5016 16502
2 9780 3249
1 8763 519
2 7086 20190
3 44 6436
2 13828 15592
3 1179 17888
1 9679 5566
3 1098 10108
1 934 7021
1 17530 16814
1 7937 10730
2 5345 6103
2 4282 15017
3 15091 5548
1 7302 13575
1 285 5734
2 4221 15878
3 661 17989
2 15203 5789
3 580 454
3 9211 2423
1 18803 13088
3 631 3473
2 5053 18275
2 18365 543
2 11531 8140
1 18016 4852
2 17000 15170
2 7155 18486
2 17137 15757
1 18756 7800
2 8719 8178
2 8676 20509
1 3957 12376
1 19821 13049
2 7945 13532
3 17414 11347
3 19780 12127
1 19874 16205
2 19233 10795
3 4792 6425
1 16209 20374
3 9803 20389
3 14167 6633
2 3422 13252
1 5267 4353
1 8963 4625
1 19255 16678
2 6321 13074
1 1810 8637
2 7390 10568
2 10452 10568
1 3221 1329
2 2145 7290
2 15231 930
1 2214 14336
1 3714 12953
1 1926 17635
2 8739 14152
3 10691 13058
1 12971 13464
2 16047 11431
1 11329 19796
3 664 11844
1 10079 2979
3 20417 4286
2 4984 1368
2 19013 18643
1 12825 7566
1 909 3110
2 1584 16417
2 14578 14556
3 6810 5129
3 16224 19584
3 20477 16579
2 18825 16667
3 8385 10992
1 3586 506
1 20009 11790
1 2586 3961
3 20029 8220
1 18028 15283
2 9645 8152
1 2701 18412
2 15808 3228
3 13970 2798
2 6099 15096
1 6496 6410
3 14924 12036
3 10820 5991
3 16048 15856
3 19886 5135
2 14540 14982
1 6296 12102
1 815 17883
1 19788 20597
2 14503 11309
3 15910 9994
2 16364 17078
3 4065 17691
1 20571 12500
3 7249 3581
1 20269 9516
1 14721 4313
2 2833 8448
2 13379 16477
3 182 8938
1 17689 1066
3 17549 17943
1 3363 18013
3 15401 11693
3 8489 3951
3 6555 6447
1 12044 1329
3 7163 747
3 10796 12448
1 20366 17975
2 1617 9555
1 10756 11658
1 19281 12757
3 18478 8904
1 7419 4000
1 15742 12463
1 9180 19235
3 11430 18676
3 84 18306
2 724 1234
2 5052 16502
1 17310 14801
3 20198 6004
3 2720 10549
3 7675 4763
2 16984 6922
1 19219 8667
2 5376 3832
3 5264 17252
3 13058 10533
3 11798 18518
2 536 4027
2 300 19684
2 18853 19614
1 5561 16805
1 6908 6610
3 2254 14254
2 20115 11096
2 12661 11020
1 1602 18060
2 12941 6553
2 3406 5290
2 5325 14695
1 15385 18451
3 275 8770
1 19761 8183
3 3440 16515
1 4473 1909
3 51 16518
1 16655 4979
1 15346 17005
1 19311 14835
2 1381 17368
2 13499 2369
2 16298 3853
2 11909 10656
1 17798 15062
2 10554 975
1 13386 12978
1 5912 5060
2 19668 13929
2 3350 6497
3 16391 8062
1 14947 18240
2 11260 3987
3 17419 3474
2 2539 18191
2 3871 18452
1 13020 7490
3 8697 14246
1 6315 6023
1 15228 12734
2 9965 18315
3 19784 17060
3 1900 18719
2 9108 12358
1 7109 10608
2 5130 11139
2 3149 13894
1 14582 4012
2 7912 5131
1 5540 17061
2 2100 7501
2 2792 20123
3 6373 18757
2 197 9461
3 9440 14249
2 925 9417
2 13361 3099
2 16364 8211
2 8464 405
3 1058 15163
2 3120 8517
1 16676 18417
2 14546 19400
2 2639 11979
1 2511 9401
2 2911 1432
3 482 15372
2 16755 353
2 5785 5190
2 7220 9034
1 5667 9275
3 14972 16422
1 2592 15791
1 7222 7203
2 15250 16066
3 18023 19275
2 15651 15931
3 19016 20393
1 12581 7134
1 2200 5951
1 12210 1866
2 19276 16476
2 5364 16633
3 8660 6357
1 10690 12928
3 7726 7659
2 1654 12111
2 8513 6165
2 16947 12836
1 1806 14898
1 5503 114
2 13906 18970
3 12527 16637
1 2762 19451
1 16278 15553
1 3120 14389
3 8012 19478
2 9392 5964
2 9925 16692
3 10102 19933
1 16781 5766
2 7637 20308
2 3660 14862
2 3958 9803
3 7895 11204
3 19532 6731
3 17348 4551
2 11792 4173
1 11011 11219
2 6719 11538
2 19152 17421
1 14927 5960
1 4196 17723
2 11497 9377
2 14078 10213
3 17495 7369
1 90 11263
1 18814 9923
1 6763 18883
2 20530 14383
2 5274 20272
1 1474 3476
2 40 10790
1 10545 20480
2 428 11583
3 11572 10380
2 10922 9910
3 12892 2477
1 13207 20278
3 18291 17595
3 11529 9409
1 15138 4719
3 9571 12965
2 11364 2496
3 11184 1064
3 8215 12765
1 7947 3964
2 18738 15307
1 13324 16068
3 11752 11914
1 10928 3201
2 7669 13848
1 18311 19663
3 11352 8836
2 14903 6595
1 7011 12416
1 2327 6918
3 14673 18066
3 10315 4615
3 13646 427
3 8926 11141
2 16505 15722
2 5706 17702
2 15962 17807
2 9122 4132
1 16417 1464
2 15420 13040
1 20408 10054
3 4621 18719
3 11145 10337
2 12361 20207
2 16940 15537
1 13041 9274
2 10078 15205
3 4068 13704
2 16586 4499
2 13777 14575
1 13344 15545
2 7156 391
3 11335 7746
2 8235 9940
3 3531 4052
3 19216 18670
1 14341 6482
3 13265 16846
1 11152 16672
1 16190 18432
3 11737 18121
1 4008 14324
1 13884 62
2 8875 8557
3 6944 10051
2 9633 5240
3 19342 15500
3 3635 14460
3 4342 18539
1 7038 4226
3 18431 9323
1 9560 9955
2 15563 19784
2 17519 2477
1 9616 16330
1 17670 402
2 10917 17481
2 841 4491
3 4867 9957
2 1856 9192
3 19474 1198
1 13216 11000
1 10398 12999
1 9319 2796
1 20067 7036
3 1757 4194
1 2707 14307
3 14279 13764
3 20619 1930
3 18829 19105
3 6272 9374
3 17268 11363
1 15139 4345
1 8191 5393
1 5222 2799
1 13031 17811
2 312 15190
2 6560 17875
3 204 9943
2 13516 8362
1 18320 6892
1 10065 13573
2 7207 15646
2 5986 7315
1 6701 19540
2 18504 8413
1 3597 19802
3 13885 16065
1 2969 10037
1 17603 8141
1 12070 408
3 18316 11702
3 18317 7628
3 4884 11062
1 10527 12892
3 7761 16714
3 15808 5206
1 1794 5018
1 18833 1628
2 20632 18240
3 14332 5557
3 1167 13729
3 85 15640
3 16205 19037
2 16418 3833
3 6808 10569
3 13826 11714
2 8114 1547
2 1127 12540
3 15497 6939
3 7129 2748
3 12295 16009
2 3689 12185
3 8191 12542
2 486 6388
3 2658 3939
3 96 17059
3 19286 9236
1 12003 13251
1 48 11538
1 11964 12006
2 11534 11371
3 8862 13534
2 2055 20225
3 5102 11055
1 5572 5929
2 10992 12322
2 5220 2465
2 4931 14869
1 3631 13017
1 5885 6253
3 8606 284
1 2786 18632
2 5836 5009
2 14170 8011
3 5894 19061
1 17594 18007
2 6906 19496
3 8150 9233
3 754 17147
2 10100 834
3 5668 10189
2 6789 11450
3 9081 11361
3 2679 1548
1 9694 11148
2 2809 17773
3 6408 20053
3 15109 12987
1 2641 2529
2 4500 18642
2 19820 12896
3 18450 14766
1 8166 8501
2 17319 13462
1 13542 10900
2 43 7894
3 18664 12207
2 11365 4752
2 2487 6856
2 6449 3808
1 10542 10398
3 3379 2719
3 5855 8526
1 19960 2742
1 18483 5532
3 2130 3758
3 2135 7750
2 14382 12980
2 14875 8280
2 11643 7611
3 10612 15688
1 8005 14764
2 9991 1735
2 11420 9935
1 3173 4533
1 5519 5221
2 4890 18654
2 2845 18380
2 8322 6280
3 17552 6718
1 15897 10769
1 16329 18055
1 7502 20336
1 16621 8799
1 11822 15521
1 19721 20196
1 20491 4879
3 7629 6329
3 10771 2754
2 19888 18423
1 8313 17862
2 12254 7911
1 1332 10428
2 19281 12863
3 5337 4991
1 11254 3711
3 10899 15674
3 2410 10744
3 2340 2193
1 20022 9657
3 7169 11884
3 20314 19899
3 19069 754
2 6856 17842
3 10263 15547
3 4137 9615
2 2479 11773
1 10961 17964
1 3565 12495
2 12471 6660
3 11116 19750
3 10019 7229
2 18261 20034
3 19992 12867
2 14418 9058
3 19912 6086
2 1908 17470
2 20044 1409
3 7758 1150
3 5123 2906
2 16954 2501
1 15133 17454
1 6377 12529
2 20157 14799
2 6661 19486
1 2661 7233
2 6113 4666
3 9733 2590
1 8997 6151
2 7084 604
3 12264 20509
2 1882 3293
1 195 3251
2 6762 878
1 5276 18512
3 11553 3397
3 2273 14248
1 5959 8881
3 5210 4913
2 326 16575
3 1100 12980
3 16748 7058
1 6259 17169
1 9378 12727
3 19866 12613
1 6177 12606
3 14280 12550
3 10934 7571
1 11961 2480
1 4249 3446
1 19198 4455
1 4607 2451
3 13009 7873
2 11217 3509
2 3816 12602
1 15630 14628
3 8294 5928
1 16020 11944
2 2904 12395
2 2253 14526
2 19383 1255
1 10099 15236
2 18842 6851
2 231 1102
1 16925 18601
3 16616 15654
2 6333 12955
3 10211 6389
3 11155 4718
3 3586 13958
3 20510 2546
2 2004 16600
3 10122 4510
2 11031 11184
2 5143 17363
3 17543 10900
2 11258 1414
3 12418 1779
1 7585 5344
2 13872 4284
2 892 10044
2 14267 8771
1 769 3317
2 12874 15306
3 4762 11026
1 18522 16120
3 20206 9665
2 4414 18842
3 4417 17998
3 19378 10468
2 19764 19946
3 3113 11883
2 17291 4967
1 6638 10292
2 7897 6761
1 14681 2767
3 1955 6273
2 1706 15966
1 11390 17166
1 19982 12118
3 1049 14169
1 10770 16056
1 5502 3389
1 16028 20243
1 5719 12929
1 19199 212
1 7948 20012
1 10593 16850
1 901 19229
2 13753 14366
1 8378 906
1 5597 9561
1 20349 10291
2 8546 6276
1 17078 17660
2 13660 1200
3 18714 15429
3 50 9164
1 19756 19559
1 10710 6597
1 2504 10433
1 15299 4444
1 11048 13284
1 8236 12051
1 19180 4732
3 10857 13038
1 8800 847
1 5496 11961
1 17099 13044
3 4767 11002
2 14183 4282
1 10598 10884
3 15222 10637
3 13248 4582
2 13321 18823
2 12992 8581
1 10783 3022
2 13957 2534
2 16606 14412
3 10702 1450
3 16600 12025
2 1689 6941
3 6041 15736
2 5725 8826
1 16164 3179
1 8002 11805
1 5821 13289
2 1045 7319
1 1864 19681
3 10285 15028
1 16201 17952
2 8459 1510
3 3891 16583
3 3125 3460
2 18880 10604
1 14428 13601
3 12752 10857
1 864 14255
2 11917 9679
3 12137 12988
1 9427 5930
2 20373 17690
1 9296 5782
2 915 7481
3 17260 15589
1 6472 4464
2 20245 849
1 9002 1002
1 9433 14818
3 7032 11669
1 10636 12859
1 3400 1214
3 2070 17514
3 14598 6928
2 9885 5620
2 10681 10173
2 6793 15222
2 16105 6997
1 14467 9837
1 15659 8624
1 5033 3296
2 9306 4405
3 13679 4228
2 2633 4261
1 5294 16715
2 20501 16919
1 8535 17271
2 18953 8738
1 9751 3840
1 18103 11723
1 14972 14273
1 10088 2488
1 7722 13507
2 7021 20375
3 18856 14405
1 12602 7751
1 18846 2966
3 6148 4952
1 5821 6267
3 8099 8807
3 8067 11079
3 426 12694
3 8950 12268
2 7019 20232
2 8379 8009
2 9075 18731
1 2983 6605
2 14367 8181
1 18302 1762
1 17212 7282
1 2960 5013
3 1679 3111
2 3980 5762
1 5743 2869
2 14830 14219
2 16402 1498
1 3477 15018
2 6929 9921
1 13407 5840
1 888 15469
1 427 16229
2 3392 17790
2 31 1111
1 12351 9064
1 7756 11974
2 4240 11723
3 12437 16312
2 7513 13387
3 17070 5862
2 15305 17985
1 10237 4252
3 5401 9830
2 6683 7490
1 1984 5796
2 16804 9687
1 10290 10490
3 7889 11180
3 1720 16470
1 9124 16748
3 15743 14776
3 19342 8179
1 19435 9911
3 1499 1165
2 15426 11392
3 14419 16134
1 15824 7144
2 16398 956
2 1700 11168
3 4622 9352
3 9542 13515
2 8058 1300
2 7847 3210
1 18435 5458
1 4798 2612
3 10786 12323
3 13346 18781
1 13628 4625
3 9663 14989
1 20128 14329
3 14522 2774
1 19411 19709
3 11928 12426
1 6957 15783
3 15437 2326
1 13161 5027
2 8376 2975
2 6197 2687
3 19033 15073
1 12366 978
2 10399 12875
3 6609 12848
1 18366 20224
2 1712 2155
1 9251 14988
3 15883 98
2 9820 1107
2 9699 6731
1 8309 3215
3 9625 11964
2 16209 8389
2 17459 7468
1 14315 5610
3 637 17833
1 5245 18692
3 13837 2690
1 2182 6881
2 12595 975
3 17562 7223
1 7347 20598
3 17346 799
2 9602 11039
1 20059 19526
2 9369 41
1 5774 16738
2 8022 4529
1 20586 16619
1 14210 5646
1 17228 3622
3 14934 10249
3 5511 19821
1 11790 9425
3 18837 8341
1 4822 11214
1 9429 19290
2 12966 18138
1 16676 14846
1 10849 2464
1 17486 18058
1 4894 18743
2 19914 13957
2 12984 13266
2 7615 14575
3 10393 15730
1 16578 1013
3 16419 14500
1 10097 3091
1 19959 9622
2 4680 4233
1 15807 19918
1 19722 17577
1 18866 19715
3 3232 9362
2 16790 2021
2 346 2171
1 14649 18732
3 11443 3306
2 17766 346
2 3932 6948
2 16846 8125
2 14582 10124
2 397 17505
2 12395 24
3 9585 19941
2 4522 11185
1 562 6254
3 15399 13390
2 13842 12422
3 9255 11094
3 10587 4370
1 6131 4577
3 18676 5029
3 19008 19768
3 17358 14509
2 1774 14613
1 7104 10299
3 7119 13077
2 18673 1905
2 793 15085
1 11716 13736
1 19546 10021
2 804 2145
1 5531 9075
3 10744 15833
2 8567 2234
1 19676 12331
2 5821 19193
1 7109 6148
3 9326 20407
1 3534 17973
2 8005 7889
3 16279 4831
1 10615 5189
1 15056 17635
3 4156 16859
1 3572 19894
1 3440 20019
1 976 1204
1 12416 6958
2 16094 13097
3 2513 14395
3 12617 6058
1 20432 18183
3 12376 5722
3 18118 1007
1 14075 4462
3 6858 14954
2 10397 15942
3 12007 16103
2 16839 8261
1 14819 17990
2 10071 9140
3 17789 12636
2 898 7635
2 7428 7286
1 20249 15121
3 16282 14201
3 10552 10799
1 7679 15594
3 10506 8082
2 8368 16821
1 11230 11573
1 10442 6115
2 17851 3640
2 13276 16553
2 13 14524
2 2026 5635
1 16623 12457
2 3742 3880
3 16237 3639
3 17067 6612
1 20469 17603
3 679 930
1 1461 8159
3 2102 10403
2 19191 6954
1 2936 18845
1 4701 3155
3 14394 5143
3 1099 16114
2 5189 19406
1 5076 346
3 19690 20465
3 13586 10596
1 4933 2107
3 12117 14827
2 8931 3130
1 13026 9126
1 18451 20332
1 12275 17776
1 19866 9046
2 6903 9512
2 10702 19907
2 3241 1015
2 10446 14436
2 13877 5222
1 14358 2911
2 9339 12362
3 15678 5715
2 14516 4482
3 3564 17442
3 14920 10132
2 6145 19956
3 20602 15994
1 10262 20213
3 9210 9921
2 2473 17620
3 15005 18185
1 14728 10774
1 10365 14735
3 12042 18064
3 14437 3
3 7660 16010
1 7358 1711
1 4499 7811
1 9869 14327
3 13228 11345
3 11822 10801
1 18244 1055
2 5661 7634
2 12823 15140
2 14109 8725
1 799 10114
2 4850 13159
1 4260 12696
2 1500 1548
3 12768 4949
2 492 15615
1 13970 13567
1 17795 18082
3 128 18576
3 13634 4393
2 16965 364
2 8422 575
3 14354 9650
3 11345 1600
1 17492 8314
3 13889 13816
3 3858 17446
2 17484 15268
2 7335 10031
1 19508 4964
1 11754 19179
2 4485 18473
2 3008 17504
3 9304 6525
2 3 17378
2 1036 7888
2 3738 6509
2 14423 4830
1 19146 20130
3 1044 15864
2 13977 9122
1 17538 4138
2 1044 1968
1 17898 132
2 14633 17889
3 1731 10707
1 13753 12162
3 19937 13977
1 20363 15840
3 8441 10975
3 4864 9338
2 19991 13139
1 19376 384
2 6061 15050
3 7840 16883
3 4248 15827
1 4858 13967
2 18997 3384
1 12524 17461
2 16631 12880
3 18375 8943
3 9837 9510
2 6569 11714
3 16472 9966
1 16506 1391
2 13324 2916
2 831 20268
3 14081 4428
3 20039 11647
3 1248 13173
3 2128 11708
2 3800 2755
3 14805 10162
1 16389 10530
2 13986 9869
2 16739 1613
3 4648 1872
1 6616 5153
1 5182 19826
2 19622 4441
2 4531 10522
1 7801 6005
3 6569 17305
3 7967 4614
1 12908 4212
2 1847 11445
3 1946 14451
3 17135 890
2 14709 15728
1 4195 7142
3 9920 4116
2 4371 13381
3 17257 2298
3 5887 15607
2 16602 1151
3 17010 8110
2 6226 4151
3 5708 1889
1 9051 98
3 4244 11526
1 11033 15599
1 18187 17889
3 7705 3017
2 11120 10874
1 1799 210
3 1962 15938
1 2208 11305
2 15461 14269
3 10685 4699
2 9530 15508
2 12973 13388
1 5686 13855
3 5299 13096
2 5630 4782
2 13048 9434
1 332 6509
1 6533 16893
1 16861 8199
2 6499 3614
1 9294 16386
3 4248 1623
3 92 20167
1 13480 679
1 17755 13490
1 10559 11517
1 14148 15058
3 6242 13369
3 8560 46
1 8281 672
3 798 16003
2 5407 5539
1 13521 8459
2 9633 9461
2 4090 1984
1 12724 9604
2 1219 5600
2 8741 5726
1 8865 195
3 18524 555
2 12769 10460
1 11330 4690
3 3835 4234
3 19155 18168
1 18250 14316
2 14649 20589
2 6610 14938
3 2035 17257
1 19846 7749
3 9486 11823
2 4286 2029
1 5653 9039
2 20447 1127
1 19196 12021
1 18058 10934
2 8695 10830
2 502 19065
3 5650 4132
3 11295 18731
2 12589 4163
3 19894 1387
1 16968 12985
1 7405 4257
1 20277 14278
3 16739 12611
2 505 18899
2 5266 9785
3 17217 41
2 12624 16619
3 13732 19401
3 3251 7771
2 2588 15549
2 14599 6510
1 11720 5209
2 19099 13176
1 7932 15676
2 1755 13036
1 11485 17340
2 9263 1309
3 20014 3237
3 2375 1828
1 6875 5645
1 18877 3099
3 6448 475
3 8185 16536
2 17834 5242
1 18628 7233
2 8886 4188
3 8672 10137
3 16518 13803
3 2697 11325
1 320 176
1 7193 8887
1 14109 10893
3 14855 16405
3 19187 16375
2 17746 16599
1 5431 2411
1 1673 7722
2 3445 14356
3 16961 4763
3 9506 1439
3 6255 14344
3 11235 10798
3 15590 16220
2 6233 16372
3 7144 14088
1 3385 9630
1 15387 13623
1 18260 15438
1 18473 7408
3 19163 5667
3 6752 17877
1 15421 5445
1 12708 12727
2 5150 15284
1 15166 15266
3 3277 13803
3 8315 8879
3 13121 20275
1 5015 7869
3 197 13677
2 6834 18041
1 6748 18955
1 5764 17512
1 3069 531
2 13232 10874
2 18027 19739
3 2346 7877
2 2253 9571
3 18405 8881
1 11671 16043
1 767 1871
3 19212 2038
2 14600 12092
1 9868 7442
1 1324 11400
3 11721 15245
2 9063 18070
2 9101 3233
3 5732 12743
2 1857 660
2 4586 192
3 2284 14009
2 5011 15468
2 20305 1749
3 8223 4325
3 11531 8656
2 16940 12934
2 17581 8768
2 10259 15298
3 20283 16235
1 6570 6485
3 9208 16198
1 19466 17692
2 7501 277
2 10401 3246
3 9777 3443
2 9625 20024
3 3590 17450
3 2201 8723
3 14245 6348
2 1824 9750
3 20255 14134
1 2786 9116
3 6862 20186
1 8290 5597
2 19891 8175
1 5892 4940
2 7857 6143
2 12421 10197
2 805 2515
1 19268 6520
3 15087 5777
1 19255 7487
2 3672 9026
3 20316 4630
3 2858 19020
3 14586 2915
1 17216 19410
3 1331 4535
1 4028 18751
3 1559 20482
2 15670 10073
2 15961 19979
1 5244 4406
1 13376 9715
2 18719 4700
3 4520 7872
3 13964 1145
2 14481 17730
2 12625 18876
1 16983 19779
2 19627 110
3 5287 3605
3 17551 14202
1 848 10533
2 18719 15262
3 12131 951
2 11247 5168
2 10485 3657
1 12037 905
1 4964 14722
2 8359 11453
1 4081 4956
2 17627 9511
1 4440 18921
1 20536 5776
3 7742 12522
3 18769 14830
2 7945 3637
3 4425 16693
3 17227 10657
3 18184 5590
1 17421 7699
3 3810 4758
1 718 5328
2 8074 1644
1 9432 9504
2 10761 1225
1 1539 9612
1 18687 8188
3 9269 17017
3 11669 7002
1 9230 19215
1 17499 1755
2 1938 3420
2 7520 17861
2 14425 3568
3 16148 17643
3 7357 19230
1 19798 3190
3 16148 4588
1 15580 16428
2 13057 13684
1 8713 15482
2 16254 4237
1 6777 3750
2 3701 704
3 20132 12108
3 18870 10740
2 19955 10342
1 8811 14610
3 9201 16619
3 3682 19826
3 20472 8088
3 17281 17446
3 9944 4834
2 19718 18873
1 13686 7331
2 4656 10058
1 14840 6585
1 758 18411
3 13941 5509
2 14774 3677
1 12719 7759
2 629 4297
3 19552 20596
2 7511 81
2 5007 10225
3 11845 11424
1 8581 17201
1 19718 1093
2 2330 12893
2 16734 26
3 1508 5251
3 2540 9762
3 19149 3931
3 5231 12911
1 7044 2967
1 16315 9141
3 4780 4675
1 1862 13722
3 9758 12893
1 8978 4213
3 15665 17707
1 13976 14002
2 9474 19269
2 13296 2069
3 1482 11598
1 6723 3743
1 18021 4035
2 14753 2452
1 15565 14699
2 18974 6852
3 16875 4750
1 9626 15812
2 19570 17960
3 20371 3466
2 17069 11076
2 10254 664
2 11307 1925
2 15177 1142
3 4342 16174
2 1965 5616
2 19983 1652
3 6637 3655
2 13559 18153
1 10348 5473
2 2822 3071
3 19811 12200
3 10124 17938
3 10217 8403
2 1236 12240
2 5086 11763
3 10940 8896
1 15966 1928
2 13250 10952
2 1653 8953
3 12971 10029
3 2500 20155
2 12263 10713
2 10896 4831
1 9139 5833
2 5880 12736
3 13903 18678
3 19640 2991
3 4959 6025
3 10530 7778
2 19918 3398
3 16220 13891
3 2579 1006
1 1688 1331
3 9617 16943
2 19645 8979
2 16337 1920
3 17391 17349
2 16115 12452
2 18929 20500
1 11869 4917
3 3285 20088
2 1685 1080
3 19717 6867
3 6962 15100
1 11973 5335
2 20244 8168
2 3512 6553
3 10587 5011
3 5562 16054
3 2143 2917
1 10816 1931
1 382 19478
2 4083 13809
1 6116 20234
1 17834 9144
1 2766 10191
3 17891 9783
1 8208 16278
1 715 20592
2 855 4238
1 4421 5862
1 3726 9619
3 9690 15601
1 18090 8600
2 16429 3292
2 4887 5064
3 11760 18286
2 13206 12848
1 9337 14888
1 17581 3749
3 12307 6894
1 18193 4614
3 6293 475
3 2011 12513
1 5429 4004
2 11446 3261
2 7395 5782
3 9318 10302
3 12509 17659
3 12308 18538
1 15732 13172
1 3481 17314
1 4393 20061
1 19377 4550
1 19388 1178
1 15870 6185
1 15608 5504
2 14782 14397
3 13375 18986
1 3890 8754
1 13363 3508
1 3847 19179
1 17980 2843
3 4876 209
3 12953 3248
1 7300 7577
3 15551 10282
3 15749 15875
3 9703 10479
2 18042 7200
1 17064 8819
3 17975 4513
1 13933 18358
1 6637 10109
3 1993 14637
3 20394 6148
2 7498 4690
3 3621 696
2 7933 8598
2 1655 18810
2 7761 18674
3 15817 6303
1 175 14607
2 3919 5945
1 2323 7867
1 20340 3740
2 9320 12482
2 14842 11294
1 13624 8900
3 5398 13664
2 19363 15782
3 19713 13197
3 11452 12176
1 5441 15282
3 20597 13883
3 1707 4925
1 11500 4893
1 14457 19905
3 3950 4995
3 19622 3795
1 7467 11650
3 5264 7584
2 3500 14663
3 2092 9622
3 4078 4741
3 6511 10222
3 1521 9054
2 141 9480
1 6156 5947
2 13356 14665
2 20152 18396
2 4399 13162
3 13076 10053
2 18702 335
1 14688 4365
2 4247 570
2 8569 8330
1 14840 20627
3 6393 16149
2 11903 6317
2 10680 16592
2 5886 15328
3 16110 9000
2 18600 686
2 4301 2188
3 7479 7141
3 18058 13333
2 9363 8458
1 1857 15894
1 6359 8873
1 489 3942
2 12453 1000
1 19137 16159
3 8011 17280
2 3629 20369
3 15365 5671
2 2601 3436
3 11605 14753
1 12181 3919
1 12573 17588
2 5403 13583
1 20604 13128
3 17449 13203
3 13547 12894
2 19652 14774
1 7622 10048
1 3578 4336
2 3341 12098
2 16555 19119
1 9873 8848
3 11816 17891
3 12439 1922
2 1625 9334
1 6815 1179
1 4689 13662
2 20083 5210
2 19785 15889
2 10536 12505
2 10328 1340
2 12904 2066
2 6212 244
2 3048 10458
2 5461 3329
2 89 889
2 15717 8759
3 12659 6606
1 11612 11415
2 2745 8278
1 14559 10148
1 5637 14768
2 562 4087
2 19374 15357
1 10877 16942
2 10359 13976
3 1930 3879
2 19586 10642
2 16327 17169
2 5282 9026
2 9039 12196
1 9010 12988
1 15157 13473
3 15626 15159
2 2884 8893
1 2459 13906
3 8831 16656
3 651 15359
2 5899 4734
2 15020 1973
1 19731 3914
1 10348 2730
3 14541 4815
3 2605 12771
2 3005 8530
3 18895 5176
3 15837 2082
3 2838 5215
1 8971 20053
2 18024 1844
2 13752 11082
1 10245 5687
2 10380 16531
3 5113 20494
3 10139 9665
3 8946 10778
3 3838 1595
2 4903 9165
2 18771 2149
1 8543 9654
3 20276 3522
1 2461 11666
2 1628 9338
2 18414 6881
3 15053 12626
2 11606 16574
3 17061 17739
1 6152 1115
2 3017 19298
1 6226 1284
2 12625 7588
1 19923 8223
3 6740 2388
2 1852 18098
1 17953 6242
2 10723 6020
2 3449 4886
3 9318 4604
2 4908 14372
1 20437 6099
1 2398 11131
3 19273 1451
1 12553 13531
2 13713 5983
2 8636 10521
3 7027 19749
2 15482 11555
1 5324 1112
1 15244 17871
1 18924 1562
2 6925 17152
2 2813 13412
3 10930 19768
1 18239 9068
3 11581 7977
2 9330 4124
1 15677 15372
1 2744 4807
2 14099 11187
2 4967 10779
3 5712 13372
2 4537 4910
2 16695 12830
2 11410 1876
3 12054 7846
1 828 3695
1 13303 2594
3 4568 4956
2 8786 3721
2 9617 8399
1 8729 7412
3 19475 9048
3 16181 14270
1 19243 20303
1 17662 7841
3 1839 5833
1 1408 18208
2 13564 15228
3 17917 4607
1 7715 18255
2 17752 6092
2 16697 9813
3 16242 12633
2 10019 10096
3 9686 13031
1 16742 11812
2 14020 2717
3 7402 13058
3 13552 3598
3 5477 17091
1 3885 18509
1 11559 4481
2 5572 13624
2 353 9185
3 168 9477
3 255 6144
1 12960 8626
1 16593 336
3 4129 13345
1 16454 4736
2 3244 3839
2 20342 11587
1 410 1208
1 11600 3875
1 16539 15675
3 4103 3432
3 16608 5328
1 6484 17024
1 3834 1973
3 11456 17395
1 8536 9005
3 10790 17069
1 15350 20021
1 7159 8615
3 8026 11536
2 1986 17777
2 2513 9378
2 7283 544
1 8258 511
2 12195 16133
1 13374 12528
3 9118 18395
2 15893 10867
1 5412 20577
1 2549 20101
2 17564 19068
3 12286 441
2 11827 18899
3 14873 7622
2 13706 8498
3 759 2641
3 4842 16339
2 19691 8125
3 4926 13277
2 18450 16014
1 11824 4068
3 7867 1114
1 9251 3930
1 13179 18222
2 11071 9096
1 2594 8561
3 7446 10181
1 16142 108
2 14163 2849
2 4878 4328
1 632 7477
2 629 18267
2 17694 17571
2 8143 17187
1 6782 9624
3 217 18201
3 2674 2280
1 3703 9929
1 13264 11063
2 2673 7624
3 16707 15904
3 7305 10496
1 17900 15973
1 10517 2274
2 7344 15448
2 12100 5465
1 274 14494
2 15848 14313
2 12702 2646
3 8844 14754
3 5258 15581
2 4302 3798
1 5771 15852
1 19265 7250
3 5658 3679
3 17659 13220
1 15686 1175
1 19668 3602
3 13349 4926
2 19050 6295
2 17673 2682
2 4082 20545
2 16347 16747
1 7591 3242
1 5468 16141
2 20282 14569
2 8383 11197
3 9349 976
3 19314 852
1 7179 6014
1 19366 14447
2 9117 8845
2 17865 6646
1 12819 5234
3 9442 2338
2 18816 10456
2 7912 8672
3 17758 6763
1 11021 17494
1 5380 17403
1 8281 9778
1 14339 12359
1 13135 1088
3 19655 15898
3 2846 16612
1 19281 2699
2 3367 19574
2 8542 7017
1 9890 5227
3 987 14158
1 363 238
3 19913 15606
3 19573 1078
3 2383 17727
3 20493 18757
2 16268 10951
3 9055 18326
1 13860 19828
2 13238 16297
3 20353 1996
3 13206 7121
2 16872 5571
2 19553 1821
3 8355 6758
1 2446 18000
1 8860 3838
2 3091 10712
2 19800 8188
1 17432 6775
2 12011 18550
1 8000 647
3 20259 6327
2 7225 6114
2 14266 15290
2 119 1939
2 11427 17876
3 16633 571
3 617 3855
2 8626 6133
2 6928 3833
1 2130 9694
2 7146 2555
3 10605 13555
3 6905 18411
2 4127 19765
2 11676 7110
1 11057 19961
1 9417 6240
3 6678 14474
1 7464 4289
2 20641 10485
3 720 20562
1 11106 8398
3 9865 17542
1 16724 5623
3 12054 7994
3 6746 1699
3 5473 2295
2 20123 485
1 10767 2518
3 4611 19852
3 6286 9011
3 767 19499
1 9991 19053
1 14824 15758
2 1264 3477
1 17867 17113
2 20414 16951
2 317 15099
2 15657 8803
3 10765 1506
3 18175 6080
1 20008 18369
1 2973 42
1 19237 15648
1 13752 9624
2 15635 17252
3 12465 3665
1 4208 13412
3 12245 10045
3 412 12608
2 1275 2709
2 10203 18309
1 63 4717
3 15851 3322
2 889 12620
2 12686 19413
1 9654 20494
1 6995 15082
1 18247 13313
2 7826 5766
3 17945 17533
1 20261 11160
1 5148 5951
3 3776 11795
1 18740 1196
2 2558 16915
1 5224 6401
2 5 14811
2 9024 7096
3 11018 667
3 11685 4746
3 14328 2268
3 14461 19736
2 8625 12011
3 10625 3075
1 609 14060
2 10015 4590
1 20391 1517
2 5313 7343
1 15679 17665
3 2982 11895
1 1366 16034
1 20466 17728
3 15992 16740
2 13712 6588
3 14279 1813
2 2835 1173
1 787 894
1 8136 15709
1 7733 19904
3 2290 2802
1 5955 2241
3 7723 1835
3 12286 7943
1 11923 8966
2 11303 15392
3 7557 3892
2 7906 3068
2 2409 5578
2 854 7522
3 7995 5854
1 5030 6266
3 9804 835
2 755 3159
3 13864 8863
2 6066 57
1 20400 11608
3 7910 9931
1 11137 11891
3 7641 793
3 16310 16714
2 5479 12455
3 8849 9943
3 13377 17765
3 12495 6334
2 16815 18406
3 18231 9856
2 18147 14333
3 19744 17149
3 5185 17753
3 218 5798
2 15036 7229
3 14736 14805
2 14622 470
1 8081 774
3 16087 2951
2 17424 3748
1 4708 5067
1 2337 6966
2 14256 10043
1 12867 15756
2 14791 2905
1 17951 4885
3 14908 14562
1 9707 11020
3 16013 10133
3 11224 2126
1 17889 17903
2 10127 6575
3 2906 1935
2 19198 3869
1 5454 9555
3 11800 10944
1 7711 10608
3 5633 6004
1 16298 20432
1 11017 6805
3 7452 18600
1 2481 7579
1 14668 18327
2 14013 14656
3 12217 18427
2 14337 1866
2 5250 4076
2 7103 11557
1 12750 15548
2 10436 14982
3 15403 20406
2 13880 74
3 5805 18895
2 9122 9210
3 7435 5030
1 1828 6225
3 419 13053
2 17355 14722
1 9173 692
3 12379 8479
2 16861 2621
1 8722 13867
1 2490 18251
2 11282 819
3 5433 13279
3 12688 7747
1 18246 10761
1 12842 7345
2 18269 2322
1 6649 3177
3 2588 14296
1 6832 1110
2 8989 13366
3 19304 16371
1 18268 5586
2 8503 3959
2 1083 14633
2 17367 13288
1 13612 1414
1 6625 19565
3 17571 15340
3 16629 19125
1 5968 4325
1 6677 356
1 1562 13805
2 16363 2593
3 15782 235
2 3686 4755
1 8455 7855
2 18934 17095
1 17478 2194
1 13136 15206
1 13742 9321
2 5711 3932
1 3459 4580
3 15658 15959
2 3664 13582
1 3753 20571
3 20598 18394
3 7600 9755
2 9177 204
2 1599 1747
1 11294 12836
3 19093 10061
3 16013 18903
2 9355 12622
1 10180 16574
1 5133 9600
1 16203 14286
1 3846 12398
3 13002 16895
3 9383 17357
2 3892 7184
1 18328 20273
2 14925 20622
2 11432 1884
3 16667 14056
2 2043 2291
2 2203 6620
3 7593 10947
2 16579 8479
3 668 8515
1 14262 3796
3 5634 9398
1 16706 10166
1 777 10654
1 5982 4037
3 19126 2042
1 13007 13292
2 150 6990
1 13744 338
1 3746 7452
3 16915 12606
3 16204 8162
3 17784 14395
2 16276 16653
1 15809 12024
2 2318 8420
2 3862 15720
3 8915 10571
2 8192 18158
3 20431 738
1 4028 3946
1 12735 14190
2 16174 8418
2 8995 12099
2 1654 19787
1 10884 14185
2 5342 17544
3 3413 2199
3 15700 5702
2 8095 1385
2 18715 6422
2 19804 449
2 13503 4017
1 7447 4842
2 720 16024
3 15839 19466
2 9269 12516
3 8325 741
1 19460 16709
2 2062 17228
3 17857 6418
3 14197 11631
1 5644 6648
3 10055 19639
1 16921 16513
3 3872 9004
2 7342 18969
2 6024 18399
2 19149 15770
3 17697 6512
2 15589 15425
2 5424 7778
2 6307 9888
1 12524 5286
2 310 3424
1 4213 19327
1 661 13850
1 19700 9761
1 19739 3498
3 2320 9140
2 18250 19185
3 10560 18689
3 18885 7752
3 3269 10445
2 14504 1158
3 19809 15244
3 20174 1165
2 19958 5467
1 18544 11616
2 10529 12989
2 9043 4849
2 17215 16689
2 12022 9033
3 2650 14854
2 12688 20547
2 14973 8535
2 16324 9091
1 14552 17981
1 16390 9056
3 2468 18535
3 5796 16877
2 18000 19638
3 5571 19184
3 2862 17968
2 3651 8974
1 7108 16905
1 10314 4211
1 5419 17836
1 12433 8542
2 8514 18311
2 122 20429
1 6640 10161
1 7162 16189
3 4241 8939
3 20188 4940
2 19322 18368
2 5582 16399
2 821 17658
2 1233 19875
2 3500 19737
1 16073 2348
1 12063 14840
2 20025 8652
1 17190 1278
1 9192 14540
3 14056 2841
3 15571 3043
2 12945 7087
1 10083 15078
3 2742 13249
2 20533 2667
2 16994 11702
3 6989 934
3 20149 18617
2 15230 1041
1 16622 12408
2 2027 8990
3 19354 9141
3 20167 17362
3 14867 886
2 8233 4466
3 14220 12613
1 2789 12829
1 3378 759
1 11559 3387
3 19156 6862
1 2400 4842
3 9092 8523
1 7535 4462
3 10464 17902
2 5155 11546
2 702 2978
3 2071 5150
1 7555 12572
2 9784 14481
1 4611 8595
1 5171 555
1 3609 19345
2 7526 7418
2 3541 1603
3 9033 19026
1 5220 7454
2 17033 3133
2 10306 18015
2 7697 16245
3 5140 4264
2 13963 4283
3 12443 14190
2 4183 9477
2 11099 2122
2 19881 10719
1 10689 2877
1 7224 9948
2 16697 7592
2 964 16655
3 17953 665
2 12540 10463
2 18028 11629
2 8350 7391
3 16421 13950
3 5446 18493
3 10399 3106
3 10361 10451
3 2840 14899
3 2496 9604
2 9816 14100
3 14712 19774
2 2946 19873
1 6856 6890
1 13415 11736
2 1641 7750
1 2474 6519
1 3281 19943
1 14381 17341
3 17546 18641
3 3172 6515
1 13442 298
2 3375 14214
1 377 3901
2 2670 12738
2 4850 11964
2 8889 561
1 6310 4872
2 2003 314
3 5249 4019
3 16197 19217
2 3733 3969
1 14532 5442
3 567 5988
3 6534 2218
1 7856 4552
1 14885 6778
1 12111 18131
1 12381 16656
2 4132 18203
3 6845 3012
1 3349 17780
3 9462 14395
1 7910 1450
1 11863 17246
1 1662 2268
2 7007 14143
2 6670 3418
2 4612 6786
3 2687 15581
1 10418 3940
3 8381 1517
1 9558 6355
1 3329 6171
1 12161 5284
3 15248 15671
3 15223 691
1 4165 4357
2 3597 15566
3 3672 20229
1 14537 16027
1 8928 4564
3 614 8303
3 10093 16008
2 10511 649
1 5203 13300
1 6240 11762
1 5044 7929
3 1624 13746
2 7423 7275
2 15970 13363
2 17374 10268
2 4525 9974
2 677 19614
2 13735 13703
1 17227 7526
2 6388 8626
3 9625 13321
2 16751 16664
1 1413 6929
3 10796 5593
2 20233 13499
3 6718 656
1 18895 3593
2 14101 19489
3 6347 9276
1 16469 4021
3 4600 5077
2 4732 18216
1 19484 18615
1 7788 15481
3 13691 2584
2 8441 14738
3 9828 2194
1 12139 20546
2 18133 7497
3 19694 10358
2 18371 1983
2 10032 20409
2 4346 7589
2 13044 10980
2 18050 7957
1 11256 3732
3 15920 18437
3 6095 4166
2 16532 2329
2 1224 20257
3 5544 12145
3 11315 7609
3 1734 12044
1 4912 15966
2 10832 12531
3 16203 15527
1 12376 1404
3 6260 8125
3 18342 5720
3 9500 14620
2 17798 9081
1 17574 6501
2 19479 8157
2 13734 17620
2 1336 13023
1 20260 9478
1 13234 1402
1 8701 5742
2 12651 3871
2 10486 4407
2 13705 20023
2 1872 9677
2 15417 3800
1 8416 18755
3 8619 11428
2 18676 13906
2 17970 8881
3 17247 6472
2 18273 10453
2 669 9186
2 16220 14802
2 17930 19117
1 10366 20106
2 16323 2706
2 7766 14924
2 16379 8315
3 3632 1243
1 10662 5666
2 2301 12798
1 16485 7244
1 16755 3580
1 2854 15812
1 12582 8859
1 5149 17406
1 1863 1696
1 15406 16838
2 16574 10360
1 12272 19491
2 11645 6639
2 8892 2701
1 17414 15864
1 7520 15383
2 19233 3465
2 874 4423
3 15407 15951
2 10982 16274
3 16010 1851
1 1889 214
2 16204 652
3 3897 1540
2 13251 15991
3 1388 1392
3 785 6758
3 11078 6532
1 16073 8539
3 15318 18653
2 17693 4138
3 1606 9923
3 3504 8380
3 10048 12873
2 17822 16196
2 5623 6741
2 17089 1801
3 165 16657
1 14760 10157
2 11079 5754
1 4602 3590
2 3453 3272
3 10737 8769
3 5257 299
2 7560 12813
1 11410 10915
2 11971 2158
3 13437 17237
3 6700 19428
3 12452 3209
1 16180 16099
1 11190 8292
3 2345 10928
3 13366 17006
2 18428 14629
1 4447 16250
3 13773 15542
2 3792 15666
3 11308 8908
1 3927 8890
1 8316 6244
2 6316 3261
3 8073 16038
2 11510 890
3 19097 15023
2 5200 7657
3 19677 12669
3 18590 2463
2 15144 18286
3 523 6758
3 8266 7931
2 4959 12421
1 7619 20138
3 15703 13623
2 13663 16560
1 8074 6107
1 15885 5349
3 16138 16924
1 468 10731
1 9160 6818
2 15423 1663
1 10727 12629
2 10625 17786
2 7175 6344
3 8713 4894
1 17792 3681
1 13902 13249
3 9685 17789
1 5568 7182
2 16872 10775
3 19754 6320
3 4649 5671
3 1441 4519
3 6299 10295
2 7501 7367
3 17830 457
1 588 6056
2 7309 19845
3 15150 7699
1 7675 2020
2 6365 7049
1 778 15521
1 17260 10069
1 6623 1740
3 14460 7543
3 9311 17736
1 7665 20211
3 14410 19989
2 4609 10557
3 19273 9264
1 17604 646
2 20035 9980
2 18681 16026
2 11462 13945
1 14942 9411
2 2583 15221
2 18866 11163
2 4524 2270
3 2028 2121
1 411 10175
1 16906 16641
3 17389 4266
3 20481 8573
1 19850 17597
3 19225 3823
1 11656 13435
1 17503 11822
2 13316 4336
1 3125 18739
2 5564 10451
2 1061 7676
1 5981 18392
1 14212 7427
2 9015 6166
3 12637 11153
1 11540 2441
1 8709 2326
3 15901 13518
3 7873 577
3 20324 1004
2 17885 2509
1 12520 635
3 183 15682
3 2836 15438
3 6404 10103
3 12959 5885
2 15009 19804
2 15546 17788
3 11379 14475
1 13276 5542
1 11073 5751
2 4598 12008
2 19952 6643
3 8053 15857
3 9765 15620
3 17338 3173
1 19042 3080
2 14651 6322
1 9591 1601
3 15557 12764
1 9385 5485
3 10241 11963
1 12170 10311
2 18653 5477
3 18717 17430
3 18395 956
1 10193 17749
1 16215 3928
2 14176 5691
3 5963 18595
1 6132 17420
3 7894 5131
3 15552 15330
3 2563 3389
3 6079 5708
3 1632 16036
3 11163 4139
3 11447 15154
1 19068 3979
1 5682 2135
3 2665 6142
3 18607 13229
3 14226 13968
3 9478 4109
1 5207 15014
3 13250 19412
3 2639 19617
2 16445 6109
3 17240 12048
1 1125 10696
3 16049 9899
3 20340 6721
1 20070 11844
1 3241 1262
2 4288 16337
2 17197 7957
2 8348 6976
3 20465 4386
1 14888 407
3 17937 4237
1 2008 18721
3 6075 12360
2 14766 13835
2 18141 12454
2 4027 6180
1 9134 11683
1 3742 17885
1 15310 3215
3 7191 9833
3 10548 11649
2 914 4005
3 562 18018
2 8968 12633
2 13584 19986
3 7894 16690
3 8448 6284
3 11533 18839
2 2821 2772
2 4881 12021
2 14319 6330
3 19898 849
1 17889 17503
2 17045 19662
3 10578 10893
3 14726 12212
1 12960 11609
2 20463 11386
2 198 16854
3 17065 14584
3 6366 14357
2 7978 6357
1 18408 17361
3 20583 396
2 1830 19062
3 1487 20444
3 16053 5675
1 3421 14552
1 13063 18261
1 6776 5029
3 13691 17647
1 10447 17592
2 18230 2590
1 12066 207
3 7506 192
1 6557 20487
1 6687 8095
1 11844 11522
3 17983 12725
3 20026 5497
2 3184 2708
1 738 5759
1 13447 4785
2 16873 17529
3 20326 17590
3 19973 11845
2 10870 19147
2 15096 11020
3 5508 18829
3 18672 19179
3 14026 5051
3 3143 5380
1 2933 9510
3 11017 3662
2 787 11290
2 19828 14487
3 15240 13254
2 13393 3617
3 3580 193
3 479 17736
1 1218 7814
2 18181 6640
1 5118 682
2 12640 17953
3 5987 8111
3 7300 19384
2 17862 12683
3 6049 9798
2 3171 8655
2 20448 2154
2 13145 17327
3 1421 16068
1 6833 11142
3 11400 7923
2 17016 20166
1 19803 20596
1 2913 10449
1 18690 11973
2 15163 12369
3 16500 5049
2 9100 11931
3 200 9030
3 19050 3661
3 2577 17369
1 8384 5921
2 70 20330
3 15997 19661
2 10559 11979
3 9376 236
1 2826 4168
1 4827 2364
1 18109 20345
1 17971 3922
3 19743 8132
3 3739 20243
2 3719 13676
2 8109 9408
3 1207 16431
1 12893 8059
1 5363 19337
2 1219 295
1 19364 17094
1 7693 5861
2 17063 16414
1 13951 11023
2 7392 1757
1 18835 20531
3 12212 13483
1 7597 7520
3 10253 8812
3 2957 15145
2 19121 6157
2 2180 17922
2 17763 14962
3 1215 5577
2 15681 15496
1 3447 14679
3 7785 12054
1 20452 16085
2 19234 10819
2 6241 14782
1 9576 15680
2 5508 3219
2 19323 18497
1 7674 1610
1 17568 1699
1 8237 20072
3 11394 11659
3 18472 4456
2 18916 5303
3 17994 14540
3 10689 6436
2 11590 18766
1 10652 6794
2 11830 10715
2 9078 17379
2 4254 9382
1 16479 19017
3 9638 11683
3 10039 17461
3 9943 7983
3 9086 2782
3 5882 6453
2 14480 14541
3 12392 6595
3 4770 7029
1 18567 17852
1 13111 8831
2 1599 15157
3 14937 5827
1 4158 11903
3 12119 674
3 4861 2157
1 9103 17707
3 19638 6460
1 9835 20634
2 16675 7097
2 7267 9309
2 2175 11905
1 14676 8219
2 11122 6762
3 6920 4474
2 3995 1465
2 14181 5569
1 16624 8210
2 9695 18862
3 7741 14647
1 698 14834
1 5145 1826
1 12013 13275
2 8746 1680
1 8151 18856
3 9097 10286
3 11054 7521
2 8780 15246
1 2823 16291
3 5048 5932
1 12755 15307
1 742 20111
3 7608 17183
1 779 2232
3 18270 9546
1 3290 749
3 17655 11722
3 20281 3135
2 10327 10040
3 12413 12198
1 18821 14137
3 4341 5323
1 16414 6419
3 12098 7886
3 19704 4820
2 6510 4411
1 2335 6515
1 13026 8816
3 14570 7812
2 5391 19216
1 9284 10333
1 342 8731
2 16934 16596
3 18722 14638
3 19340 8565
3 12703 7069
2 8813 693
3 216 13591
2 13935 14356
1 19149 14645
2 20108 17184
1 19029 5040
3 2618 2028
1 9212 11729
1 3586 4269
1 13847 12975
1 773 4555
3 6383 11476
1 13192 7724
1 5025 10470
1 4693 2124
1 11007 7459
3 13202 3467
2 4350 17554
2 1179 7551
1 7383 12753
1 12869 7543
1 1827 10743
1 19024 2169
1 6280 17209
1 5163 10307
1 7423 16011
3 19356 3740
3 17810 7483
1 10505 5662
3 14051 7264
1 9434 11989
2 4645 10727
2 5238 13229
1 4586 12793
2 13979 12035
1 16246 5731
3 5029 12595
1 15268 1475
1 4899 3383
1 9052 13905
1 14085 17274
3 11640 7873
2 14623 12724
2 14520 14186
1 1561 8945
1 4303 19172
3 15793 10400
3 3793 3859
3 17739 11666
3 15366 9526
2 19217 1967
1 13615 8164
3 66 9838
2 8663 17343
2 7315 13204
3 9377 7949
3 10226 15656
2 2345 17951
1 19161 6015
1 1949 20413
3 19265 5135
1 276 808
3 12766 9704
3 11822 9290
3 14320 2940
3 3184 11359
2 469 10282
1 19208 5627
1 18378 18904
1 6642 781
2 13429 17680
3 10836 9733
2 12176 15758
3 8176 10186
2 7110 10205
1 11865 7606
3 12430 10200
2 6584 16111
1 13447 1681
3 10303 12745
3 8844 1479
1 17190 16266
2 15307 9654
3 8843 2300
3 14520 11114
2 18123 17773
3 11559 17804
2 9855 1629
1 17615 7173
1 1401 347
3 17837 14989
2 18481 12106
2 7982 5196
1 13790 900
3 13696 12511
3 17316 12193
3 13155 11551
1 7980 2183
2 2289 8865
1 8974 361
2 5525 2990
1 17856 9496
2 16886 19488
1 5731 20188
3 17910 14844
2 10095 9124
2 6196 11804
2 13077 19020
2 18084 19
1 1100 13727
3 1258 8531
2 4416 10414
3 5395 8029
3 9005 11538
1 3060 4600
1 15493 5989
1 7736 14108
2 16288 17134
2 15343 11176
3 5124 1553
1 19276 11494
3 13095 96
1 1849 6434
2 13295 20583
3 348 12478
2 9993 19196
2 221 20598
1 1032 15799
3 8318 9800
2 17979 16164
1 2483 19615
1 9124 12163
1 16748 7678
3 9180 6743
1 1439 5001
2 1308 16232
2 4637 9445
3 2152 8752
2 127 14778
1 19728 1099
2 19890 857
3 12598 13119
1 16276 838
2 9352 4609
1 5429 11057
2 4988 18214
2 20155 16228
2 17040 8220
2 920 8895
1 1469 518
3 12137 5800
2 8866 1036
2 8417 7576
2 18573 4341
3 6904 11474
1 15626 10174
2 1351 10002
3 5784 10966
3 18747 5632
1 15722 7294
3 4483 4494
2 4038 9328
2 3424 7067
1 5294 10246
3 16550 891
2 10231 1747
1 6193 20425
2 2099 8173
3 4040 229
2 9192 12145
1 8439 1416
3 9768 17086
3 3327 17469
3 1304 14841
3 4060 10091
2 17077 15808
1 14393 12725
1 19892 13607
3 5680 9804
1 17003 5580
2 9608 8154
1 20412 2703
1 8871 16644
3 5203 5949
1 17626 12416
1 14043 15132
1 19627 12117
2 17360 3646
3 2968 10424
2 10302 8311
2 14154 14053
3 10003 3475
3 19589 5105
1 11881 13106
2 5916 3047
3 10756 14598
3 19587 11831
3 9674 11979
1 9133 1987
1 1476 1887
3 3598 10464
1 15439 14382
3 2764 3355
1 18234 3183
3 20505 18099
2 12590 3651
2 3112 19456
3 5046 17393
3 15745 6877
1 19426 20628
1 11182 5150
1 9433 6881
2 13095 16737
2 999 11254
1 5695 11620
1 326 8658
1 16500 18299
1 10708 15937
2 18505 11082
1 5466 15871
1 15871 14380
2 5452 4361
3 9972 13775
1 13919 1587
3 3219 12428
3 18645 9556
1 11558 520
1 5665 17893
1 12700 17995
2 7355 7425
3 9508 7757
1 5521 5161
3 13545 5704
2 19556 6727
1 19684 4854
1 3054 19329
3 9683 6532
2 13859 2299
2 9781 2831
2 1078 6549
1 16874 16229
1 6908 14595
1 6698 16818
3 17364 2547
2 19322 20437
2 8446 5459
2 11190 4873
3 16905 319
3 15611 9276
2 15524 19358
1 16335 527
1 17642 3773
1 13773 6780
3 8087 18707
3 10798 14369
2 2622 5224
3 6884 17461
2 7865 13999
1 10120 9323
3 12986 15629
2 722 20207
2 873 226
3 2735 2322
1 13737 9667
2 12784 1887
3 14920 11077
1 9904 10940
1 18527 14490
3 15764 18775
3 3270 12807
3 4574 454
2 1599 13882
3 11408 7084
3 3014 20372
1 6373 8227
1 3877 15518
1 1906 18728
2 2782 17213
3 19746 1792
3 329 3134
1 18996 8981
1 7767 16891
3 18931 2907
1 2584 17197
2 9189 1304
2 9719 1066
3 3687 8920
2 17686 12622
2 8194 8403
3 633 18688
1 16661 4314
1 19925 5281
2 13258 8728
1 1230 14645
3 9190 3041
1 14159 4057
1 10367 432
1 9039 1678
2 7369 17643
1 14088 295
1 1930 12204
2 10903 15281
1 20187 9656
1 16000 18316
3 13928 8703
3 14385 2687
2 16893 2839
3 19112 12686
3 10610 4706
3 18646 20476
2 10921 17472
1 3427 9210
2 19892 1887
3 8958 16161
3 3726 19727
3 482 17758
2 8965 7906
2 6867 7330
1 17226 17270
2 14839 11266
2 6885 19778
1 64 8846
2 10745 15633
3 12784 12753
3 11215 3878
1 267 14812
2 18642 3771
2 10128 17223
2 3685 8251
3 8664 9884
1 9430 9837
2 14638 9513
2 12209 6087
2 13682 8317
3 4422 3003
1 20553 15922
3 11249 19354
1 17765 4318
2 19111 7057
1 13882 19067
1 20513 3481
1 11543 19675
3 617 14566
1 11141 15937
1 9152 16309
1 17290 15235
2 10327 15373
1 845 7497
1 3546 14773
2 19198 20219
1 5039 4961
2 11960 14160
1 14829 14930
2 8144 5158
3 18590 6368
2 14778 10058
1 8022 17003
1 673 8227
1 701 5632
2 5924 5303
2 18929 1784
2 12172 19515
1 8213 10120
2 16182 6596
1 2998 5947
1 14151 4020
3 14360 6890
3 9085 12471
2 1744 4946
1 14800 11604
2 1602 14486
2 532 1195
1 16587 2477
2 10752 12161
3 1566 1994
2 831 16448
2 5804 4001
2 4789 3327
2 15168 6003
2 9778 936
2 11496 2496
3 18045 5884
1 17236 10859
3 2835 1506
1 15523 13621
3 16159 11974
3 12834 8789
1 15478 12296
3 17947 14793
3 1329 9281
1 6984 17890
1 2755 15793
3 13315 5015
1 15189 13357
2 12301 8616
1 1643 7517
3 10715 19272
2 7553 4122
3 20257 20318
1 11028 6183
1 14416 4985
3 7159 3065
1 8176 11654
1 438 19236
1 8265 6750
1 3466 18849
3 16374 13541
3 4798 20122
1 5544 2305
1 12280 15419
3 14468 4080
3 14429 4605
3 2891 4864
2 278 15286
2 207 1510
2 19553 15139
3 4458 6495
2 3316 17245
3 7549 5071
2 864 9714
2 8586 751
3 10630 5076
1 20313 4667
3 14443 1074
3 19991 6202
2 7127 8144
2 7062 770
1 11374 15994
3 3886 77
1 3251 7163
3 3694 19493
2 13725 3421
1 377 13992
1 5153 16415
2 718 6077
1 645 11640
2 13105 4953
3 13522 2651
2 1981 8708
2 18674 11797
3 627 12352
2 1124 16662
3 12675 18689
2 15154 2529
3 1830 2885
3 10603 20261
3 13159 7434
2 12875 15824
3 13125 9665
2 5704 2701
1 16252 5321
3 1280 3933
1 19586 8147
2 18186 2635
1 6417 2422
1 4964 5778
1 14493 19941
1 9263 15431
2 17575 228
1 10164 11291
2 3927 7264
3 19725 1987
2 477 9792
2 19244 9653
2 18661 12786
1 16673 6765
1 16807 12525
3 6274 19619
3 115 11146
2 18644 6693
3 8245 19261
1 13592 9502
2 9106 3036
3 455 8820
3 17164 19808
1 16818 4204
1 9429 12891
2 7356 3690
1 15602 9544
2 8057 3026
2 6164 7363
2 9116 19475
1 18825 11446
3 4390 9704
2 9782 13346
1 10920 4871
1 19730 7377
1 17769 17578
1 14734 2769
3 11907 10983
3 15181 3079
2 5669 9293
1 9560 9747
2 13930 19361
1 18658 18405
2 16096 13461
2 7490 13791
2 5867 9676
3 16867 13565
1 12936 6177
3 8685 14409
2 19295 12328
2 737 10221
3 12530 7331
3 3105 16106
2 12886 9416
3 12174 15703
2 20005 12449
3 12943 304
2 20627 13050
1 1375 18958
2 20045 5550
2 13698 415
1 3191 12326
1 3785 14577
3 5972 12540
3 3105 5417
1 17729 4115
2 4157 12462
2 2922 20237
2 14384 11087
2 1735 8255
3 7160 18197
2 11376 18571
2 10584 2949
3 4355 19212
2 5404 15874
1 3738 17679
1 2078 16366
3 4942 19265
2 7900 1005
1 7211 19106
2 8525 19530
3 1048 19195
3 5208 9088
2 8482 18475
1 2504 18817
2 8801 4345
1 13551 19422
3 13469 11485
1 16414 17126
3 3245 5949
2 17777 18308
3 15427 9289
2 14879 2125
2 645 252
1 1698 5869
2 3523 10435
2 11015 18252
1 19739 7888
3 8468 4801
2 14151 15087
2 14970 2004
3 6345 4937
1 11825 9798
3 6118 1611
1 18030 4951
3 9176 730
1 9875 283
3 16789 11580
1 5733 5576
2 17626 15249
3 19999 14582
3 17857 4230
2 2363 11912
1 3627 19685
2 18136 14921
3 15828 478
2 7771 2068
1 6675 5079
3 19477 7713
2 451 10953
3 8157 12854
3 16423 20046
1 12122 906
3 4550 77
3 982 5442
1 10090 18809
2 11935 13684
3 20021 700
1 19065 7709
2 2281 12679
2 15075 20496
3 20600 71
3 15051 2026
3 9573 15059
1 19054 10372
3 15875 15193
2 1637 379
2 9142 5604
2 1021 16552
1 15491 14271
3 4937 13573
3 18069 6552
2 11949 15750
3 1365 13126
3 5104 2905
3 73 5064
1 4083 14590
1 7504 19137
2 192 17337
1 19663 20600
3 3657 4867
3 3313 16536
1 5044 5546
1 7231 15
1 9969 3221
2 3001 16094
2 18460 13620
1 16131 16345
3 12772 11012
3 3555 6053
2 14048 20115
2 14623 14235
3 17669 14108
2 6252 13414
1 9595 10660
1 11465 13780
1 19940 11430
3 6070 14633
3 17701 13840
3 8082 4288
1 15050 19747
3 13211 19336
3 15146 18082
1 7496 17304
1 15744 10030
2 19008 13928
2 19321 17893
2 12156 1102
1 974 3997
3 11517 9176
2 4340 11968
2 20125 12600
2 18348 17147
1 13145 3736
2 10690 10384
1 9510 13270
3 20174 3731
2 2237 10727
3 20037 10458
2 18225 18056
2 16785 6133
1 7739 17717
1 14647 7674
1 19319 6578
2 10622 2743
3 1969 4126
1 13189 9351
1 1634 18124
2 7214 11422
2 9631 10047
2 5411 15868
1 1337 15732
3 6901 19180
2 8003 19684
1 18354 460
3 965 5987
3 11441 19505
1 10980 14135
1 14028 13572
1 10412 4411
1 18174 3499
3 13230 9119
1 1260 17819
2 19034 16363
1 16576 13701
1 19921 14232
3 9346 18567
2 2977 6687
2 10521 10019
1 19076 11783
1 9745 19515
1 19402 17606
3 6868 13659
3 13977 11767
3 3591 15694
3 11379 15359
3 1329 19007
3 10581 16559
2 4657 6114
1 3819 8008
3 12585 13884
2 18541 16065
1 16646 3481
3 7084 14291
2 1467 14869
1 14977 19220
1 6678 13743
1 12794 8249
3 8942 18676
3 13209 1247
3 17654 12496
1 16688 20374
2 1253 11512
3 19801 453
2 9227 8248
2 1800 8936
2 14550 4043
3 8489 12843
2 1840 2772
2 8593 11902
1 8633 16909
3 6215 11111
3 51 13185
1 5005 20591
3 7084 20259
1 5160 2884
2 18267 19280
1 4445 19915
3 3208 9688
1 18150 7710
3 292 19789
1 1169 16154
3 6620 15699
1 3186 3307
3 17798 17219
2 20126 2054
2 4737 7886
3 17304 18983
1 11785 1635
3 10697 16522
2 4403 3699
2 8941 10770
3 17462 10704
2 12162 8928
3 18459 1173
2 20336 11334
3 11841 15429
1 8857 11131
3 893 19904
3 18410 18811
1 3714 2319
2 8365 10589
3 72 18625
1 293 13388
2 1568 5416
1 4502 5107
2 14797 3610
1 17376 10979
3 3252 7768
3 19394 3599
1 18806 2831
3 1358 7864
3 11718 246
1 12657 11140
3 15965 3217
2 1370 12732
2 13590 19329
3 13148 5375
1 12708 13477
1 16845 9894
1 9326 3663
3 14091 20420
1 2025 16653
2 4816 12998
3 16786 12894
3 16867 19412
2 7387 11820
2 16408 17935
1 7701 2617
1 15770 5808
1 11844 11883
3 8344 14375
1 13909 7498
3 12094 16398
3 17139 16802
2 7894 19372
2 19974 1252
3 8169 19498
1 11228 13886
2 1488 8236
3 13074 5381
2 11819 4335
3 16992 6870
2 3652 20050
1 12699 6548
3 20289 13037
3 11985 9779
2 11017 13744
1 16863 16348
3 9646 18197
3 6214 17758
3 46 16238
3 12598 11944
1 8360 4772
1 15832 4184
1 9570 13008
1 20020 5509
1 11772 11413
2 12103 6756
1 4311 2590
2 14773 18489
2 16838 16791
3 11416 3861
2 3417 14434
2 10736 6288
3 9383 16803
2 12861 10745
3 1829 5012
2 12212 10926
1 1695 17691
3 17595 12002
3 19959 37
2 9191 1296
3 12784 11442
2 1341 12084
1 1803 15176
2 17659 6929
2 18967 15516
3 2684 6744
3 7133 13538
3 18307 9574
1 18375 19826
1 5594 12887
3 3133 15298
1 4198 10204
3 1125 17708
3 11939 10082
1 10791 2504
2 9169 20477
1 11039 7313
2 20302 708
3 12387 11071
3 14257 20163
2 949 16719
1 16163 15907
1 17295 1864
1 937 9598
1 19246 2866
1 1516 10618
1 5182 5902
3 16263 1983
3 2899 2634
3 8659 9370
2 9596 6315
2 8774 15505
3 4198 6754
2 10093 535
1 19695 3015
3 13217 14366
1 4946 16881
3 1557 2741
3 15684 9932
2 141 16319
2 12416 19638
2 4444 16578
1 19337 2255
3 17482 6077
2 10114 13911
1 5162 10934
2 6420 16469
1 15943 14818
2 11758 10876
1 8042 8095
2 9669 8208
3 4794 9694
1 12547 13017
1 482 14977
1 15285 7334
1 2254 6994
1 19280 17466
1 17046 9466
2 4872 15155
3 4138 402
3 10211 16823
3 19318 2403
2 9784 3367
1 6318 17085
3 9973 2975
2 14868 7237
2 18440 4925
3 549 15570
1 9918 9325
1 19833 5442
2 12043 4941
1 2208 1444
1 7609 11701
1 5913 17308
2 10601 3578
2 13673 414
3 8434 19124
3 11938 10064
1 4803 12117
3 16485 5939
1 9714 14853
2 6490 15983
2 18 15004
3 3327 14989
1 11358 18601
3 16720 19192
3 10327 13292
3 19261 825
2 14164 9210
2 2848 16274
2 9394 13630
3 2360 19657
3 7843 549
3 16982 12815
1 17975 9325
2 3696 17736
1 17585 6052
3 4176 12340
1 11705 10555
2 883 4560
2 13371 19166
3 14722 3516
3 3528 13913
3 11281 16606
2 12224 19376
3 3450 11033
1 4690 16083
1 9150 6915
2 2791 3332
2 5585 10803
3 15044 13331
2 17219 11328
3 1893 3438
3 6598 5659
2 7880 7398
3 16643 18318
1 1712 18782
2 15516 10237
2 5664 4151
1 11660 10726
1 4411 11895
1 1837 17206
1 10016 16684
1 16699 3246
1 20118 4328
1 19933 3842
3 10132 13300
2 14256 8427
1 4892 13194
1 15867 13916
1 6627 10256
1 57 8241
2 592 6992
1 11260 4524
3 5460 9260
3 15099 2140
2 431 18524
3 9092 12259
1 13677 3060
1 759 20007
1 2991 6033
2 17731 9424
2 8173 12402
2 6629 15890
3 13893 20539
1 15760 13990
2 9212 19188
1 6093 594
1 755 2629
2 3826 6265
1 10207 10425
2 1668 19594
3 18854 11424
2 20503 3900
3 11983 368
2 18696 7079
3 1179 5897
2 7063 19669
1 3776 16616
1 4985 15842
1 6837 2812
1 17077 17349
2 846 12592
2 10370 19753
2 16194 7141
1 16476 4933
3 5401 18053
2 11016 9963
1 16269 9658
1 17323 17268
2 3949 8622
1 12171 6855
1 14074 2148
2 7889 13681
1 17585 17151
3 19340 7279
1 18694 3015
1 3009 18394
1 5573 3242
3 14466 18008
1 12362 13268
3 1228 3718
1 17415 10310
2 13118 8926
3 8199 3739
3 842 2065
1 12185 19788
1 3699 7386
1 3958 5872
3 9716 19796
2 1131 17051
1 3883 6258
3 10846 16883
1 774 19104
2 12682 4992
3 8470 10230
3 19469 14697
2 10594 17413
3 12598 104
1 1447 18979
1 11768 17506
1 15290 6432
3 17864 10060
3 10213 11525
2 3001 2740
3 6829 19768
1 16817 4530
1 12896 8625
2 17922 14786
3 3039 6095
3 1121 11437
3 10631 6098
1 9743 1911
3 10018 11086
2 16431 16440
2 12082 13460
2 3212 11828
3 13191 404
1 1665 16640
1 245 6013
2 2675 20212
1 18749 13864
2 4419 18109
1 19081 15777
3 2627 11909
2 2433 12628
3 10634 3788
2 883 3181
1 6257 14310
1 8811 10490
2 5504 14864
3 12197 5925
1 18241 1866
1 1398 14454
3 3936 20004
1 10372 8913
1 14499 4180
2 66 7069
1 745 10122
2 19248 2298
1 6377 17936
3 10116 19915
3 1628 14271
2 12543 14497
3 7954 3577
2 13544 13110
3 4508 19272
3 7309 3340
3 11630 8611
3 12605 6443
1 9376 16751
3 12095 8638
2 16492 4636
1 6440 900
3 18550 9544
2 18435 4140
1 4920 18596
3 15581 9653
1 11294 6036
2 1428 14233
2 4074 15445
3 505 5322
2 6990 14090
2 17080 3051
2 12226 13937
3 8896 14980
2 20200 17918
2 15145 5563
1 518 10554
3 6073 15186
1 338 5467
1 6230 12104
3 4936 5848
1 3900 19323
3 8681 17237
3 11751 14641
2 2762 16666
2 18961 902
3 16423 6567
3 12135 17622
3 11405 7933
3 14628 7205
1 15643 10244
3 20475 12021
2 20368 17889
2 4716 9693
2 1168 3084
2 5221 14454
2 19476 13615
2 625 1873
1 15247 9989
1 18082 58
2 2508 18532
3 16647 9485
1 4164 14100
3 18271 1825
2 7390 16264
2 10574 12584
2 9554 7901
2 1153 12354
3 13561 1846
1 18650 436
3 1214 7471
2 29 4176
3 18255 11044
3 16276 9943
3 19646 6238
2 4868 8870
3 9031 8280
3 2242 5423
1 1521 16713
3 14826 6884
1 1991 14565
2 20637 18193
1 1548 10434
3 3978 17939
3 20254 5415
3 14260 7566
2 9749 2170
2 17868 5082
2 3114 6765
2 20095 5901
1 8068 10603
1 17239 18275
3 4984 13864
2 6893 19261
2 5928 16327
2 14316 18019
1 2726 18905
3 88 2256
2 3933 10091
2 18161 1180
2 4013 16942
3 7159 7328
1 17415 3486
3 11619 1331
3 6039 17801
1 20353 8603
2 13305 1396
1 4596 14023
3 2590 10042
1 384 9589
1 2257 1829
3 11218 20181
2 19433 19030
3 11082 14682
2 5979 13724
3 12358 12613
1 19813 18636
3 11823 515
1 19916 19644
2 3445 18950
3 16264 2584
3 4054 4449
2 19054 15905
3 19898 8197
1 3882 4111
2 18032 13168
2 11404 16124
2 10197 8574
1 8726 20204
2 18470 11572
3 14213 16502
1 13469 385
1 18375 15160
2 6292 16709
3 19118 7803
2 10951 16749
1 15808 4579
2 16657 19075
2 1395 10570
1 16883 819
2 3978 13083
1 16318 11567
3 6896 15898
2 1431 19869
3 1868 7211
3 19913 10733
2 3262 1992
1 20059 1165
2 7935 7926
1 4458 2311
1 1489 8738
2 2055 7257
2 9705 10109
1 14994 7529
1 5243 5538
3 10848 3037
2 17395 9922
3 3324 134
2 8330 10805
3 20031 20314
3 19970 20638
3 12254 12387
3 2372 16352
1 15406 16675
1 19470 9545
2 145 17662
1 2354 11482
3 12905 20519
1 5341 10744
2 8021 9700
1 8548 10358
1 13831 16909
1 1611 4667
1 19597 8364
1 18644 10169
3 1965 1410
1 373 7747
1 11272 394
2 10833 15387
2 8202 16824
1 19899 17634
3 1150 11241
1 1272 10840
1 16606 16114
2 6010 13993
2 347 13356
1 20624 9110
3 18866 5279
2 8325 18654
1 13567 12838
1 2307 18686
2 522 4486
2 14449 17147
3 3476 11419
1 20321 7289
3 18268 14694
1 20232 13229
3 14567 178
1 4836 48
1 5518 12868
2 3745 1912
1 547 13218
3 5407 14900
2 11224 17551
3 3541 8613
3 7526 20274
2 8801 10564
2 3235 14345
3 15769 401
2 392 16911
3 4148 6164
2 11214 10946
2 7164 5495
1 19496 12696
1 6249 11388
3 16388 8916
3 6066 17092
1 19086 10252
3 12273 13539
2 18606 11117
2 1288 14382
1 15186 14165
3 20440 15219
3 5027 7662
3 6519 5840
1 3742 14397
2 3363 10134
2 9054 15503
1 15008 20100
2 11483 4557
3 8721 16222
2 16118 3023
1 14192 9493
3 15161 11550
1 6465 16858
2 4886 9451
1 3193 2353
1 3591 13384
1 2969 8240
3 14693 4798
1 14835 19534
2 17670 19351
2 16739 16324
3 18629 1854
2 9959 16049
1 4868 7000
3 13807 17757
3 12549 18896
1 6045 10403
2 5865 16995
1 389 2318
3 17975 5337
2 20118 10820
3 18055 4874
2 6786 9565
3 8786 1971
2 11597 12511
2 15864 13886
3 4384 15186
1 11562 3053
1 19340 2628
2 11186 611
3 7548 5292
1 614 4086
1 1501 16093
2 766 7723
3 10623 6939
1 19967 14235
2 841 14234
3 13103 10693
2 8920 11494
3 17103 12030
1 13344 5475
1 14216 16203
3 10265 14334
3 8996 10934
2 17604 1885
1 15351 2842
1 15736 1715
2 14078 17845
2 15611 11915
2 10159 13628
1 4647 6318
3 11363 15577
1 6749 15988
2 18936 3124
2 12440 6521
2 393 11294
3 7254 20153
1 13014 7431
3 18666 2143
1 20245 9133
3 5170 350
1 2540 6700
3 12578 691
2 3016 8628
2 719 15849
3 18278 1768
2 7363 345
2 4515 10024
2 7798 5061
1 15209 20001
2 14099 1422
1 9122 15215
3 19371 20008
3 4773 12830
1 11604 18201
1 4526 12847
3 4579 5797
2 10687 18975
3 16732 7018
3 9682 917
3 16293 8161
2 5780 2069
1 4335 9502
2 18981 16940
2 12811 820
1 5269 5978
1 878 3431
2 14 11291
3 1314 4273
2 133 17996
1 4777 2096
2 174 7614
1 19527 4449
2 4608 1381
1 5692 14762
1 15175 11146
2 11569 14800
1 11869 11344
3 2102 3844
1 2183 2097
2 13370 14251
1 6502 7129
2 9738 18771
3 11582 16950
2 11794 7016
3 17204 5106
2 6151 9117
3 7014 9333
1 12220 325
2 20019 2617
2 2438 14429
2 5461 17589
1 17474 9024
3 11151 8351
3 9459 17344
3 11800 9837
3 3767 13031
2 12804 1445
3 19583 11416
2 12854 1233
2 14203 2430
2 7673 12386
1 17897 17703
3 1690 6810
1 8742 440
3 9935 16571
2 19216 7687
3 7804 8565
3 8871 20226
3 15116 20377
1 5945 14825
2 6486 16817
2 13136 19064
1 2491 3763
1 9304 11016
1 6462 5588
3 7322 12631
1 1336 20077
1 20484 1271
1 18078 15107
1 16388 15183
3 2487 19286
1 32 16688
3 18249 1213
3 4507 18447
2 17420 20230
1 20275 3079
2 20626 8493
2 18061 17709
2 6937 3183
2 4911 8504
3 19644 7949
2 17268 218
3 9355 10340
2 430 10801
3 2998 2553
1 1480 15669
3 8568 9273
3 18885 9187
3 5689 12452
3 4938 1004
3 14310 6952
1 6680 7378
2 8013 18484
2 20104 16811
3 6572 4022
3 1615 13717
2 6285 12009
1 7209 17011
3 7396 1685
2 12502 10544
1 15803 13097
2 12719 10366
3 4459 4115
1 10701 17377
3 15119 942
1 11962 5762
1 14871 2075
3 19615 2667
3 17988 11905
3 10438 12790
3 18290 1848
1 3039 19549
2 13095 11885
1 11280 9705
2 2138 4604
3 14018 17773
1 9065 19120
2 609 11782
3 460 18653
1 5790 12573
3 2185 12438
1 2771 15361
1 18881 8288
2 587 14509
2 8645 16669
3 17348 14465
2 18570 5390
1 1527 4700
3 1302 16846
3 392 19158
1 4243 12830
2 11624 16870
2 18276 16411
3 18092 10340
3 16258 2905
2 6628 3893
3 16798 5129
2 7104 13399
2 625 14505
1 13455 2927
1 5642 16656
2 14357 38
3 8618 7561
3 9029 18459
1 20568 2563
1 10779 16185
2 20156 8623
1 20580 2856
2 6252 4519
3 1763 15471
1 13637 8839
1 11525 1420
1 16061 10773
2 9905 20490
2 18147 9669
3 10624 5504
1 7212 4765
1 11506 5612
3 14064 16538
3 15325 1291
3 10581 18619
2 16855 13967
2 1971 2275
1 12883 10324
3 6046 17929
3 18380 8326
3 6567 3795
1 19986 2430
1 14213 18409
2 16141 19272
2 13602 9840
3 3852 1383
2 6584 6680
3 11815 17487
2 6622 1236
2 17666 7905
2 7589 13517
3 8715 19781
2 17344 19829
3 18355 8858
1 3688 19993
2 15174 19908
2 3016 1181
3 4820 3448
3 6815 8346
1 11667 1372
2 12109 8945
3 7722 3143
2 9677 16878
3 7717 10422
3 5092 18134
2 4001 14796
3 2508 7614
1 7698 14584
3 16827 4441
3 746 12453
1 3791 3311
2 13583 5353
2 305 7174
2 7402 319
1 4212 9358
2 881 20001
3 2757 18518
3 12187 17881
3 4139 2341
3 16335 9814
2 10799 921
1 764 10476
2 13597 14641
1 4098 11860
2 11905 9818
1 11290 14776
2 4680 3756
2 11315 3398
2 9187 9274
2 13130 517
1 1530 1674
1 13877 14458
2 10629 12303
3 1614 18156
1 10821 12467
3 12353 2322
1 19751 13395
3 1005 10506
3 19691 9292
2 15330 13930
2 7553 9912
2 12591 13883
2 14267 17358
2 11434 13652
1 12322 16498
2 7882 12480
3 12979 14302
1 7115 20453
1 6526 17063
2 20416 20150
2 18358 6545
1 5608 16734
3 9447 12543
1 3060 9526
3 13955 17060
3 4928 1004
2 4507 3724
3 10534 15316
2 18540 8520
1 8129 14618
2 12549 15747
2 1784 2569
2 4724 18584
3 9435 4389
2 12477 13307
2 9488 1348
1 2908 2042
2 11949 6542
1 14434 11154
2 19860 9171
2 15293 1483
2 7631 12523
1 10769 17635
3 3833 15253
2 14673 4392
3 5766 20179
3 11419 15973
3 14122 20381
1 9948 14542
1 3769 5685
1 13778 12227
2 15352 3637
1 15379 16242
2 15098 8281
3 12519 2657
2 6685 1921
3 16 4953
3 3685 10740
3 15620 2724
3 15350 1710
2 9926 3734
3 12424 2663
1 8000 10412
1 9006 7601
3 6668 18462
1 2927 5005
1 207 10811
1 15557 1496
1 19055 18722
1 12309 752
1 3184 13423
3 5155 16506
2 12840 12424
3 4588 17904
2 14383 1566
2 3309 16933
2 2333 7624
3 6245 17167
1 15365 7788
2 10584 8305
1 9851 6135
2 1936 12115
2 922 18546
3 847 1549
2 398 3454
2 15060 7030
1 13178 4932
3 12086 20027
3 5698 7443
1 12274 14637
3 14296 17676
3 1220 19649
2 11326 18483
2 16805 12132
3 8735 13786
3 7226 4599
3 20609 12396
1 2479 14019
2 19940 16574
1 19438 8944
2 18999 10200
2 14731 10081
1 5293 3430
1 3741 14943
3 4611 18545
3 2094 376
2 9900 11326
1 17565 14591
2 4342 1856
3 8946 16488
3 10583 12326
1 6875 3654
2 62 993
3 17594 2347
1 1872 5722
1 1663 2416
2 13448 15426
1 7322 8888
3 4980 2814
3 11003 12726
1 11853 12521
1 13335 13005
3 6761 16345
2 9846 12047
2 16157 17983
2 6454 16933
1 4358 19817
2 19412 11933
2 18396 5673
2 1457 1843
3 11237 4845
2 16855 20480
3 17947 8519
1 14874 5879
1 16962 7557
1 18843 13611
1 9730 11320
2 13186 2418
2 9999 10531
1 9027 14543
2 3949 6344
1 3267 14129
1 2947 11587
2 3904 17606
3 15251 15849
2 19908 9505
3 15778 15798
3 2999 8667
2 3824 4004
3 20455 13711
1 1335 2628
3 1774 6622
3 4449 11425
1 14845 16125
1 13412 17073
2 10297 5937
3 20192 12432
3 19760 18140
1 9257 19307
2 19051 19661
2 4007 1698
3 19185 15381
3 310 5182
1 10629 13599
1 4464 17937
3 20242 17869
3 20420 16789
3 71 15160
2 779 1773
1 16807 11554
2 179 11792
1 4561 17728
3 7289 12718
2 4391 10010
1 17142 2355
3 11063 17645
3 11656 19620
1 7959 11261
1 15563 5235
2 14090 18216
2 250 12646
1 3037 18120
3 9102 2109
1 15735 13285
3 11166 11628
2 15411 13834
2 6501 11533
3 15561 7791
3 4692 8595
2 18036 18861
3 1487 8414
3 7529 4105
3 9633 777
3 11105 14564
3 8303 1602
1 19436 18449
2 4537 3672
3 7946 19339
1 12070 9652
1 8206 11083
1 6379 5799
2 4795 13024
3 13105 15376
1 6244 468
3 3121 10381
3 15040 1597
1 18665 14660
2 6612 13982
1 4858 3058
3 6583 17096
2 20596 18671
1 15051 11419
3 11314 12245
2 6555 17712
2 5747 9210
3 2592 3279
1 8637 6334
1 16471 12351
2 16774 1550
3 1842 14341
2 2803 2634
3 16527 4626
1 3612 11364
2 6851 17099
1 20472 16766
3 14829 15962
1 7979 10683
3 1337 19741
1 17351 4019
2 3025 920
3 6785 12120
1 14402 16869
2 17857 5958
3 3511 17594
2 12249 19994
3 18168 3364
1 14560 3838
2 11726 19194
2 11404 9551
2 4281 4774
2 16277 19406
1 8190 817
2 11872 18304
3 4645 12784
2 2262 4070
3 10517 3695
2 12028 17987
3 8246 19841
2 8960 9827
1 16265 10103
3 152 886
2 7822 18750
3 6433 2270
3 18101 10665
1 13488 15828
2 15823 11755
2 10983 9234
1 16435 3200
1 9033 13628
3 8959 20316
2 12550 2491
2 1360 1895
1 9280 9744
3 4556 2999
1 5998 10883
1 4250 16615
3 1813 8757
3 15059 10451
2 4697 8002
2 11400 5623
1 7002 16667
2 7953 8749
1 5754 10978
1 1553 18086
2 16403 125
1 14529 10534
1 10282 4585
3 17197 1482
2 17650 19878
3 8643 8087
3 1838 6887
1 6511 19162
3 12707 17890
2 6039 13103
2 11652 19925
1 19421 3630
3 899 12938
2 12057 18548
1 3696 17111
3 8401 4865
2 4827 5560
2 12499 6684
2 11757 671
3 15638 3026
3 4094 3792
3 12769 8490
1 19168 1028
1 6593 9644
2 14623 14230
2 18515 16513
3 8601 17765
2 6681 5143
1 14292 5053
3 2085 16521
1 6073 53
2 20055 2063
2 140 15796
2 17524 11466
3 7484 13638
3 13891 15124
2 12065 15133
1 14932 19661
1 2175 6932
3 8346 19318
1 6653 19388
2 20060 14211
3 4926 17599
2 19756 15166
2 15107 19745
2 19491 7872
1 3111 20631
1 8340 8345
1 14652 6761
1 10659 13551
2 691 12212
3 9571 15503
2 13703 11667
2 12896 2448
1 12028 5436
3 16074 17906
1 1154 2212
2 10612 13044
2 22 14473
3 18931 10400
1 5887 10485
1 17306 2037
3 1140 10751
3 15509 15904
3 8750 19600
1 6352 3889
1 480 15021
1 6188 13885
3 35 20453
3 14630 11341
3 15046 19312
2 16719 5179
3 12791 596
2 18851 10903
1 9436 9769
2 12275 15013
2 3010 5986
1 15155 799
1 875 19104
3 10162 567
1 2980 13439
2 2723 3787
1 7778 2166
1 18625 8345
2 4207 10204
2 10629 4119
2 16475 5048
3 12187 5927
3 3794 1208
1 6587 19246
3 18736 12878
2 8432 7294
3 15578 10998
3 20477 738
3 3453 13069
1 12838 8842
1 18785 19894
3 14144 17945
2 13742 3750
3 8473 14516
3 8462 19660
3 5247 290
3 11308 11101
2 5089 15860
2 7492 1654
3 7184 5189
3 13622 11966
3 14524 5813
3 10956 19946
2 17267 19233
1 11127 11578
1 4164 2871
1 1360 11100
3 19036 14952
1 7531 6349
3 17058 7934
1 4705 2880
1 20394 18171
2 3810 17776
2 4459 15037
1 16660 20526
3 17937 11731
1 5495 20274
3 20421 5036
3 16757 17089
2 1378 2860
3 6209 17472
2 11139 17332
2 19635 10831
3 1502 5887
1 15434 6975
3 14083 7335
3 7831 5856
3 458 13499
2 9059 12440
2 11320 9122
1 16818 1239
2 16724 15258
3 5030 12745
1 1183 1072
1 3488 3054
3 17162 18587
2 3347 54
3 3417 6700
1 10981 18871
3 17039 6867
1 20069 14523
2 13861 19006
3 14169 9637
2 17554 15406
1 1359 1036
1 17853 16915
1 2950 16604
1 8774 16482
1 9305 14501
2 2615 15532
2 16762 6826
3 11916 16897
2 16311 8620
2 1569 11724
1 15505 6122
3 13849 4419
3 7908 297
2 18077 8833
1 8877 3903
1 14692 13960
1 8021 19456
2 11055 9754
2 10113 9781
3 7955 19921
3 15177 3455
3 1152 7106
1 15550 1775
2 65 6386
2 3789 9489
1 7009 9594
2 7809 18509
1 9200 16590
2 3697 10704
1 6998 1461
1 3334 16867
2 12785 8273
3 7790 12183
1 11924 7292
3 287 14992
3 3244 3809
1 19462 8806
2 11827 6241
1 14342 18462
2 17933 18455
2 13700 1732
1 12157 11987
1 9301 9031
2 4069 13333
3 14569 6814
1 17156 5169
1 326 19568
3 4420 4705
1 1168 14632
1 14668 1656
2 10619 7808
2 5335 1604
3 5153 10941
2 1539 9339
1 8664 8909
3 7665 3032
3 252 13496
3 5380 4488
2 15506 1417
3 2871 8763
1 10869 11075
2 4560 14598
3 5577 14761
2 3608 4788
2 6367 3695
1 5622 14118
3 15767 17500
2 14226 6209
1 19878 4906
2 14434 4570
2 15493 8815
2 16203 7214
1 13281 4968
2 2169 12432
1 12728 1924
3 5048 18417
1 1803 14606
1 15259 9162
2 15990 10901
2 5148 20289
2 9475 12746
1 405 17953
2 16035 4435
3 319 11596
3 9609 9167
2 9484 19082
2 720 19326
1 11942 6084
2 695 7017
2 17779 2551
1 15343 16088
3 18485 13944
3 16313 16156
1 17774 723
3 9116 4022
1 15951 11016
3 3272 15796
2 13337 1361
2 19825 143
3 3882 18194
1 17985 10657
2 20488 9546
3 5248 12632
3 15779 7567
2 3791 9880
2 16644 8218
2 16218 12992
3 20132 13607
1 5740 16421
2 19197 11460
1 8730 1068
3 18158 267
3 18284 19232
1 20639 7118
3 8460 3710
1 13552 17442
3 9703 4452
1 18916 14192
3 12897 8031
2 11772 5817
3 18488 19450
3 2052 9051
1 5502 10403
2 11630 4021
3 12776 5512
2 2393 160
1 683 17636
2 14968 5994
1 13803 14675
3 5352 5330
3 5459 10958
2 5326 3047
1 12163 14603
2 16663 1860
1 13038 19619
2 19550 4216
3 8709 15919
3 440 17566
1 129 16447
2 4737 1729
2 128 7272
1 14912 4473
2 13524 12509
1 15256 2885
1 4028 4205
1 6518 17444
1 2744 4863
2 10497 13849
3 1990 2239
3 7751 10125
1 15492 8684
1 4815 13355
3 11356 15030
2 14486 2293
1 19886 7117
1 15794 11004
2 8379 10129
3 8746 18507
1 2213 19985
1 16389 13295
1 15529 9274
1 16690 6767
1 6288 8390
1 199 15444
3 11886 10007
2 6735 12579
2 17339 774
3 1427 9812
2 10656 1546
3 8218 838
3 3122 4393
3 8553 20263
3 1524 11539
1 14161 19061
3 13342 15229
3 7935 6078
3 10661 3939
1 4678 18115
2 17845 20531
1 14851 15906
2 6582 13637
1 12709 9036
2 2491 12616
2 893 2206
3 13950 15195
2 8569 12756
1 20510 8150
3 7068 5300
2 5032 1726
3 16269 4059
2 15755 10655
2 7311 2858
1 13861 10067
3 4516 6541
1 9016 9949
1 19953 17962
3 9572 19505
3 14608 11604
2 8805 15815
2 13219 17658
1 9814 16682
2 18719 13586
3 20403 8917
1 2940 10631
2 13318 9183
3 5345 13383
1 609 4980
2 9936 3620
1 18172 17793
2 5492 18854
1 17031 17560
2 3598 5584
2 16210 9667
2 1945 3472
2 18487 18110
3 3494 3084
2 8602 15505
3 5620 19235
2 13990 5220
3 6386 4415
3 14016 5032
1 16608 14496
3 10581 5404
2 15270 14080
3 5320 12724
3 13675 13077
2 10857 7391
1 10571 15457
3 19124 4870
3 3394 15094
3 10708 2543
2 10991 5508
2 17001 655
2 91 2984
3 18830 702
2 1058 15436
2 560 15015
3 6182 16146
1 9744 17782
1 12295 18860
1 1371 9299
3 7972 6755
2 6092 6348
3 2379 10420
1 2224 9677
1 12318 8034
3 16196 14597
2 8458 12443
2 890 16455
1 18484 8424
1 18379 2080
1 16806 19807
2 6301 13032
2 11600 3486
1 20563 11809
1 826 10632
3 17825 442
2 4597 10470
1 12846 18626
1 16499 1167
1 19811 7923
1 18754 9143
2 19198 4600
1 11278 17008
1 4602 4958
3 6683 14489
2 14720 13778
3 3305 15503
1 1152 8122
2 10273 2593
2 18045 1445
3 17029 15285
1 5999 12764
2 17595 9275
1 20113 10857
1 12427 3490
3 19160 8325
1 7937 9707
3 11604 11427
2 6218 9545
1 720 9860
3 1660 9456
3 19764 14165
3 3512 5213
3 15245 7322
1 20545 12879
1 13138 8064
3 11200 7130
2 17841 19703
1 12194 16060
3 914 20398
2 8681 16534
2 15859 10823
2 12809 16378
3 14435 3341
1 13060 9470
2 4407 18864
3 18328 5689
2 8250 1544
2 10783 5591
3 1914 2510
2 16963 14486
3 6257 13098
2 19650 11097
1 3109 8427
1 12607 4948
1 12952 9091
2 4011 19004
1 5454 3797
1 16259 4517
3 9379 2404
1 8896 9182
3 13260 2159
1 7515 13273
2 1110 17170
2 19213 11013
2 3829 11153
3 2132 21
2 5780 20609
3 15325 3867
3 12276 9994
3 6339 9620
2 2895 12271
3 16686 37
3 16224 3945
1 18575 14165
3 15396 6591
2 13920 12547
3 16235 20166
1 13559 11868
3 720 6350
2 1639 13876
3 1603 4625
3 20167 492
3 14697 6145
1 7567 11017
3 20264 16420
2 3348 2075
3 17875 8180
3 11979 15305
1 2323 9492
1 20576 2089
1 14749 19327
1 16110 7714
2 12905 8587
3 12057 1882
2 8893 7473
2 20127 6817
2 13108 9315
1 3902 1741
1 17757 19977
3 19189 15375
3 16628 16187
1 16064 16106
1 8007 13564
2 14701 1587
1 8263 17482
1 16623 3030
2 13829 8394
1 8973 14504
1 18952 17164
2 10682 4803
3 9288 14348
2 14820 15299
3 18332 23
1 9828 10027
3 3412 16867
3 7807 9351
1 938 643
3 17864 2791
2 15129 17535
3 16142 12380
1 10304 4740
2 11242 8908
3 18171 14108
3 15069 2974
2 18482 1975
3 1303 4603
1 13719 17714
2 3733 20160
1 14701 8995
2 5886 702
1 11614 10072
2 19257 5223
1 5313 1348
1 9829 14015
3 6062 16487
1 3974 12485
2 960 5993
3 2736 17892
3 17061 16639
3 14233 16205
3 12912 7198
2 17459 15546
1 8095 1939
2 4260 6496
2 6453 10704
3 16083 11467
2 19584 10301
2 13259 16947
2 11929 14925
1 11423 14442
3 11004 4960
1 14796 10456
2 7210 7763
3 9251 14121
2 2649 166
2 3473 3328
3 4343 13796
3 7844 7310
1 13368 20344
2 17826 19226
1 1544 9522
2 7321 10350
3 5061 9587
1 6197 19573
2 1618 17578
3 8133 11106
1 5874 3805
3 4299 19897
2 4285 10998
3 9454 15010
1 6231 806
1 8790 11663
1 4021 19289
1 14105 13113
2 19423 3761
1 18702 10968
2 277 4579
1 13000 5370
2 11481 1705
1 3428 843
2 9677 5482
1 17391 4118
3 3858 16221
3 815 3338
2 19269 17855
3 13741 20504
1 18851 9858
3 9449 11557
3 957 20569
1 544 1716
2 15917 16437
2 12569 1764
3 14590 18096
3 1722 811
1 9228 14184
1 12164 7553
3 17534 3802
2 18484 11900
3 7994 2337
3 17015 14937
2 18052 13032
3 9327 5956
3 2227 11166
2 6159 8897
1 20090 19272
2 8249 16542
1 8639 7877
3 12323 4417
3 1531 8489
1 8948 2863
2 3921 19973
1 3701 6132
3 13586 8139
3 11714 1915
2 18207 12579
1 12623 5246
1 16160 10936
3 10074 5404
2 15403 11710
2 16519 4500
3 15093 20441
1 11659 13595
2 10973 9086
3 4442 12065
3 12937 11113
3 6066 3743
3 14769 923
2 4650 11741
2 5322 19078
1 15141 9296
3 10909 19134
1 16878 3667
3 6197 20537
1 5926 19944
1 8968 4345
2 10638 322
2 13510 57
2 13567 17184
2 5898 11374
1 10207 2609
1 13339 12977
1 10617 10033
2 3140 9407
1 12314 14359
3 14724 16831
1 385 6462
2 1581 15178
3 18910 1564
1 13793 7801
1 1276 11639
1 11662 4668
3 15277 9125
3 1992 17682
1 15297 13706
3 207 2800
2 17406 66
3 17058 7954
2 142 8269
3 502 3817
1 5029 1933
2 11190 20168
2 945 5376
3 9909 3884
3 20502 872
3 4167 14567
1 10067 10084
1 12168 2411
1 2542 19801
2 18262 18517
2 10765 14851
2 13443 2837
3 4789 3179
2 20468 2952
2 8957 9138
1 8354 13865
3 17388 15341
2 14343 19
3 9479 13187
2 9732 13439
1 2438 7422
2 18715 8554
2 16093 2397
3 8132 7514
3 7004 15021
1 11080 9498
3 1259 18506
3 10010 39
3 271 8332
1 9497 16965
2 4466 2081
2 10460 4033
1 13620 12754
3 17787 5551
1 18732 10477
2 9635 950
2 2522 1703
2 47 10630
3 20615 13492
3 19118 12096
3 9404 614
1 16729 5064
1 20229 8540
2 592 11546
1 16855 20455
3 13011 7269
3 779 12758
3 7840 4385
2 14829 2487
2 4925 1361
1 5315 2132
2 5853 7535
3 2744 13347
2 9080 5062
1 16968 12563
3 7810 19344
3 20631 20266
1 998 18841
2 15662 9308
1 16001 19482
2 5967 16767
2 7081 11989
3 2208 8147
3 4991 17198
3 981 8116
2 15820 9060
2 225 104
1 17290 14265
1 2786 19079
1 11237 3887
3 8294 16632
2 15398 7727
2 8642 9862
1 15139 15788
1 19507 7634
2 17667 17648
2 18965 19119
2 11932 8443
2 15252 18893
1 10940 11453
1 17044 14687
2 13115 15751
3 13439 17841
3 4121 2519
1 3543 15160
2 15645 13737
3 516 11339
2 19058 14869
3 17561 8432
3 7513 2371
2 17140 19980
1 12562 177
2 7941 7806
1 7521 8196
3 16432 16504
3 4507 20613
1 5710 14462
3 15934 17167
3 1700 6790
2 4463 15850
3 2226 3603
1 8782 6169
2 8079 13152
3 44 8843
2 10291 17738
2 11765 19711
2 41 17202
1 4978 3167
3 8824 15855
2 8009 14770
2 465 9130
1 10498 8949
1 17430 1861
3 14516 13972
3 7903 19907
2 19755 18979
1 6671 10349
1 3111 13013
3 8174 18521
2 4552 17564
2 6074 3418
1 2184 7733
2 8254 18697
3 794 5386
3 1500 17978
2 13592 2927
2 13459 15803
3 3350 12263
2 3883 18191
3 20536 20494
1 15024 7784
2 3922 12285
3 2950 20529
2 10041 11029
3 3793 5794
3 10090 9441
1 17625 9982
3 19864 9839
1 8296 15464
1 722 8503
2 3611 19299
1 16535 13342
1 20327 12667
1 14514 1994
1 4363 13656
1 8410 15417
3 6591 19018
3 16255 7641
3 8462 3623
1 11906 20543
3 10562 12376
1 18186 12994
3 15060 5473
1 248 8771
3 17230 8429
3 20317 15581
1 4444 9743
3 12159 9235
3 16254 19106
2 16448 11967
3 17928 5594
1 13336 3431
1 15295 19258
3 1107 1766
3 10285 5182
1 19716 18394
3 4233 2190
3 7162 17352
2 17306 12185
3 9473 20098
1 13712 13783
1 16194 18271
2 3741 16662
1 15559 12447
3 19471 3916
1 6552 4301
3 14495 11819
1 4501 18280
3 3031 13987
3 17738 5446
2 3340 3148
1 15612 13161
2 2403 1252
1 3962 19405
3 10878 12006
1 5969 11002
2 12565 17761
1 17997 16200
1 5782 4298
1 3523 6334
2 18602 14381
1 16591 1573
2 19688 16240
3 12205 15514
3 863 6693
3 2493 16790
1 15228 8516
2 14601 3233
1 19110 1590
2 9051 11306
1 340 13135
2 1230 3437
1 20650 11315
2 19585 9783
3 16300 10834
1 20197 9719
1 12465 10135
2 18107 12651
1 3336 7087
1 3264 17167
1 20628 4623
2 14629 4358
2 15758 8982
1 2170 1155
3 5681 6047
1 15499 4417
1 10289 16379
2 3617 9340
1 11950 13510
1 19407 17457
3 9048 1038
3 20391 16077
3 17640 14918
2 8719 5479
3 5613 3269
2 9235 4107
3 17096 13487
1 17230 17896
3 17451 3026
3 8375 5773
3 19675 2036
1 19437 7306
1 3305 3677
3 6554 13351
1 18018 5066
2 5260 14845
3 7286 18427
3 13555 20422
2 2399 9744
1 10336 1212
1 18202 3119
2 13030 6643
1 9839 10059
2 3225 2654
1 14756 16532
1 15503 8033
3 18559 12278
3 14515 8133
1 2852 12942
2 11619 6401
1 13523 2574
3 3665 18948
3 17632 12909
3 10759 16178
3 12707 13562
2 6573 13893
2 20477 17583
2 17645 687
2 17647 5636
2 19053 13480
3 6460 273
2 10831 13490
3 7412 12461
3 14790 10557
3 16622 5491
2 8933 2123
2 13373 11308
1 698 4149
2 5162 1565
3 18044 12480
2 18540 12271
1 3398 19479
3 4756 8883
3 9927 6993
2 12384 18652
3 17478 13421
3 13006 4126
1 2540 15316
2 2708 6854
2 10614 17078
1 20234 9396
2 11634 14027
2 1478 548
3 16210 10237
1 18937 2647
1 11062 2001
2 18440 5916
2 18202 10229
1 6285 14258
3 4553 16279
2 13361 12491
3 8013 2237
3 17040 13567
2 19436 4173
1 1291 11656
1 9481 1828
1 2931 10228
2 17932 4354
3 9240 8086
2 5585 18393
1 15407 7884
3 10328 14183
1 15798 4262
2 17081 19757
2 5337 13391
2 11719 15510
2 4594 1682
3 13637 16387
1 11390 1153
1 2580 14009
1 264 4400
2 6415 7183
2 2897 1291
1 8200 18745
3 7736 4592
2 19445 699
2 12692 9815
3 8877 9765
3 15229 9531
3 12009 1058
3 17929 14493
1 16766 3993
1 9972 13050
2 14414 1033
3 3422 11894
2 16053 5745
1 18401 10965
2 803 1236
1 19832 14126
3 9099 15767
2 14941 15258
2 16594 2567
3 16550 5531
3 15494 9912
3 10899 8290
3 5975 1939
1 130 2083
1 10736 20320
3 3836 8503
3 7135 9661
3 6459 12972
1 4408 3680
3 6023 11977
2 14983 18535
2 4550 5955
1 11734 11484
2 14581 17006
3 14036 19185
1 459 3304
2 13601 5223
2 11512 13509
1 9608 8821
1 7322 3317
1 12614 14993
3 3335 670
1 13687 16717
3 3930 14968
1 15966 6005
3 19144 4175
3 10647 5184
2 20382 6490
3 18473 9481
2 16511 9594
3 17800 11926
1 9717 2992
1 10827 17815
3 8 14239
1 18113 8793
3 4909 3948
1 12745 7997
2 20464 11275
3 5913 10416
1 17477 16507
1 10141 18152
2 2298 14645
3 5545 1318
3 2873 12555
3 14221 5641
3 1114 4885
3 18959 7288
2 13008 13263
1 2350 2185
1 5354 19238
2 11023 7141
2 5605 2503
3 8710 7196
2 3388 6632
2 1698 15076
1 18750 11444
3 1707 1388
1 16170 2375
3 4201 15316
2 17581 3995
3 15891 18800
1 13824 14292
3 16302 879
1 2906 13987
1 9828 8555
1 17199 4810
1 14510 3341
3 3527 13390
2 7398 17866
2 18439 442
3 10698 4068
3 17501 13412
1 4683 10509
2 1393 18780
1 18257 3815
2 16243 10684
3 1976 19856
2 5101 5271
1 7967 19305
3 16199 17823
1 13431 5248
1 3026 12830
3 9381 10864
1 1795 5726
3 9565 18077
2 4240 9263
1 13759 15351
3 8564 17571
2 7773 14977
3 19660 14715
3 2224 12606
1 16649 6484
3 7831 1194
2 14822 16853
2 6576 15627
1 18051 3699
1 11281 9093
1 18541 5673
2 19158 3221
3 1194 2027
1 6463 6196
1 8670 8538
2 13212 13300
2 7486 15815
2 17000 18801
1 5827 246
2 5033 7226
2 16096 19671
1 13319 9622
1 7350 13776
1 12908 7
2 10837 6215
2 13811 18417
3 11327 20444
1 12620 19588
2 17616 14415
2 11652 5622
3 11458 11980
3 981 9714
1 6141 12714
2 5122 8091
3 11954 12278
1 9944 13592
3 16800 13929
2 17553 9782
2 7086 16539
3 20195 566
2 20386 19676
3 4666 3367
3 12502 13795
2 12467 19662
3 1426 1972
3 5613 7061
3 1362 14809
1 6353 2859
3 8809 11224
1 622 15345
2 4309 14569
3 16984 5899
3 20247 11397
1 18505 7112
2 14831 13235
1 5763 19698
2 12782 2623
2 5821 19518
1 9976 17746
2 12693 11334
3 11943 6569
1 18850 2400
1 18361 11711
1 8387 3562
1 5502 9809
3 7691 8716
3 17219 3501
2 2300 18503
3 4062 15585
3 2619 10995
2 1263 14950
3 13441 4807
2 20369 2504
3 11821 13028
1 1507 16534
3 16863 5810
2 18547 19605
1 8249 7235
3 14621 1699
3 19191 5419
1 1141 12556
3 14911 15676
2 19830 2527
2 3344 2447
3 14792 16973
1 18447 11869
2 10907 17268
1 16005 2236
2 8507 13131
3 12223 17191
1 19460 19982
2 17581 14063
3 2217 14062
2 19379 1143
1 3041 1438
2 10372 19438
1 18890 361
2 13102 8403
3 19568 17571
1 11687 8200
2 9044 369
2 1826 1028
2 1724 16320
1 4067 8008
1 10634 20270
3 1654 10927
2 2812 9500
3 12161 15745
1 17544 9579
1 6334 16224
2 17370 7934
2 14598 9788
2 20455 18725
1 9728 6606
1 91 6573
3 11551 7994
1 14487 1548
1 15900 10518
1 7559 1433
2 9923 8376
3 313 18183
1 5672 5668
3 3728 2416
2 15560 14483
3 10938 12509
2 8502 3513
2 18937 15763
2 17492 422
1 14001 18966
3 4747 221
2 8875 10829
3 13904 9027
3 11501 11085
1 14539 2979
3 17826 9494
3 13527 12826
2 19674 20390
2 18482 15201
2 4302 17374
2 5782 9007
2 16439 3192
1 14289 14994
2 6851 6891
2 8087 557
3 18827 16793
1 13218 14942
2 5733 3421
3 17149 17057
2 6746 14183
2 4765 5842
3 13786 1969
1 19394 13546
1 11844 12904
2 20364 12739
1 16950 6909
3 19534 19452
3 812 16136
1 19462 3708
2 14421 18248
3 6257 9621
1 9022 15993
1 1195 6338
2 9417 60
2 6055 7750
3 18951 19294
2 9840 7900
2 3630 10129
3 14517 15946
3 6299 14301
3 15690 12967
3 16770 11034
2 17810 16583
3 16646 3823
1 462 4655
1 15107 11919
3 13519 11973
1 6801 4479
3 3419 2925
3 4943 15676
1 6221 6115
1 14498 5440
1 8873 3419
3 11235 2077
2 13188 6672
3 12462 19665
3 18565 16378
1 17173 4827
3 16115 3873
3 18773 14681
3 9496 7952
3 7855 20056
1 949 14501
3 18675 3997
1 6840 2244
1 7087 4183
1 6176 4652
2 18411 1560
2 19615 1483
1 438 14350
2 2842 5821
2 7417 17371
3 6663 13438
1 5951 3430
2 16729 10390
3 14220 2662
2 19097 9415
3 9551 311
1 20485 19969
2 8509 2515
3 12571 16636
2 7876 3403
2 10811 9165
1 17910 19664
1 4965 17839
2 13027 10224
2 1815 12585
2 17086 16722
1 622 12143
3 6768 12491
3 15101 5314
1 811 8871
1 20388 6092
2 7814 3542
3 16761 11336
3 15079 13803
3 13966 17788
1 9844 16092
3 12845 11123
2 6553 5380
1 11330 3112
2 13763 17498
3 15889 3704
2 6137 2144
1 713 20638
1 16994 3863
2 12352 13828
2 16638 4974
1 312 14412
2 3967 4867
2 12105 14329
3 10514 16033
1 14870 18458
2 15467 14929
3 18691 10810
3 18342 4923
2 13909 9294
3 15168 16971
3 16654 6659
1 7656 11812
2 15300 17850
3 6487 13486
1 2564 3211
1 16591 4382
2 2184 11059
1 16320 20175
3 14329 16672
2 521 1070
2 5118 17603
2 9138 439
3 15468 7642
3 10397 6466
2 13526 20417
3 847 13962
1 16048 6997
3 9212 5509
1 11270 7042
3 14714 309
3 14723 7213
2 7923 1833
1 9842 5928
1 630 7162
1 15139 12876
3 9971 19132
3 12911 10061
1 10890 10277
1 1393 429
3 16371 2765
3 1535 10880
2 9292 396
2 11161 11500
3 14401 4471
3 4727 18497
3 966 2606
2 8698 11546
2 3179 14916
1 5118 15394
1 182 16822
1 16781 4205
2 7053 19857
2 2130 19773
1 8899 9231
3 2923 11339
3 16827 4793
2 18181 4504
3 8016 11050
2 19209 2402
2 13482 4074
3 16853 1739
2 11016 20139
3 3015 1525
2 17682 9534
3 14362 18471
1 7162 3927
3 6189 2510
2 9432 10383
1 4962 4942
1 3120 5317
2 5077 6401
3 4358 5900
2 20611 18026
1 6727 18950
2 3510 2409
1 454 12005
1 8840 2460
2 12594 5310
1 6703 11632
1 9758 20222
2 15969 2
1 5432 8113
2 1345 12741
1 14701 12071
3 15327 15493
1 3308 5533
3 17320 8721
3 7690 8902
3 2109 3282
3 3999 13042
1 3745 2571
1 3341 765
3 13696 19394
2 14246 6133
2 10805 13072
1 15805 9938
3 1646 3766
3 4304 8118
3 14061 8988
2 16361 11044
2 20294 15437
2 4811 1397
2 7103 9539
3 9843 14470
2 3611 5177
1 606 5470
1 16320 15894
2 15343 7284
2 18852 8556
1 14693 15991
2 18165 6777
3 4373 8166
1 9565 10468
1 12816 17332
2 10124 12636
1 1125 6177
2 17393 715
2 18197 7581
3 14468 19602
1 12629 14725
3 13669 5955
2 8740 12427
2 17002 16607
3 6131 14631
3 16766 14058
1 7075 14880
1 9029 6493
3 19923 8449
3 10738 9183
2 3175 9198
1 11009 10919
3 2968 6526
2 11694 17345
2 3920 12975
2 4440 3466
1 15274 3526
2 8591 15522
2 19100 6940
2 101 13323
3 8660 12881
3 3517 15319
1 17857 15123
2 19690 11101
2 4396 7690
3 1217 12102
3 19125 2694
3 7853 7656
1 19095 4186
2 16078 11817
2 12992 9141
1 1746 3521
2 4736 14279
1 7415 9998
1 3246 7943
2 18219 14436
2 5355 6312
1 5745 8705
1 652 12090
2 6131 4676
2 9078 10448
1 7045 5238
3 1885 18189
2 3756 16464
2 1544 20316
1 17722 17223
1 2094 15743
1 6983 14113
3 12843 1427
3 17983 12414
3 8003 10560
1 12854 12050
3 4689 15774
2 19055 5008
3 9848 5016
2 20176 9634
2 9349 18770
2 18177 19596
3 13547 418
3 17065 331
2 7477 4052
3 2890 1241
1 5977 7033
2 17372 976
1 969 20396
1 15706 19323
1 8837 4119
3 4894 1721
3 19690 8179
3 13299 11014
1 6462 13081
1 9402 7401
2 11093 3613
3 18599 14891
3 13922 19123
1 5011 10676
2 9384 11905
1 1507 8767
2 18416 12777
3 16945 4032
1 12950 19656
1 10153 9051
3 11252 4994
2 19471 12946
2 5149 1099
1 3636 5930
1 1432 14308
2 4490 18181
2 9722 20315
2 12944 6857
3 9607 16322
1 193 18362
1 3056 4148
2 18942 1324
1 7449 4299
2 18048 931
1 18114 2042
1 16314 7364
1 6291 19768
2 653 6133
1 14252 14455
1 11344 10759
3 7979 12982
2 16943 2601
1 3359 16409
3 6964 3796
2 13665 9857
3 6891 2049
1 16353 14977
2 4930 13877
2 19711 3344
2 834 10876
1 17715 11810
1 7359 8481
3 20086 19422
3 4787 15121
3 6243 10019
2 1737 14149
3 8825 4212
1 11758 14985
2 15183 7310
2 10890 2145
3 3570 15155
1 704 2256
3 20650 3255
2 9384 12817
2 16558 5285
1 16256 19668
2 16969 488
2 8777 10599
2 9549 18941
2 7279 5518
1 13168 1952
1 10722 17708
3 7765 3881
1 12788 18150
2 7303 6053
1 17153 4361
1 16761 8386
1 12306 7208
3 2519 13867
3 16912 11843
2 18164 4698
1 4305 2497
1 5075 9247
3 19984 9317
2 12013 8379
3 7775 7407
1 1168 54
2 8754 10255
1 4912 17400
1 7437 15704
2 11910 2839
3 14568 17500
2 532 14199
3 12471 2233
2 19928 20052
3 8990 6488
3 20176 4691
1 4445 11027
3 17913 17047
1 2588 15601
2 4634 6198
1 2187 7138
1 8435 16047
2 2339 11803
1 13973 4779
3 17625 19814
3 7355 14195
2 11589 12365
2 19914 1759
1 13583 553
2 1030 15174
2 924 18920
2 9416 19974
2 13653 6045
1 4950 8750
3 1229 18643
1 20598 9937
2 10905 3975
3 1655 12947
2 11187 16401
1 2895 6657
2 2699 676
2 13650 18193
1 13402 5382
2 1903 15598
1 13171 16784
1 1732 15740
2 16996 6201
3 7652 16174
1 16170 19364
3 10162 380
2 11647 3626
3 7683 12095
3 15660 20157
2 4902 5701
3 9102 4215
2 13871 13850
2 6870 9467
3 20591 9641
1 19436 11296
3 4552 484
2 8329 8367
1 6021 557
1 911 4096
2 5390 9788
3 1565 6186
1 6411 15792
1 1958 18981
3 4620 17599
1 5828 9893
2 6586 522
3 8424 6724
1 8761 1864
1 2442 10872
3 4768 765
3 16487 2881
3 5676 1862
3 1002 19183
1 13800 6586
2 2279 13459
3 14917 2083
3 20202 16058
3 14909 15011
3 247 12216
1 10419 13073
3 10366 15226
3 5205 8665
3 13740 6207
2 10101 2696
3 2157 13882
3 3000 16286
3 17304 2087
1 11694 10655
2 1363 17663
1 9656 7258
2 15942 17833
3 19430 10721
3 6981 17955
1 20595 10060
1 8466 17547
1 12171 9962
2 10065 19384
1 7983 19073
1 15098 3873
1 5555 11446
1 16274 15567
3 89 4766
2 14306 8327
2 6529 13535
3 5030 16675
3 7510 14613
1 1803 6719
1 646 14018
2 9039 6848
1 14455 20480
2 1419 6217
2 1164 12480
1 7192 18709
2 11037 8393
3 3328 15049
1 12217 13067
1 20330 14813
3 2566 15237
2 13761 20113
1 18603 5005
3 18350 2011
3 4263 1749
2 16926 791
3 13678 7151
1 16977 19919
3 9604 14777
3 10439 972
3 10457 1610
2 8942 9578
2 1337 14820
3 11779 8143
1 19055 18124
1 1166 754
2 16629 7529
1 11399 3339
1 3311 4565
1 6006 19809
2 11024 5722
2 1546 16985
1 4490 15328
2 4258 17170
2 20408 14771
1 3773 26
3 946 3882
3 10358 488
1 10230 18709
3 11151 18937
2 5745 12747
2 140 11228
2 11127 16275
2 6629 18490
1 12459 14972
3 6740 2622
1 6635 5183
3 15375 16388
2 3889 17525
2 14373 958
1 3683 14847
2 877 12683
1 7614 9300
3 4376 11521
3 3417 14754
1 19151 1843
2 14753 14563
1 3183 11131
2 15883 7126
2 14058 2100
3 13081 12729
1 11231 2332
1 14883 11204
2 12763 10920
1 7197 13112
2 7331 15458
3 2430 4620
2 9621 11914
3 5188 13955
3 1715 20242
1 8539 9959
2 3606 6075
2 6613 16777
3 9598 12275
2 16227 15835
2 19082 6673
1 15940 6170
3 14583 17433
2 18459 10404
2 12587 19488
2 5616 19842
3 12819 17721
1 915 13910
1 9703 18173
1 6464 10318
2 11460 16583
2 11771 17823
3 19053 6316
1 1798 2046
2 9659 19807
2 9886 16152
1 7160 13743
2 7311 3458
3 5960 15730
3 13117 19081
1 12667 7307
1 20007 7149
1 2281 13247
1 17792 6356
2 20545 12717
2 9618 15501
2 1480 4123
3 17 3452
1 18853 5709
1 589 20526
3 11710 3467
1 11612 13789
1 12946 10666
1 4147 1133
3 5708 3242
2 12504 7620
3 20181 18430
2 3946 16555
3 6008 17336
3 17413 19779
3 13863 11062
2 10492 388
3 6266 116
1 2858 16946
2 1763 18342
2 3534 20159
1 15949 12370
2 12241 14843
1 20317 15489
1 6120 11085
2 14677 2503
3 18888 17903
1 17142 14009
1 15531 1860
1 19781 12475
1 9577 13042
1 4880 8143
1 13033 13993
2 9282 12358
1 11318 5602
1 4297 2857
1 9481 473
1 11319 2886
3 376 12560
1 20201 2637
1 13315 17449
1 9377 14051
1 16475 18789
1 2805 5057
3 2642 15905
1 13062 1771
3 2486 16694
2 14134 17630
2 10083 5300
1 9845 11518
2 10481 10742
2 19987 19363
3 14361 14679
2 18590 16458
2 3255 6874
1 19805 6975
2 13487 3753
1 8047 9712
1 15650 17470
3 13849 17863
2 17926 8893
3 10213 11833
3 17333 7683
2 8866 20625
3 14697 5134
1 16764 17775
1 1978 3916
2 15585 1169
2 9613 14746
2 13522 5195
2 18811 3161
2 15153 5204
2 4558 10013
1 7114 10866
2 16010 19397
3 9881 9800
2 15834 5263
1 12559 14122
2 1039 5795
2 17433 17406
3 451 8758
2 17924 3604
1 1877 16808
2 13643 459
2 11435 4612
3 4095 7653
3 9295 13196
2 11990 6273
1 18660 17709
3 374 1983
1 3592 18390
2 17242 7651
3 19717 6812
2 13470 12375
3 10297 14921
3 4214 9541
2 14188 12668
3 2260 19548
3 13207 1187
2 5048 15913
1 5154 13372
3 15967 7463
1 15107 14763
1 12933 12793
1 15738 910
2 2166 18321
3 10623 274
3 5990 4827
3 5494 5571
3 17679 5230
3 13679 14933
2 7453 10205
2 20477 19111
3 20463 19956
1 6733 13751
3 20240 12722
3 8997 12088
3 17526 5352
1 10111 17318
2 1440 1133
2 19800 18445
2 18960 16564
3 4370 11970
3 10430 7836
3 11054 3767
3 4418 12238
2 10160 9662
3 7299 56
1 13772 10655
2 17605 11154
2 15941 4533
1 18453 6983
2 6411 16370
3 3848 19927
2 13330 11453
3 20536 13038
2 18531 17325
3 16384 17908
1 2373 2704
3 5686 15613
2 2358 5398
3 3043 5798
1 12011 11579
3 5640 506
2 10276 16638
3 10842 8634
1 11738 7864
2 15970 5780
2 2016 1954
3 9488 10884
2 18015 3975
2 18658 18737
2 8730 18774
3 11091 18284
3 1334 13969
2 8985 7613
1 8088 17138
1 2383 9044
3 3428 20202
2 10536 13045
1 2853 13760
1 20442 9412
1 9898 8070
3 12544 18201
3 1101 1460
2 18316 11377
2 7011 8776
2 5857 11974
2 10628 12314
2 10756 1267
1 10203 19617
2 4628 15608
1 1024 5093
2 16260 18643
1 14056 6489
2 3509 67
3 12188 5967
1 14261 18978
2 6598 8080
2 12532 6781
2 12601 7619
3 17037 644
3 19653 10258
2 2387 8511
2 184 4192
2 14255 17707
3 2929 6022
2 2351 14769
3 10133 2328
3 4361 9850
3 2537 7900
3 16470 8818
3 7364 9128
3 9516 12271
3 11235 67
1 227 13096
1 14159 12169
1 12714 1821
1 7906 5482
3 8160 4874
1 17556 12095
3 3559 11204
3 5297 20574
3 19665 965
1 9884 456
3 3864 1919
2 889 7342
1 16389 4945
2 11134 4381
1 17154 8774
2 17967 5240
1 15272 18888
1 8971 18721
1 9450 2076
3 10614 12049
3 3391 4397
2 2526 10942
2 11622 17516
1 9930 15910
2 3063 4605
1 20564 8332
3 10470 1849
1 13641 12622
1 14203 3141
2 1355 3413
1 12015 7844
1 17017 8231
2 19085 6596
2 17012 15709
3 1611 5388
2 12782 5318
1 5639 12099
1 14486 440
2 16138 17045
2 4446 3861
3 19531 10108
2 17743 4914
3 16701 14983
3 14955 3602
2 3553 20562
2 2413 6606
1 7010 1732
3 19551 14657
1 1287 158
1 9015 12362
3 11497 3947
3 10691 10991
1 10802 10093
2 12996 8736
2 16911 4324
2 8936 4678
1 9713 15158
1 9228 15571
2 16700 1149
1 1691 1596
1 20393 8864
2 13985 15847
2 5997 6119
3 5412 7114
3 5951 2259
3 3761 2604
3 11157 15100
3 11054 516
1 13235 19535
2 17469 20053
2 9992 13148
3 2025 14237
1 1394 10164
2 4898 3775
1 7365 12554
3 9166 19068
1 16659 11085
1 4839 3442
3 15261 19211
2 15609 8025
2 8559 14429
1 792 17554
2 14132 19523
1 11373 3697
3 1557 6208
1 2998 6383
1 9161 3429
3 8308 14471
1 18510 1526
3 5693 1979
1 8314 12016
1 17037 19402
1 1291 4834
2 4054 14250
1 173 17760
2 13784 5280
2 2232 9105
2 19146 10057
2 13950 10470
3 7136 12339
3 818 15208
2 4538 8568
2 17351 7943
2 19766 19868
1 10849 14168
2 5728 12971
1 6267 3890
1 6604 16709
1 11664 1817
2 14237 6687
3 3677 13192
3 18804 6706
3 8762 14973
1 12578 2953
2 20419 18178
2 10802 17506
1 15298 18562
2 1689 15444
3 10289 472
1 3586 4823
1 18678 4460
2 13606 4839
1 8107 6255
3 6754 15110
1 5305 5838
3 9623 8214
2 14179 7208
3 16339 3919
3 15475 8116
1 14988 11387
2 2085 8254
2 477 18814
2 16359 6247
2 8931 11482
2 8169 14579
1 14780 20293
1 8628 4266
1 18115 9259
3 3889 9873
2 4238 15607
3 5079 6440
2 7109 15584
1 11831 5201
3 13161 19512
2 2339 8222
1 15591 2433
2 20309 12974
2 803 7531
1 6543 3279
3 6448 7901
3 4219 19356
3 17699 4730
2 10345 1737
3 499 5567
3 15680 15327
3 11126 5307
1 4722 1751
1 18540 5420
1 13044 12562
2 6264 2461
1 14115 11126
3 14931 17482
3 11264 3318
3 13230 199
1 10370 19722
3 5807 92
2 5680 5113
2 242 16695
3 14410 12654
2 8598 16282
1 7310 7869
1 4469 17711
1 19728 18657
2 1798 2130
2 12001 19653
3 1581 15240
1 15204 16880
3 5041 7142
1 14478 14214
3 10794 7260
2 7860 7796
3 20035 6244
1 7098 17551
1 3225 20443
2 18492 6777
2 18372 1945
3 16267 5449
2 970 667
1 2258 18191
3 14401 19828
2 12511 5867
1 55 11712
3 11134 17845
1 11931 2906
3 7182 2260
3 681 6335
1 8994 14260
1 16715 14279
3 12255 9329
2 18947 10997
3 14306 18209
2 15024 4826
3 8819 15411
1 7069 12492
2 8137 1160
2 20283 6818
3 17020 10809
1 6561 8866
3 12442 9914
2 1022 1996
3 16381 19331
3 8743 20529
1 13856 14569
1 3992 1902
2 1485 18635
2 13588 19495
3 9435 2325
2 20162 18086
3 13570 13364
3 7168 5144
1 5853 5040
3 19726 5298
3 12498 2391
2 16015 12694
3 5980 14500
2 13050 13559
1 14198 18061
3 1751 8317
3 14618 20170
2 18585 14071
1 13080 9396
2 6651 17769
2 12447 7568
3 8197 9125
1 7414 16906
1 15828 6160
2 3420 16381
3 18913 3684
1 1421 17368
2 17018 17548
2 11637 1027
1 4369 19562
2 16785 6681
2 17026 1497
3 16464 17069
1 1686 2319
3 14563 12590
2 16984 10867
1 13907 20532
1 8869 846
3 3306 8215
1 7647 5578
2 13416 2515
1 13220 5485
3 9438 1630
1 14983 10692
2 4598 18982
3 16215 11520
2 12911 19967
2 9758 8433
2 7890 10577
1 17656 12538
1 7498 19714
2 7690 9117
2 9189 16977
1 539 7121
3 13549 2635
3 4618 17060
2 15959 18992
3 2747 10881
3 13881 8650
2 10580 5397
1 14967 1213
3 15132 14380
3 12056 10599
2 12484 10929
2 15671 17463
2 18433 20450
3 7846 1860
1 12390 16595
1 12959 13255
3 10787 10144
2 14676 16046
3 4962 2852
1 1624 20295
1 18657 7567
1 18398 2064
1 12085 13515
3 14733 4645
3 6528 18572
2 8186 6999
3 10307 13275
2 3336 16570
1 14665 12587
1 1838 16053
2 14261 3545
1 5777 10647
2 18892 11297
2 6543 12611
2 1800 4348
2 9435 12734
3 15603 7124
3 13038 4359
1 19812 8850
3 7367 12305
2 11306 20044
1 13427 2607
2 9169 1766
2 7769 4812
2 731 7482
1 15528 14853
1 748 19918
2 2883 19282
2 4570 16003
3 17473 19572
3 13524 7367
2 7746 17956
2 18623 4751
3 8494 8620
3 2430 1150
3 3595 16589
3 19744 8471
2 19091 14274
2 100 11756
1 13038 16681
3 7212 12381
3 6354 14790
2 7095 4733
3 13390 6809
3 4140 4155
3 15165 5053
1 14290 17743
3 8118 14918
3 17932 12951
2 7998 8406
1 2174 14329
3 8726 1305
2 2924 6280
2 1928 6954
2 2231 3566
1 699 15579
1 9336 16672
2 8768 5208
3 17542 10383
2 18731 19892
3 5373 5424
1 2452 6108
3 9551 14057
1 15494 4220
1 15998 3195
1 5077 12131
1 18598 18900
3 17922 4973
1 9792 8811
2 2996 18545
3 11643 15337
2 9355 3182
1 11087 19541
1 16408 1257
1 8307 4975
2 11123 16194
3 7560 3667
2 1951 3265
3 5319 19161
2 6797 18337
3 2973 19524
1 2116 17763
1 2545 7396
1 15252 8958
1 1447 9590
2 15972 7077
3 3296 12156
2 11863 16027
3 8429 924
3 3203 1875
1 13432 15136
1 20222 19399
3 19320 11815
3 369 6110
2 16087 15644
1 3494 2129
3 5649 16248
2 18879 19370
1 10193 13741
1 14537 13124
2 20603 12591
1 7536 6489
1 20133 9183
1 6550 18816
1 7201 15844
1 6962 5005
1 5664 19310
2 3843 14644
1 7183 12117
2 16667 1884
2 11409 19787
2 2878 15972
1 14042 4745
3 20546 2673
2 18709 9721
2 9643 7745
3 6898 9583
2 8171 10551
3 2690 6085
2 2848 18932
1 12430 2043
3 9713 4406
2 11506 12029
1 4171 9590
2 13139 2513
2 5587 13948
1 15151 17634
2 17610 9680
1 19949 20480
1 1366 1008
3 2525 18038
1 18112 8901
1 19811 13536
2 4235 3066
2 2600 7913
2 10299 6426
3 188 3894
3 7626 17725
3 10346 6319
3 18750 4640
1 15956 7983
1 10720 13155
2 3206 9595
3 7236 20314
2 17550 8068
1 9009 8517
2 11195 1051
2 5730 1822
2 8685 1618
1 4597 1826
2 16003 17941
1 8602 18098
2 6288 133
3 7445 13828
2 16177 18695
3 3817 11435
1 3927 18284
2 15690 15209
1 4888 3845
3 10329 9462
2 16371 8445
1 6994 6852
3 19576 18165
3 4112 17167
1 5576 15619
2 2301 16589
3 5807 3913
3 8024 14066
2 14044 942
1 12456 15290
3 4313 11816
2 18621 12261
3 3980 19645
1 3905 148
1 8685 13855
3 14370 8089
2 17677 732
2 10361 10524
1 17287 14914
3 18825 1885
3 4652 16303
1 2607 19228
3 2821 7935
1 15909 18145
2 19318 7450
2 2282 18202
2 15657 8080
3 10506 11560
2 12802 1254
3 6289 2771
3 6966 6368
3 16550 17679
2 11852 9930
3 2221 13046
1 2432 3339
1 18049 1649
3 4687 5196
2 9450 10537
2 689 3399
3 16637 3100
1 10094 12020
1 12009 1385
2 4765 19408
3 13061 14926
1 6411 6082
3 15703 16926
1 2570 385
1 13647 19285
2 16502 2181
3 17723 17334
2 10789 3155
1 15950 20329
1 4600 4841
1 12854 18587
3 19401 18606
3 12110 9537
3 5792 17835
1 7575 976
1 17730 6815
2 11390 17494
3 10377 12338
3 3638 2157
1 1304 10247
1 94 10701
1 432 16571
3 5579 3105
3 10121 900
1 1335 1549
2 5567 7488
1 7500 8207
2 4606 4383
1 13372 6194
1 10924 427
3 6851 5911
1 18023 8795
1 1318 9141
1 12920 4793
1 1895 10377
3 2800 421
2 7020 3139
3 16128 10976
2 1269 4911
1 8303 2720
3 14736 14201
2 557 17411
3 4507 4566
1 20060 13995
2 12997 20483
2 14939 12014
2 7900 9326
2 18039 11716
3 7590 14942
2 9296 8638
3 3042 19013
1 14111 4086
3 19749 7648
1 12057 2986
2 8464 17894
3 19482 1762
1 6482 19750
3 7589 2030
1 7263 10058
3 4515 19201
2 10212 896
2 16040 4056
2 6795 12730
3 16668 9614
2 9209 6575
1 11108 11017
3 9534 7893
2 14437 6935
3 4788 2904
3 8452 19958
2 7735 17876
3 4668 9680
3 8686 12461
3 16375 8961
1 10424 6287
1 13122 20307
2 15088 4413
3 5858 18830
1 5867 6008
3 4858 19851
2 6937 3002
3 5229 13936
1 19266 16721
1 1347 4482
3 19185 10337
3 1334 5813
1 1121 7346
3 17779 9445
3 17628 1644
2 15209 10381
2 13197 9453
2 17916 6934
1 4171 2692
1 12202 14227
1 13998 7489
3 12819 9341
3 19408 1671
3 20600 16459
2 4231 10861
3 5470 3016
2 11319 4176
2 16354 18337
1 566 15411
3 16442 13192
3 1058 19897
1 8597 7810
1 10673 7262
3 14614 4238
3 18331 15863
2 1513 19926
2 5998 6649
2 9065 6329
3 2826 6811
2 4519 16874
3 8983 19859
1 17062 12719
1 3503 11704
2 19580 5859
3 712 11341
2 4887 4742
1 10543 17403
3 14755 12505
2 1065 8009
3 2997 8297
3 19703 16549
1 2597 13696
3 5656 3682
2 13105 3358
3 4640 19461
2 13416 5287
3 20332 1918
3 13364 8141
1 2395 10359
3 18785 10851
2 3356 4141
3 10814 4717
1 14460 9874
1 18083 11598
1 13015 4135
2 2708 10332
3 1838 17925
1 14004 5407
1 10029 18942
3 17192 14711
3 13442 16901
3 10594 4037
1 19944 17882
3 9132 15576
3 8061 15362
1 5467 3478
1 16070 2911
2 98 16993
1 13753 10731
2 16724 15025
3 8734 7168
1 16390 15273
2 18381 3640
1 6132 11208
2 17338 9336
1 20367 10887
2 8316 381
3 19095 14574
2 14794 272
3 5261 10663
1 18642 17940
2 18814 17148
1 7496 18764
3 12283 20477
2 8259 2955
1 16830 13290
3 3560 8987
1 14216 8234
1 19026 13591
1 5643 17495
3 20166 18280
3 2615 15426
2 20276 17859
1 9406 13221
3 1535 259
3 18553 8429
3 14108 13172
2 18905 6474
3 12863 5159
3 14625 3717
1 4162 11079
3 20181 6721
3 2127 10566
3 16051 4010
2 7378 2778
2 3058 11547
1 4273 12824
1 11982 12264
2 8286 3754
1 10416 10182
3 2306 14964
3 16149 8546
2 16690 14778
2 5299 7643
3 9133 20001
3 7598 12316
2 19925 16220
2 7476 378
3 5923 16571
2 5930 12083
2 7794 13130
2 8212 134
1 2107 5412
3 16285 13847
2 4018 11523
2 7360 11794
1 10904 15672
3 10946 3776
1 9853 19487
1 19948 6548
1 10767 5244
3 16578 4311
3 11447 11140
1 6935 15298
3 18927 566
3 4428 17259
1 19254 99
2 17899 4014
2 16988 19837
2 8857 11684
2 20117 16414
3 4950 18155
3 13225 6292
2 9586 16701
3 6974 4927
2 11984 5575
2 1044 18275
1 17094 13130
1 5976 4382
2 6210 12166
3 2446 13229
3 8908 3833
1 15934 12455
3 13978 297
2 5961 19816
3 19553 9347
1 1506 13746
3 19146 19006
2 10915 822
2 4176 16055
1 7382 135
3 4975 17648
3 14091 9966
3 3531 18637
1 18470 16779
2 17095 8573
3 3887 14964
1 6813 15215
2 13913 18531
2 1415 15744
1 13313 9374
2 9862 5551
2 1822 10604
3 9376 7791
1 14429 13511
2 9280 13537
1 16993 8361
1 17521 10259
2 12850 310
2 15075 13691
2 4797 17678
2 10590 5949
3 2976 2630
1 18097 19458
3 8944 167
3 17591 11495
2 20144 6907
3 9259 7207
3 10932 8778
1 20652 1284
1 4447 9696
1 4165 15457
3 94 5890
3 18476 13325
1 15386 7209
2 9169 5583
2 3192 4414
3 8936 9502
2 13295 11751
3 19447 9755
3 3600 8328
3 7774 19020
3 8454 12763
3 9372 8751
3 1671 14333
1 19397 15378
1 16694 3234
1 6826 5388
1 2843 6597
3 954 5283
1 6168 12529
3 7528 2331
3 18201 16784
2 19618 20094
2 5771 11693
3 9052 10325
3 11185 18967
2 20566 17870
1 19731 9893
1 7030 3032
2 11597 12715
2 10771 8472
1 5322 6037
3 10914 10183
3 7431 5940
3 4164 5386
1 16610 8455
3 13007 17919
1 15603 1982
3 14758 17528
2 5725 11519
1 7798 4430
3 18751 6606
1 13166 18640
2 10075 12192
2 1127 13064
3 15691 15034
1 99 15057
1 14832 4415
3 12743 8191
2 10016 19281
1 4677 3350
2 4876 2552
1 5157 8244
3 16291 14218
1 3208 12913
2 18099 9534
2 17029 693
3 5218 11155
2 8448 1339
3 16510 6313
1 18230 14000
3 20011 1390
2 3368 7385
3 2684 5340
1 18761 5652
1 14523 4771
3 3329 13133
3 11524 206
1 5144 12024
3 6327 2534
2 16640 17156
3 288 17111
3 10672 5027
1 15615 20393
3 20517 19450
1 11965 11883
1 4984 6223
1 7743 20343
3 5641 15489
2 1569 10069
1 20624 2587
2 14197 331
1 16737 16433
1 3834 13377
1 3621 6884
3 14136 8008
1 12542 15328
2 19068 10244
2 3839 10684
3 19201 12921
2 6529 10060
2 14300 8647
3 18165 8551
1 6782 8069
2 4323 2780
2 1733 13949
2 14262 9713
1 16618 7925
2 7216 14151
1 2455 17403
3 3279 12519
3 14852 14202
3 13486 16223
3 13441 7384
1 4258 6699
2 16049 1689
2 12610 15453
1 2215 7319
1 14354 18520
2 13689 15259
3 1059 7569
1 14664 19827
1 13448 15943
2 5512 12422
1 672 5302
1 12383 16751
1 12284 7896
3 18943 18776
2 3098 7464
1 870 5380
3 14517 7491
2 12134 13032
3 950 9688
3 18099 1266
3 10740 15035
2 8758 10673
1 4014 218
3 18164 15665
3 6032 4275
1 10915 5577
1 6988 562
3 3460 1354
2 18270 17629
2 16417 3643
3 11081 6026
3 6259 10961
1 10550 4070
2 547 10741
3 4465 2481
2 616 7063
3 3131 17195
3 15460 1293
1 5887 5831
3 8958 1017
1 3458 8612
1 4206 11471
2 15869 7928
2 14628 14935
1 1215 4115
1 7959 14912
3 18610 19351
3 967 18311
2 9082 8183
3 14565 14143
2 17266 2225
2 606 10710
3 2443 232
3 2904 509
2 10082 12382
2 2620 14029
1 1292 5259
2 2540 10236
1 8304 16475
1 6398 209
2 1289 15673
1 12360 6127
2 16496 18956
2 18301 756
3 19948 1239
3 3785 3156
1 8008 12742
3 15700 1307
3 1295 592
2 4967 15379
3 17910 9389
1 2236 5610
2 13637 8931
1 10330 13557
2 16767 20114
1 3021 12856
1 7951 8481
2 11024 7787
2 7946 19925
1 12748 19396
1 11694 18064
1 7559 11743
1 9471 11537
3 7134 2367
1 6171 20547
1 198 7111
1 3288 11516
2 14258 9798
1 1517 3922
3 10383 19917
2 14788 18571
1 20418 20581
2 19070 15500
2 7500 120
3 9679 8438
2 839 18921
2 13520 5195
2 15073 11171
1 10970 20419
1 4996 16549
1 20190 45
1 12830 14570
2 12714 7104
2 17608 6912
2 17344 3611
2 7902 20560
1 9787 2301
2 20326 19884
2 8447 6025
3 5128 9743
3 3523 7135
1 8903 3009
1 9478 20514
3 11320 15149
1 10351 4882
1 11962 14150
3 5208 3778
3 10991 7979
1 17687 16120
1 7526 4756
1 9444 6457
2 9298 6284
3 2675 20095
2 8884 14843
2 10111 18948
2 19786 7879
3 2896 17789
2 13313 3708
3 7295 19433
3 3704 3581
2 2998 17636
2 19713 9819
1 18889 10639
1 8094 14097
3 9568 17552
3 10274 708
2 8831 2159
2 8117 17656
1 20385 17137
2 12004 18623
1 15351 6886
2 146 19700
3 10863 9781
2 15388 19446
1 18108 19747
3 15419 13307
2 18146 16936
2 9552 16612
1 5021 15053
2 14374 9421
3 13099 7681
3 1701 19329
1 11525 96
2 11663 18128
1 8354 5636
2 10954 7446
2 11386 11349
2 4 11127
2 12754 17003
2 7480 16168
1 12416 8724
2 11979 17979
2 16054 8942
3 5407 10947
2 8543 4614
3 2459 20481
3 14026 15929
1 20384 17461
2 14705 9448
1 8539 11263
1 957 14029
3 17999 19618
3 799 2264
1 13520 5963
2 16476 5399
1 14429 4138
3 5528 20199
1 11818 12371
2 18402 5732
3 12329 18427
3 11680 14411
2 11718 14992
2 20015 9824
2 20600 7532
3 14047 16635
2 3375 292
1 8487 17361
2 20038 16738
3 15332 18194
2 5132 5935
1 12650 8934
1 554 14848
1 17663 6749
3 4331 12686
3 16514 14307
3 5640 8879
2 10445 8586
1 16896 15442
2 6262 7187
3 9796 4685
3 1183 7511
3 17575 2332
3 16543 6793
3 4994 10808
3 2980 14120
2 9200 14969
2 16457 6916
2 8849 11566
1 7137 1067
2 18370 12849
1 10124 6414
2 20019 2056
1 4988 2496
1 4397 5264
1 569 8280
2 16485 2538
1 19948 17271
3 1560 7545
3 6729 5144
2 18573 7090
3 4014 8587
3 269 13774
3 13622 9028
3 19123 13940
3 10108 9500
1 6467 5673
2 4616 16948
1 8090 19434
1 2692 17713
3 5982 16057
2 15135 1765
2 4901 3612
1 5156 5448
1 17835 11403
1 605 18707
2 15650 4925
1 19409 16146
3 4948 12641
3 18685 8887
3 19148 3665
1 17651 732
3 7732 5176
3 5645 17137
1 15053 145
1 19082 9425
1 17776 8764
1 12579 4277
1 18726 12203
2 410 363
1 17972 857
2 19592 18980
3 15109 14329
2 20552 19535
3 9342 20267
1 14472 7346
2 6655 2855
1 1118 4090
1 17651 12915
3 10337 17365
1 73 1962
1 5696 4595
2 16132 16952
1 8372 3709
3 4621 18173
3 3905 2566
2 6662 5715
1 2056 16741
2 11090 10430
2 2188 5065
3 8005 16529
2 13175 11964
1 8809 7085
1 19269 14672
3 8071 4603
1 13331 5943
2 16242 11940
2 5104 19052
2 6462 18849
1 13987 18473
2 13906 17667
1 5378 11715
1 15932 15951
2 4175 6087
1 20231 3457
1 8050 8352
2 12946 14365
3 10873 9523
1 3744 15311
1 14087 16344
1 6593 20116
1 1618 10685
3 1342 11111
3 6323 18409
1 7611 13925
3 5369 14920
1 16722 360
2 383 20146
2 12735 12915
2 18923 4779
2 19989 385
3 18725 11004
2 18384 16589
2 17062 16958
2 12749 960
3 17062 17881
3 698 11963
3 3882 3636
3 5574 15336
2 18245 10396
3 15394 4605
1 6151 11767
2 10853 6107
1 10244 13769
3 7276 12377
2 6614 3719
2 19358 948
1 18188 18038
1 13024 935
3 14213 845
2 1936 13931
2 18549 18649
3 20233 8247
2 5509 17481
2 11320 18675
2 19127 4545
1 16441 7495
1 16241 9720
3 9267 11468
1 2218 11000
3 14899 10372
1 5572 6527
1 16662 8133
2 11299 18900
2 17889 3369
2 5242 5506
3 4796 15847
1 13929 16655
2 3624 3082
1 15159 20617
2 8925 12276
2 18053 13431
1 582 14751
2 7305 19640
2 12721 14031
1 7136 3259
1 10798 8733
1 17249 18339
2 9032 1401
2 18386 9026
2 14743 8247
2 151 2148
3 16273 19551
3 12838 19664
1 2532 1218
2 7519 7707
3 8156 15042
2 18244 19905
2 14966 9077
3 8818 15096
2 15638 9430
3 14877 14474
1 10860 7930
1 10755 11014
2 9830 5995
2 3692 17386
3 11223 15378
3 3231 15791
2 16577 6709
2 3830 19582
3 534 18809
2 11094 11534
1 6422 10160
3 11597 13726
3 5547 1841
3 10223 3188
2 13047 15565
3 6611 16912
3 10565 950
1 5290 13932
3 20357 19623
2 18360 2302
1 6790 3397
1 11435 3019
1 9867 9321
2 14600 5041
1 5421 17757
2 6049 18240
2 10461 3459
2 7042 8467
1 14875 659
1 13752 20011
3 8097 16801
3 1548 17577
3 17618 14884
1 6271 14365
1 7704 20533
2 11302 18964
2 1784 1777
2 14122 8298
3 12321 19910
1 4381 14943
1 15028 5689
1 14681 11088
2 1149 797
2 13208 6201
2 15154 1181
3 20383 5651
1 12614 12021
2 16754 19457
3 7720 14272
3 2046 8305
2 18419 6232
2 16914 3673
3 18682 1752
3 4175 3507
1 18303 19475
3 1768 6006
1 18347 10461
1 6465 3853
1 6163 16132
2 8471 6138
1 5318 7628
3 7765 11986
3 624 991
3 9230 14094
1 13430 1891
1 20184 16883
3 19742 11279
3 6262 13836
1 216 8512
3 11941 7583
1 9122 4256
3 828 9376
2 11054 4826
1 15841 5565
2 3143 7696
1 12328 5082
1 8902 8464
2 701 6533
3 3321 3620
3 6749 8697
2 7522 410
3 16790 8752
1 10428 7760
1 2482 433
3 5394 9176
1 5076 386
1 1170 19488
1 5069 8800
3 3158 3064
3 4912 483
1 11920 19356
2 1498 15190
1 1628 4701
2 2000 18813
1 6476 16495
1 1778 17822
3 3031 7882
3 2178 13391
2 8136 10217
3 1762 18153
1 1031 5580
3 15520 3767
1 16661 1261
3 12691 2854
1 11879 16491
3 6110 7330
2 5222 18693
1 15847 20210
1 11421 1498
3 19331 3337
1 8643 11829
1 16025 16482
3 11294 961
3 17198 3525
1 15653 2431
3 11557 19547
1 5395 8183
3 15075 605
2 140 7176
1 8875 11065
3 6816 721
3 10288 18787
2 18358 5607
2 11311 17066
2 2296 13620
2 17780 4572
2 13649 6014
2 10006 3782
2 2729 6860
1 6716 6173
1 8550 3747
2 15012 11325
3 5224 20097
1 6636 15278
2 10104 11234
3 2819 15109
1 8087 5335
3 11941 8242
3 4855 19120
3 16269 17559
2 3533 2429
3 6013 3312
1 16706 11602
1 2581 14895
3 883 14972
2 14103 20020
1 11854 6223
1 19050 11544
3 8454 2469
2 16854 18943
1 419 9454
1 12181 20174
1 6907 8365
1 3013 19616
1 10990 15474
1 3486 11312
3 5848 19172
1 7212 2639
2 14905 7330
2 1156 3365
1 2075 1584
2 20349 10861
3 11112 13478
2 18182 20330
3 10595 16599
2 6862 4976
1 13310 214
2 17613 14058
3 11918 15851
2 1310 1534
3 11169 5231
2 2690 3416
2 13569 17539
1 13784 9503
3 2870 5753
3 4313 20027
1 2786 8750
3 12303 5104
1 2427 17250
2 2143 17532
3 5890 12649
2 4736 622
2 12820 10566
3 20460 15025
1 9654 6052
2 13577 10939
3 1261 1226
3 11180 3193
3 18683 1996
1 9810 1373
3 20521 20618
1 1282 456
1 15746 3450
1 17883 18640
2 11772 19600
1 1704 14362
1 12368 6911
3 20501 16498
2 11031 7551
3 11935 14230
2 13365 2114
1 980 1941
2 14218 1111
1 5639 10053
2 983 11156
3 2527 16214
1 17299 3882
1 4442 5968
3 19179 19059
1 12282 257
3 12271 2962
1 19298 5680
3 11739 9757
1 10614 14775
3 18192 15770
1 5770 19010
1 4697 4683
2 11127 20642
3 4457 8217
2 17608 15719
2 9421 4396
2 17454 10037
3 7 9095
1 8364 1237
3 17321 10651
3 15308 19153
3 13726 6879
2 3431 8225
3 10186 10367
2 16896 15037
1 18614 8481
1 16658 19199
2 12533 14102
3 15762 7222
2 9229 9074
3 11148 3122
3 3360 7159
3 6567 9187
3 8663 4682
1 6709 20624
1 19341 20644
2 9006 9773
1 9810 18021
2 14883 552
3 4688 9937
2 1339 19272
3 7069 1110
2 19281 1783
3 14840 3532
1 12983 5951
3 2528 14530
3 3168 16774
3 1495 9570
1 9478 4101
1 12626 3179
2 6536 13516
2 15121 9801
1 6818 7985
3 13869 16355
3 12913 12378
3 9997 8716
2 17537 13424
1 7584 12017
3 8502 7389
1 5313 3732
2 20015 8399
1 2952 12105
2 19952 17137
3 1421 18129
2 4023 12443
3 3346 2876
2 17906 2358
2 1066 5587
3 704 756
1 16346 14944
3 2665 6738
2 3876 4791
1 10624 8497
1 5269 18331
1 8848 10240
2 6854 9917
2 6209 13527
1 8365 9207
2 1168 10715
2 11868 15689
1 3041 6952
3 17480 13648
3 5581 20198
2 19332 536
2 5253 14916
2 13874 20038
1 11440 18666
3 14897 748
1 17609 18350
2 12014 4444
2 17965 13753
2 4562 15320
1 14595 15861
1 17393 9697
3 193 8290
1 15985 9846
3 1490 14463
2 11308 8167
1 7225 19078
3 6341 9641
2 2348 12024
3 13536 6309
1 12100 18708
3 13257 17510
1 15628 3095
1 17665 13468
3 7354 18223
2 4779 10538
1 16099 9828
1 208 6951
1 10013 15956
2 4727 7643
1 416 5335
3 8835 3878
1 7437 9935
2 2653 4238
3 3578 1902
1 12028 18826
1 16121 10908
3 16516 5372
2 11019 7126
2 17509 13600
1 13501 17246
2 9192 3954
3 19840 16307
2 113 3460
3 14253 4047
1 185 2489
3 10957 5303
1 16097 20547
1 16946 2793
3 5027 6220
3 9350 4082
2 3843 11547
2 19562 17374
3 3304 19598
3 16922 9318
2 11971 18168
1 18365 19219
3 6858 6914
2 17615 8258
3 14577 8959
1 16577 9215
1 18636 1987
1 784 20428
2 13518 17504
3 19849 3397
2 18010 3313
1 6673 4894
3 14987 2902
1 3443 3715
1 17735 10053
3 12129 15324
3 3184 19990
1 1806 15965
3 784 4899
2 11698 20629
3 8779 15297
1 3597 13862
2 13323 19007
2 2054 1024
1 17526 7056
1 17326 4449
2 15078 11938
1 18296 2173
2 8022 20313
1 19591 10207
1 9691 2335
2 15960 2007
3 11996 4139
3 10790 7861
1 6872 6593
2 13254 15242
1 18928 9269
3 6773 1420
2 16993 15536
2 2229 14409
1 5428 3913
2 18951 9213
1 6799 909
1 4132 14350
2 2675 2892
2 19805 5533
2 3059 20383
1 16985 10544
3 7688 10149
3 15012 6142
2 19360 2648
1 4283 2610
1 7210 10888
3 13342 18942
3 19043 2363
3 20259 18937
1 9078 1702
2 20156 234
1 2340 20046
3 8133 1306
1 8280 12073
2 18414 3492
1 7160 869
2 15018 18188
3 753 12689
1 7596 20271
1 19846 2876
3 2526 6759
1 289 10212
2 3934 4967
1 18461 3890
3 19959 4672
1 17679 13451
3 10651 1143
2 11124 6739
3 5300 6426
1 11332 2761
2 18867 16159
2 12138 12004
3 11651 10799
3 1954 15723
3 5568 11352
2 15975 3914
2 8561 2909
1 19799 12188
2 10737 18284
3 15602 10521
1 73 5528
2 914 7906
2 8125 15339
1 17001 20271
3 6535 3273
1 8597 4387
2 17920 18440
3 10059 7773
2 353 13461
2 18241 11629
1 12378 8668
1 10549 139
2 8699 6569
3 3530 9697
2 14511 5713
3 966 19450
1 14658 6540
2 8638 9254
1 2093 18847
1 13393 14820
3 15966 3016
1 20524 13106
3 18211 10924
3 15305 18009
3 18185 11601
2 5834 15957
2 3284 12376
3 8754 18152
1 9539 2953
1 18550 3676
1 16334 9070
1 6579 3646
2 19712 10474
3 671 8516
1 7202 3468
2 19765 8028
2 13202 7853
2 1303 11109
3 7210 19560
1 9047 6947
3 18400 17318
2 6701 885
3 10314 4535
3 15131 4802
1 20208 3686
3 20012 7611
1 1313 6828
1 10113 10570
2 7786 5389
3 16498 16280
3 15514 8220
1 3902 19074
2 4795 8923
1 18274 3768
1 3276 7266
1 2959 4832
2 4163 8884
1 1135 11621
3 10235 2648
2 18278 9373
3 2344 18776
1 10316 9490
2 19597 7121
1 18346 2742
1 15231 10933
1 13198 16898
2 10254 9719
3 15179 10181
3 4295 2300
3 2030 10460
2 8472 19051
2 20490 221
2 12214 2090
2 20389 8149
2 1166 5621
2 20212 4561
2 14865 18901
1 13671 10574
2 3170 13754
3 19932 10026
3 18763 19119
3 11273 5213
2 20406 6836
1 17850 17298
1 16219 19612
3 15471 15434
2 10556 12397
1 10021 11672
2 6498 13729
2 4432 19935
3 11703 6800
3 5117 4669
3 4075 17132
1 11683 1001
1 12518 16954
3 15361 15274
2 9553 2124
1 17001 12463
1 9523 10299
3 7514 6950
1 1742 8535
2 11262 14660
1 14831 18808
2 14128 5611
3 19640 767
1 8930 9296
1 6147 3008
1 1637 4874
2 12563 16908
2 9292 8355
1 7164 16107
2 15792 18161
2 18234 1731
1 10805 12188
3 6061 6417
2 17503 11339
3 5999 10886
3 9893 643
3 10626 928
1 16886 14378
1 10324 1002
1 19797 6222
1 16984 454
3 8463 8300
1 11206 9195
3 3706 14056
3 5259 12932
1 18165 8638
2 553 14705
3 961 1043
2 5268 14935
2 1475 14099
3 17020 20584
2 17958 20170
2 13533 230
2 3841 16002
2 19639 9883
1 13468 328
1 18238 11939
3 4027 5537
2 14080 4788
1 13036 3188
1 6701 19960
3 3719 8988
1 19589 18305
3 11946 18677
3 9934 14276
2 3500 256
1 15363 5879
3 12956 3925
3 7870 18063
2 8245 15446
1 7802 906
3 2746 1965
1 3706 18514
2 12053 6640
2 16443 13708
3 14028 7257
3 13808 4859
1 10088 7644
2 14011 17235
2 12483 14792
1 9764 5856
2 14841 167
2 15066 5913
2 9148 15884
2 60 12005
3 10018 17925
3 13067 18642
3 11828 16953
1 6238 5772
2 11678 14763
2 8767 15036
1 11550 15226
3 11682 20458
3 12276 15361
2 11549 6907
2 8863 11811
2 19343 1346
1 5430 9972
3 8207 13683
1 18227 6178
2 2789 13183
2 18749 16706
2 19698 19583
3 11064 7912
2 3726 18457
3 15553 634
2 18413 4921
1 17030 12976
2 2436 18920
2 16239 15047
3 16053 14121
1 11430 17816
1 8792 13085
3 19163 11653
1 16056 9075
3 3675 16196
1 10931 13026
3 11899 14660
2 12961 1985
1 5050 8033
2 12944 16017
2 15862 20326
3 7340 19958
3 15161 4482
3 6545 11720
2 7677 5210
2 19859 14192
3 12479 12978
1 1834 2119
2 18396 18236
1 18506 2655
2 19372 6156
1 7710 651
3 673 17812
2 171 19538
1 5133 9609
2 12103 413
3 7406 9472
3 15385 3312
2 19483 16311
1 3632 7773
2 20194 721
3 9610 16450
2 9809 8857
2 5973 14062
1 15684 6057
1 2731 2550
1 5786 8272
1 19942 272
3 9197 10769
2 14651 5124
3 7719 10114
2 8535 8427
2 19532 15245
3 18933 9435
3 10615 15578
2 6935 12385
1 15293 2015
2 2825 13963
3 13408 8411
2 1545 13402
2 17310 769
1 13324 19131
2 1453 11370
3 17083 7512
3 8864 17960
3 5279 7795
3 10690 20480
1 2058 17136
2 16227 19744
3 2681 5312
1 12626 3527
1 2575 10673
1 8992 7753
3 11890 10946
3 12204 1585
3 17711 17552
2 15900 15487
3 6707 19942
1 1326 13689
3 13395 15243
1 2980 3862
1 11818 8227
2 5322 19422
3 11462 15640
2 14750 1735
2 4236 7211
2 19344 15243
2 2765 20160
2 18584 14093
2 18545 14061
3 4308 8794
1 16689 4336
1 9221 10517
2 11476 8859
2 4887 7827
3 9046 10129
1 12098 1114
1 19152 2845
1 14567 17136
3 18721 16013
1 18158 1776
3 11781 2446
3 20504 12465
1 541 1470
3 4243 19946
1 13518 5129
1 3299 13771
3 14490 5578
3 10125 1327
3 14311 14171
2 4820 1845
3 18928 7180
3 4991 19091
1 8959 6521
3 8292 18676
3 7787 12436
2 18815 18869
2 8345 18244
2 11320 17268
2 8992 12613
2 3844 7113
2 17733 533
2 20153 13423
1 18968 7543
2 9585 10471
2 1509 18714
3 13676 3685
2 3693 279
3 15838 4388
3 2462 17449
1 4849 16047
3 7616 12782
2 4971 4107
3 20346 12164
2 12002 5864
3 6322 8219
3 19820 4968
2 12228 7009
2 19636 12699
3 15150 15378
2 12006 11342
1 16045 4012
3 12950 13662
1 1122 4382
3 18969 11263
1 8989 2600
3 1287 5445
3 3269 3983
1 19247 20398
2 9040 5609
2 4234 4870
2 16752 3288
3 19781 7145
3 1855 9415
3 8940 4702
3 16665 16435
3 1574 3532
3 18835 9537
3 11151 4091
1 20652 9375
1 8105 10725
1 5484 12165
1 18919 6560
2 12881 19987
2 2295 14044
2 16018 17927
3 44 17967
3 14290 8227
3 2453 16341
2 1866 2589
3 6430 12282
2 8878 3639
1 6236 3523
3 12978 16049
2 20199 16852
3 7403 20620
1 3115 12198
2 7671 18490
2 18789 14263
1 4970 1584
1 73 2574
1 5270 11841
2 15567 19232
2 15997 7799
1 19676 5602
2 2756 17967
1 5541 19571
1 691 17694
2 14558 16140
2 9901 3265
2 17640 16810
1 6035 1913
3 16391 2098
1 13793 14463
1 8817 5543
3 12724 4977
2 7906 5306
2 19092 9078
2 5553 362
1 7838 18948
2 19760 1665
1 20196 11918
2 12163 12443
1 1597 10824
1 5504 16780
2 12273 5049
1 20543 7772
1 2256 3851
2 2418 14365
2 1019 7097
1 12098 13274
3 17076 13767
3 12152 2516
2 10040 16872
2 9170 11532
1 6321 751
2 8734 18381
3 16268 11279
2 5458 20271
1 6009 502
2 13497 11315
1 18571 5694
1 7245 11358
2 18814 4715
1 11365 17134
3 9105 5027
1 16612 801
1 12336 7752
2 3745 8252
2 3831 2052
1 693 14631
1 4033 4904
1 13731 14767
2 15936 12998
2 16706 3325
2 7149 18903
2 2178 3496
1 3890 7384
1 4332 2876
3 5439 13748
2 14916 946
1 4770 4622
2 3624 10460
3 9935 4154
1 5678 8388
1 15824 8653
3 3068 9779
1 984 15698
2 18911 8392
1 18958 9751
2 7849 7200
2 238 4921
1 2049 16135
1 6282 1686
2 20548 2705
2 8062 1232
1 18798 19703
1 15801 2457
1 19173 3586
3 10842 3318
3 10788 5062
3 3052 11308
2 19935 11578
3 16986 19513
1 2565 14166
2 2636 8394
3 13223 15612
1 7904 3811
3 1170 6532
3 654 20544
3 6329 19077
1 17772 14284
1 3408 13953
1 1027 15706
2 16194 4008
1 1772 782
1 9732 2399
1 20653 5314
2 14434 1574
3 6318 18511
2 8492 7999
1 13872 13844
1 11257 16477
2 9903 3441
1 9668 126
3 14143 9213
2 8023 20348
2 19514 9671
2 3013 14673
1 19700 18181
2 14349 297
3 8715 7962
1 8143 10175
2 2774 19190
2 7286 14864
3 8468 3641
3 1646 11530
1 15232 12694
2 11899 17028
2 7667 9478
2 18741 17492
3 17984 15135
2 3481 7658
3 15686 4619
1 4640 15768
2 11145 17711
3 6735 18083
2 9408 18252
1 18064 6231
2 8889 6715
1 15018 10807
1 19550 6964
2 5659 19069
1 15819 5796
1 11766 6939
1 4194 5634
2 20129 14007
2 14321 4570
1 13820 5519
2 6579 3588
1 10992 13667
2 20447 17548
1 10095 16909
2 8047 4786
1 15163 13143
2 8931 12989
2 5401 13118
2 10170 5025
2 7437 2644
3 18279 6517
3 19717 4823
3 8576 9480
2 532 2912
2 4128 9912
2 15099 19737
2 17654 16936
3 5068 6076
1 18038 11985
2 16948 2733
3 9998 18337
2 767 10179
2 15332 6773
1 1297 891
2 17850 16047
1 20114 13007
3 14451 7253
3 13550 17701
3 5685 17686
1 13858 9328
2 11960 726
2 8933 7750
1 876 17163
2 2513 13043
3 16422 1166
1 14596 11963
3 9768 192
1 8911 3000
2 998 1714
2 6919 19999
3 14563 3948
2 3008 8360
1 2313 16699
3 7680 14985
3 13367 12980
3 16103 2057
2 11234 2888
3 12872 14820
1 4629 18412
1 17328 10412
2 18587 10138
1 13285 8272
1 10521 3870
3 13994 14591
2 3479 19488
2 15288 10377
3 18927 9179
3 6058 9207
3 4086 20103
1 3563 219
1 5263 8529
1 8208 3241
1 18464 9586
1 16066 2872
1 8102 7011
1 15304 1120
2 17050 13941
1 112 12963
3 1770 8703
1 18826 9801
3 14879 14393
3 9578 434
2 9517 17140
2 17330 1790
3 185 13789
1 1822 13535
1 6740 289
1 174 7204
3 10849 15293
2 6574 12377
3 11961 8242
1 10172 17478
3 7797 2637
2 2149 2062
1 6959 4060
2 2938 13518
2 19962 7789
1 7976 11102
1 2740 6050
2 4137 4500
2 10269 1691
1 19350 6945
3 6174 5932
3 311 9767
1 9930 6742
1 14538 8337
1 452 14261
2 16863 6673
2 15578 12312
1 10407 13264
1 9898 4938
2 7368 15538
3 2778 15050
1 3534 10084
1 10054 7978
3 5383 5075
2 13397 5851
2 12356 4811
2 16272 12066
1 4316 579
2 13968 11568
2 14616 10179
2 14675 5096
1 10874 19179
3 3899 5676
3 9288 19388
1 8108 19154
2 1916 11487
1 6513 2384
1 3472 11312
1 4751 10217
3 15327 15412
1 13721 9599
3 5348 1710
2 4088 10443
2 5387 4818
3 19779 8202
1 3360 12282
2 1810 6773
1 3900 15190
1 10406 10771
1 7554 16770
1 14347 11182
2 10731 9957
1 2858 4528
2 5673 6562
2 14004 9572
3 14853 19903
2 20625 1994
3 10367 2547
1 17855 14363
2 7428 14433
3 7328 10597
1 8604 11903
2 19731 19521
2 5485 9652
2 9055 19565
2 13106 6658
1 18493 5210
1 3615 16547
2 10980 3410
2 16364 16110
2 15578 19533
2 12000 15673
1 9846 14222
3 19805 37
2 10914 1355
1 20451 2912
3 4711 11189
1 2267 16642
3 17518 1511
3 18115 10597
3 18050 10481
2 14570 20137
3 4548 17818
1 12080 3564
1 18931 11087
2 120 11266
1 17148 23
3 15034 2289
1 19257 7138
3 1855 13014
2 3721 9612
3 8571 1884
1 18857 15677
2 19240 13901
3 19365 20502
2 11644 15896
2 19326 904
3 6522 18735
3 9887 9201
1 14688 2938
2 4431 791
3 12208 7768
2 19742 17488
2 16117 18308
1 17403 6340
1 10896 971
3 13986 7836
1 7754 5490
1 4971 5877
1 20104 3378
1 9074 11270
3 8698 13358
2 12121 10394
1 3489 9517
2 19758 15749
3 1028 19167
3 505 18642
2 3472 18706
1 5216 535
1 2039 15760
2 16016 115
3 4129 18033
1 20513 19837
1 19264 3853
1 3921 14737
2 14046 8735
3 5197 6439
2 11714 16192
1 3572 19112
1 6775 14068
2 15590 3883
2 14452 6669
3 1742 17969
1 17644 5726
1 19462 16059
2 9136 2838
2 15698 12588
1 16165 4882
1 10183 8729
3 14385 17846
1 4234 8914
3 5106 2699
1 19271 16616
2 7961 14505
3 1012 16530
1 11534 14352
1 14317 6477
2 2366 3591
3 11494 2260
3 2481 3025
3 3727 5989
3 3223 573
1 12870 14551
3 17895 9901
2 14492 15374
2 10982 19322
2 9593 19066
1 4535 11382
2 18127 10968
2 352 12305
3 15069 3526
1 13496 11934
1 15999 18686
2 6028 14116
2 10812 304
3 5145 11446
3 11260 5253
1 13383 19949
3 15696 5080
3 4816 6973
2 771 20432
1 8276 13562
1 20218 766
3 9884 7853
3 18603 19563
2 18015 11481
2 19597 9173
1 8759 4606
3 11356 17914
1 12677 20638
1 5986 17421
1 1125 17468
3 97 10072
3 15682 15814
1 11655 11175
3 184 11469
3 18935 14591
1 20378 5044
2 7708 9490
1 10233 16190
3 973 8698
1 4684 20270
1 2251 10274
3 13364 8715
3 1523 4475
3 6078 19116
1 1042 19113
3 15412 19573
3 20162 9346
2 16279 7200
1 9653 19103
3 17353 12978
3 4679 18526
3 19228 19482
1 20359 11394
1 9353 11756
1 20451 13287
3 18300 4638
3 10560 1317
2 16041 17232
1 12588 19384
3 5831 11482
3 16197 13053
1 2474 9079
1 8802 19700
3 2525 11576
2 12287 16356
1 13211 15584
1 16140 11388
3 11116 14691
2 5384 10854
1 2289 252
1 19802 13622
2 6570 10681
2 6863 3910
1 9195 3138
1 6425 8380
2 12343 16774
1 16364 17570
3 15695 20461
2 20653 8229
3 3878 6262
2 10153 7624
2 1232 5220
2 19727 6056
3 4656 2226
3 19270 2223
1 9266 1444
1 6010 15059
3 11554 12091
2 17995 12341
1 7853 4666
2 12961 4898
2 110 15386
2 18765 17642
2 198 2020
3 4602 14126
3 4805 8805
3 1463 3938
2 10144 20462
2 18553 16560
2 7319 15707
1 8732 15159
2 9745 16732
3 6586 15405
3 14466 9536
1 14796 17207
2 6984 17747
1 17410 2668
1 9924 20453
2 13887 11809
1 12035 12271
2 4240 17043
1 19605 3061
1 16976 281
3 19077 2357
2 661 9529
3 11622 13347
1 3212 10306
1 4785 11919
1 273 5377
3 14917 1843
3 5448 20506
2 1306 4385
1 2013 16247
3 16553 531
2 15855 3992
3 18746 6884
2 9620 11674
1 3690 3549
2 207 11694
1 2160 5048
1 16402 12742
2 17717 20634
1 15120 18593
1 19459 1056
2 1672 7970
3 10116 9027
1 18356 10472
2 1237 8673
2 9434 617
1 17441 5157
2 12930 7664
2 20457 1150
1 14043 14939
1 17695 1303
3 3197 13430
3 13099 3199
3 1189 16924
3 16789 6018
2 18979 14037
2 19338 10189
2 17710 8404
1 3860 1787
1 19000 7977
1 11515 12962
3 19483 7338
2 8091 15784
2 18254 5420
3 19303 6946
2 6863 6332
1 15815 4659
1 12950 9853
2 514 4208
1 19877 4137
3 14845 4160
3 19676 11366
3 3790 1209
3 9235 15659
2 20618 16041
1 14152 3534
2 1508 19595
2 18605 13140
2 13116 13884
2 17419 18238
3 9967 18094
1 6551 14063
2 1287 11484
3 8740 12380
2 18869 15826
1 16999 20593
3 14769 8932
3 6942 17489
2 19827 9400
1 10808 20095
1 10142 12484
1 13686 17669
3 2007 131
1 15469 20263
3 1819 12106
3 4646 14309
1 4610 17588
3 15819 1472
3 5347 18834
2 17764 18701
3 2134 4720
3 8638 19439
2 8586 4663
2 12617 14073
2 16711 19297
3 7023 17592
2 13867 7286
1 488 1804
2 2785 8144
2 7537 17132
3 4080 14153
3 4749 12241
3 13669 13222
3 9832 16422
3 8597 20552
3 5013 267
1 17270 14367
1 8484 7596
3 2310 949
2 5807 18252
2 15855 6504
1 18733 11842
3 19846 9988
2 5392 18719
1 7048 13805
1 8707 201
2 14044 12242
2 172 12150
3 13622 384
1 7186 13565
3 7664 15729
2 13224 3215
2 829 14384
2 20614 12310
1 10678 14808
2 8045 17014
3 9041 13459
1 1189 1205
1 14930 139
1 10920 11040
3 5116 4205
3 17127 3327
1 19329 18751
1 16679 5307
2 8749 3604
3 10620 7108
3 14917 5991
1 2849 20001
1 12240 7032
3 5115 18011
1 11151 4001
2 10105 16159
3 14017 13119
1 4013 11533
3 7709 19688
1 4964 11798
1 4379 12063
1 10874 20170
1 6510 9694
3 19672 12515
1 17530 10450
1 19227 5060
1 20170 12556
2 15840 10695
2 18802 10640
2 6281 7021
1 2715 4771
1 12448 10620
3 5795 10845
1 3802 19475
3 9405 8416
1 16395 15897
2 18345 3999
2 19018 16621
1 1805 4432
3 7523 18209
3 2193 10912
1 10348 15038
2 8588 8172
1 5974 9440
3 18026 83
2 5573 3568
2 14885 3005
3 19837 14503
1 6874 14937
2 449 1689
3 13486 20219
2 10774 13827
3 2060 5346
3 6034 5464
2 4840 20355
2 4242 14968
1 1747 8961
1 9924 6538
2 8786 14701
3 5046 6506
1 14998 3481
1 2395 10345
1 17613 2610
3 14390 5239
1 14453 7790
1 20550 9277
1 8890 16760
2 11874 17215
1 17435 11996
3 7236 8164
3 4981 7253
3 5508 11800
3 14287 5824
1 19991 11696
2 9405 5620
3 5247 12803
3 7465 5181
2 2281 5462
3 8095 4821
1 2517 19041
2 7416 9117
2 6936 798
1 9501 14479
1 13748 14445
1 10396 16396
3 3125 1424
2 8866 5316
3 3097 3423
2 1817 20469
2 7335 16971
3 19947 11744
3 17499 6303
3 4877 9641
3 19932 6925
2 7267 13360
2 3395 17830
1 2459 9872
2 6573 8403
2 10 12384
2 8215 671
1 1619 19169
2 20120 16052
2 589 8675
2 7618 4487
1 15421 11735
3 5324 18255
2 441 18940
1 17767 1154
3 18966 6810
3 14411 20611
3 10485 5795
3 10363 12061
1 19434 14158
1 2402 18279
2 1871 12066
2 717 10421
2 10522 17482
3 816 4148
2 14606 12916
3 7786 4423
2 18964 1258
2 1612 1944
2 4541 10113
1 9966 18302
2 11822 611
3 13803 7106
1 19022 12746
1 1688 1469
2 11765 14892
1 6933 4060
3 5550 18441
1 11481 15124
2 20653 3067
2 1496 19899
3 20016 18218
2 17568 1988
2 16954 12309
3 20165 14146
3 18625 15184
1 6606 10312
1 5520 15304
2 9554 18203
3 7811 16904
3 8321 16843
3 18167 11670
1 5724 18722
1 1249 5020
2 16153 14589
1 4930 5655
2 11779 19587
2 13671 17053
1 8514 8933
3 4708 8064
2 416 9358
3 17963 13232
3 11432 5298
1 12761 12005
1 1442 2136
1 13489 16020
2 9026 19329
1 18401 18480
2 9685 6359
1 9039 3598
3 5365 7437
2 15668 9830
3 7885 17541
1 17701 18828
1 13108 14081
3 4717 2636
3 9390 5326
3 9588 9140
1 3095 16686
2 16979 10768
2 11742 19350
3 247 11740
1 11722 11402
1 6658 11293
3 7283 9030
2 15155 4163
2 5266 6873
2 1679 5785
2 19007 3523
2 8712 13187
1 2776 2918
2 8883 6335
2 2160 10816
1 10612 5661
2 1604 1374
2 10387 12820
1 8059 6030
1 9287 12479
2 5737 19596
2 15916 1018
2 17702 13673
3 9145 1696
2 5856 18951
2 10314 11626
2 4385 2214
2 3648 9377
2 15123 10301
3 8884 6633
3 4502 11601
3 18920 11756
1 5756 2421
1 13559 2948
1 18561 13542
3 10966 7254
1 8136 9056
3 5904 3149
2 8644 6225
3 14761 14518
3 7997 20281
2 10785 4634
3 13413 6520
1 7065 6291
3 850 5181
3 3674 10103
1 7594 2929
3 1779 4410
1 14638 9106
1 1186 3715
2 19386 17954
3 15347 12724
3 13824 3716
3 14676 6202
3 15327 20460
2 6972 19031
2 1663 19832
3 13904 19569
3 19559 7270
2 18596 8773
2 4726 2767
3 10883 2727
2 13220 5933
2 15629 5590
1 206 17555
3 1288 7855
3 12878 10962
1 11993 18181
3 11855 684
2 10202 3443
1 17227 6371
1 9992 1694
3 4453 12675
2 15290 15760
2 10935 5608
1 1800 5816
1 1335 5554
2 19139 862
1 3560 4483
1 3872 13932
1 18213 7122
3 18517 19245
1 7523 12062
1 13042 11232
3 5512 2297
1 8312 13781
3 16238 3655
2 15877 4202
1 18433 7977
1 4234 9254
3 16465 18854
3 17416 8963
2 19367 2764
2 12441 2554
3 19456 227
2 2933 14537
2 4300 7560
3 2579 19477
3 13794 11038
2 8063 5790
1 7744 18197
2 545 6546
1 8136 5569
2 13302 3038
2 20245 4141
1 10009 2299
3 11656 366
2 5222 16378
1 15447 19537
2 14608 709
1 15365 17110
3 1113 13959
2 11429 18114
1 11731 273
2 7668 11554
2 16839 19572
1 18491 19816
1 12802 18528
1 18809 16313
2 6364 6301
2 9942 10474
2 16818 10244
1 6418 4893
1 13374 11752
3 18612 4072
2 12008 6876
3 6541 14956
3 14934 6859
3 13956 12583
1 18361 5697
2 13962 12010
2 5903 5532
3 1261 7943
2 2430 20543
2 15346 11665
3 2626 19391
1 9914 17126
2 6739 5121
1 16509 5691
3 5997 2836
1 8394 20065
3 12603 8032
1 9473 16725
2 17331 511
2 15290 11352
2 10391 17008
1 8696 19916
2 17529 1742
3 8809 6533
3 11704 13956
1 17585 9544
3 3074 14158
1 15699 2663
1 12805 11497
1 5176 11350
3 17201 14586
1 3626 11040
2 7772 10089
2 16998 742
1 917 761
1 18030 3503
1 19991 3967
2 18444 11620
2 9792 5959
1 15647 14624
3 8767 10394
2 20397 9989
3 14677 12308
1 15918 4387
3 11620 12337
2 15974 1912
1 12525 392
2 9424 17341
3 7675 11713
2 2653 12368
2 17807 3127
3 17959 1218
2 7280 15668
1 12823 18653
1 13513 1309
2 14689 18934
1 13805 4861
1 4706 13228
1 4927 5442
1 20522 18932
1 2624 15053
1 8412 3167
2 74 19743
3 19 12709
3 5866 1944
1 240 20566
3 2320 14044
3 13967 20182
1 10866 15610
1 9576 2280
2 16200 4163
3 9838 17982
1 5978 18351
2 895 9521
3 12539 5197
1 5240 4946
2 8432 10873
2 5901 13069
3 10370 11551
1 9812 4103
1 13291 19430
2 12586 17176
1 5687 14331
3 12412 9650
2 2870 4426
3 4269 5842
1 12902 15478
2 1170 5602
3 1556 12369
3 5255 9922
2 11956 18048
2 10474 19785
2 11219 2542
2 19040 4614
3 18383 6897
1 19564 20131
1 20235 7024
3 11104 13522
3 18890 20031
2 15216 15203
1 15162 16370
3 6942 8107
1 15275 5532
1 5786 11011
1 16029 17364
3 12011 19235
3 16693 9017
1 11955 9684
3 9858 20511
2 8713 16047
1 6641 12752
2 14294 248
1 2095 3095
1 18389 1843
1 7997 17210
2 2813 13503
2 17318 5372
1 3522 4648
3 12566 5808
1 17226 13631
2 10929 18824
1 9976 6482
1 2076 17190
3 18162 827
2 4845 794
3 15928 14392
1 11972 3350
1 14743 5163
2 11569 14651
1 4029 6124
3 10822 2050
1 10704 3912
1 9280 344
2 13098 20622
3 13702 20547
2 13928 5185
1 5128 8254
2 577 3722
2 1919 3022
1 16000 19136
1 8857 8592
3 14456 503
3 7430 1757
1 6724 11835
3 6861 13577
3 5002 9973
1 19198 4037
3 12511 19608
2 9052 6565
1 5495 6148
2 12186 17606
2 5786 3821
3 11790 3704
3 8115 1900
1 11563 15901
3 5849 3695
2 17453 16018
3 7646 15986
3 14375 16065
2 12525 1920
3 19569 6890
1 79 2550
2 5094 5111
1 832 17266
1 13198 9903
3 2922 2866
3 2986 19858
1 18549 10450
3 5199 10911
3 2028 13477
1 1545 13287
3 20562 12643
2 12887 17371
1 6312 5018
3 20062 1885
2 14716 2778
1 4292 8533
3 18258 20583
3 9397 1091
1 11860 13283
2 1602 8152
3 1679 3103
2 20288 905
3 10394 1558
3 18821 12720
2 3498 20615
1 14470 233
2 7105 9573
3 1443 9256
2 17243 11913
3 11479 12605
1 17997 1993
2 6038 5703
2 16628 12145
1 20595 12234
3 8313 6958
2 6107 3250
3 6265 6821
2 7801 4484
2 1728 8726
3 539 13909
3 9789 5076
2 2700 2689
3 4714 9125
2 7127 10314
1 9901 13516
3 5376 11990
2 1039 10255
2 11886 16599
3 12507 19724
3 4415 11317
2 4913 13971
1 5587 12354
2 8259 6962
1 19789 14703
3 9608 17754
2 5469 4399
2 18810 15260
2 9979 11195
3 4593 383
1 4457 18084
1 7221 6181
1 14901 20511
3 7035 6896
1 3785 4822
3 16961 11009
1 11633 1758
3 6184 18027
2 8248 5117
3 4078 18599
2 12411 16041
3 5412 8549
1 13804 8862
1 10696 3242
3 1911 13557
1 2708 2461
1 17481 13589
1 18775 4225
3 5736 12227
3 11733 2381
3 16614 15991
2 16191 6204
3 6163 176
3 18611 11877
2 10253 3861
1 10755 9313
2 5822 6100
3 16897 18748
3 7545 8493
2 6575 5046
1 9596 20350
1 17608 11261
2 12141 5596
1 7237 395
1 4859 986
1 12441 20208
2 20554 20457
2 6454 20527
2 12234 7384
3 10690 942
3 5260 7635
3 8010 17735
3 4897 18130
2 6662 14826
2 409 19868
1 19107 15827
1 14090 18273
2 19002 13239
2 20253 12106
2 18078 7748
1 9743 5892
2 16085 8047
1 9233 996
2 13111 1427
3 14816 4539
3 649 1826
3 9978 2345
2 8464 5731
2 5502 19554
1 4181 20345
3 9563 8588
2 10364 7227
1 12437 15525
3 16237 11815
2 19265 8201
3 12177 10653
2 13940 9791
3 17195 9092
3 17697 5457
3 2179 8513
1 16390 16259
2 14474 6278
3 891 4799
1 7095 15786
1 17509 16127
1 370 3004
2 15746 5932
2 6903 8572
1 13534 5936
2 19816 3245
1 1722 4718
2 1041 9475
1 13624 2776
2 618 16167
3 19725 3176
2 18091 487
3 16700 5762
2 14284 2267
2 12944 17262
1 12560 15592
1 9917 3910
1 14151 8216
3 18659 7129
2 4724 8584
2 15156 848
3 19758 7634
2 1760 4164
2 5594 11467
1 6698 20151
3 6310 8424
3 11764 13887
2 3917 7925
3 16063 8607
1 17411 366
3 11813 5978
2 7916 11240
3 9998 14470
1 10122 2959
3 7728 17154
3 3057 18082
2 7870 901
2 17994 3790
2 9047 9021
2 18782 13880
1 15028 6340
3 9795 14206
2 10652 1839
2 8999 10603
2 10269 5784
3 7185 13155
3 15193 6700
2 14415 13419
2 15703 9900
1 15339 14588
1 19517 18347
2 4312 12517
2 7033 15283
2 16568 18461
2 1158 18820
3 10162 16141
1 3302 15655
2 2823 15637
1 15579 15844
3 7416 1614
2 3910 6886
1 20327 15310
2 4919 15613
2 3034 1487
2 7700 16165
1 1240 732
3 15646 11629
1 13902 19084
1 18291 8864
1 19739 20527
2 9673 6889
2 18983 10558
3 8323 3907
1 7291 17483
3 7700 9641
3 5594 11318
1 6372 8610
1 7481 19664
1 296 2235
1 12273 15854
1 2343 4724
1 3217 16065
2 4860 7285
3 2322 9382
3 10704 6833
1 11330 16922
1 7407 7732
1 16885 5960
2 187 2566
3 8706 7082
1 8929 15885
1 4436 2588
3 5064 3742
1 9148 12556
3 17980 4916
1 11735 3438
3 4867 2992
2 3789 8140
1 8898 14060
1 7798 16847
1 15197 4577
2 4239 13961
3 17846 16047
1 19549 18509
3 15390 12694
1 4345 2606
2 14816 17326
3 13787 11816
2 12777 12414
2 7734 6057
3 6946 10662
3 17914 15745
1 12053 10932
1 16103 4140
2 4252 11616
3 11879 450
3 9106 4520
1 1466 8778
1 6613 18448
2 20249 20394
3 10215 15778
1 5520 18659
1 16558 11250
3 13970 8020
3 20242 13176
1 18420 6366
3 6179 13906
2 4846 11992
3 7546 14517
1 17312 18509
2 632 20177
1 4183 19593
3 15690 15074
3 9516 2249
2 1590 127
3 1677 252
2 16911 2843
3 2079 3111
2 8432 16173
1 20486 15950
2 13927 5263
3 6334 13625
3 6528 12467
3 12803 7195
3 13630 17522
1 5721 10457
2 11333 347
1 12040 6275
3 11771 3844
3 8162 8565
1 17893 10039
2 769 4078
1 6555 17400
1 18007 14223
1 20427 9808
3 4557 12822
1 12259 14063
1 5746 4347
3 4570 12305
2 92 6940
1 3354 19706
2 18841 14962
1 20308 5754
3 18075 1474
3 2245 7470
2 9226 6590
1 2108 4561
1 19048 20216
2 12599 18447
1 1675 9034
1 4667 14256
1 7411 6066
1 4207 18655
1 1751 11781
2 19073 17036
2 9661 17841
1 17477 6359
2 10275 15329
2 12328 2762
3 3774 17313
3 11262 9651
1 20072 3496
1 11509 11623
3 5808 14244
2 17617 11274
1 17742 16487
3 8450 11118
3 5876 14248
2 854 1882
3 3689 680
2 4394 16094
3 8360 14273
3 11878 10092
1 6905 20493
2 19816 2793
2 19737 19441
2 11453 16185
3 10694 10283
1 16733 20321
3 17758 9999
3 17599 18657
3 6794 17685
1 18918 3419
1 19939 16087
3 10493 16919
2 8134 17281
1 12002 10460
3 13727 7215
1 17070 1849
1 14075 11238
2 20560 12989
3 7555 7004
1 16447 13565
3 19369 13361
2 10184 18905
3 11917 1317
2 8103 13455
1 16669 17705
3 325 9580
2 16019 12014
1 60 2752
3 2977 8257
1 19936 4219
1 2968 11651
2 1311 19457
3 17934 207
2 6148 5084
3 9739 10357
2 12001 18650
1 18035 559
3 13893 6196
2 884 13963
3 15420 10624
1 5869 10667
3 9562 9144
1 19261 7689
3 2411 12942
1 2072 4495
3 20215 9891
3 3439 1518
1 13024 10535
2 2162 11333
3 13449 12067
2 4313 17003
1 749 139
1 1813 8590
1 14284 17167
2 13575 339
2 20497 20383
2 18241 19619
1 10669 14515
1 533 9054
3 9559 17118
1 16112 15945
3 5695 3521
3 284 19409
3 8108 17745
1 4069 275
1 4541 18481
3 12051 3893
3 167 19676
1 4572 18888
2 7297 9427
1 14015 7244
2 10992 14039
2 17301 17006
3 775 17588
1 12925 4987
2 7137 20234
1 19542 13012
1 261 10349
1 2883 4315
3 13191 15373
1 14649 16146
2 13526 11889
3 2390 6788
2 3960 6993
2 17833 7975
1 19889 12586
1 2401 9975
2 18084 3056
1 4490 15232
3 5724 1566
1 1137 13076
3 16087 8595
3 2870 2945
3 16982 17004
1 95 19922
2 7667 14853
1 6316 5860
3 12996 239
3 17621 2520
1 11729 6019
1 15704 13412
3 5766 3600
1 19860 14349
3 3370 11887
1 13782 11171
3 5202 14568
3 7244 14494
1 16483 1088
1 20084 11008
2 15523 13179
3 18873 18439
1 7772 7130
1 3158 9903
2 11157 6662
2 11362 11334
3 14870 2717
2 1724 2827
2 15478 19429
2 6900 2333
2 15968 13754
1 343 7834
2 1938 6093
1 19596 4028
1 20516 11111
2 3161 9506
1 8518 3225
2 9957 16512
1 9996 7536
3 9973 10054
3 19759 6158
1 16727 6467
1 11016 5441
2 16327 6017
1 6374 16677
2 5666 1963
2 6456 20289
1 11208 3075
3 6343 9372
3 18593 713
3 13380 4145
3 4635 15298
1 1794 5400
1 19272 6914
1 17058 1541
3 17944 4816
2 9494 18165
2 19232 10542
2 10821 11979
2 13734 4340
2 17388 8390
1 17061 6165
2 9397 1219
3 15368 6933
1 18662 18253
3 1328 10552
3 6879 806
3 13056 14772
2 16483 4643
2 2464 112
1 7429 6912
3 14457 9778
2 9624 2500
3 6994 9427
1 20432 10598
1 11814 17717
1 11919 15572
3 953 17759
3 13931 20514
1 11161 5904
3 8727 11850
1 10212 3031
3 16658 3999
3 7999 87
3 16965 12924
2 12034 13179
3 17773 10980
3 2083 7066
3 14427 9376
3 11516 4589
1 13824 392
1 14355 17772
1 467 6484
2 144 3982
3 1048 4289
1 7442 13438
2 14290 6075
1 19494 11224
1 15394 15293
2 3747 4819
2 12776 8368
1 5921 3573
1 8807 17217
2 15876 16299
2 10057 12041
1 10738 20443
2 8731 17420
2 2102 7467
1 15970 354
2 6072 12804
1 793 8696
3 8195 16617
3 17007 5500
3 14157 4055
3 19388 1601
1 11210 692
3 3851 9108
2 9120 13975
1 3472 11414
3 10378 15100
2 11683 3278
3 394 2830
2 8545 9079
3 2639 9524
3 19788 19180
3 17336 1991
3 14246 10771
2 7142 8967
1 16447 11185
3 2194 14095
3 19525 15542
3 9984 13753
3 12585 308
1 8792 13777
2 10275 17189
3 17344 19583
2 4093 13150
2 3035 19851
1 18130 13450
3 11459 17115
2 6559 9388
2 7905 1529
1 15255 14607
1 2807 12505
2 4061 17762
3 2256 6206
2 1029 8945
3 10652 13488
1 12617 10722
3 12344 7207
3 6524 17714
3 19849 5821
1 1687 1802
3 5484 13796
1 14997 10619
1 651 6783
3 3169 6146
3 19643 6015
2 10880 8749
2 12712 2924
3 5136 7169
3 6966 4324
1 12408 19534
1 15086 12035
1 916 16953
1 895 1015
2 10238 258
2 14483 2516
2 9881 3018
1 10806 1320
1 5902 13034
1 16638 14110
2 18770 11026
1 5585 6463
3 8729 17237
1 13579 12228
2 15357 1409
3 1592 1263
3 20586 11918
2 7657 399
2 1129 16841
2 9786 12591
1 4648 4496
2 1643 2855
1 10971 3897
1 14346 9998
1 18756 608
1 11354 13316
1 10683 10410
3 6626 2011
1 13208 6043
1 19035 11225
2 5110 12966
2 14762 7614
1 3813 10214
3 9664 10772
1 13913 13841
3 12260 6319
2 10967 17951
1 9780 4514
2 10875 5998
2 1539 3473
3 3643 18978
3 19481 6066
2 14402 12263
2 3137 2800
1 17666 742
2 19596 2480
3 16972 17575
1 472 299
1 5020 18707
3 7796 5540
2 697 13886
2 7794 615
1 429 9598
3 19677 6315
2 6610 15612
1 4616 10528
2 7036 19159
3 10995 4119
2 15525 13322
1 12576 5013
3 6171 7176
1 11798 14138
1 5153 13636
3 11378 14348
1 10697 5160
2 8250 5024
2 12783 19412
3 11505 4471
2 19817 17638
3 12307 4313
3 8189 8024
3 17605 1506
2 17127 1984
2 10729 10281
3 6322 5966
1 180 3511
3 12937 1689
1 10131 16570
3 480 10717
3 14946 1423
1 7457 624
2 8863 9455
2 1392 19242
3 5335 12379
2 9487 9898
2 14566 17161
1 6765 11461
3 7986 18438
1 15834 20484
3 1537 4977
1 3757 1361
1 5780 2749
1 7467 11488
3 3639 9042
2 16907 10044
1 13695 14117
3 1237 14916
2 10320 11599
3 12458 14994
2 1215 17140
3 10424 2305
1 2052 4298
2 1507 10954
2 3938 15988
2 8985 4207
2 20065 13233
1 10408 14413
2 16271 5931
1 15015 2223
1 11087 1277
3 13634 16832
3 14823 10525
1 20465 6207
3 14050 10598
1 17228 9126
2 11922 18629
3 7699 10543
1 19570 1080
2 5331 19887
1 19568 9893
3 11673 13260
1 14771 14990
2 2287 16648
1 4051 16166
3 3067 19217
3 3345 2945
1 18193 14644
1 4158 12175
1 7687 18209
1 2632 11195
2 8184 14610
2 14324 18861
2 6987 2291
2 3883 5519
2 387 5657
1 18135 9859
1 8109 4687
1 7530 10416
2 11189 19243
1 3462 6142
3 6154 1913
1 3123 9674
2 2091 11934
2 1127 6943
3 1105 19869
1 2354 18167
3 4798 6874
1 2622 16301
3 8480 14776
3 4051 16648
2 7505 7443
2 4507 13243
2 10522 11781
2 217 8102
2 9624 11095
1 8930 766
1 6049 2025
3 8003 2967
3 19081 1439
2 7359 7551
2 10838 19496
1 16576 12264
2 1416 19391
1 8863 7858
1 10570 4519
3 4058 6602
1 1958 19053
3 14234 5349
1 15619 9531
1 16018 1838
2 13000 18425
1 14824 6225
3 2992 6274
2 18602 11589
3 18343 14524
2 19851 8126
2 9602 15541
1 11289 18890
2 11277 13880
1 12793 9182
2 14430 1806
1 18542 8238
2 11948 14069
1 20396 9190
2 16660 20580
2 14041 16031
2 19753 11337
3 2520 1822
3 5474 4797
2 14535 11258
1 2139 7358
2 17177 14985
2 13518 11359
2 3255 3611
1 13276 20101
3 6292 17806
2 17840 243
1 5791 19523
3 15574 14808
1 12004 2640
1 8604 6328
1 4136 5641
2 19045 8481
2 19568 10804
2 6399 18233
1 7323 9339
1 15169 18568
2 4391 9436
3 19821 16395
3 1436 15810
2 535 3262
2 1699 19214
3 5595 889
1 19384 4668
2 4215 16283
3 17936 19017
1 1842 6457
3 14096 6713
2 5870 3950
1 2406 19034
1 19257 1951
2 439 6478
3 522 20033
1 16560 7803
2 19392 7612
2 17507 3535
1 972 15489
2 16427 13526
3 19290 13482
3 16674 11286
1 158 17924
3 1651 18653
2 11146 16886
3 5663 20587
1 19166 5324
3 3910 3546
1 6514 2457
1 8084 1004
1 6098 9576
2 16849 8397
3 14461 14739
1 19333 11643
3 15807 8126
3 12943 5437
3 12429 10265
1 20553 4283
3 12581 20623
1 11802 15108
1 8066 17937
2 5020 6556
1 10788 5641
1 13580 16750
3 10181 5437
3 177 19486
2 10681 20025
3 14980 14458
3 10301 9126
3 17344 10376
2 2672 4472
3 16474 11539
3 4182 15537
3 9013 12911
1 3579 1683
3 16224 16048
1 9433 2934
2 8178 9965
1 2057 15951
3 4300 4923
3 10715 1306
3 17759 3793
3 2970 14766
2 14495 18847
1 18405 12112
2 11486 9012
1 19583 15304
3 5261 10807
3 17805 3818
1 12370 19700
1 20055 20564
3 5186 16586
2 20449 5529
1 18331 13047
1 7200 4718
1 13153 2395
3 15691 9157
3 18320 17487
2 5746 15731
2 559 14367
1 7794 12346
3 18 8278
2 9193 15157
2 20627 16964
3 3247 8363
3 7707 6323
3 4007 19476
1 4713 11234
3 158 9260
3 14170 3935
1 14400 10052
1 1615 8225
2 20041 19384
3 942 3393
3 5202 15703
1 16979 20119
3 8202 14790
2 5948 18396
3 3612 1085
3 14471 2883
1 8425 13117
3 18219 13106
2 17076 3817
1 17709 17267
1 8823 10809
2 19548 7404
1 15593 2276
1 13253 11188
2 19761 9888
1 94 14401
3 17293 4269
1 15006 13028
1 8361 4498
3 12680 20258
1 17360 6380
1 16525 9769
3 806 19857
3 2886 18306
1 1442 12131
1 13648 15502
3 13355 3345
2 8406 5511
1 4438 6384
3 14036 1697
2 14314 7804
3 12348 13958
3 17763 19205
2 11415 18336
3 12967 2461
2 4012 3418
3 14978 15707
2 5550 467
2 10369 870
3 4316 103
1 14062 16092
2 19070 408
2 1206 14716
1 19302 16870
1 14171 9256
3 15101 7558
3 4125 18317
2 17906 4968
3 5300 4312
2 8950 18041
2 13404 12391
1 14251 2720
2 10372 9692
2 9301 16758
3 4924 20180
1 18232 10878
2 4329 18670
1 3386 8714
3 10359 186
2 9061 18995
3 12448 14500
3 593 16783
2 13235 16314
3 5650 13622
2 20466 8150
3 14589 16150
1 13718 11864
2 9081 12105
1 6903 5541
3 16880 17000
1 4645 6160
3 13072 11185
3 16481 18963
1 11062 16472
1 13029 2262
3 2595 8391
2 19986 6245
2 16483 10181
3 3842 17440
3 12056 6610
2 9817 3098
2 537 1434
1 7450 9624
3 18404 6254
2 15068 8694
2 18109 445
1 7525 19695
3 9181 12182
2 19669 6776
1 12309 16063
2 17152 11300
3 3301 19902
3 20388 5946
1 1895 7782
3 1137 10717
3 20107 10675
2 11197 17223
3 14593 18885
2 17501 6379
2 3657 17433
2 12205 15897
3 6444 10618
2 14442 15057
3 14557 17432
1 60 11293
2 13739 10073
2 3705 12895
2 17468 585
3 603 16424
3 1605 11596
3 15596 20276
3 9405 10195
2 20179 1501
3 14759 18105
1 14659 14951
3 7776 14827
1 9629 16355
3 3031 12174
1 10017 20111
1 18232 13170
2 19254 15869
2 12634 16191
3 7789 6293
1 5635 15775
2 19807 511
1 20139 4904
1 12127 13464
2 16713 13303
3 20337 19578
3 16795 11187
2 7471 15618
3 13241 15291
1 19392 17955
1 2115 2087
2 17893 4485
2 8408 14853
1 20154 20025
2 16365 19508
3 1633 13146
1 7382 19817
3 3571 2965
1 3385 13917
3 14541 16210
2 6529 17040
3 6203 4012
1 17507 4285
3 18629 19794
2 3043 1497
3 17051 15114
1 16474 17088
2 3680 16469
2 14269 3749
3 18962 6459
2 11859 12518
3 3819 7805
1 991 15617
1 10065 19140
2 2644 7887
3 4213 17663
3 17271 8172
2 14906 3355
2 10430 4270
1 8692 11520
1 12035 18096
3 7806 17904
1 14936 13781
1 3586 4430
2 14487 20282
2 18944 6157
2 9776 787
2 16628 14957
2 5607 11350
1 19217 11414
2 15173 12896
1 2418 18094
3 9346 7562
2 6709 9077
1 7694 640
2 5418 1364
3 6232 11474
2 16123 3829
1 6567 16605
1 5044 10390
1 5569 11834
2 926 14024
1 7554 4668
1 2100 12919
2 1387 183
1 4290 16536
1 2694 7074
1 532 19464
3 46 9018
2 4231 3656
3 13732 7748
2 7576 3366
2 3934 16262
1 19115 705
2 15543 1700
3 20518 14816
2 7223 2593
3 7561 530
3 20173 15852
1 19740 5390
2 16466 9964
3 9014 2550
2 4655 16082
1 36 5599
3 7799 7439
3 16198 4757
3 14767 1101
3 5410 13189
2 13548 15635
3 7977 20132
1 11798 10674
1 632 5939
3 16493 9797
2 8242 12134
1 9718 14050
1 18674 2839
1 9253 1957
1 1429 15816
2 1223 4060
3 17634 19968
1 16525 6290
1 10411 2422
2 14052 9298
3 3168 10810
1 319 8842
3 270 1578
1 10122 4899
1 14221 12670
1 5458 16561
1 15353 6024
3 3216 4433
2 1710 15335
2 1360 8026
2 7458 14036
3 18160 3578
3 15639 2200
1 1062 5124
1 16433 12877
3 11433 2383
3 16717 942
3 15527 13823
3 8991 11237
1 13515 7609
1 14717 14149
2 8010 13807
1 1887 12750
3 358 8712
2 2560 9313
2 11383 18094
3 17237 17819
2 20496 11563
2 10277 3232
1 2477 8946
2 3949 7273
3 7381 15741
2 8281 5350
2 5483 13551
1 5140 10021
3 20049 14320
2 8646 10430
3 4253 19484
3 19518 15513
2 1465 7721
3 10458 3012
3 14390 16882
3 14853 3794
1 6754 8006
2 15252 18807
3 5426 10620
2 9415 17287
3 9794 12402
1 9055 16549
1 17660 11339
2 16670 13854
3 16070 15842
3 8341 20139
2 12631 333
3 11509 8338
1 1253 10890
3 7361 9178
3 492 103
3 16538 417
2 2875 17203
2 9645 17257
2 9378 9694
1 98 18388
3 10866 17901
1 19622 7926
2 15301 5461
2 14757 15325
3 8877 4886
2 16425 4715
1 5414 12399
2 10478 4294
3 18504 4672
3 7836 14675
1 12847 10582
1 11173 17542
2 6337 19777
1 17979 12285
3 248 8803
3 6315 16180
3 510 15904
1 2472 2064
2 9644 3151
2 1583 19437
3 13722 17648
2 20629 17124
1 18159 2965
3 16142 15737
3 11488 10560
1 13714 11187
3 11432 10440
1 16736 12040
2 7293 13232
1 18674 7830
3 309 3659
3 1042 17360
1 12583 12280
2 16911 5874
2 4522 13027
2 1964 16091
3 2158 16551
3 5856 6506
3 10902 8815
1 1554 2113
2 11389 17027
3 7251 15687
1 4522 4379
2 20137 18405
2 11208 2520
2 17477 17453
1 16625 19965
1 9694 16138
1 17723 5227
1 2858 7599
3 10972 3714
3 13222 3578
1 13293 17308
2 3910 4400
3 12497 19016
1 5585 6829
3 3288 19011
1 11127 7212
2 13 11503
2 13151 7525
1 12391 9303
1 15685 15255
3 11595 11767
1 15780 1635
3 3943 3106
1 14787 14879
2 18648 10293
3 15196 286
2 18631 2710
2 2509 9809
3 10909 8838
3 5459 1679
3 18959 210
2 7465 3937
2 11792 9331
1 9768 8200
3 7203 9588
2 12820 16556
1 15758 19942
3 52 8475
3 18493 11251
2 14870 19060
3 6784 7884
1 5241 2515
2 15281 4969
3 19950 4182
1 12601 15455
2 3595 13845
2 5631 3624
3 311 4708
3 7882 14390
3 15946 17947
2 11227 13381
3 3490 16857
2 12944 15689
3 19560 18396
2 9536 9174
1 1379 323
1 11742 257
3 16205 5001
1 7238 4835
2 7771 19976
2 8974 5951
1 17016 8223
2 8741 10371
2 12199 13506
3 4647 12733
1 4330 890
2 17237 11523
3 5654 8759
1 18895 7659
2 20129 9603
3 5658 18887
1 17236 19454
1 330 20628
1 15711 10584
3 10995 5642
2 4251 14555
2 7951 14745
3 626 8169
3 1717 7074
1 1758 5091
3 15226 6867
2 12906 9205
2 19934 15788
3 8525 6090
3 5756 7612
3 3272 7032
1 1341 8855
1 3975 8053
1 5078 14081
2 11341 5674
3 9204 1420
3 19575 884
2 19394 7727
3 11481 13130
3 10629 2227
3 1679 7788
3 14942 18857
1 10737 18623
3 17273 18044
3 6971 12685
3 1008 7334
3 6320 6108
1 15459 13972
3 143 15227
3 17685 20132
3 4988 4506
3 12108 12117
3 3222 17428
3 4318 4427
3 5050 4619
1 8878 11940
1 3282 18054
1 11632 668
2 2548 18784
2 1647 15590
2 5812 16786
1 18727 18886
1 1590 5393
3 6078 12063
3 20613 1665
3 473 3501
3 8903 14129
1 414 12056
1 7867 14211
2 8227 340
3 13189 12095
3 2382 16828
3 276 7336
2 1883 136
1 15351 14536
3 4288 5076
3 1769 10658
1 9627 5613
3 8193 17771
2 11059 5174
3 6256 4728
1 10288 1832
2 6296 15291
2 15353 15374
2 16800 11974
3 216 17210
2 709 16926
3 19820 7153
2 11905 16958
1 1749 6783
1 14354 4376
2 19907 10454
2 19871 16507
3 16821 11030
2 2487 4419
2 14329 1327
3 7388 2080
3 4541 18079
1 14756 5734
1 2514 5098
2 8745 19337
3 11654 5507
3 9838 17523
2 4038 11677
3 16070 6602
1 18715 513
2 6907 916
2 3075 4596
3 5167 2838
1 4025 14445
2 8398 9445
3 9723 2064
3 19109 4723
2 20125 17009
1 4385 12617
2 17191 2594
2 16482 1364
2 4846 201
3 3067 1497
1 4761 15816
1 10107 726
3 7489 1358
3 9343 14855
2 5867 5620
3 10933 7557
3 7631 1005
1 1281 14145
1 2837 18026
3 14633 17502
2 4375 11292
2 4033 18566
3 5767 11143
2 4603 20269
1 17825 12851
2 12535 12550
3 16083 184
2 3264 10429
1 8581 14283
2 16576 14004
1 19517 8264
1 7102 16055
1 8934 5306
3 5667 20131
3 15914 18862
3 6937 14733
3 11240 6227
1 6622 17289
1 17779 15258
2 11989 8596
1 18263 3033
2 3767 4087
2 11999 15950
2 14370 15600
2 8101 1004
1 2598 2523
2 3304 5813
1 11999 5762
2 1142 19068
3 6378 9316
1 9098 10626
2 8194 13803
2 2184 1944
3 19421 6345
2 1689 19422
1 8653 3006
3 18664 1724
3 143 812
1 11612 7631
2 15943 10499
3 7080 12731
3 13137 13040
1 4919 16595
1 19625 18075
2 2309 16233
2 4510 3857
3 19902 1078
3 18739 10937
3 997 4668
1 12301 8158
1 8526 17486
2 11233 9109
3 15097 13089
2 9904 3158
1 16303 15197
2 10461 660
1 14057 1104
3 10870 6198
3 10489 13556
2 12761 10638
1 16074 2981
3 17692 2033
3 12855 15738
1 17276 15803
3 4252 12967
3 9598 4993
3 6411 11079
1 9120 15166
2 9155 856
3 11394 3930
3 5161 14169
1 1527 4013
3 16964 74
3 19937 17096
3 10958 10209
2 14807 8189
3 9198 16459
2 8785 8946
1 13911 5979
3 17806 3283
1 4218 18794
1 7469 379
2 19299 13685
2 14361 8692
3 11049 18125
3 15537 1101
2 3535 6071
3 7873 12871
2 17684 17312
3 7765 13989
2 5836 17169
3 1233 4113
1 752 4172
2 3430 3923
2 19257 5061
2 577 1027
3 9662 5061
1 4394 71
1 2258 18718
2 2486 19407
1 2042 2641
2 14695 13266
3 1870 4206
3 19495 4021
1 7575 6003
1 10009 2001
1 17770 15078
1 19583 9259
3 19213 11426
2 6968 20162
3 9849 12382
2 734 4292
1 142 4729
1 7582 1852
1 10197 19816
2 14452 4967
2 1686 17973
2 20549 18921
2 5440 2549
3 7019 8571
2 13777 19741
2 16375 16522
2 12477 2386
2 5332 14174
2 4925 15495
3 13745 12405
1 20377 8511
3 7179 13055
1 10490 12758
3 3417 88
3 13543 1878
2 332 779
1 5765 18341
2 7926 16287
2 6786 4128
3 705 9597
3 17369 18920
3 3577 9673
2 564 19448
3 8917 5010
2 8090 14482
1 17925 15005
1 2531 1483
2 20353 8654
2 8987 8330
3 7874 7158
3 16212 18043
2 10988 10686
3 16071 11324
2 9135 5198
3 4641 13229
2 12093 10046
1 18983 5974
3 12085 4608
1 3063 11301
1 9925 19293
1 8199 3237
2 4192 13154
1 14729 9640
1 6084 13121
3 7252 20543
2 18674 9623
1 15588 11011
3 15310 18303
3 19586 4985
2 6972 19611
2 4753 17101
3 6011 9437
3 15681 10624
3 10177 18547
3 13648 13989
3 19748 6583
2 17606 16401
1 17865 15891
2 2465 18406
1 5553 9473
3 19285 19455
3 3129 14094
1 3720 10217
3 6852 3959
3 9066 1229
2 13824 13735
3 10775 4109
3 4900 11089
2 8587 4766
2 11632 10104
1 13296 15679
2 17252 7987
1 20598 11458
2 18638 6348
1 12433 2148
2 5677 12666
1 13017 116
2 1226 3098
3 5865 12291
2 10358 9794
3 5567 1902
1 1044 11026
1 2459 12580
2 142 3424
2 1897 7657
3 14582 12933
2 7543 8711
3 1052 18702
1 4482 7352
3 20058 15992
2 9915 18129
3 20468 2443
1 15262 9606
3 14430 1180
1 1510 12493
3 20286 9916
3 809 17888
1 2564 5689
2 5646 1670
2 2034 6280
1 1837 17475
3 11584 20637
3 11786 4241
1 3298 18660
2 18365 5367
1 16209 986
1 13763 9624
2 4795 223
3 14366 8776
3 5709 15029
3 17646 9421
2 15075 14110
1 5490 2523
2 2384 16157
3 1263 3574
2 8335 20321
3 18280 17393
3 14497 1117
1 5595 13930
3 12525 15985
3 73 18114
3 7106 13601
1 17868 12782
1 14405 19396
3 3795 2504
2 9069 12806
2 868 19505
2 18893 15085
2 11094 19326
3 9244 8084
2 8290 4512
1 4721 14452
3 11391 4111
2 14182 15203
3 13720 19478
3 107 16266
2 3066 8923
3 3329 2742
1 15373 7424
1 14186 12390
1 12972 20340
2 14399 19469
3 16908 10427
2 1436 4155
2 1794 11304
2 10506 2790
2 1649 3132
3 10391 5843
1 15536 8100
2 4749 902
1 11406 17117
1 2262 7424
2 5330 4783
3 3653 14302
1 2602 18193
2 181 17243
2 13681 14829
3 10036 5025
3 19913 5645
2 20536 10861
2 19796 17728
3 18931 9164
1 7540 2769
1 18520 1635
2 10796 7013
1 12591 324
1 18204 14311
3 17372 18989
3 17431 9799
1 14241 1013
3 11913 11207
1 9710 3428
1 14848 1346
3 8608 9583
1 455 15306
3 5595 18587
2 10689 13414
1 6193 277
3 12129 9783
2 17823 7726
3 14985 2046
1 3388 16833
3 13947 12182
3 4531 6969
3 20531 1741
2 383 2762
1 12218 6257
1 19692 3081
2 12921 18278
1 3604 13928
2 2219 6794
1 9118 17866
1 1507 9892
2 11168 17913
3 11248 2469
3 12178 10402
2 12001 3539
1 2932 4640
2 14373 3613
2 2886 1665
3 11554 5957
2 11641 18224
2 18365 8456
3 2962 10800
2 11827 17569
1 2153 11134
3 10298 11582
1 14843 11326
2 2538 10963
2 164 19444
1 2483 11216
2 653 4561
2 9187 17629
1 13190 19864
3 18201 3065
2 17106 20147
2 7382 14318
2 5811 2554
1 7344 7848
1 8373 9506
3 15360 16859
3 14802 12982
3 19028 6201
3 11440 224
1 15468 15930
2 16871 6837
2 5171 9718
1 7237 16869
1 8335 14317
2 6744 9607
2 1152 2292
2 5656 13143
3 9289 13414
3 836 12943
2 12794 13091
3 18922 2243
1 12789 9178
2 17463 12901
2 14499 5718
2 3432 20122
1 6276 16746
3 20569 15579
3 12274 6652
2 1162 10323
3 18432 2596
3 16233 18242
3 18341 11058
1 2370 19765
2 19412 7821
3 13675 11635
1 1366 14075
3 5467 19549
1 16526 20471
2 507 3755
1 13287 17841
3 17506 12581
1 20004 5845
3 9255 13107
3 5888 18906
3 16467 5367
3 19617 3437
2 17742 6684
3 11895 1915
3 3086 15688
3 1367 4799
1 2434 4543
3 3299 19432
1 12944 2518
3 16992 16922
3 8542 445
2 13017 13575
1 5824 2543
3 11754 17705
3 20309 4211
1 1944 9590
3 20158 11491
1 7802 7194
2 20511 6622
3 1578 1508
3 7112 16718
2 11147 8804
3 8485 15742
3 4992 19238
3 16917 17874
3 4947 1608
2 6660 5479
3 3973 20030
2 17714 13166
2 11180 16051
3 4661 3188
2 15999 3174
1 3904 14150
2 17895 13265
2 6987 9206
3 3723 15638
1 1811 7941
3 8864 15772
2 19123 11101
3 13656 15485
3 20221 161
3 8247 1493
2 1163 794
3 7619 14070
3 7853 1619
3 16075 8198
2 16956 16342
2 4586 6421
3 6621 7485
1 20054 19165
2 3095 4368
2 6829 7878
1 9048 15147
2 676 18835
3 14887 11454
2 7493 10903
1 6484 3990
2 5682 20383
1 10683 17305
3 4761 6567
3 13792 15506
2 4768 10005
2 3981 6389
3 7082 5312
1 6787 7183
1 8935 14319
2 993 9580
2 7746 15365
2 3195 9718
3 17164 6470
2 11105 19330
1 12347 3821
2 17798 17459
2 5619 8738
3 16253 13893
1 2225 7449
3 12991 20234
3 5989 7946
2 6288 17078
1 7743 13624
1 18936 4992
3 857 1791
1 3034 6722
2 7132 8387
2 19641 12108
2 9181 16697
1 19594 11793
1 8217 8636
3 14576 18836
1 3688 13449
3 624 13788
3 1463 7763
2 13567 15611
1 10244 11506
2 19895 12947
2 4361 16283
1 17245 17317
1 15903 5723
1 6446 259
1 20599 9044
2 2887 4704
1 7214 16725
3 8486 14156
1 4775 20493
2 3428 18816
2 2589 133
2 5372 10720
2 6565 15178
3 10718 5741
2 17045 14681
1 12984 10960
2 14208 11023
2 19055 13054
2 582 18621
2 14789 7141
1 19909 9695
2 9369 12092
2 7781 15895
3 17323 20635
1 4711 8961
2 19067 1690
2 15094 9786
3 16861 14422
2 17418 4593
2 13254 6257
3 13393 20115
1 1510 11897
1 12267 54
3 2327 19988
1 17517 15288
3 17281 10977
3 11140 13653
3 19123 4680
3 7882 7231
1 10339 17883
1 10612 6945
3 19432 20169
3 1804 1057
2 49 4651
1 3768 4926
2 12572 18182
3 19369 18879
2 5089 12097
1 17989 11874
2 14369 5228
3 18920 14095
2 11240 1352
3 19726 15212
3 15313 11469
3 16816 7582
1 13760 9234
1 17287 3758
1 15423 17562
3 3086 11931
3 17905 17827
1 19311 5013
2 18869 11090
3 15029 14987
1 14108 6123
2 11871 9171
3 3324 13960
2 17299 9015
3 9485 19898
1 8461 15620
2 16269 2812
3 5584 1351
1 10602 8258
1 2997 7098
1 14686 10507
2 7666 3860
1 8117 14686
2 3372 10351
2 2289 8642
2 20428 18809
1 11004 2700
1 2110 12733
3 7241 11405
3 14542 19990
2 12605 5467
1 8260 2751
3 4011 11816
3 1 13675
2 10501 13716
2 6777 3234
1 17635 4053
1 16522 11730
2 8337 12921
1 11602 4522
1 7042 9872
2 389 3960
3 17584 133
3 11115 4881
2 11773 1488
3 8856 8904
2 2143 14845
2 5678 1309
3 8035 12351
1 6430 8508
2 19448 4438
1 10739 13034
3 6181 6679
3 6833 4909
2 10365 11964
2 4193 20127
2 11541 6757
2 3572 11928
2 9505 14962
2 8329 3981
2 15728 8697
3 5757 4615
2 3135 8313
3 8558 10263
3 13005 14156
1 4241 13504
2 17475 20632
2 4588 1412
3 3024 7010
2 3493 6042
3 5444 13271
2 1824 19970
1 5798 728
1 7712 2050
1 18206 11114
2 13331 11794
3 18044 15807
1 5203 8671
2 12157 14767
3 2587 17348
2 18594 1962
3 9973 18902
1 12552 19795
3 13459 2480
1 16390 20600
1 3049 10014
1 2704 10419
3 9586 8770
3 11456 9062
1 15522 3307
3 6589 69
2 12200 3854
1 2203 12283
3 9828 17868
2 2937 15915
1 12021 15127
2 1730 11520
2 13898 3429
1 6073 4798
1 7570 11471
1 9475 8773
1 9486 11987
3 15302 5332
2 12030 1055
1 13531 7499
2 19003 14061
1 5892 4518
2 8827 15335
3 13189 15142
3 6113 8682
3 5251 15780
3 16238 625
1 13211 6632
2 11915 6776
3 783 10350
2 13584 12073
2 2758 11404
1 10443 11566
2 2359 12534
3 17762 9791
2 727 5198
2 16314 9624
2 17643 9386
2 1447 7378
3 9990 7261
2 11642 16207
3 6344 10074
1 8621 6399
2 17060 20334
1 793 14036
3 12567 10734
2 3400 8150
1 19607 16210
1 10420 18948
2 2404 10431
2 17435 18632
1 15104 14427
1 16861 7939
2 13994 19359
1 10500 5795
3 8222 5045
3 15264 3540
2 14723 18174
3 14587 6969
1 6441 1453
2 14082 347
1 2995 12032
3 8628 13602
2 7354 18455
1 10782 15596
2 13769 16086
1 9039 5348
1 13575 898
1 12918 16459
3 14022 6969
3 7601 4534
2 5243 9217
3 809 10695
1 6062 2567
1 2124 13577
1 16386 11125
3 16107 15137
2 16250 18523
1 10818 12123
3 19948 2028
3 2088 15782
2 12376 662
2 8936 16723
2 3758 13819
1 238 4643
1 15912 2951
3 16416 13887
1 4183 20441
2 16661 11379
3 12975 2360
2 13466 13824
3 2127 12005
1 15696 18801
1 10467 15077
3 16548 15133
3 15425 19968
3 13239 17419
3 11543 17945
2 5069 12507
2 17110 10753
2 12999 17565
2 15070 15445
1 13472 4747
1 676 10784
3 10439 15096
2 8195 8464
1 3576 16478
3 1198 17272
1 5532 12856
3 10049 11291
2 13744 19549
2 17865 6725
1 9955 17386
2 2717 14837
2 6546 8856
1 20531 3294
1 18005 19646
2 20284 18089
3 10764 1066
3 20075 12569
2 13608 5186
3 7004 11658
2 9626 5943
3 16573 17433
2 6449 14287
3 5497 12944
3 11246 17704
2 16478 11627
2 9889 1164
2 6090 15865
3 16603 5863
2 11526 8231
3 9054 581
3 14388 17252
2 14719 845
1 15997 14615
2 16242 8626
1 10098 3859
1 5932 2756
1 1967 8037
3 5749 11264
2 1365 20091
3 19957 16830
1 8904 6095
2 15062 15438
1 14320 20342
2 16592 12216
2 5217 3558
3 20213 16204
1 4608 11576
2 13218 19197
2 4254 466
2 15919 6622
1 12130 6447
2 7392 10654
2 6912 17458
1 15596 7682
2 7061 16429
1 13220 999
3 6251 10130
3 5568 18366
2 20592 15197
3 3634 4400
1 16668 3714
1 10449 4021
1 20009 6928
2 589 14744
3 11 9533
2 11846 8324
2 9105 4832
2 11664 4733
3 13790 10602
1 11637 11456
3 8079 19017
2 10736 1509
1 14095 20261
2 16764 1915
2 15250 4990
2 8701 2021
3 8575 14175
3 12609 5616
1 10176 6450
3 10217 3367
2 20204 1534
1 17981 2364
2 336 6054
3 2013 20045
2 8500 11014
1 13293 14019
3 454 530
2 5682 16032
1 11237 5497
3 14799 13745
1 2632 6405
1 5817 6604
2 11847 17025
1 2713 17937
1 6759 11236
3 12253 8310
1 3503 1018
1 14955 7775
2 2447 1732
2 14447 20504
1 7193 13643
2 17540 10910
1 12942 3956
2 12406 14090
3 967 16941
3 17838 11584
2 9701 13962
2 4374 14925
1 11601 9350
2 12193 1885
1 5658 2855
3 7805 992
1 18405 11029
2 19085 19945
1 7032 1893
2 10388 15953
2 13173 11056
3 9767 19205
2 16881 16306
1 13116 13937
2 582 9087
1 13300 11325
1 10805 11118
1 11076 10926
3 716 5142
3 10661 10187
1 19209 444
2 1649 17709
1 15739 14344
2 15586 4397
3 10050 15637
2 1194 7636
3 19466 10455
3 4703 6670
2 3672 10827
3 3931 13821
1 9341 13380
1 14300 8799
2 14967 9575
1 10644 15309
2 13007 8557
3 8900 12050
3 4989 19056
2 5274 14894
1 15094 5552
3 17262 10192
2 17786 18674
1 11299 13190
1 15519 7716
3 13531 10479
1 17655 14725
1 8524 17795
3 2421 2812
3 19194 9824
2 10568 10970
2 9639 10287
2 3880 5669
2 4807 11343
3 51 6406
2 12673 16726
1 3405 7391
1 9117 903
1 3402 1632
1 14774 14115
1 16023 2283
1 208 1764
2 19106 15416
2 17742 5759
1 2687 10692
1 6627 6750
3 11793 11729
1 13031 18985
3 391 20442
2 11991 138
3 17402 20146
3 1734 20563
1 14889 1354
2 9490 1989
1 5368 16809
2 12318 17366
2 4642 18317
2 13395 13834
2 20530 14124
3 3155 1271
2 15225 7845
1 13862 6645
1 10762 11604
2 10095 17074
1 8879 9757
2 17392 16573
1 6295 3956
3 1458 8985
3 16823 3894
1 10997 6544
1 876 10572
1 8442 3803
3 17422 11680
1 7985 2856
3 13352 2312
3 6070 7896
3 11152 3768
1 7715 3518
1 10896 5155
3 17722 4216
1 11466 14061
2 17388 2872
3 10163 4961
2 8673 18969
1 5910 18443
2 9955 15150
3 12990 13477
2 6529 6063
3 14489 6391
1 6527 11261
1 15290 7159
3 8722 12815
3 16110 10539
1 15092 11207
3 1073 3141
3 2874 20410
3 477 17599
3 6990 3007
2 17283 14407
1 12023 12006
3 4950 5642
2 16365 8312
2 14962 9468
3 14930 18560
2 8650 12974
2 16716 4203
3 12281 6867
1 15463 327
3 5195 5820
3 12187 7157
2 13180 14455
1 12914 12598
2 2124 170
2 11087 15784
2 12441 9636
3 14162 18921
2 7961 6664
3 14032 12668
3 10319 529
3 3404 19899
2 14877 17235
3 9123 10803
2 566 15748
1 597 9245
2 18485 13366
1 12202 4371
3 1192 2094
1 13911 1661
3 11321 8492
1 15467 11581
1 17501 18082
2 11391 6474
1 5093 4365
3 10064 8283
1 19344 6192
1 4754 15491
1 16688 1135
1 6801 5440
2 8140 20343
1 11622 7533
3 5809 17459
2 15863 15466
3 12245 15549
3 13495 15775
2 19286 1603
3 465 4177
1 14677 3484
2 18613 17855
2 18241 4652
2 12827 14723
3 4907 20581
3 19031 15805
3 18636 3623
3 19380 17491
1 6740 20326
2 10499 6387
2 17571 13335
2 17847 11341
2 16194 6080
3 12245 16334
2 466 13685
2 3817 2316
1 3143 19502
1 3388 15070
2 1579 18895
3 13983 12072
3 225 11160
2 13303 7334
1 6387 17103
3 1330 18067
3 13447 7309
3 18274 7501
2 6543 7655
1 13214 13628
1 19459 5557
2 3896 10820
3 7866 3402
1 6262 5720
3 11481 6981
2 20034 8133
2 9629 1825
1 14960 343
3 10125 15654
3 9181 16830
1 12232 12646
2 20466 14609
3 18069 3103
3 1276 15927
2 17454 19761
3 5528 2917
2 8627 19693
3 16054 13306
1 14065 19872
1 2470 1137
1 17509 17855
1 18138 9827
3 1820 3681
3 8425 417
1 1103 6599
1 1098 1468
2 16289 7322
2 16449 8313
1 14593 12525
3 19097 2337
3 16399 2589
3 14288 4567
3 15108 17218
1 10535 4623
1 9896 3723
3 17335 11542
2 1357 13261
1 988 4517
1 14323 14937
1 9795 11118
2 10212 16438
2 941 6564
3 555 10195
1 9719 895
3 7191 5119
2 2122 9467
1 10004 15294
3 4943 6248
2 11667 6885
1 16956 18506
2 4155 2794
2 9166 146
3 9593 16103
1 6766 12195
2 11723 845
1 12738 1679
2 6081 387
2 13970 11119
2 9802 96
3 13366 13644
2 7633 11119
2 16529 15288
3 6570 20223
3 6521 16522
2 5434 4352
1 12237 8332
3 4992 16293
2 12908 18786
3 9518 13952
2 1142 6071
3 18044 11457
3 18500 20289
1 15019 11800
3 6258 13851
3 11980 4568
2 17573 14896
2 11724 3958
2 7903 5523
3 8143 7488
3 16717 20389
2 19157 14068
1 14147 6383
1 18831 15842
3 6206 14879
3 3686 17149
1 16978 14031
1 15116 11417
3 15250 18209
2 3427 411
1 16181 13505
3 2410 4792
2 5109 2649
1 15222 17458
2 16981 82
2 3164 11390
3 5947 816
3 13142 5616
3 4957 3645
2 11598 14377
2 19660 8827
1 15831 2897
1 9040 16558
2 20055 15703
2 17393 12081
3 5320 18991
1 8835 15934
3 18686 3560
2 4759 13551
1 9088 9355
1 1648 4079
1 3720 2962
3 9966 16295
1 14754 3220
1 19298 6144
1 458 12584
3 11538 3135
1 12890 20535
3 9465 8422
1 687 15914
3 8084 2121
3 1160 558
2 5562 15637
1 304 12505
1 7647 17914
3 20617 14223
1 11525 2694
2 18054 13017
2 42 18969
2 20032 14824
1 9508 3988
3 12138 20311
1 6077 15141
2 17168 18835
2 8787 10753
3 17425 12403
1 14561 12200
2 19881 20260
3 712 2806
1 231 8220
2 7333 12191
3 9708 2014
2 17462 4263
1 13325 11427
1 6200 4055
1 11202 1975
3 10153 15120
3 17130 1615
3 19445 2826
3 18970 1205
3 270 12308
3 4794 7928
1 8701 12643
2 5975 6300
3 10555 6041
1 6868 14527
2 1381 2140
1 992 7852
3 6711 16362
1 8692 4117
2 9084 4950
1 19516 4053
3 3506 8299
3 19040 4852
2 10654 3658
3 5907 18950
3 9732 7001
3 7170 13910
3 10586 1372
3 16765 19506
2 18169 18118
1 6924 429
3 1328 1874
2 13428 14323
2 8561 7732
1 16782 8133
1 14525 18084
3 19556 8246
3 6686 15797
2 11870 18896
1 13341 15877
1 16897 19552
2 15956 8936
3 3297 1709
3 19666 19919
1 4850 3853
3 7731 10900
1 19064 1189
1 16281 20136
1 18131 14344
2 15104 11163
3 5936 19535
3 12669 9381
1 2581 375
3 574 2775
3 674 11276
2 6384 16587
3 2133 6438
3 3881 12542
3 1259 5185
1 4843 11252
3 13375 2524
1 14949 11954
1 195 16678
3 3822 19676
1 9241 6539
1 4901 17637
1 9314 12159
1 19867 15188
2 842 7719
3 13948 7715
1 18358 14113
3 11428 18241
3 9551 17422
3 11985 2458
2 16841 13896
1 18541 17636
3 2142 19168
1 18451 8885
1 17540 13497
1 2010 1081
2 11548 4761
2 12808 12698
3 1849 12059
3 8865 3243
1 1746 3580
3 11053 7766
3 16931 10314
2 8469 11292
3 20487 4433
1 10393 7462
1 2607 886
3 2807 4464
1 10365 11050
1 19460 19850
2 13189 8532
2 18371 18324
1 4820 17784
2 15752 9438
3 1415 15723
2 3220 6078
3 6599 10928
1 18131 18433
2 17085 3642
3 8310 6941
2 7735 3534
2 10297 7466
2 11061 19081
1 12332 12435
3 16087 6445
1 6268 5868
3 18132 18286
2 18305 16899
2 8934 1659
3 11535 17870
3 119 14379
1 14847 15197
1 7727 10910
1 11263 14452
3 18331 14874
1 1060 13803
1 10452 2246
1 6625 3335
2 10980 11927
1 11469 1782
3 8694 6226
1 1022 15571
3 914 8525
3 19671 10180
1 19350 10205
3 348 716
2 7777 3552
1 2677 6068
2 20590 10057
1 1832 13170
2 13138 16505
1 14718 13271
3 5212 16211
2 20500 4257
3 6694 16161
2 5662 8964
1 15499 7333
1 15602 1900
3 15235 10786
2 383 918
2 8302 10367
3 2686 18603
3 292 14626
3 17619 7605
2 15019 12146
2 14662 8339
2 11976 9285
1 962 17937
2 18320 19341
1 2032 15931
2 16259 6390
1 13608 1568
2 2381 13794
1 14467 18812
3 9579 2624
3 14692 20149
2 13744 13873
1 12240 5692
2 18864 18306
1 11373 10314
3 17172 4167
1 15203 4391
1 3745 17109
3 18696 5948
1 20122 6068
2 10048 11240
1 8237 12596
3 20374 5396
2 2585 9419
1 5214 3951
1 1692 1578
3 14364 15812
1 15357 10380
3 12199 16493
3 16352 7382
2 9163 962
1 9429 19486
2 18373 916
3 3494 12633
3 17473 728
3 14210 17708
1 4377 8864
1 16372 14272
1 14000 11112
1 16715 11295
2 9602 2535
3 3221 3962
2 13303 11026
2 12956 5301
1 15942 648
1 10289 5175
1 18417 6734
2 1089 19909
1 16637 9400
2 15050 4074
1 12474 11729
1 4559 856
1 2735 15283
3 1224 10368
1 3698 7029
2 3409 5392
3 15754 5508
1 4771 15029
3 13460 18412
1 8784 6951
2 13682 4078
3 18593 5267
3 2855 9166
3 774 15830
2 3725 9511
1 348 20454
3 13407 20593
3 2748 4389
3 14083 13025
3 12027 19207
3 20394 8250
3 5780 16815
3 4370 16998
3 9782 8887
1 4397 9855
1 13996 749
3 8375 11406
1 16572 19217
2 16547 14539
1 5695 5228
2 17295 16251
2 2965 610
2 5221 20397
3 6774 4615
3 3123 7523
3 20138 1394
3 9986 6123
2 4482 18065
2 7995 641
1 19799 1319
2 13605 6034
1 14985 16232
2 6789 5664
1 16378 15366
1 16643 11576
3 860 16895
3 18285 12841
3 5734 8336
3 7944 18233
1 1894 12303
2 10946 9286
3 15901 18428
3 20055 9181
3 8233 17622
2 11547 6180
2 10541 15517
2 4515 6916
3 16716 19291
3 5868 4885
2 20197 13166
2 17468 14314
3 14670 2895
3 16619 20212
3 13022 2804
2 17582 2488
2 5416 16353
3 1784 6576
2 2359 19089
2 1102 16963
3 7471 3184
2 1262 11592
3 18303 8825
2 1344 16717
2 7882 1981
2 18206 10711
1 15399 20508
1 11597 15884
3 5624 19826
1 19871 1328
1 14680 3459
1 4914 9145
3 1334 18465
2 10827 3203
1 7430 13129
1 12906 17516
2 3860 7429
3 1870 12572
2 15282 6831
3 2468 5681
3 17402 2404
2 13583 2309
2 13553 19587
1 16102 7027
1 8610 14172
3 10288 1204
3 4340 13270
3 5972 11984
2 12258 13220
1 14427 6217
1 7533 10307
3 4295 17261
2 15992 3610
3 20377 6954
3 431 19564
1 1739 10243
1 2740 4879
2 18147 512
3 19691 8732
2 1621 5369
2 215 17776
1 13166 3941
1 17397 18398
1 3552 18678
3 15266 10931
1 5722 3842
2 2780 12061
3 17588 11004
1 6799 2753
1 15355 12991
2 16717 5140
1 16973 17179
3 17704 12364
2 12552 14594
3 6912 11884
1 3732 16816
3 4552 12258
1 6711 17318
2 10627 5403
1 14414 18629
3 1460 12620
3 10586 15216
3 8147 7742
1 10008 18041
1 10649 5127
3 20043 12865
2 11064 9042
2 4669 894
1 19604 6964
2 7992 3459
3 15353 3793
2 6350 5533
1 9920 8680
1 14975 9979
3 6664 5027
2 9908 16588
1 13205 1929
2 2366 5955
2 7065 15733
1 9050 4525
3 5799 7047
1 12297 17510
2 5495 249
3 16998 10591
3 10062 15868
1 18261 7144
3 602 11146
2 2471 6620
3 636 8839
3 1075 20171
2 10471 17317
2 3834 19191
1 15893 15837
1 1602 2800
1 17479 8769
3 10815 15270
2 10054 9240
1 8269 6827
2 20211 18790
2 1690 7863
2 567 2453
1 13250 7944
2 19376 20207
2 12469 11718
2 2867 13370
3 19230 10949
1 8172 14457
3 9987 9204
2 3594 1257
3 5571 1199
1 4685 5445
2 15768 17995
3 12323 2596
2 13178 1874
2 14003 5538
2 1753 3515
1 12997 17305
2 7248 18922
3 16387 14457
2 10144 8581
1 15330 19224
3 13539 19225
1 17730 11256
3 18626 2773
1 11831 3655
3 7732 3965
1 10842 14134
1 20593 14892
1 15579 1661
2 8719 3512
1 17199 17816
3 17548 16715
1 2321 8777
1 2474 1427
3 6389 12021
2 12093 17571
1 9428 19053
3 15417 13346
1 8248 15274
2 14510 3485
2 10536 6078
2 11555 2040
2 18068 20549
2 15406 12449
2 9564 1886
2 16030 7010
3 12595 9668
2 15915 12283
1 16679 8661
2 3258 14430
1 15315 7917
2 18465 7092
1 564 3722
2 16692 19862
1 19106 15147
3 502 7013
2 12205 10606
2 20615 20494
3 7253 15444
1 13047 16590
3 9544 4028
1 1846 15566
3 5714 5509
2 4513 20267
1 8554 11694
2 29 10341
1 483 4879
3 16357 624
2 14374 13622
3 4809 3327
3 2375 6077
1 6182 157
2 16402 11676
2 1033 6152
2 6260 15559
1 17976 16921
3 4983 14817
2 9556 17901
1 9902 7048
1 4839 683
1 17226 5769
1 4249 5996
1 8458 2990
1 12215 13550
3 16906 19551
1 7094 12943
3 7388 4598
2 5897 11631
2 16383 19765
2 17338 4799
1 5700 20378
2 8943 2682
2 14471 19469
2 2456 2593
3 2865 14205
2 4652 2115
1 14945 7183
3 15570 13479
2 6640 7382
3 5265 14139
3 262 1266
2 14329 10021
2 20328 16770
1 9464 4248
3 6068 19551
3 9942 13864
3 16759 8177
3 4330 12826
3 3482 14512
1 3361 10038
1 3316 16965
1 8855 20615
2 10173 14038
1 13170 16894
3 20141 13195
1 12036 347
1 19305 14302
2 4912 18596
2 6803 13439
3 12873 10280
2 6856 7861
3 11926 6447
2 12107 14950
2 17688 14893
3 19762 18468
1 18194 20499
2 11463 9736
2 16616 11600
1 8259 6088
1 19910 17883
3 14820 4489
2 12293 18812
2 16741 16518
3 7427 10476
1 7233 2909
1 3454 4567
3 16466 8697
2 316 18973
3 12777 11679
3 16245 11440
1 13566 5945
1 7322 5974
1 15850 2444
2 11212 2650
1 9630 9819
2 10742 10485
2 13268 7051
3 4794 844
2 15794 5021
3 20182 12051
3 5375 12095
2 13774 19928
1 14074 11498
2 14204 13424
3 6454 12816
1 15483 19089
2 8924 13599
1 1040 18934
3 4438 1484
3 649 8967
1 5189 15688
1 9407 3311
1 5863 1541
1 7824 15373
2 18453 8385
1 5736 13568
2 7701 10454
1 1754 12571
1 8060 12740
3 14630 4537
2 15829 1688
2 9831 13983
3 10857 4248
1 265 5793
3 4340 6148
2 13263 17105
3 18494 12535
2 19281 14587
1 16086 16151
2 5589 19211
3 8307 2383
2 14621 19379
2 388 13387
2 6278 19918
1 7161 18747
2 18693 7693
3 2585 6978
1 14804 2296
2 13673 10563
2 9317 19101
3 255 18702
1 15156 11948
2 19317 7913
3 2481 1799
2 908 15196
1 2373 8816
2 3901 5664
3 2643 10302
2 18450 17354
3 1274 15260
2 13336 9413
3 8124 16738
1 18003 8732
1 3836 16693
2 19433 17200
2 14438 4463
2 17734 11673
3 1849 14922
1 11227 5101
2 18235 7124
1 731 3106
1 11847 2732
1 1324 3119
2 2913 8253
2 17730 1852
1 1076 16601
2 12554 13379
1 10267 6011
2 4346 9562
2 6927 6169
1 16082 18113
1 11449 17372
1 13405 5585
3 3035 11372
2 17356 20447
3 12211 6731
1 5948 5666
2 16109 5142
2 12376 15318
3 4707 15271
2 4786 19897
3 4501 12602
3 10053 15938
1 6314 13595
2 16177 3099
2 16956 11704
1 6081 4235
2 2722 19436
1 408 18571
2 7321 4979
2 15715 3127
1 3336 18445
2 19815 10330
1 5113 4567
2 948 9679
2 11940 4453
3 7562 13637
2 4125 19181
3 3007 18413
1 5581 18264
1 449 16057
1 13835 4439
1 2056 7228
2 6406 16114
1 8799 13609
3 5116 8912
2 4653 11113
3 9176 17579
1 16829 4561
1 1050 19808
1 1080 19104
2 17552 17362
1 12143 5039
1 15350 419
1 4034 446
2 18032 1847
3 11317 18738
1 14057 19204
2 19176 14357
1 18970 8063
1 13622 14661
3 4815 14883
1 6848 15937
1 1201 17636
1 20377 7093
2 3127 4779
1 5867 694
3 8271 539
3 1624 3120
1 12610 16293
2 6229 12130
1 15280 20559
2 15317 4455
1 8593 4763
2 20025 17853
3 18773 4734
3 4327 10431
1 17053 4100
3 13698 15690
2 13601 8916
3 16146 13586
2 3249 20243
1 70 16831
3 10474 16514
1 8664 19691
3 455 2524
1 18074 318
3 11079 8949
3 2086 9864
1 6157 12548
2 7528 17293
1 8335 12863
3 15241 9872
2 8435 19745
3 10656 15570
3 2169 19418
1 4314 17433
1 12320 10331
3 5190 13828
1 421 5039
3 12326 9321
2 14863 4553
2 18238 14050
2 12785 15600
2 10948 7350
2 16585 17721
3 4980 4762
1 7578 875
3 14024 15925
3 9960 11172
2 8926 19049
1 13623 9374
3 16284 18565
3 5649 8185
3 3839 5321
1 5206 6580
2 19318 7301
1 7942 5524
3 11446 1845
2 12575 19484
2 520 19595
3 3604 11045
2 6270 15021
1 19136 6843
3 9680 16460
3 17366 12894
3 3379 3314
1 2302 13390
1 10687 5821
2 17630 5220
3 10534 19866
2 3393 193
3 13807 12847
3 11527 7478
3 19218 1403
2 15715 20556
3 6800 14369
2 11898 7427
2 9455 1560
3 12959 9598
1 4524 60
1 9415 7511
1 13014 10056
3 12837 10246
2 19868 12362
3 18914 11959
1 8812 7443
2 18694 1618
3 17950 7552
1 6766 19653
3 2554 2908
3 17901 1824
1 5397 7409
2 5196 15284
1 10004 8693
2 12873 6908
1 9928 1924
1 16397 10220
3 5343 16388
3 7567 16096
3 17890 12414
3 6147 11346
3 11153 12086
3 417 14588
2 10642 18087
3 13853 6557
2 73 5275
3 17004 7725
3 9839 17682
2 19462 1437
3 9427 18672
1 7138 10544
1 16040 13596
2 17694 15475
3 242 14464
3 5632 8297
1 1071 6226
2 13698 20024
3 19730 14947
3 13114 14939
1 19734 292
3 13639 7316
1 18505 9727
3 16129 78
3 8809 11150
3 1708 1294
2 16626 13875
3 5359 8294
2 14606 8699
2 267 17569
2 2386 7002
1 12597 11663
3 11480 15191
1 4491 3518
2 16501 6134
2 13413 9870
3 4598 3990
1 10063 3380
3 9178 19980
1 5347 9520
1 11622 2395
1 4417 13087
3 15444 9911
2 5686 20161
1 18884 4554
1 6264 3348
1 10092 12403
1 4433 19560
2 5824 4163
3 10772 458
1 19521 4418
3 14054 14578
3 4793 20238
1 3217 13539
1 8506 149
3 19102 7948
2 19302 3870
1 4921 7577
1 832 5908
2 19730 1663
1 11231 15976
3 5317 17903
2 13524 7909
2 7251 9418
3 7134 4157
1 10981 14465
2 17496 12301
3 13126 20015
2 10331 14716
2 18135 13764
3 12789 1641
2 12225 12280
1 3965 8657
2 19557 10979
1 323 15835
1 12473 15587
3 10476 5432
2 19929 7821
1 2659 13047
2 10293 13392
3 12707 17281
1 12146 15948
1 14700 13866
3 20242 19449
3 18471 710
2 8459 7122
2 3240 1471
3 6500 14967
1 8559 9609
2 9963 3965
2 16283 17473
1 14448 1104
2 5700 13027
3 3999 16599
3 1635 18421
1 6977 8795
1 2589 4985
3 14300 15280
2 15473 12213
2 17903 5682
1 1273 9982
2 9907 4518
1 4087 9787
3 6523 4035
3 1352 1018
3 12680 10592
2 3098 3123
2 251 12019
2 6607 16453
3 18675 18644
2 6843 12253
3 18447 12641
3 18958 3475
2 12479 13398
1 11038 6980
1 18214 14742
3 18713 9816
1 9349 17482
2 18432 18033
2 5149 18066
1 9262 8603
2 4120 6313
1 56 10186
1 16151 9772
2 17240 845
1 9869 17903
1 7987 11463
1 19436 14004
3 15698 8163
1 6049 16628
1 6812 19539
2 235 1604
2 4093 11457
2 18189 7027
2 10276 1427
1 3778 17260
3 5187 12031
3 382 20607
1 7475 9017
2 15979 1475
3 8487 6003
3 9704 7669
2 6391 12871
2 13208 19746
2 5293 20159
3 6205 1120
3 17849 4322
2 12145 1394
3 3774 11883
2 17772 16122
3 6811 7742
1 8230 6395
1 2407 2559
3 10803 11617
3 16132 3398
3 18560 8071
3 6012 8668
2 9402 3211
2 14400 13333
1 3297 2968
1 15012 17191
3 17763 591
3 16212 18636
1 10080 19487
1 8979 12518
2 8447 7796
2 9274 17602
1 9984 9360
3 6777 8155
2 1794 7946
2 1527 4775
3 48 8312
2 14381 4609
1 2479 15965
2 13028 13084
2 20549 15674
1 10175 18014
2 5597 11330
3 2957 19020
3 12678 382
3 1748 4273
1 3186 17046
3 9037 13095
3 13978 12835
3 10753 19553
2 2918 12159
3 1826 15006
1 15642 4032
3 10369 4271
2 5435 18087
3 10383 17700
3 17931 7611
1 20337 1762
1 9024 19895
1 14057 19645
2 16833 952
1 14516 1543
2 11052 8328
1 8210 4031
3 22 8437
3 7850 8010
1 4267 10952
3 9327 5485
3 13809 18600
3 407 12474
3 10419 17529
1 18184 8940
1 20466 3262
3 5088 17014
3 8943 7034
3 19122 18445
3 16392 8721
2 2256 18791
1 8101 10017
2 17248 4335
3 1526 14585
2 4983 8681
2 16040 4347
3 13757 16697
3 13829 12992
3 16296 1203
1 1225 12674
3 15651 16597
1 9485 1532
2 3778 6743
1 2724 15617
2 13882 6801
2 14565 413
1 20231 11976
3 20504 531
3 18446 4853
1 20001 7908
1 18355 12961
3 11025 11355
1 6873 10144
3 955 10864
3 10577 4092
1 10102 17356
1 1328 15486
3 1596 10810
1 5716 17841
2 2095 16581
3 14006 9096
1 13217 7373
2 19658 16659
1 7128 14485
3 10347 996
3 3157 12275
2 14118 2681
2 15384 2721
3 13408 20564
2 10682 5888
1 16375 6710
3 18593 4738
2 4501 8911
1 10663 164
3 101 10366
1 3595 7221
1 7895 18424
3 3447 18204
1 10170 10134
3 10290 4437
2 2090 1870
2 11028 11182
3 15634 5543
2 20128 1784
1 18244 16014
3 11527 19392
1 12798 14480
1 2644 11116
3 7333 17992
2 17562 10828
1 3209 19052
2 6394 7230
2 9031 6740
2 2971 2523
3 3464 8146
3 10854 15806
1 5942 19184
3 10211 2849
3 18396 19004
3 6511 8657
1 11867 13424
3 13311 15253
1 13404 4105
2 2678 10562
1 19718 15054
1 629 14494
1 5164 4575
2 3893 3180
2 17842 458
3 20111 18844
1 6222 18368
1 18421 11372
2 3626 6697
1 5095 980
1 18972 2467
3 4055 5087
1 12075 5818
1 4715 16008
2 9767 4856
1 13458 17576
1 5012 8373
3 20202 5974
3 3917 2788
1 5532 19174
3 5883 12624
2 13514 13029
3 18641 9566
2 14473 18548
3 18950 7247
3 5690 7498
1 18599 11053
1 11199 990
2 2555 14678
3 15325 4995
3 10720 9565
2 19861 12969
1 438 8405
2 12323 16851
2 5968 4806
2 8079 4175
2 15858 4909
1 6899 12783
3 17692 14259
1 6944 14417
1 13146 11443
1 1823 11661
3 12892 15101
3 5500 10357
2 11872 10506
2 12460 18990
1 4696 14731
3 9997 53
2 7392 10907
2 11197 4098
1 813 2182
2 9876 3282
3 14411 3520
3 5693 15489
1 2809 2367
1 12402 5380
3 18124 5695
3 5166 5585
1 19119 8215
1 16778 6794
2 12082 12161
2 12003 195
3 14750 8686
1 10049 12330
3 17442 20487
1 12925 2662
2 8856 13484
1 3609 5476
3 9442 14591
3 16715 8152
1 19980 3729
1 19193 18208
3 9626 2252
1 22 19922
1 4835 12057
1 3996 13035
1 14132 20330
2 19994 12933
2 792 14737
3 2932 3713
1 15318 1900
1 4249 7976
1 254 11540
3 5002 2542
3 2917 17827
2 6814 5016
2 12006 15017
3 17524 483
2 17930 5809
1 10034 11910
1 1501 7321
2 4115 1216
1 3028 6753
1 752 14241
3 4735 568
3 9879 16516
1 12361 5004
3 12608 5265
1 6605 10955
3 8749 4482
2 7074 15333
3 2881 18776
1 18872 16492
2 3111 16683
3 12736 4262
1 2333 18937
1 11953 15720
1 6748 10046
1 16466 20166
3 11926 519
3 2560 15624
2 1149 117
2 8491 3261
1 318 20407
1 16967 16034
2 14519 14650
2 1402 11498
3 16279 13799
1 6537 6260
2 13273 16501
1 4996 20146
2 5043 6652
3 19949 18613
1 17663 8150
1 8558 4415
2 597 16431
1 4736 20219
1 13910 16439
2 19963 6040
2 18214 13451
3 2534 5903
3 12368 13591
1 15164 8267
3 13924 7986
3 16707 11361
2 6482 10571
3 7233 19942
3 13630 19661
3 17172 7278
2 1484 14208
2 5445 18182
2 18086 6295
3 13820 7719
3 152 9659
2 14498 593
1 18250 18471
1 16189 17949
2 13530 1396
2 12772 19449
3 9113 4348
1 13624 501
2 12578 1664
1 18148 5920
2 1732 7185
3 1818 77
3 8130 16994
1 2993 1304
2 11927 15939
1 12358 16656
2 11233 8631
3 14639 12751
1 16659 16086
3 1331 13893
3 3746 2097
2 929 18689
2 8914 16631
1 13485 12452
3 3774 16395
1 4184 17860
2 10491 7930
3 11061 280
3 8933 3019
1 20644 11536
2 15686 16220
2 7566 7889
3 17362 11862
3 15257 2199
1 16186 18402
1 10275 13714
2 17067 13887
3 2767 11732
2 1316 15536
1 7306 3893
2 2913 19583
1 4802 15613
1 3510 13576
3 15865 7603
2 18222 12469
3 19038 4731
1 15579 16574
2 13360 7419
2 2061 7197
3 19768 5751
2 7777 7154
2 13458 10460
2 6979 7876
1 14082 19834
3 18160 2427
1 10310 9298
1 1535 6767
3 2403 14344
1 13313 14544
3 6613 1717
1 4069 874
2 5662 15410
1 8487 12999
2 11430 9309
3 12831 19044
3 961 1815
3 12042 5434
2 13178 19127
2 18165 18638
3 15610 9679
1 8821 7202
1 5959 20024
3 1326 2010
1 11172 2482
1 10663 7489
2 5208 14667
3 7086 15138
2 13777 9512
2 4758 1096
3 1298 6576
2 15254 18442
1 5953 8204
3 4844 17045
2 4981 18479
1 8032 14129
1 17867 11529
1 15985 8889
2 11227 12836
3 7900 18342
1 7999 3201
3 7812 13234
2 603 909
2 692 5059
1 1158 254
3 8501 20491
2 10670 1503
3 7628 6901
3 18017 2723
2 20610 7001
1 14285 4736
2 15825 8665
1 3828 16843
3 3194 1117
1 6138 3013
2 15531 2624
2 7787 3358
3 3068 7572
3 13633 517
1 9480 13869
1 11184 10055
2 11430 11736
1 8926 18134
3 12846 3714
3 16262 13166
3 13668 10510
3 17237 168
3 19655 14214
2 3541 15301
2 1425 4820
1 10097 1736
2 20112 2765
3 3915 9408
2 19383 2685
1 16276 13342
2 5426 7207
1 4184 1070
2 19442 4119
2 11865 15943
2 18173 11783
3 15214 19909
1 17884 13964
3 19548 534
2 14839 13644
2 5670 8549
2 8276 19800
2 11841 3616
1 1795 9269
3 999 17585
1 11868 7537
1 20517 20274
2 2800 6987
3 10129 16521
2 18435 1709
3 10497 19696
2 16564 19942
1 1017 3644
2 16294 603
2 323 3706
3 11904 10874
2 15037 4159
1 1567 10664
3 15231 8689
3 11421 13168
3 11416 19243
1 12930 9889
3 14217 19155
1 1058 3475
2 15583 16927
3 19957 20361
2 5974 11433
3 3614 5024
3 2077 13231
3 852 3546
2 7007 3316
3 14239 17297
2 4183 20346
3 10933 15105
2 585 2363
2 7361 5173
2 12745 19740
2 7011 6642
2 4345 7171
2 14605 5631
2 7479 6568
3 429 1247
1 15570 17800
1 10147 14791
1 12113 8448
3 19188 18000
2 8669 19948
1 16708 19097
1 20461 10316
1 12723 941
3 5081 10400
3 11163 996
3 2059 2605
3 6126 14143
2 3908 12231
1 17236 12027
2 11025 13895
3 14042 14230
3 13169 10241
1 4938 17754
2 2158 12801
2 14759 19332
3 9991 7512
3 19748 19834
2 8237 5698
1 20040 13528
1 8208 12446
2 4747 15704
2 5290 2034
1 10484 533
2 12779 8442
2 4642 3110
2 6040 782
2 7655 1944
2 17107 15710
3 7817 11173
2 10071 20618
2 903 19473
2 5351 10849
2 1863 13613
2 3072 18346
3 18362 17280
3 6011 19471
2 3919 15856
2 6518 20569
2 15477 3899
1 4204 15123
3 4884 12250
1 7967 19796
3 17493 11098
2 10480 14022
3 6333 13612
1 7018 12152
1 9814 5079
2 6274 9603
3 9375 11354
1 2580 4333
1 6006 5691
2 16179 4722
3 9257 8024
1 20512 8604
1 9012 18834
3 6775 12859
2 8589 4901
2 16944 14891
1 4848 18614
3 6410 1484
3 18404 1519
3 15302 689
3 18380 1203
3 20011 16617
1 17701 5229
1 13315 15350
3 482 4494
3 15416 13727
2 5133 12382
3 12386 17768
3 10670 11427
1 9587 7518
1 20190 13851
3 16371 9682
3 9967 14490
1 12532 2454
3 3853 13699
3 20362 6663
3 15041 5390
2 2751 11870
3 3517 2776
3 3241 13200
2 9668 16841
1 13152 3496
1 4607 6932
3 11283 5315
3 17333 10158
2 11539 14037
3 11627 1977
3 3548 17669
3 11879 615
2 9636 12851
2 506 15796
3 5663 17221
1 1557 6608
2 16432 563
1 16920 13087
1 9796 8969
3 8925 1799
1 16240 7519
1 19730 7247
3 1004 10071
3 15571 14106
3 7974 15732
1 6144 2152
1 8530 3687
1 11450 14484
2 274 3230
2 675 5144
2 3151 711
1 16539 9684
3 12818 1831
2 18314 14731
3 17700 9065
3 9181 19941
2 6173 13079
3 15624 16626
3 6699 14210
3 17463 12006
3 16653 3265
3 11099 15814
3 3288 11619
3 13233 8611
1 20543 2171
1 17940 6964
2 3431 1030
1 6226 3301
1 13049 17864
3 9919 6600
2 5363 20338
2 8503 2719
1 9578 19434
1 14191 8818
1 13244 624
2 1993 11218
2 19256 12291
3 8571 14649
3 12857 10537
3 5370 4344
3 1426 13078
1 14973 5538
3 16720 8128
1 19579 10250
2 14634 17935
3 6202 1906
3 9778 11777
3 16753 9236
1 1012 9987
3 5417 15571
3 14911 3825
3 18985 8565
1 2628 10274
2 3809 3249
3 14427 16022
2 18572 14398
2 10645 19066
3 18801 9010
2 17713 19807
2 16081 17450
3 13634 13738
2 3640 462
1 7118 13077
1 18494 3661
2 6625 16957
3 9425 19451
2 18212 12121
2 11882 4992
1 16152 6935
3 18655 4431
2 13019 6939
2 3233 12056
1 15450 1693
3 344 20367
2 9770 12594
3 12122 12380
1 13724 2750
3 798 13397
2 9781 10158
2 14157 11019
2 17463 16922
2 12507 12766
2 5859 12788
2 17136 19355
3 13342 8820
3 11224 17678
1 13536 3481
1 18167 13772
3 9355 17559
3 19434 10614
2 5852 1030
2 8330 8702
3 15146 13394
1 952 982
3 3918 11860
2 15824 14301
3 9336 5585
3 3239 3037
1 19959 6660
1 1680 10452
3 8461 3577
2 3314 12234
3 4510 17349
2 13478 5047
3 2955 17716
3 4704 9514
2 12832 19369
2 14088 8893
3 16050 6047
1 12617 5944
3 10197 2857
2 20347 4537
2 6583 2787
1 5512 6540
1 4002 12497
2 5249 6280
3 9575 16614
2 17450 18954
2 6698 14687
2 10059 1529
1 20569 6134
2 1849 1234
2 5340 8377
2 18860 10556
3 14994 141
3 13627 4426
3 2451 17872
2 13589 7298
1 20384 9619
2 14804 10285
2 12382 1284
3 18462 15601
1 18921 2630
1 19094 10054
1 6630 13384
2 8227 3645
3 4926 1584
1 19377 10358
3 9923 10672
2 17304 11765
2 9414 4984
1 20083 17284
2 16243 12781
3 15582 2446
3 11121 9793
3 6549 11126
2 942 9415
3 7461 11725
2 10166 13798
3 6070 11911
3 17358 18101
3 2481 13688
3 13641 14773
1 6285 15844
2 6969 1461
2 3583 13607
2 10043 15879
1 15355 9980
3 13270 1064
1 2966 18632
3 4105 6208
3 14195 15988
2 5782 4314
1 9962 7972
3 14308 5018
2 10740 14741
1 17319 5680
3 18184 15726
3 3298 10053
1 10684 14575
2 8027 9670
1 8730 20255
1 13867 9829
1 13555 3387
3 10540 20513
2 5176 19768
1 4634 8592
3 18512 801
2 19348 324
1 14894 17144
2 20460 13713
2 19762 18767
2 13733 20131
1 12008 19994
3 5419 20558
3 1751 5656
1 5006 4262
2 16932 13956
2 3729 20622
3 7221 9784
3 14028 17982
3 15170 15045
2 12310 1656
1 18880 1121
1 1944 11635
3 8089 13818
2 12819 15055
2 263 18767
2 16994 2246
2 12281 17059
2 16514 14710
1 4374 13685
3 19602 18612
3 19421 7988
1 908 2612
1 62 13041
1 6117 2612
3 14942 5147
1 3513 12968
2 12593 17620
1 13861 9277
2 7704 5673
1 13611 14580
2 14891 863
1 11203 94
3 1853 7016
1 19336 103
3 18405 374
2 8828 11865
3 40 16771
3 8922 3312
1 15192 6974
1 11178 11940
2 13292 10776
2 16154 3114
2 8416 15405
1 20054 5116
3 12571 10839
3 3891 11112
1 4280 8310
1 7044 1965
1 712 9699
1 16701 5527
1 16037 12069
2 16829 12677
3 10362 9582
2 10254 18371
3 13346 16378
3 2274 3880
1 9318 20620
1 1716 3855
3 4071 16694
1 18780 5242
2 3635 15483
2 20412 5543
2 802 7812
1 7096 4128
3 18196 16024
1 5682 3642
1 13580 2306
2 19061 9770
2 10321 15103
1 11333 18125
2 3866 19628
3 16573 9909
2 968 6400
1 1678 16532
2 4361 3804
1 18925 6556
2 16007 18892
3 18904 13061
1 11923 631
2 9094 5148
2 18461 8078
2 17440 1165
2 2647 5672
3 5927 20392
1 10627 4142
1 8719 9315
3 2435 16925
2 7138 18
2 7259 6207
1 12455 11310
2 3890 5255
1 18024 17289
3 10005 16598
3 19156 13013
3 14893 13535
3 13154 6249
1 12796 12227
2 7865 993
1 15789 12655
2 14060 1988
1 7143 18246
2 1332 7520
3 5588 7867
2 2466 12793
3 11997 8275
2 1691 1433
1 2196 11552
3 4994 7159
1 53 14082
3 2455 19499
2 13215 4591
2 14581 7625
2 1224 15225
2 10806 11854
1 18166 1168
3 20499 8523
3 18333 10924
2 16449 852
3 8441 8451
1 19657 17090
2 15585 15740
1 19953 14171
1 2486 18369
1 16397 3286
2 1289 3985
1 17946 3784
3 16573 3226
3 6612 5075
1 6714 12996
3 9601 6991
1 14049 7978
2 648 4779
2 5483 8884
2 8363 8498
3 12441 13074
3 17530 6287
2 16611 16105
1 20486 15253
3 18003 13218
2 127 3957
1 8315 15192
2 1724 12003
3 12671 12470
1 1162 5270
3 15836 1237
2 10361 11365
3 3733 784
2 19087 18942
3 354 7740
3 9183 14505
2 7546 5933
1 7133 3155
2 7109 8472
1 6308 6485
3 15067 2428
1 11184 9874
2 9161 19295
2 15960 19570
1 6704 15698
1 9970 3903
1 4571 10614
1 13318 3021
2 2936 9167
1 2321 9580
1 7718 5161
1 13990 14459
3 20322 5224
3 11691 20399
2 13720 16942
3 8657 10631
2 10982 1381
1 5602 2317
3 394 2926
1 12004 4592
3 9327 7944
1 8029 10844
2 16658 1791
3 12933 7249
3 12937 3764
3 15321 1619
3 5354 16519
3 3612 266
2 20564 10394
3 74 15404
3 17977 10210
1 16857 10009
1 6165 14830
1 1192 5843
3 18884 11772
1 13378 11224
3 10204 19440
3 6169 16869
2 13208 20391
1 13295 3277
3 13483 10338
3 437 14528
1 891 9143
2 9587 9332
1 4997 9076
2 2380 11890
2 12885 12203
1 9994 7186
1 19928 4197
3 14129 3939
1 9497 2136
3 1242 4073
3 16263 9391
1 18415 1709
2 9097 3854
1 8863 990
3 4943 12630
2 8750 13310
1 12313 18179
3 8564 13818
3 4533 13377
2 2483 12866
3 9298 3892
3 10678 994
3 3742 5951
3 19940 14190
3 8670 4361
1 317 7255
2 3840 20100
1 12163 1931
3 11125 16343
2 12103 20232
2 19731 2015
1 2329 8206
1 4610 11201
3 454 939
2 8238 12316
1 12139 5076
2 14600 12032
1 8818 15610
2 2265 14076
2 11866 16793
3 15987 16906
1 9005 6167
2 4276 11361
1 894 10239
1 6085 16719
2 7037 14874
3 16843 14619
3 261 13625
1 18750 18804
1 7561 9672
1 6053 6559
1 11175 12486
3 12169 4757
2 7481 16878
1 6338 11237
1 933 8998
3 3988 19499
3 17313 16885
1 10832 11122
3 16137 19983
2 9750 11511
2 5927 3935
1 7574 9908
3 9586 16304
3 11864 11174
3 14257 8177
3 12470 5746
3 19823 15375
3 13108 6414
3 12458 10759
3 1976 12770
1 8304 1449
1 7309 2505
1 3437 4477
1 17830 3052
2 5291 10027
1 14456 17222
1 15935 11257
2 4052 8346
3 13729 7481
1 7812 17191
3 716 6377
1 2809 17759
1 19354 14538
2 7519 19888
2 12205 6916
1 1163 1548
3 2740 13234
2 10458 3459
2 10818 15172
2 8314 15921
2 5870 18264
2 5777 12895
1 17689 11294
1 16767 6258
1 14523 10248
2 159 8538
1 10707 12917
2 186 10794
2 13178 17976
3 9148 10349
2 324 15781
2 8684 6226
1 7528 7331
3 2444 1897
2 4423 17955
1 11971 15288
2 14341 99
3 19921 15064
2 2427 11285
2 3819 19672
3 935 2687
3 1708 12004
1 13067 2157
3 17146 12275
1 7316 1562
3 114 2468
1 15768 9063
3 345 14919
2 16949 7041
1 15436 14406
2 10795 13064
2 3789 27
2 13728 15461
2 8443 13122
1 19574 5669
1 20280 16772
2 12841 10831
1 710 15341
3 8878 506
1 16610 13294
1 14976 3922
3 15015 11141
1 13165 11523
1 4693 4235
1 6553 5156
2 13233 5066
1 2431 7502
1 19714 16664
1 16320 17179
1 20642 5937
3 7455 13269
1 2513 11856
1 13254 19112
1 17414 7110
3 12685 16078
2 20091 16791
2 19433 1005
3 18971 1199
2 4325 2434
1 4519 3947
2 19219 9509
2 13985 11184
3 17197 9558
2 13411 18899
1 10102 16248
2 16809 11957
3 20093 18373
2 20631 15916
3 17854 12312
3 12014 15561
3 15177 14564
1 4741 10026
1 6965 17122
3 16987 3908
1 7034 15141
3 15914 19448
3 10042 12601
3 1073 14840
3 4457 14853
2 15088 7538
1 1001 6780
1 15799 4668
2 6052 17019
3 5704 15777
1 15000 16294
1 2684 4216
1 12975 1957
3 10236 6863
2 11069 10840
2 1408 5176
1 10979 1893
2 5763 7100
2 12152 5277
3 1414 9792
2 20593 5411
3 17138 478
2 13217 6342
2 12802 9994
2 12248 2942
2 8395 1300
1 19920 3139
2 1733 2584
1 18744 19238
3 7948 17914
1 5006 16712
3 6805 14831
2 2816 14387
3 7690 12291
3 3718 8870
1 3615 8216
1 12379 5474
2 16911 2670
3 19444 10842
3 2998 19615
1 4919 7781
2 4137 768
1 9231 18380
1 18022 20071
2 13261 13991
3 8827 4628
2 9135 19380
2 391 6789
1 13127 11255
1 9206 6946
2 2675 17526
1 17379 20169
1 14026 16921
3 5564 6852
3 4687 4137
3 15683 10924
3 18228 12955
2 5802 4856
1 19682 12037
2 12725 19015
3 9358 12195
2 2019 6435
2 12844 5774
2 6974 13110
1 10102 15163
3 5699 20475
2 8260 3619
1 9424 9804
3 17787 6406
1 10099 4690
3 6736 1284
1 14012 10349
1 16235 11491
3 9645 20614
2 6068 8069
3 10065 18754
1 12127 6031
3 5854 3032
1 996 18627
1 5874 16953
2 92 332
1 16825 17312
1 8385 15623
3 12107 8594
1 12649 6909
1 10108 20312
3 4267 9482
3 19795 5083
2 18661 4494
2 19281 3991
2 8082 10955
3 11152 11138
1 18662 11115
2 12358 15880
1 17200 1571
3 14240 8223
3 2668 15412
3 12038 5608
2 4474 19370
3 18431 4098
3 17353 6561
3 20240 13777
1 250 9944
3 8306 1771
3 1848 20414
1 15636 17789
2 19123 8639
1 6377 14200
1 1925 18306
2 2087 20019
1 911 7226
3 14276 1673
3 898 1099
2 10570 9756
1 1794 9251
1 7671 18055
3 558 16496
3 20159 7327
1 16788 1776
1 4109 7023
2 17665 9328
2 14147 7697
3 16787 18427
2 20639 8393
2 1413 18206
1 9317 15419
1 20095 2224
3 1226 15212
1 17665 6849
3 15893 18640
3 7844 10882
1 8388 7390
3 10253 6963
3 11778 13718
3 1685 19704
2 4988 7910
2 8568 18511
1 12359 75
2 6839 7195
2 2704 19210
2 4907 18095
1 2358 5137
1 14489 14924
3 11722 2834
3 17364 10162
3 15887 7755
1 11477 1825
3 19723 8843
3 4858 11895
2 2842 4089
1 8208 10200
3 14702 4506
3 17616 8843
2 11566 15771
2 13857 2615
1 151 18269
3 2332 15117
1 10900 9342
1 2501 13937
2 15875 14472
3 4732 2486
3 6331 3743
2 17932 13488
1 9821 17453
1 14203 1928
1 9854 744
3 9366 3129
3 1484 2807
2 4443 1825
3 3741 12310
1 4571 18279
3 12955 3468
1 3051 3829
1 3013 9374
1 11697 12577
2 6888 10084
3 15364 12863
1 626 17492
1 8738 3966
2 20261 1190
3 14538 11977
1 3920 9270
3 17209 19342
2 1308 6999
3 1757 15766
3 1564 11279
1 16305 17933
2 3383 12178
3 636 14532
1 17402 14298
1 7360 11979
3 3836 18597
2 213 20269
1 604 1478
2 13025 9419
3 14578 2892
3 1877 17576
1 13205 15846
1 1548 4262
2 10947 8660
3 19808 8569
3 14853 3853
2 17729 10358
1 7237 19858
2 9029 10564
1 4474 14379
1 16601 16943
2 11052 20645
1 14694 4278
3 3754 3873
2 10218 11900
1 14198 10796
2 11349 2818
1 16792 17210
3 7904 3870
2 8192 8543
1 10323 9899
3 9160 18478
3 7906 1788
2 14126 17684
3 3378 5294
3 5106 8145
2 599 4272
3 3779 22
2 1466 7032
2 654 13460
2 18127 15156
2 20210 20393
3 8539 4424
1 13670 3752
1 12565 11533
1 570 8855
2 17382 11620
1 12835 6429
1 3235 19217
2 9916 9701
1 2132 2882
2 8532 9551
3 12114 7775
3 2955 12432
3 14354 7490
1 3738 15201
3 16395 4300
1 2654 2769
2 2664 1971
3 12912 19974
3 1375 13563
3 10610 17417
3 17975 17185
1 7435 5169
1 11103 15703
1 16851 4311
2 13604 18147
3 6599 12620
1 661 13236
3 10425 2596
1 1831 9442
3 13868 2083
2 6321 5847
1 19995 2426
1 8617 13051
1 6982 9231
3 5071 6234
3 17049 4602
3 14251 5285
1 15657 3805
2 17830 19227
3 16558 5826
3 17047 6682
2 1481 2958
3 4191 12404
2 6964 7160
2 6928 10896
3 17910 8024
1 9643 15290
1 6170 11193
2 11065 20641
2 14231 15208
1 429 11291
3 11387 9387
1 10217 8388
3 12502 9027
1 3719 19277
2 8843 4321
3 459 14809
2 1402 20621
1 15896 17181
2 6141 18656
1 7838 17482
1 17358 4020
3 10720 20095
2 2278 6169
3 11448 13091
2 20608 17615
3 7372 14725
3 18082 7839
3 14438 1647
1 3278 17897
2 9647 6072
2 12410 16965
1 18607 14783
3 19758 11890
3 4839 1546
3 16082 16887
1 14779 89
3 5766 13224
3 6867 4964
2 18513 18044
1 7756 6246
3 17827 12420
3 13769 137
1 5420 4762
3 18095 1587
2 14902 784
3 18864 14284
3 19967 15830
2 15329 10441
3 7053 4351
2 14161 338
3 5586 3778
1 15933 13694
1 2064 19752
2 2251 19756
3 4133 18230
1 16851 18244
3 8935 20427
2 13021 4949
1 14591 1101
3 5376 17042
2 5779 6908
3 14162 11274
3 14741 14920
1 16134 3393
3 14475 9861
1 19140 5143
2 10868 1981
1 12500 1657
1 15233 16521
3 16161 10340
2 3454 10679
1 17614 2070
3 3154 11953
1 11614 19560
2 19597 20274
1 16445 15342
1 4652 19590
1 7376 9697
2 19983 10028
3 7612 17150
1 20565 12419
2 18351 2919
3 14051 19331
3 17829 3350
3 9381 19421
1 15895 15244
3 16328 5879
3 7633 7662
1 18241 20605
2 14713 19050
2 8155 13031
1 5479 203
3 10532 2850
1 13930 11009
1 18418 20188
1 17180 17291
1 3730 2732
3 12665 13566
1 10492 4266
3 5262 11276
1 1409 5596
1 15760 9044
2 15122 14819
3 8162 12668
3 15076 15129
2 11274 15310
2 19329 5429
1 10036 13492
2 12497 15075
1 12609 19191
3 15445 17597
1 7132 13254
3 14578 8534
2 4540 12765
2 1305 5584
2 11306 4178
2 4150 18140
3 8209 16502
1 2299 6554
1 17273 1697
1 10129 9829
3 2250 13229
2 18899 2534
3 5527 8587
1 9590 12186
2 13030 18221
2 14052 6997
1 7971 11026
2 11191 4696
2 20590 11234
3 13323 2499
2 7698 7966
2 19181 19223
3 5237 5442
3 11061 8842
1 14216 14597
2 12217 5815
2 14373 8328
1 12127 7513
1 16457 16155
2 18650 17495
2 4890 17840
3 16898 3962
2 16538 15669
1 3043 6716
1 18045 5890
2 6130 17791
3 6949 17974
2 11299 17991
2 1837 20124
2 10007 14600
3 18763 15934
3 6948 762
2 15139 19147
3 429 7727
3 3163 4555
3 18059 8620
3 13101 503
1 13770 4557
1 13857 18950
2 5125 1711
3 5164 14336
3 18212 936
3 3698 5810
2 16266 8979
1 2298 20583
2 12185 13653
3 13117 16000
3 7788 13421
1 10592 13181
2 8155 9368
2 18643 3580
2 19368 17906
3 19169 9283
2 9081 17622
1 20290 588
3 12588 4601
3 18215 15390
2 19925 9938
3 19591 296
2 16305 1916
2 16016 5824
2 7434 821
3 5492 4725
1 9799 15552
3 3276 19736
3 12593 12965
2 340 11096
3 14809 4060
2 12721 10252
3 5466 8912
1 5744 2082
2 5073 18317
3 1902 13261
2 15252 12449
1 817 12863
1 10312 15210
3 12582 6817
3 770 9899
2 6616 13331
1 10022 214
2 17512 19904
2 19861 2693
1 4887 8578
3 15191 353
1 2374 2260
3 7266 2320
2 666 13752
1 6062 16059
3 10758 15498
2 8233 11251
1 19547 17047
1 2711 19359
1 10355 8358
3 6855 14418
1 18731 4300
3 17664 18966
3 2296 5456
1 8649 14830
3 8439 5872
3 4794 17376
2 14382 1232
2 1059 11971
2 14075 19151
1 18020 3950
1 15088 11745
1 4505 1842
1 4634 1494
2 3930 7759
2 7095 2035
1 12529 20111
3 17934 246
2 7033 20537
2 9481 10212
3 7657 11428
2 1858 4284
3 3345 11992
2 13631 10459
2 19535 13337
2 3589 10209
3 6099 17601
2 9213 12524
2 6092 19613
3 13568 1354
1 8816 13117
1 8290 9579
3 1717 15605
1 11832 16773
3 9625 6024
3 10887 20357
2 19389 13308
1 9869 15119
3 2087 17372
2 7448 12648
1 20005 6600
2 16171 11050
3 6469 17581
2 10719 6971
3 5441 10178
1 6244 18809
3 14574 10532
3 858 17937
3 16288 19070
3 3456 11605
3 12269 1584
1 12829 19464
2 288 5398
1 10535 1556
1 1148 16602
2 4201 15591
3 9170 2121
3 6479 8078
2 4392 18814
1 8689 3119
1 14703 14144
1 7259 14189
1 13501 13667
3 4699 19740
3 4580 18126
3 16083 4852
3 3517 13569
1 19060 18364
2 17742 1589
3 10504 10416
2 8401 13365
3 4956 19461
2 15002 16321
3 7482 7660
1 8520 2582
1 16413 18417
2 13148 5672
3 9098 10076
2 17486 5504
3 945 14327
1 20410 890
1 16861 12984
1 7811 12011
3 11448 10396
1 17865 14412
1 9993 7874
3 455 6884
3 20471 11555
1 19914 7844
2 2737 8051
2 16673 2568
3 9660 14411
2 9350 4486
1 8815 15316
1 3084 19823
2 18293 16077
3 13087 20119
3 7806 15753
1 6031 7515
1 7341 16212
1 12590 1163
1 198 17499
3 12725 9209
2 9810 10326
1 9660 7153
3 13463 5159
2 14618 20512
1 10574 10
1 2406 4104
3 4454 422
2 7240 9957
1 13639 4977
1 8579 10318
3 19642 14602
1 4258 1963
1 16499 12589
2 14345 7786
1 15835 873
3 12826 15106
3 6257 16759
1 16075 5838
1 16125 11366
2 9223 727
3 3074 1537
2 12007 6263
3 11951 8478
2 15994 13626
2 18611 19169
3 17044 6761
1 16639 18606
2 13652 18918
1 913 361
1 327 17708
3 4126 18806
3 8108 5533
3 10621 15969
1 14759 5952
3 4700 9124
1 12288 404
1 3392 12877
2 14219 19265
2 3803 15594
3 4728 18038
3 7590 16092
1 3371 1919
1 13632 17719
1 7633 17772
1 4763 8436
1 13024 12187
1 717 3789
3 19942 14511
2 1401 15279
2 2214 20107
1 81 1045
2 4586 11399
2 18226 13876
1 166 2137
1 3714 17459
1 11699 1596
1 6930 15862
1 9529 1672
3 3333 8371
1 1727 10675
3 10672 19526
2 9528 20077
3 14794 5317
1 17805 6968
1 1866 3939
2 18335 20638
3 15846 9464
2 8570 19494
1 14853 2319
3 10191 9929
3 16094 1865
2 7607 12100
3 3271 18756
3 19408 12375
1 9162 2579
3 13103 18939
3 17030 296
2 8145 16737
1 245 345
2 2804 12892
3 14735 781
1 6177 16399
1 17013 16216
1 18775 3655
1 6748 676
3 5606 6945
2 803 12810
3 11595 10714
3 633 20026
3 6651 20538
2 6903 1809
1 17211 20186
3 4636 18192
2 2451 14458
3 5054 19637
1 9758 10183
2 17166 9338
1 102 14365
2 17164 2967
3 13591 7862
1 18908 10911
3 15603 20279
3 15150 13241
2 9219 896
3 11469 14014
3 7741 17195
1 8666 252
2 8194 5122
3 8390 14836
2 112 9966
1 8507 481
1 1075 669
3 18322 403
2 10541 1945
2 3427 3002
1 14402 5010
2 6292 52
1 2611 16781
2 9610 13703
1 19009 17898
3 19808 6137
1 8027 5584
3 15973 8455
1 1564 7399
1 8285 3805
1 10599 17069
1 14523 9428
3 2893 13964
1 7153 6101
1 1892 11828
1 17827 8867
1 17978 1072
2 12071 17386
2 13482 5836
3 3084 16242
3 13567 10066
1 1718 14861
1 1097 18911
3 7333 14483
2 4511 20423
2 4535 13215
1 2508 19946
2 1234 6349
3 18862 10151
1 3463 19956
3 3729 18706
3 7607 9053
3 12838 14601
1 7059 5162
2 19697 4467
2 15747 13738
2 15012 15564
2 10489 11791
1 7578 8723
1 7563 9406
3 18330 9633
3 17134 9198
2 18221 15924
2 10358 10443
3 13733 11067
2 19691 14233
1 7365 16762
3 17278 16681
1 7335 3280
2 14494 775
1 16599 10417
1 230 9881
1 17693 3211
2 7013 2607
3 15967 3488
1 10695 14427
2 100 7992
2 8295 7056
2 11650 10624
2 462 19551
3 17898 10892
1 18899 2652
2 5298 4592
2 15538 13954
2 9803 10089
2 1735 13734
1 9654 12183
1 1790 20586
2 10607 1013
1 16373 444
3 12681 13575
1 19511 7512
1 3698 7088
1 15965 382
2 13884 20210
3 11224 18918
2 13897 15686
2 12998 2182
1 6027 10038
3 8363 6188
2 3159 5350
3 1517 9450
3 13730 2690
2 11280 9810
3 7076 14612
3 2371 9019
1 8029 14080
2 4778 3341
2 5585 4153
1 11392 3853
3 18762 14785
3 10567 13907
1 10875 12336
1 780 18775
2 7707 9343
2 18437 7093
1 4925 12988
1 7723 6704
1 1317 13821
3 12781 836
2 3830 11824
1 1106 11914
3 12697 4113
2 1173 12215
3 428 20026
2 14219 20050
2 20561 5054
2 3924 542
1 18085 820
1 17242 12531
3 4217 10580
1 274 6499
2 18943 10115
2 7259 1401
3 4995 19529
3 14561 8569
2 4323 2998
1 7644 15482
1 2525 13031
1 16407 8254
2 6565 13865
3 13919 8880
3 14784 3381
1 15231 16864
3 15147 16910
1 19947 9989
3 14592 9326
1 7685 18511
3 4508 16429
1 12925 13763
2 16065 7605
2 6855 9992
2 564 19359
1 1961 19189
1 8545 3628
1 6410 1124
3 11776 3902
1 9804 16144
2 12226 9052
3 15952 19597
1 2013 19315
2 1380 13443
1 17234 1890
1 10568 16131
2 12786 14102
2 5793 16768
3 8348 679
2 13046 7073
3 3030 5283
3 13118 10605
1 1020 10768
1 4341 3128
3 764 13168
1 343 19947
3 13607 3300
1 13349 10302
2 4665 2012
1 17958 13407
3 20617 4854
3 7445 13366
1 12053 16715
2 5933 12963
3 14058 8696
2 14986 2473
2 11757 2027
3 17354 1103
1 19456 12775
1 6065 1698
1 13345 4996
2 19429 6396
2 1789 19660
1 10249 7348
1 633 4518
1 3388 13418
2 19228 14539
2 16133 20417
3 1012 15041
2 3319 13036
3 20298 8221
1 13226 19779
3 12939 3773
2 11124 11210
1 3833 6136
2 1203 3042
2 16185 9826
2 577 6119
2 14599 15193
1 15525 9433
3 4614 2174
1 16659 1888
2 9400 2625
2 3126 11699
2 12950 18154
2 842 2577
1 11349 19189
2 17776 1760
2 17834 3773
3 2029 19639
2 18698 19967
2 3422 2915
2 1643 176
3 19299 10133
3 184 13106
3 14899 5660
3 6506 2823
1 17933 154
2 2590 2762
2 19388 3409
1 10340 16050
1 18332 16568
1 5050 4086
3 9127 13347
3 9343 10818
3 14002 10419
2 1029 7772
2 16803 8491
1 5141 1654
2 19486 13351
3 6612 11609
2 6721 12295
1 6245 12899
3 11434 15741
2 2420 3611
3 18262 8597
1 962 19661
3 15264 16697
3 398 3637
3 11462 2060
2 13112 6726
1 15016 20602
3 14073 18174
3 5332 3087
3 8595 12331
1 12516 18392
3 14085 6507
1 8629 2637
3 1381 14980
1 5357 12104
3 6117 20573
2 4825 5791
2 8465 2535
2 250 11616
2 9630 14063
3 12408 9806
3 3932 14317
1 16568 7874
2 1019 15802
1 16039 7213
1 19109 13363
3 7208 10462
1 20647 17606
3 14571 946
3 13788 3502
1 16413 6068
1 11298 6778
2 2264 7165
2 16851 17669
3 18803 9599
2 1268 431
2 6155 3174
3 8222 4442
1 1832 8963
3 12092 10692
1 2236 1914
1 7142 20434
1 5382 15674
3 6239 6866
1 11088 11025
2 12383 6060
2 268 7824
3 8559 6850
3 16427 779
2 14408 14796
2 1885 17614
1 398 3338
1 11101 2923
1 5625 17394
3 19944 1392
3 15421 6323
2 20426 2808
1 19974 12086
1 1697 119
2 20156 17604
3 10771 10750
3 15045 8038
3 13035 12851
1 5032 2850
2 19930 9078
3 7037 1459
2 3737 13970
1 7288 15184
1 13212 19120
2 5307 4382
1 15337 8444
1 5076 7332
1 12431 436
3 3126 19513
2 16676 15285
2 12048 8122
3 10766 2744
1 2888 10599
2 15398 13275
3 8414 11447
1 6596 19742
1 60 6917
3 2427 11872
1 4526 20279
2 11332 8438
2 6199 11084
2 3828 18308
1 15954 18163
3 16077 6379
1 16354 4483
3 1707 4551
1 11618 1046
3 18846 17722
1 6865 1228
3 15687 16125
1 16379 2454
2 14474 10099
2 18953 1662
2 13392 17109
3 11316 15274
3 18526 18802
1 14580 20521
3 13790 4610
3 14237 7857
3 2211 11384
2 5195 10511
3 12195 1588
3 7705 19230
1 19295 17208
1 17586 15347
3 8683 14366
1 15425 2119
3 121 13416
1 16719 31
2 10667 1166
2 3569 17503
3 12211 4218
3 1422 14935
1 5884 6468
3 11673 19209
1 19996 879
3 3210 3535
2 14008 18135
1 6812 4741
1 10950 2733
2 15009 17926
2 12548 5814
3 20195 4344
3 83 18049
1 3748 3547
1 18304 3246
2 454 9936
3 13635 6592
1 5233 6294
1 1605 13816
1 20182 7763
2 20243 13553
1 2335 8197
3 4557 592
2 17572 7505
3 6652 15329
3 19548 11052
2 20261 10183
2 17091 2031
2 12796 12339
2 10420 13437
2 19797 6914
1 8865 8518
2 14476 12551
1 3408 15229
3 12760 6433
1 7273 16345
3 4533 8408
1 12496 17368
3 10646 3217
1 1582 11699
2 20294 1884
3 2250 12530
3 8708 307
3 4615 6288
1 12622 444
1 4895 8014
3 7212 1052
1 10823 17667
2 6594 13652
2 16564 9425
2 5449 11089
2 18371 20430
1 7905 16875
3 11152 16844
2 5433 17731
3 3887 17130
1 9191 18908
1 4162 10427
1 16874 10614
1 5979 495
3 9052 20535
3 18764 17451
3 3242 6329
3 17604 16387
2 13859 17154
3 16559 19698
2 10216 1787
3 13550 12388
3 4755 10573
3 20276 9961
1 19969 8246
2 16623 2076
2 6585 7165
1 7271 9625
2 10618 16692
2 3519 9134
3 9225 1676
1 17292 15332
1 506 17490
3 13843 10350
2 9690 5637
1 7348 964
2 19061 114
1 106 12406
3 12090 2793
1 9388 11236
1 4746 8550
3 10070 10081
1 12477 677
3 2997 19711
1 9636 10163
3 15695 4119
1 18259 11403
3 15951 14281
3 17928 4357
3 10378 20375
2 4366 4224
1 12384 9685
1 11805 1105
1 2540 1583
3 1274 9181
3 18534 460
2 17568 7540
1 3650 17386
3 7768 3106
3 11392 3992
3 12463 12358
1 20292 18326
1 284 20140
1 20463 6214
1 9923 197
1 2562 319
3 15077 16262
2 6390 10729
1 15579 18823
1 13458 6091
2 4662 11688
1 9537 7113
3 13449 12933
1 15853 20325
3 8922 8684
3 20394 9834
2 20368 5607
3 3481 1269
3 16099 17931
1 1342 9145
3 20001 19402
3 6209 6833
2 5308 6941
2 4442 2308
1 11275 4791
2 5243 12380
2 12827 20548
3 7745 9199
3 8597 17569
1 3670 11075
1 19556 17075
3 18513 5358
2 10525 4484
3 2927 16550
1 10536 6874
1 4179 16532
3 3580 13577
2 7714 4135
3 19784 14
2 2092 18661
2 18639 1435
1 20090 8142
1 2966 19040
3 2803 1103
3 2261 9450
3 13234 1287
1 11768 1344
1 8145 3805
2 10202 3387
3 12832 20468
2 6738 9624
3 4611 18559
2 19293 11075
1 17468 19316
2 17775 7581
1 8874 10271
1 16148 1588
2 6836 15286
3 19736 1076
3 10935 6947
1 4476 18424
1 2998 14545
3 13055 16142
3 11589 4261
2 11195 19979
3 3755 11873
2 5377 14230
2 6442 18909
2 17958 18907
3 1794 8179
2 11014 15944
3 2157 14737
3 14067 17297
1 19685 18137
1 3022 1748
1 267 1624
2 1379 19076
3 11090 8387
2 13822 2364
2 16235 14827
1 3404 12190
1 17841 526
1 15726 9094
3 2017 15392
1 8893 2152
2 15253 6878
3 17675 5455
1 6589 12835
2 18936 17079
2 10587 6375
3 17700 20478
3 17092 20457
1 5289 14653
2 2102 16612
3 19285 13773
2 15876 4035
1 8197 18078
1 11195 17169
1 15275 3522
3 7521 17533
1 11445 8660
3 16083 14355
1 5545 8042
1 16056 404
2 15816 14007
2 15958 11471
3 9034 4147
2 6062 11254
1 140 16122
2 18624 16551
2 9361 13875
3 3902 786
2 18629 4907
3 10660 15286
1 2996 617
1 3820 9129
3 876 14149
3 10399 7175
2 10723 11237
1 14506 2388
3 15846 4739
3 2286 16305
3 8794 18769
2 19136 855
1 18022 15483
3 5521 1276
2 13451 18071
2 18289 2832
1 16919 12510
3 14322 4343
3 9442 2696
2 3272 10360
1 8315 5674
3 9862 20511
2 17560 8175
3 192 14147
2 8284 19155
1 10394 15234
3 7024 11963
2 8079 14847
2 5158 9924
1 19979 2698
2 2219 17564
3 19618 16988
2 11316 14268
3 3781 2821
1 5573 20183
1 2029 3421
2 3394 4524
3 17934 1402
1 12491 2244
1 1222 6554
2 6775 18447
2 6733 19944
3 1190 2920
3 15708 6920
1 5183 2023
3 15006 2239
3 13393 1774
3 270 8380
3 1611 2069
2 6889 5204
3 20081 3916
3 6037 10890
3 11474 15924
3 17586 7325
1 8850 6492
1 14680 8686
1 12367 14095
2 3631 10202
1 18840 14611
2 17687 8395
3 10597 5285
3 4430 7405
3 17892 7693
1 1413 3336
1 8089 15827
3 18716 2906
2 19116 5123
3 7085 15878
3 7093 13895
3 15813 18624
3 10089 7557
2 2344 15408
3 7577 7431
3 1913 16971
1 14518 14019
1 16723 8041
2 6040 1596
1 19900 6507
1 19998 15285
2 10960 15856
2 16910 18592
2 11531 10983
3 13818 10706
2 16959 7433
1 7603 12406
2 13690 6171
3 6196 1842
1 2532 4147
1 8021 16701
2 18215 14849
2 1969 876
1 7676 16999
3 11263 10529
2 12556 331
2 3415 19887
1 3882 6059
1 3382 6835
3 8571 5487
1 8313 17927
2 10066 18556
1 2354 3156
1 11389 2385
3 1847 2938
3 16668 6916
3 7519 15853
1 5934 4055
2 9063 11029
3 15108 15910
1 8321 6631
3 15713 8298
2 10607 18925
1 14856 14811
2 7790 15225
2 3393 14724
2 8669 7562
3 16179 1589
3 19528 2073
2 19956 5789
1 13713 9502
1 3171 17880
1 12667 510
1 2782 12822
1 3804 11552
3 11750 3939
3 13482 8535
1 6675 9454
3 12174 14341
1 9299 14861
2 14680 14524
2 17718 10208
2 1364 4938
2 14339 15012
3 19615 5728
1 16189 8952
1 6200 3761
1 17362 1628
3 19520 19685
2 1086 7404
3 19251 17243
2 11277 17461
3 8285 19047
3 15282 2767
3 6308 19872
1 8045 2090
3 19083 7086
2 1692 18
3 2396 3479
2 18919 327
1 12108 14889
3 3509 8672
1 9279 17046
2 9211 3868
2 17911 19435
2 18037 14092
3 18671 10993
3 6947 7231
3 13655 18558
3 4478 14954
2 4273 4147
1 155 14642
2 14347 9936
2 6571 8291
2 3583 7248
1 12203 4115
3 6920 11436
2 7490 14890
2 20450 5785
2 11869 12092
2 10525 15982
1 15491 17059
2 6667 4005
3 18218 5284
2 18925 13631
2 7010 12446
3 4459 10469
1 2077 15963
2 14826 2619
2 16693 4023
1 11744 14708
2 18350 3437
3 2933 1638
3 1307 9536
1 13415 10383
1 445 9620
2 11352 17715
2 3922 7698
2 9012 1236
1 5361 18406
1 13872 8760
1 19878 11861
3 1685 9717
2 15877 17531
1 4402 6494
2 12127 2995
1 2386 4333
1 13597 13694
3 15522 10381
2 16490 3949
2 7335 2545
3 16213 631
1 4222 18167
1 20360 9905
3 13290 5473
3 14095 18024
3 17039 5717
3 15351 20560
1 7518 9308
2 7917 13044
2 9898 3973
2 7475 9513
1 10892 13011
3 4738 169
1 6627 10778
2 14521 2116
2 3151 5659
3 5586 12434
3 13289 6364
3 7634 15907
3 12541 15244
2 11655 155
2 19007 8006
1 11183 13361
1 18991 16929
1 6569 9546
3 11141 14806
3 6811 2173
3 3823 16664
3 2617 13904
3 3921 2956
1 20457 848
3 15029 8610
3 10954 7813
2 4090 5538
2 6166 8736
2 9253 6103
3 13151 18368
2 14863 9939
2 15609 229
3 11982 11252
3 12498 611
2 19769 9809
1 6401 18273
1 1538 11963
2 13216 11580
3 13230 2836
1 19940 10371
1 9194 15922
3 2598 6279
1 488 1905
1 2219 19661
3 10385 100
2 16740 18424
1 852 4831
2 10087 16432
3 407 17107
3 20175 1335
3 20233 19989
3 1838 8532
1 12237 16491
3 62 6190
2 7129 12706
1 12207 1383
1 10348 7344
3 10273 1310
2 19115 18639
3 18941 13671
2 17540 10603
1 9026 13528
1 8323 3972
2 14744 6114
3 18707 3473
1 16225 15200
2 19060 17479
3 4770 11240
1 19321 3739
1 8502 3801
1 1143 14685
2 9641 17996
1 11184 14099
2 7284 16140
3 12691 13983
2 17863 19190
2 19798 4458
1 7400 907
1 19432 5782
3 6130 3916
2 110 16085
3 15948 4902
3 2248 20517
2 10655 3680
3 20180 4307
2 9634 7582
3 12983 10187
3 19259 1871
3 16179 5121
2 9861 19874
2 1646 13834
3 7678 2701
3 19410 8446
3 3227 8900
2 19797 17042
1 5910 19253
1 5562 11659
1 1621 12506
3 13015 17109
3 17647 14077
2 5582 18924
3 13423 4908
1 453 12599
1 10501 8549
1 14285 7769
2 13624 6009
3 98 13254
3 4700 6404
3 5676 2352
2 13822 6865
3 14456 9244
3 272 17955
1 19007 217
3 7890 13623
1 15776 15
1 1601 9866
3 8298 2338
1 3863 7995
3 10211 12833
2 17140 1794
2 16056 11377
2 13883 16685
2 6853 199
2 12391 5927
3 8851 18455
1 11274 15296
1 13952 6939
3 19053 17894
1 6406 14335
1 5420 12976
1 4435 8803
2 2504 17817
3 3452 3604
1 1193 10500
3 10683 6682
3 14018 6389
1 10906 1122
3 4541 14817
1 1650 17368
2 8509 12029
3 11405 12184
2 2124 17301
2 20610 8688
1 2887 4738
3 12754 2567
1 11589 12457
3 12687 10824
3 8532 19294
1 17661 10010
2 5783 6982
3 8804 2429
3 17122 5210
2 16416 6393
2 11019 18148
3 9029 19872
2 10846 20212
1 8329 16878
2 1903 15893
1 1553 15194
2 6142 12651
2 5791 12507
2 2496 10612
1 10942 16022
1 9783 14262
3 3912 14361
2 18071 11317
1 12888 12837
1 839 616
2 5715 4640
1 18197 11126
3 6586 1817
2 6272 18960
1 16289 18950
3 19245 12095
3 3531 3675
3 20403 1319
2 14551 15198
1 1159 3517
2 6766 5652
2 11203 14457
3 3537 6944
3 18508 19709
2 2470 20634
2 1395 9497
2 13704 18756
2 9407 3924
2 534 3636
1 554 17575
2 20288 11744
2 338 10555
2 3619 12099
2 2607 5274
1 7160 14884
3 11857 1112
2 12971 15943
1 18507 3899
3 11453 6666
1 10870 12883
3 6077 5228
2 19761 15513
2 11211 5945
1 13793 1343
3 20152 5432
3 4473 11755
3 12744 18303
1 7293 10540
2 13592 8983
1 19963 4865
2 20523 9345
1 13620 9833
1 19183 9099
1 1416 1476
2 20449 1732
1 2107 20495
3 14684 12554
3 20648 3250
2 14342 1496
1 12342 13563
1 17027 19314
1 15013 6917
3 6010 5690
2 11724 20176
1 16625 5858
2 17886 11639
3 9848 16370
2 6123 9660
1 9292 18412
1 3907 5578
1 6073 457
3 3974 12083
2 7664 16673
2 13082 10650
2 13550 16443
1 937 11463
2 14120 16511
1 6311 19644
2 6286 6125
1 12626 8441
2 7434 13957
3 16108 6560
3 13444 15892
3 1559 17596
3 3118 2478
3 14939 562
1 14196 1115
1 9265 12211
2 18552 11621
1 8115 15090
3 9304 9050
2 3113 16540
2 20059 5741
1 1981 13776
1 5775 13738
1 12261 3965
2 18969 14922
3 3419 20468
1 12411 12331
1 16397 10713
2 6159 20200
2 10046 14519
3 8364 10077
3 12623 19466
1 6257 16282
2 11773 12712
3 11173 1768
1 2124 17819
1 4297 10731
3 5888 17129
1 7381 7990
1 12347 4078
3 1797 15319
3 11082 10490
3 18052 20196
1 1495 5005
1 3619 10684
3 4437 15804
1 19339 1576
1 3466 6409
2 15840 19479
2 17939 1956
1 5646 10527
3 3685 4659
3 14229 5192
1 19214 13680
3 10471 13829
3 5937 583
3 1195 8099
2 9726 16173
2 8091 3348
2 10548 552
2 9413 17073
1 3542 9864
1 6635 6469
1 13384 9489
2 12027 8690
2 14054 4165
2 13166 19253
2 14068 13534
2 10789 18253
1 8406 5046
3 20093 19137
2 4131 5228
1 1313 3502
3 13960 18481
1 19239 3921
3 8685 10465
2 12758 3304
2 17881 2408
1 7219 9842
3 10175 19999
2 15518 6280
2 11035 15621
1 11441 12988
1 7683 20158
1 14445 16946
1 5299 13298
1 18359 10008
1 5009 18599
2 19255 11252
3 6926 4642
3 8121 6136
2 4104 1342
2 1643 9824
1 5397 10983
3 12536 351
2 12138 15154
2 10789 3504
1 3036 12981
2 7379 4817
1 18042 14596
2 1301 10968
1 10562 1881
1 9993 102
3 18870 541
3 493 17803
2 12324 20031
3 18847 10530
1 16723 6173
3 1707 13705
2 5759 15055
2 1313 3618
2 17017 15222
2 10922 4000
3 14739 3740
3 7272 4683
1 7039 16602
3 5251 5070
2 5681 5798
2 8637 3035
2 16488 6613
3 15744 18891
2 20278 18328
2 570 3854
2 18166 16895
2 19604 5880
3 6639 14026
2 12450 946
3 11774 1214
2 7045 2879
3 20506 6065
3 12061 17320
2 6230 362
3 4324 10888
1 3998 14636
1 7282 9858
3 20459 18390
2 3509 12223
2 54 8706
1 1758 5253
1 19310 2229
1 3142 12018
2 11518 19636
3 9582 6275
1 12071 11868
1 4084 2681
3 15506 11344
2 4465 11388
3 14688 11795
3 16756 16977
2 19000 225
1 20190 17
3 13808 5866
2 168 12816
3 8691 604
2 8501 1349
2 5372 12854
1 8539 13579
3 19328 8521
1 15217 14662
2 14461 10769
1 9210 17527
3 1860 748
3 6606 19139
2 7009 2773
2 5812 1345
1 16626 19954
3 16577 4143
3 397 8107
2 9496 12874
1 17268 14372
3 4433 10693
1 4208 18538
3 16944 12922
2 10423 9533
3 4511 7652
3 19744 9616
1 5392 3306
3 9379 14665
3 15061 9640
3 10515 2758
1 16573 1578
1 1311 19021
2 4713 1289
1 15016 1313
1 8159 2622
1 13713 2052
1 19868 17712
3 16766 270
1 12955 20458
1 14433 1050
2 6928 3774
1 13368 19446
3 3361 3739
3 15123 9239
2 14362 17089
1 178 19888
1 8878 15775
1 20187 17297
3 15141 6823
2 3127 18107
2 10821 16780
3 565 17775
2 6646 15511
2 4823 12804
3 8103 19001
2 11782 6071
1 15740 11149
3 4394 8882
1 14823 19833
3 11044 15109
3 7048 15301
1 10817 20398
2 9180 12999
1 17241 16436
2 15524 19434
1 15328 2220
3 2059 15682
1 20189 11493
1 18802 15864
1 5561 8150
2 19872 7141
1 17767 20044
2 10081 11303
1 17073 12685
3 17396 9281
2 9207 9001
2 418 12314
2 2176 17215
1 5350 7316
2 3659 2486
1 13181 18972
2 1060 18524
2 16407 9944
3 18016 10273
2 14062 13536
2 14433 14647
2 9505 12725
2 19678 6819
2 508 2998
2 8137 3166
1 4965 1551
1 6658 15330
3 3681 13711
3 15068 7474
1 230 534
2 159 2257
2 13248 13520
3 15447 4048
1 15161 610
3 6729 20116
1 3409 9567
3 18400 8783
1 2490 9329
3 6279 8402
2 4572 16207
1 19966 5897
3 10046 9128
3 4111 12326
1 19049 7092
1 15023 19592
2 9162 7674
3 7583 1707
3 9767 10056
1 1696 5793
3 9327 12949
1 1036 4558
1 5268 6311
1 8738 9173
3 20106 474
2 5474 7348
1 3821 19363
2 18125 6887
1 13845 6733
2 14678 8672
2 16024 11074
1 8116 3713
3 15123 5373
2 6565 16657
1 14588 20304
2 5279 18603
2 3076 17747
3 4513 20176
3 13161 8130
3 2702 13134
3 2155 11816
1 6199 6974
3 1901 14998
1 3086 3400
2 9153 5355
3 5891 4258
2 17798 10036
2 17297 7532
1 828 12499
2 4122 8302
2 10935 19343
3 3200 18683
3 12050 13540
2 10945 4103
2 10591 2238
1 14907 10718
1 5230 11459
3 5145 7016
2 14972 12457
3 2764 3126
1 9632 3407
1 5604 940
2 4004 14918
1 7960 13474
3 11304 16210
2 5214 14426
2 13356 8974
1 18346 10727
3 17189 1090
2 7911 4060
3 15538 16460
1 9642 20416
3 7810 11947
3 12294 804
3 1430 7377
3 16558 12981
2 19526 4009
1 7657 15269
2 11185 12199
2 5668 6555
3 20239 14180
1 8863 8828
1 8178 3338
3 11585 19983
3 13336 19033
3 18343 13947
1 4807 20144
1 946 11986
2 9946 13570
3 19944 11345
1 17655 20539
2 18615 3712
2 3010 12435
2 4357 9810
2 14732 12016
2 4919 8689
1 701 15029
2 1507 19177
1 4540 12046
2 7719 16629
2 12303 9754
1 8766 5341
1 15900 5013
1 2885 11705
3 12207 5545
1 14916 3348
3 565 16218
2 8977 8598
1 5626 11963
1 16626 10048
3 11928 1515
3 16335 19419
2 10972 3149
2 1565 8838
1 9279 14017
1 7329 15313
1 10674 12519
3 4690 9358
2 17198 1262
3 10283 12849
1 9174 4234
3 11546 12935
2 11796 7645
2 3324 4758
1 9827 9519
3 4347 12074
1 20069 14450
1 7762 5492
1 2167 6495
3 13425 9535
3 10644 607
2 16451 9051
1 1079 11853
1 6966 14992
2 4405 16942
1 14745 6224
3 16064 3469
2 8856 6442
1 1610 11067
1 7334 10452
2 20578 3078
1 7678 9562
3 18601 10596
2 1356 14127
3 11694 10264
3 10141 15118
3 5740 11896
3 9756 1852
3 16354 11369
2 15401 331
3 17421 3916
1 15677 15667
1 6737 11772
1 8059 19005
3 5583 7793
3 1992 3666
2 9377 11121
3 10376 11731
3 2464 6352
3 12772 18481
1 10379 14063
3 4129 7317
2 10998 453
1 6372 19295
1 15679 15839
1 10049 15572
2 469 2542
3 8659 18025
2 16269 2975
2 2539 3731
3 17776 11805
1 4068 1624
3 7242 1559
1 5646 3153
2 3962 8060
2 6707 19906
2 16078 9893
1 17375 15628
3 16604 15656
1 6280 14611
1 4443 17310
1 12673 18738
2 7174 14548
3 3194 3736
2 17007 3789
1 5563 2169
3 1300 1693
1 2284 4505
1 8393 8653
3 14572 18723
3 7974 5795
3 15309 7314
2 4233 10032
1 9390 19455
1 9355 2157
2 7987 5708
1 14512 3177
1 13012 9860
2 19404 6920
1 16727 14620
1 6633 14199
1 10992 14221
1 18908 12801
1 15566 20048
1 17869 10750
3 16230 17431
1 3563 13823
3 1423 18393
2 10626 20284
3 7626 11493
2 10142 3014
1 15049 4369
1 4360 3985
2 19743 4169
1 7686 19095
2 18010 12845
2 2448 6529
2 2076 18432
1 14698 7363
3 4104 8856
3 4084 4961
1 13373 13525
2 20407 12292
3 6134 19451
1 1971 19929
1 19069 9302
2 20593 4872
3 12840 4917
1 19287 17918
3 17683 3421
1 11523 15609
2 6486 11352
3 2485 12408
2 673 1235
2 11281 357
1 17945 16656
3 17373 16366
2 3534 735
1 20097 3971
3 2547 19578
3 4829 12530
3 9927 16898
3 17352 1209
2 7246 6375
1 9475 15405
2 9941 19513
1 20557 17939
1 3247 10041
1 1571 9464
1 7732 10824
2 17378 15942
1 13253 9047
3 1648 18001
3 12967 19880
3 13196 14264
1 14042 463
2 19049 3361
1 2291 11690
1 16329 31
2 19318 16235
2 9197 4869
1 7046 8317
3 16905 1942
2 8944 3975
1 5657 2461
3 5330 8053
1 6636 5134
3 8719 7946
3 15464 13614
3 164 17128
1 6256 10188
2 17925 3648
2 9489 1991
2 18234 12365
3 11021 194
1 4206 786
1 6193 17572
1 17782 1958
1 727 2517
2 19571 4903
1 16063 10059
3 20104 9586
3 4111 2563
3 9171 2548
1 19953 6191
2 2501 13625
3 15706 903
3 19206 11333
2 8559 18540
1 14292 7912
2 11032 19520
3 8117 112
3 235 20502
2 17105 7695
1 13655 19540
1 507 1926
2 1586 16670
2 4438 2032
2 19972 1974
3 2753 8206
2 14536 13805
2 2843 2444
2 5343 2554
1 4246 11929
1 3990 20399
2 2382 4844
3 7270 2078
1 9950 12770
2 1935 5494
1 9184 7543
2 20134 6846
3 20424 5740
3 19469 5498
3 16576 18475
3 20382 7361
1 17875 13089
3 12017 4806
3 18935 13817
2 11442 47
1 6853 7394
3 1108 7047
2 18021 15000
3 17247 3631
3 6447 17350
3 3432 6567
3 11699 13153
1 19198 19880
1 12826 4973
3 16548 12686
1 3568 3239
1 19015 6079
1 19911 12663
2 3927 1548
3 7335 20082
2 11472 13496
3 19830 11789
1 8437 2980
1 5084 4212
3 13849 16630
1 2184 1489
1 1801 16579
3 2885 16110
3 104 639
2 18065 3688
1 12353 15234
2 17990 1463
3 32 3306
3 8036 2269
3 3806 1858
2 4678 18341
2 19895 15694
1 20472 16761
2 4004 3745
3 15064 16075
3 16766 7466
1 4991 16875
2 5856 12833
1 17687 5368
3 11366 2677
2 7739 6045
1 11768 3497
1 4160 13818
1 916 2702
2 14468 15911
3 15859 2476
2 9576 19663
3 17280 11429
1 1541 2502
3 18160 11209
1 751 8727
1 20032 5452
1 7704 13093
2 17163 17177
2 2832 9721
2 11655 6006
1 14352 11968
1 16960 1095
3 12670 14571
2 13029 3948
2 7984 18081
1 5291 18666
3 8496 8153
1 14286 2191
2 16683 16009
1 8152 14461
2 15013 13773
3 7238 1606
3 8503 4744
2 17292 12268
2 10941 13861
2 6156 2144
2 4921 2372
1 8179 9193
2 12284 1147
1 16133 12627
1 14699 612
2 489 203
2 12914 5636
2 2997 7070
2 16068 10721
3 17745 3947
3 15103 4112
2 881 6443
2 8907 15679
1 7529 10390
3 19043 10570
2 9288 18896
3 15958 7923
3 10994 19602
2 18436 5671
2 12225 10646
3 2306 9421
3 10929 10966
3 4511 12809
2 17973 15929
1 7376 18361
3 12914 15762
3 5344 13723
1 62 17582
2 17935 10151
3 13920 14920
1 7155 4718
1 14801 19841
1 950 20419
2 19020 15835
1 1419 20344
2 11767 19585
1 19547 9072
1 19953 2592
2 19573 2822
1 6190 8240
1 4682 2646
3 5524 14357
3 17044 10633
3 14658 12585
1 7038 1602
3 6088 19646
3 4125 14444
3 13777 11696
1 20577 18319
1 11527 5843
1 19822 13484
1 9473 7955
2 2147 5661
2 18903 11608
1 682 16383
1 6925 5881
1 11507 6191
1 1657 11081
3 19283 18885
1 10808 1126
2 391 6551
3 19615 17369
2 8167 18732
1 3534 2366
1 19321 16168
3 19527 7236
1 744 16702
2 13210 8391
3 12446 19424
1 13266 19476
2 16801 13082
2 12779 17455
1 15039 12028
1 14540 7768
1 6958 3596
1 11116 8419
1 1411 2684
2 16581 6795
2 11180 9946
1 6458 6340
1 5029 18648
2 17433 15536
2 19929 18678
2 291 3011
3 1282 8241
3 16243 3740
3 1890 9438
2 8804 2133
2 15867 19622
3 6662 1589
1 19142 20391
3 14414 4498
3 6712 2525
1 9200 12652
1 11657 4725
2 7687 5656
3 2173 6364
2 2484 7556
1 18240 8535
1 17526 2197
2 6148 11934
3 10238 6522
2 5315 3257
3 15759 5579
2 9422 10944
3 4518 8875
3 1642 1443
1 19163 6712
2 226 11750
1 18932 12880
2 117 17865
3 12753 1657
2 8334 20164
2 7789 16405
3 5472 12369
3 4400 4837
3 81 7333
1 2171 11579
2 4325 1487
1 4982 1221
2 20652 4145
3 17806 10646
1 6510 6089
3 18479 2193
1 20125 16978
1 16286 18853
2 9676 13150
3 19188 8558
2 9168 16208
2 18025 13334
2 2383 18037
1 18984 11890
3 3054 1593
3 5205 10840
2 4690 7012
3 217 14742
1 2778 6194
3 17454 17934
3 6338 19632
1 14987 6041
2 12775 11113
2 20639 1487
1 1189 12751
2 5752 1431
1 8996 12793
1 2956 4911
3 10985 15766
2 5786 5621
3 1655 19820
2 6324 6186
3 14459 15887
2 7970 12349
3 18295 7630
2 14698 15288
3 2230 8603
1 20237 11038
2 6807 8330
1 8887 982
2 17747 15441
1 14381 17088
2 18994 13294
3 16987 17523
3 15377 2184
2 12938 4535
2 7165 6794
2 1312 15450
3 19585 4518
1 13423 20436
2 18936 14343
2 4232 11917
2 12317 17574
1 11728 10958
3 7465 1848
2 6681 19722
2 14609 16025
2 16015 20118
2 2984 17835
3 19867 13855
1 16174 17456
2 11008 8066
3 13438 16156
2 82 2833
2 11162 11179
2 14223 2243
1 18567 14933
3 14842 9840
2 1029 12763
2 6267 3203
2 6748 3730
2 196 18261
1 7161 2573
2 2624 19514
2 15619 11234
1 3284 9270
2 17239 941
3 7259 15117
1 20506 9455
2 20251 13813
2 14142 16959
3 15288 7099
2 14897 18068
2 11740 191
2 19379 15959
1 19467 870
2 507 2894
3 13230 17617
2 15577 13150
1 19449 5428
2 14436 18374
1 10926 13704
1 8795 2800
1 8781 4639
3 3697 450
1 2704 19104
2 9633 12714
3 8091 19206
2 13557 5966
1 15089 14695
1 13924 6605
2 20578 773
1 4976 20074
3 6726 14028
1 9595 15377
2 18405 15833
2 657 20197
3 3084 18702
3 5953 14453
3 16729 18891
3 17176 17333
2 11617 17751
2 11437 2544
3 9454 1749
3 8812 13415
3 20629 20454
2 8035 15408
3 7460 5902
3 5592 776
2 19795 16809
2 15897 5401
1 3161 18129
2 10760 15475
2 2585 7284
2 11799 11307
1 4279 13576
1 1189 13415
1 1283 10072
2 1200 6032
1 6233 2911
1 2516 1643
1 10790 14198
1 1190 9047
1 7181 9345
3 369 5328
1 17206 18909
1 4969 116
2 14033 16838
3 12815 13879
3 2722 12264
2 12447 1609
3 3223 9034
2 10062 2012
3 2082 15052
3 4219 1197
2 8145 279
3 19052 682
1 1787 13503
2 18688 12395
2 5898 15298
2 6841 1825
3 12010 2248
1 19051 4681
2 12074 14915
3 760 5244
1 7287 14915
2 19032 5469
1 1610 11713
2 18584 12449
2 16560 16244
1 19379 8292
3 8515 10709
3 10018 4017
3 12478 9802
3 10028 3076
2 2705 5161
1 11262 19238
2 10042 11869
2 17860 13966
3 4552 9720
3 9912 5825
3 6814 5509
3 18131 9533
2 12767 12923
3 2369 9605
1 16801 1022
1 3573 11004
2 15663 20482
1 15799 1987
3 15318 8271
2 739 12727
3 15571 18385
2 2259 3270
2 6618 93
2 2612 43
3 12994 703
3 13997 10052
2 12649 19058
1 15829 3198
3 11051 12685
3 1057 7786
3 541 11406
3 9198 20538
3 11834 15414
2 12579 2578
3 8098 16320
1 11794 18025
1 11170 15776
1 5712 14577
3 2692 13956
2 40 10295
1 5550 20370
1 7803 20142
1 6013 557
1 618 16276
2 17389 17634
3 15430 17525
3 14364 1497
3 18316 4903
3 17827 17592
3 14887 4728
3 9637 5486
2 17177 1688
2 20120 10652
2 644 14275
1 17322 7746
2 383 15522
1 2516 12551
2 6872 15000
3 11481 2370
3 11172 17908
3 4557 19127
1 14329 7445
3 14629 14527
3 15677 1144
1 4544 6861
2 12750 13640
3 894 16663
2 1196 4519
3 2567 14288
3 13272 903
2 9626 17286
3 14068 16680
1 6895 5798
1 20492 3510
2 8810 374
2 18955 18665
2 8568 7828
2 18272 6220
2 2115 10494
1 14757 7162
2 12944 195
3 12800 1717
1 19244 12714
1 15237 8113
2 2638 11492
1 14973 15758
3 608 19017
1 7397 16387
2 9114 19561
3 6128 15058
1 7156 17425
1 14619 10155
3 11721 20188
2 20179 20616
1 3993 18518
2 9212 17997
1 14632 14061
2 20368 8819
1 17180 20512
2 266 17567
2 19669 5207
1 14075 8775
3 6504 14835
3 2616 5134
3 14876 7417
3 12277 8065
3 9545 15677
3 10672 17319
1 13624 5000
2 1738 11433
2 10673 3897
3 16021 11340
3 16250 8292
3 6432 286
3 4469 3451
2 20399 12282
2 10691 5046
2 5816 1301
1 16661 1902
3 12006 5362
2 2501 2345
3 9403 18322
1 5584 4184
2 6477 7546
3 12553 5252
2 16007 13621
3 14001 9302
2 4820 10116
3 488 89
2 15330 586
3 2589 12262
2 192 14676
2 11827 1904
2 19828 9371
2 12809 3774
3 16334 10022
1 15474 11654
2 5976 3096
2 866 18899
1 16527 12679
1 3385 10968
2 5302 13793
2 20199 13512
3 18459 13896
1 6647 14280
2 9056 18105
1 14973 4068
2 15496 4957
1 16589 15662
1 2410 16605
2 13665 13975
2 3438 12526
1 17397 16197
2 9751 18845
1 324 10866
1 4789 6354
1 7230 14977
2 3149 5078
3 14272 18822
2 10861 548
1 19702 14730
1 6701 11347
1 3405 13241
1 16434 9739
2 11096 11505
3 20195 10117
3 1279 13790
3 17279 14218
2 6956 13562
2 8962 9233
1 2589 20524
2 19701 3384
2 17951 10459
2 1882 9810
3 12468 5223
2 14882 14953
3 4361 9779
3 19242 20391
1 7351 2379
3 73 749
2 3151 3241
2 17213 10138
2 14689 4034
1 4187 7816
3 7853 15552
3 13941 13869
3 11185 20120
2 6176 14728
3 4846 15282
1 4425 7316
2 14105 7340
3 5497 9480
2 6626 1096
2 9014 9732
3 18484 3914
1 10057 9198
1 939 10737
2 2512 7460
3 3588 14197
1 6114 16419
3 18120 9191
2 14436 5700
3 11605 12923
1 1704 4257
3 9546 16723
2 1487 5120
3 8329 17698
3 17501 3085
3 17376 11631
2 14588 11738
1 1062 3875
1 13942 9833
2 15190 16494
3 6378 12569
2 6538 6934
3 20533 8460
2 19884 10743
2 906 8194
1 8103 10023
2 12126 4550
1 12085 633
3 10427 5329
2 297 15173
1 14193 20147
3 16359 4912
1 19738 11887
2 10829 15000
3 2546 16168
2 13870 12961
3 15099 20014
1 466 10223
2 8738 13688
1 11735 16938
3 16708 2128
2 6479 9778
3 16092 19393
2 2545 8185
2 888 8910
1 11999 18523
1 331 19232
2 9225 14290
2 17167 3866
1 18305 14094
3 19323 14457
2 2354 4551
3 11990 8521
1 12130 10873
3 16485 14380
3 4570 70
1 5282 10522
3 8603 16125
1 963 19703
3 19362 5705
3 3661 20392
2 3118 4241
3 7462 3009
3 1100 16807
2 405 9786
3 4132 14621
3 3194 5252
1 17919 16401
3 14350 3197
1 1773 5655
1 17061 20276
2 288 9990
3 11521 2702
2 8535 19929
2 11254 18835
2 9929 14703
2 2750 1887
1 14262 5559
3 8310 12424
3 11529 11674
1 15283 14441
3 19529 12268
2 15116 7525
3 16488 12898
2 7330 970
1 99 3470
2 15836 3598
3 13831 7205
1 18749 10835
3 15673 4589
3 5718 2288
2 16625 1988
2 10874 12529
1 18852 5863
3 7634 1397
1 6324 2099
1 13819 9884
3 1994 2129
1 12725 4382
2 20633 1385
3 6097 5714
1 11262 14334
3 15502 1906
2 11284 14227
3 4024 4572
3 16006 1490
1 10149 372
3 69 6366
3 19836 5772
2 2418 15420
1 11122 2469
3 12189 6238
2 17092 4184
3 6927 6693
3 20591 822
2 7304 16875
2 9698 8977
3 8187 8137
1 8474 18260
2 20397 14891
1 3117 18271
3 14358 12376
1 16955 20231
2 14412 5137
3 13932 17526
2 19952 10926
2 6652 1664
2 20477 3698
2 7188 16317
1 9936 1107
1 12094 19388
2 19055 17471
1 3819 16600
2 3908 15535
2 13293 14415
3 9094 16050
2 12590 11016
2 13221 8082
2 19492 17031
3 1944 12345
3 4588 5455
3 17128 11476
3 644 17263
1 8023 11454
3 11173 14036
2 13143 16287
2 9693 16623
1 12346 14643
2 7056 15503
1 4387 3785
1 6317 9456
2 19343 8619
2 6434 12266
3 16678 14267
3 9962 6405
1 10379 1745
2 18365 20618
1 154 8566
1 20484 7338
1 17830 11160
1 6077 2025
3 235 20221
1 8465 17982
2 13595 3348
2 13573 17225
3 8272 17727
2 5058 7055
2 19886 8316
2 18211 5261
2 17567 4068
1 15102 6322
2 15122 12927
1 15252 18621
1 17788 16837
1 2926 7608
1 9573 2459
3 1309 11842
3 14925 10385
2 3800 11677
2 15153 12655
1 288 17953
3 6367 5512
2 5950 13364
2 7977 10289
3 2955 269
1 4229 16075
1 664 10090
1 10551 15730
2 3360 6293
3 14055 13493
2 11111 1554
2 2882 2525
2 1164 3041
1 18032 11385
2 208 1614
1 13674 18454
3 6530 10150
2 20595 7951
3 10083 10818
2 10652 18364
2 12348 17490
1 16865 16663
1 10794 11170
2 8845 4855
2 9907 18587
2 5884 4592
1 13212 10448
2 12909 17420
2 3386 13113
1 10664 1482
1 340 13011
1 12629 11243
3 8384 18344
3 2425 20499
2 18701 18623
2 13657 13158
1 2483 17607
3 13390 11285
2 17347 14121
1 20340 11620
1 16511 12370
2 17423 11902
3 14085 13453
1 12969 2839
3 4236 5087
1 9746 4707
2 2214 18780
2 635 3509
2 12965 17690
3 1562 20421
2 12868 20364
1 6475 2843
1 5556 2538
1 13831 16875
2 1794 1262
3 2924 20136
2 1881 13798
1 15802 12133
3 13387 6865
3 13318 2899
1 19058 15193
3 5840 10077
1 19209 4412
1 5140 14140
1 13519 14422
2 7062 15617
3 1012 19417
3 4805 14317
2 2787 2509
2 3496 11475
3 10316 7264
3 4939 20623
3 12355 8036
2 9499 14744
3 16250 12212
2 17632 17208
2 743 14600
2 16038 10157
3 13329 890
3 2127 1407
2 18745 12881
3 4586 491
2 9520 5827
3 6806 9193
2 7777 6536
1 7691 1492
1 1510 13811
1 9806 16782
3 4574 10298
3 11150 16139
1 16118 5937
1 1408 1308
1 17447 2063
3 17885 12065
2 4269 19450
1 13721 13822
3 515 5125
3 12722 8010
3 9850 36
1 7037 13368
2 13444 7846
1 10627 9718
1 3310 19629
3 3136 464
1 283 6356
2 3413 14741
3 10604 11926
1 19918 10450
1 17586 13554
3 3032 11023
3 5449 2943
1 7595 7765
2 7621 14011
1 4574 13103
2 20313 11855
2 20133 2868
3 11561 17815
1 16448 14728
2 16039 12464
3 9811 19661
2 18504 1463
1 18365 7338
1 4704 4626
3 19130 5490
1 1360 3283
1 9635 16232
2 3122 14701
1 19026 5044
3 4723 12424
3 1455 19609
1 12442 12307
2 10646 548
3 12445 1627
3 8093 20394
1 7394 6279
2 9924 12779
1 2874 16326
3 15494 10822
1 16987 5054
2 3061 12607
1 13026 15414
3 13221 18480
3 12031 9395
2 4065 1651
1 7474 14591
2 2988 2712
2 6114 13875
2 3274 4036
1 3292 12621
3 12109 6533
2 6542 3221
2 4310 6107
1 18871 13176
1 3538 2846
3 14591 9122
3 3946 3060
2 19696 2802
1 12472 7001
3 8324 10334
3 19645 12264
2 6879 2703
2 7290 2740
2 14711 1382
2 8892 6677
3 9390 19149
3 9467 5613
2 9730 3105
3 16965 16108
2 6112 17705
3 19469 17023
1 18681 17367
3 3988 3947
1 16805 20562
1 12348 4822
2 12712 20136
1 13964 2117
2 18528 11103
2 8232 5672
2 589 20023
1 19248 16311
3 3992 6868
1 8274 6034
3 4268 20580
2 15716 1582
2 12097 12288
1 1725 14351
3 14615 17000
1 13321 18564
3 531 14773
1 4648 2476
3 4139 1390
2 6740 15526
2 2644 12093
2 17461 16569
1 810 19205
3 17621 16929
2 7646 2834
2 3511 17933
2 12639 8835
2 12559 8783
3 2500 13255
1 9726 4692
3 9760 14777
1 16836 17748
2 18610 1661
1 18192 6229
2 5450 16240
1 5678 13488
1 19890 4543
2 5572 19086
2 4339 7775
3 20575 3618
1 19508 11854
2 11833 11553
3 8885 1423
1 3275 13844
1 9032 6258
2 8664 8183
2 132 14248
2 15470 18128
2 6362 19781
1 17561 6370
3 14248 10841
1 18498 16929
2 4537 4973
1 897 3687
1 10109 2009
2 10198 20315
1 4869 15791
3 11708 997
2 17428 15374
1 2646 5613
1 2691 9319
3 15753 13552
1 10141 7846
3 16849 10634
1 11801 11393
2 4768 1331
2 16185 4456
3 16462 901
1 11008 20101
1 761 266
2 16868 18467
2 649 9868
3 16815 1393
3 12200 6550
2 17607 3005
2 11306 8801
2 1092 4040
2 86 13737
1 7875 19593
2 18132 18188
2 17609 18916
1 5480 19636
2 17829 8653
2 342 3107
2 15344 6585
3 6218 16219
2 17241 8811
3 14398 487
3 18121 1985
2 16935 8361
2 7813 3188
2 18524 6072
2 3796 12218
3 15710 4160
1 1542 13647
1 6957 17247
2 17068 20378
1 3430 8227
1 3787 17905
2 19150 12707
2 9674 11460
1 6795 20097
1 8581 8436
1 16420 10329
1 6395 19827
1 13924 18379
2 16037 20415
2 143 3234
2 15900 3469
3 5064 9802
2 4804 16145
1 11310 694
1 13814 10638
1 9886 3945
3 7544 17056
2 20103 5
2 1156 9770
3 4935 9600
2 9925 5678
2 439 10879
1 16121 15863
2 17204 17178
3 8357 14850
1 19592 14405
1 10187 18819
1 17354 14113
2 19368 14452
3 5884 510
1 14264 7134
2 4045 7814
1 2004 18303
2 18287 14110
2 15940 20445
1 11431 10475
1 4079 10173
2 11547 16291
2 8041 14130
3 153 19512
2 8478 896
3 20176 4001
1 178 16162
3 7121 18894
2 20077 4621
1 11587 1753
1 8238 17949
3 4427 7987
2 1260 19798
3 8707 3955
2 14622 12389
1 8600 10260
3 6189 13670
2 15226 11724
2 4941 635
3 9555 13013
3 15036 102
1 20518 10709
2 20590 15939
2 12767 8633
2 4627 5201
2 4300 15667
3 5446 14492
2 15783 9596
3 16928 18195
2 15943 9620
2 17833 5531
3 4702 1664
3 16696 18901
2 10557 9275
1 1566 15064
2 2942 11245
1 14975 20085
3 16839 11725
1 20208 15114
1 12300 2800
1 7121 6519
3 5295 17967
1 5077 3155
3 6955 1749
2 2165 12374
1 19708 6072
3 12487 2565
1 17997 8409
3 10029 17187
3 7330 9383
2 11033 19127
1 2216 325
2 15278 15303
2 9133 13896
2 1202 18559
2 2543 10378
3 13986 17862
1 12410 2509
2 18998 13845
3 3518 3714
3 2618 14843
1 9806 4169
3 7676 12343
3 18830 17468
1 10850 2728
1 9413 11304
1 10917 2533
2 8294 14
1 3529 19781
3 10022 1630
3 16675 10048
3 15426 17009
2 1466 6873
2 12693 18307
2 16833 7785
3 5986 2172
3 18404 9990
3 5308 11417
2 7191 1801
1 3603 3066
1 9647 8110
1 11105 4078
1 14350 11005
1 5758 14341
1 11441 1929
2 693 1461
1 14568 7349
2 19620 5945
2 11666 3789
3 12881 3622
1 18179 1414
3 16940 3475
3 18939 18761
1 4038 957
1 17903 3033
3 13291 62
2 12149 16764
1 11959 13286
1 17640 9696
1 2711 6324
2 13132 184
3 10954 17498
1 16170 19268
1 6263 14654
2 3445 5545
2 16058 18650
3 4281 15121
1 12216 15904
3 17622 3160
2 5148 343
1 13748 7975
1 17191 19223
1 4231 9685
3 19177 5600
2 16119 12996
1 12502 3741
1 19716 3173
3 8634 16490
3 2536 13352
1 19303 784
3 10153 4771
1 16027 1464
2 14721 4058
3 5271 10803
2 11127 13710
3 4224 4194
1 18271 18192
3 7 10186
1 14841 11560
3 12447 15737
2 88 16145
3 3335 9328
3 4181 8758
3 20000 3838
2 13940 9000
3 3733 10796
3 2331 13316
3 8660 9371
1 9403 5151
1 16319 20273
1 15647 9751
2 10067 651
2 6741 15439
1 1086 736
2 1285 10414
2 8287 12306
2 11268 5944
2 7375 1538
2 14352 9404
3 19653 13401
1 19367 16879
3 17293 6049
1 12374 19958
2 18159 6384
1 5299 2128
2 19903 15051
1 6274 3982
3 12381 14263
1 14815 7979
3 2191 4257
3 16378 8071
1 10582 4922
2 8759 19609
2 1066 19411
3 3006 1714
3 18415 12354
3 6752 151
2 20027 11039
3 9588 19303
1 7918 5294
1 2243 4461
3 10740 5739
3 10090 11384
1 18872 8966
2 5660 18635
2 20508 16374
1 11434 3550
2 17498 2081
3 7497 17846
3 18284 15047
1 9383 18761
1 19633 20209
1 20456 5199
2 16821 12001
1 20130 19134
1 17019 3895
2 1725 8813
1 14676 14020
3 20434 6683
1 813 14253
2 9703 18397
3 12230 10334
3 7771 3988
3 12504 16259
1 2554 1272
1 12016 10177
2 18353 13433
3 14882 10730
2 11786 724
2 12957 8407
1 8330 16584
1 8645 11591
1 13327 18179
2 17542 16070
3 5177 15335
1 5688 11406
1 12330 13779
3 549 17061
3 15658 9787
2 11628 18973
1 8219 640
1 2886 8358
2 13963 14758
2 3371 17125
2 12043 16771
3 1101 15074
1 1418 14661
3 10504 18496
2 6350 5166
3 395 1273
3 10617 9263
3 9947 5613
1 15940 4361
3 16530 18892
3 16095 7891
1 7850 11777
1 9978 11259
3 13165 7069
3 13224 691
2 16216 11099
1 18320 7416
3 17149 1700
3 6173 6904
2 3403 7512
1 655 9658
3 1717 4968
2 14995 1466
2 2297 17875
3 15225 18504
3 3138 20269
3 9381 13304
2 13617 6176
3 305 17277
3 7841 17701
2 10453 17436
2 6306 2492
2 15393 792
3 10941 20617
3 16101 1817
2 15226 5746
2 12582 15402
1 14730 2218
3 4680 13685
1 18721 11247
1 19595 3910
3 15348 13431
1 5397 1877
3 5426 17482
2 5682 10576
1 16961 9743
2 5835 2703
2 3301 4206
1 13444 19030
3 526 9017
3 1516 17914
1 4309 8148
2 630 20361
3 5456 3251
3 15793 18435
1 15170 18226
1 1529 9371
2 3579 7481
2 1422 7679
1 3194 14903
2 9410 16727
1 5878 3971
2 221 6581
1 15011 20632
2 10286 17985
2 20303 17595
2 10943 14046
2 19298 4558
3 11508 5900
2 20599 14703
1 6805 9477
1 5950 3521
1 9953 14983
1 16913 1995
3 10705 13632
2 14221 17413
2 17943 3016
2 66 1143
3 138 9510
1 12709 16011
3 2382 4599
1 10803 9496
2 2079 13404
3 19896 12701
1 11022 6331
3 4539 7385
1 11093 16808
2 16676 6750
3 5969 1073
1 7913 9932
3 143 2956
2 2461 12030
2 19056 3407
3 4394 13940
2 12907 13891
2 2316 18248
1 13956 15930
2 6556 11415
2 4718 12648
2 15127 17906
2 19461 12737
1 17169 2562
2 7440 5355
1 19505 20398
1 2642 1576
2 18749 3141
3 20229 10978
1 445 4056
1 5898 15979
1 5968 5215
3 13306 7967
1 18842 16726
1 14526 10272
2 5709 17970
3 10805 19786
1 12974 16406
2 16739 1061
3 8166 10325
3 12158 6537
2 12600 846
2 13399 5067
2 5292 7504
3 8993 12578
1 20452 4361
3 580 1300
3 20228 14661
1 4806 595
1 13535 14846
1 16540 4907
3 5741 3086
1 19867 14866
3 20229 14858
3 12279 10609
3 10150 19105
1 699 13352
2 5857 19797
3 5585 13806
2 10360 8988
3 8442 18089
1 13628 12027
1 10656 10917
2 9016 12605
1 2546 2320
2 2133 5470
1 7500 8382
3 485 10836
2 3381 7693
1 19278 10317
1 6891 12442
1 18057 13572
3 8216 4042
1 4009 2679
3 8712 3802
3 17248 5706
1 12236 13478
3 16791 16912
1 3742 16735
1 1100 15945
1 18515 17753
2 3316 2925
3 16677 11116
3 4418 4798
1 19273 4611
3 12513 6580
3 9412 6040
2 11304 15355
2 10599 18297
2 4350 13759
2 6651 16843
2 15482 2875
2 7011 15904
3 14462 8364
2 3129 14555
1 18775 15865
1 14484 10773
3 11345 9938
3 7810 2063
3 9206 17347
3 6079 17732
3 4547 14276
2 3616 18515
3 1731 20034
2 15659 2824
1 19219 5135
3 6314 12113
1 14929 18309
2 18732 11270
2 1107 9632
1 17107 7770
2 18038 19100
2 2318 10835
1 10972 16631
3 3851 20194
3 8351 7398
1 3622 7322
2 973 12310
1 9147 1538
1 17481 17707
3 8460 9547
2 3224 15679
1 10599 1751
2 13779 19592
1 15048 14663
3 20072 17617
3 17096 16746
1 16596 15753
1 3960 13622
1 12250 8106
2 14030 877
1 9865 14450
1 9556 16511
3 10892 5023
1 686 4694
1 2439 18326
2 6891 2130
2 10032 11589
2 13718 20178
3 117 3160
1 4040 4368
2 15647 9130
2 7698 723
1 2498 20015
3 9372 6987
1 19345 19626
2 15806 20237
1 6799 1680
1 815 8502
2 15681 367
3 6765 10575
2 8846 14847
2 380 1778
1 517 9633
2 10097 16279
3 16170 10958
1 2176 17506
1 14102 4870
1 12092 14603
3 17225 13676
1 4962 14413
3 18674 18452
1 2934 3160
2 666 11329
3 9499 19592
3 129 18
3 12453 17939
2 10090 5361
3 3719 10406
3 4067 9792
3 18588 16561
1 13110 12584
3 8688 3034
3 11128 19119
3 3878 9553
3 9050 10626
2 9451 8315
2 15368 10115
1 8043 579
1 16967 4163
1 11423 11364
3 10623 13579
3 10977 19934
1 17991 11394
2 4904 1075
3 15892 12899
3 953 14610
1 1456 2255
3 8595 3807
1 17383 3429
2 6859 3222
3 7075 8244
2 11661 3664
1 19643 1309
1 18135 9759
3 1996 9083
3 20641 1495
1 2723 2225
2 19364 4015
3 3691 10277
2 5194 10016
3 15068 4695
2 10839 17730
3 6902 8984
3 18555 886
2 5401 4923
1 15230 2758
2 8461 12356
2 13801 7090
2 4930 20467
3 5470 9135
2 662 16208
3 11931 15816
1 9789 17173
3 17320 9039
3 17556 19839
3 9122 1926
2 7549 866
1 19095 19893
2 6439 18106
3 15366 15015
1 13796 3315
3 8610 14664
1 5829 6820
2 5688 329
2 17812 7829
3 4890 6302
3 345 17714
1 10717 10241
2 9113 2581
2 20482 7196
2 1629 2105
2 11650 10049
3 11318 19812
3 1827 10907
3 8511 19845
1 9090 8622
2 5930 8633
2 7136 11872
1 5979 954
1 19567 7839
3 18127 4088
2 3641 9364
2 3353 2941
1 17952 13130
1 10567 300
2 13835 6433
3 14333 399
3 3997 6128
1 16508 1799
1 8802 17487
1 13419 17976
3 14333 375
1 11560 853
3 8035 3641
3 14474 8781
3 11543 17542
1 15175 2332
1 17077 12958
3 6322 17751
3 8168 13727
2 1872 16547
1 4886 14131
1 19813 8937
1 17378 816
2 2819 3742
1 16015 10721
3 4448 9233
1 14459 9121
2 4445 16046
1 11542 10610
1 16892 6452
1 18634 15676
1 6913 5740
2 2802 14583
3 3173 20574
3 2261 17655
2 8518 9324
3 6266 6190
1 6937 17755
2 528 10112
3 19644 20275
2 1501 16259
2 9105 6193
2 14911 1177
1 19418 16397
1 8317 16388
3 9793 9146
1 9538 15499
1 20362 12272
3 13294 7439
1 448 15506
3 14642 16953
2 12297 2161
2 2859 20356
1 20228 17707
2 6020 15318
3 16878 11542
2 1131 17259
3 13071 4705
1 1788 13052
1 11463 17718
3 1712 5878
1 14354 20168
1 8500 18426
2 16128 10958
2 9884 18975
3 1391 11343
3 20208 8453
1 16175 11968
3 6877 17756
1 10710 14315
3 18886 13618
3 19197 16014
3 10881 17678
2 19604 6318
3 4850 384
2 18933 461
1 11567 9916
1 1444 6676
3 11577 11372
1 2186 4418
1 2798 9181
3 17927 7916
3 9906 2460
3 782 8463
2 3611 8450
1 15632 16746
1 11532 10125
2 9092 5478
2 8089 6601
2 9163 3110
2 11579 6226
2 8964 9864
2 8023 7951
3 11413 5230
3 17936 2058
2 15668 1932
2 17720 7101
2 8955 3806
2 3874 15505
1 13300 13835
1 9053 14854
1 14847 12544
1 5983 18872
1 19593 5719
1 11820 16275
2 17220 16486
2 14306 16919
3 8328 18305
1 15714 18003
1 17357 4531
2 2970 14858
3 6349 8445
1 16563 8344
2 129 4040
3 8603 1544
1 13862 19346
1 2262 7012
3 9450 20646
2 9411 2016
3 1913 7111
3 15830 19276
1 14826 7088
1 19791 3015
3 16180 18776
2 17665 9975
3 5658 13737
3 9330 11010
2 3913 15258
3 10621 1137
3 3506 16011
2 9870 9705
1 19964 3402
3 15523 5114
1 4519 3206
2 4769 1438
2 17505 7668
2 20328 14085
3 10328 15335
1 749 1063
1 6215 19111
2 2402 3572
2 16395 17339
3 16442 18348
1 7502 13649
3 17891 6207
2 9964 17686
2 12452 6554
2 6868 1417
1 11125 5722
3 4544 14795
3 19513 7587
1 8438 12682
1 18227 16255
3 5280 12186
3 20141 10222
1 11765 6080
2 11913 13538
1 10464 2603
3 13184 15348
3 16262 13601
2 12629 18968
2 5616 3083
1 15966 20115
2 10103 13185
3 634 3828
1 2267 10619
3 4558 2207
1 2325 3309
3 14172 840
2 3711 8178
1 5173 20385
3 13832 521
1 18054 17858
1 10612 14644
1 4516 6846
2 2814 13745
1 6149 7106
2 16286 11762
2 16565 4750
3 13654 5525
1 11311 12558
3 18624 4034
2 18778 17570
1 20187 642
3 10579 19862
3 4609 668
1 17596 11028
3 13845 18608
3 13445 12446
1 9001 2408
2 11656 4830
3 10800 13366
1 16768 17428
1 9398 7411
1 10599 7052
1 11350 18595
2 18838 9196
3 3072 1365
2 6867 12855
3 3909 8551
1 10401 11673
2 4191 16864
1 4966 12496
3 5340 12278
1 15563 11130
2 13063 16823
2 9077 15389
1 10742 8587
2 13101 1307
3 7441 16099
1 3192 15230
1 17585 9686
1 19580 14743
2 7092 8422
3 3641 8626
3 11302 15356
2 6472 5675
1 717 297
3 3973 1357
1 5129 13438
3 15387 5422
2 7878 17475
2 17191 7010
3 15644 6632
2 9210 10199
2 17680 15031
3 7864 14915
2 3372 3271
2 1079 10567
1 7308 3828
1 14098 12727
1 19198 10555
1 18729 16088
3 18901 19020
1 20026 18233
3 105 10214
2 15463 220
3 3879 12879
2 14608 11934
3 11022 5183
1 11292 7747
2 17052 16709
3 17944 6141
2 6772 12656
2 17592 9507
1 14144 5337
3 398 4277
2 20436 12389
2 8100 16968
3 14470 4541
3 4854 18559
2 12592 16861
1 6163 8135
1 17199 7507
1 10210 9118
2 17242 19650
1 15494 6355
2 2908 10136
3 1830 19056
3 19429 9675
2 10748 11184
1 2853 8752
2 5435 16270
1 11023 18360
1 1437 14816
3 9369 6381
1 16524 12102
3 8821 8468
1 14018 5530
3 7586 3989
3 7182 12285
3 3273 15195
3 8723 14994
3 14507 12344
1 2833 7711
2 10789 1693
1 1996 7695
1 10606 19805
1 1320 10748
3 17813 2877
1 11939 13055
2 9405 19703
1 12091 17134
1 3513 3674
2 6347 13136
2 12082 8538
3 15211 19430
3 11619 13747
3 3641 88
1 19665 899
3 9564 15386
3 11451 11298
1 12144 11638
3 1422 11698
1 16940 13132
3 18094 14786
2 20375 13787
1 12957 6141
3 12616 9551
2 9552 16587
1 6962 13248
1 4452 10219
1 1826 11293
2 10745 12837
1 10551 8579
2 14962 11892
2 5997 11997
2 19432 18293
3 8227 9294
3 3165 17758
3 18980 17112
2 10270 7382
2 11311 18338
3 725 17274
3 8815 13953
2 2144 2046
3 5440 1514
2 13626 1809
3 14762 4943
3 8697 16738
2 14172 20253
3 3916 5533
3 17857 5676
1 10937 13673
1 11601 20642
2 6839 20124
1 19132 6144
1 9966 11321
2 3887 18469
1 5425 6775
3 16306 8588
3 7770 13936
3 17034 549
1 20505 3902
2 17675 12781
2 7771 17081
3 12343 19207
1 12781 1408
3 4339 8659
3 6970 11894
2 3254 14877
3 13758 2376
3 3084 10762
2 326 13814
2 11404 16257
1 6910 5341
2 15377 10780
3 7917 14189
2 11863 8036
1 18947 3099
3 7363 9344
2 13713 1909
1 1425 6264
1 14034 12548
3 13931 6865
1 522 9467
3 9819 12046
2 18446 17790
3 12153 16335
1 14755 17269
1 3141 9365
1 14023 18495
1 4276 10275
2 5308 11021
3 18421 12583
1 14491 10258
2 16173 2431
2 11503 20502
2 11246 969
2 4549 6041
1 5319 17881
3 10907 12685
1 15657 5062
1 17710 7246
2 2260 2337
3 6129 19104
3 20160 4927
2 14396 4647
1 15708 12989
3 4763 5141
1 12202 9951
2 14114 13351
2 17662 12375
3 20526 9594
2 19298 13358
2 6172 236
1 4215 9768
1 5171 9144
3 6901 13856
3 13411 2475
2 18948 12893
3 17131 14205
1 11783 16738
3 15043 12829
3 7037 18295
3 4595 342
3 8475 16001
2 15128 9579
3 3732 7795
2 5090 18514
2 10845 3498
2 18182 3651
3 15604 19340
1 15610 19630
2 12111 10752
3 15524 15214
3 13345 15036
3 14751 18117
2 13843 7781
2 11712 12887
3 18810 14937
3 6316 3188
1 17995 11178
1 13720 7477
1 17999 10149
2 13662 9823
3 19871 12146
1 5988 9734
1 11480 4119
2 12873 1931
3 2855 16198
1 469 14657
1 3199 15000
1 10122 3858
2 18099 16232
1 8675 11819
3 10635 10680
2 9582 18248
2 7111 11854
1 20370 10966
3 19267 7484
2 7177 1774
2 16023 11621
3 4320 11996
1 20113 13519
1 4735 8210
1 8960 2859
1 2012 19316
2 20541 2559
1 2831 18747
3 13906 4104
3 9742 18674
2 15076 3233
2 13803 8092
2 5570 12488
2 10260 16058
1 19288 5825
2 9788 18294
1 3502 7884
1 11013 16543
2 15321 2185
3 4542 3812
2 3740 19871
3 5243 4518
2 611 1008
3 15857 7931
2 1092 15263
2 20030 6525
1 2576 2291
3 18112 7081
2 6218 8164
3 9324 18507
3 9835 6595
1 15912 12614
2 15024 5416
2 8354 6746
3 15235 11088
2 13511 20040
2 12526 7756
1 2186 15440
3 9553 20171
2 17649 11307
2 19268 14901
2 13295 1398
1 4543 17107
2 5103 10972
2 13234 7256
2 11773 14355
3 6794 9873
3 4943 5046
1 171 13656
3 9 20351
1 18864 19534
3 7036 13680
1 10401 19203
1 1683 9798
3 10777 8310
1 14200 6174
3 17639 20220
3 15157 6485
2 9009 3091
1 8815 9387
2 7248 13704
3 11667 6380
3 19586 14617
2 4011 8624
1 17286 5265
3 5503 8132
3 1269 6262
1 564 18371
2 5281 11235
3 15881 9096
3 2752 19375
2 20019 14193
3 16231 14964
3 11373 19179
1 10826 1838
2 7095 11019
3 20016 15567
1 8080 9078
2 5749 20091
1 4714 7754
1 13951 238
3 15251 787
2 17180 3092
1 9417 3247
2 3805 3391
1 13926 10306
1 10509 6254
2 20180 11225
3 83 15234
2 9042 12339
3 5186 2652
2 5091 18346
1 3116 17204
2 14349 13753
2 16938 18037
1 9691 4587
3 18223 5949
1 13338 5469
1 10140 4940
2 2853 2745
3 6417 13234
2 930 4084
2 785 19870
1 19272 17328
2 6209 6711
1 8785 19599
2 7842 743
3 11861 12238
2 5288 17287
2 710 1360
1 12771 2141
2 12650 3500
1 1148 14221
2 3828 9293
1 17114 17783
3 7411 2340
3 10893 20056
3 459 155
1 11934 13418
1 15639 1280
3 2866 12926
2 6015 15744
2 1953 463
2 2990 18616
2 1530 8458
3 20424 16839
1 12531 16958
2 17496 2355
3 4796 4344
3 14392 2176
3 15728 1535
3 3318 10928
1 14935 9011
1 9857 2020
2 1931 5188
2 1058 18277
1 5318 16740
2 6606 4385
2 7428 12059
2 11467 5726
3 10086 1950
1 739 2812
1 17750 13041
1 12934 4210
1 11867 7350
2 16947 1990
2 14606 18757
2 18591 18170
1 3524 6997
2 16626 17466
1 9419 16865
1 10547 9169
1 14753 10870
3 2465 479
3 12221 10159
